action_id,object,count
wipe,mirror,4231
fluff,pillow,3860
scrub,sink,3360
wipe,table,2679
turn_on,lamp,2638
push,chair,2280
smooth,bed,1983
scrub,toilet,1967
straighten,cabinet,1772
straighten,picture,1624
close,curtain,1622
wipe,shelf,1570
reposition,chair,1349
turn_on,tv,1104
dust,picture,1077
smooth,rug,1073
lift,handbag,1029
open,refrigerator,1029
wipe,cabinet,1009
dump,trashcan,997
pick_up,cup,972
straighten,painting,904
reposition,armchair,869
wipe,sink,845
turn_off,lamp,801
dump,bin,794
pick_up,cap,779
pour,plant,773
lift,backpack,743
scrub,bathtub,716
open,cabinet,693
fold,towel,686
pick_up,book,682
set_control,lamp,671
place_on,plate,660
pick_up,cellular_telephone,654
dust,painting,651
push,armchair,637
load,dishwasher,623
straighten,wardrobe,622
close,blinds,621
fold,blanket,619
wipe,kitchen cabinet,618
reposition,stool,589
pick_up,sunglasses,588
lift,towel,567
set,alarm_clock,560
wipe,microwave,544
turn_on,fireplace,531
inspect,mirror,518
wipe,rack,508
straighten,chair,507
dump,basket,503
wipe,coffee table,500
wipe,desk,499
hang,towel,498
straighten,kitchen cabinet,489
fluff,cushion,473
straighten,couch,452
open,wardrobe,444
dust,shelf,438
turn_off,tv,433
wipe,refrigerator,427
turn_on,table lamp,424
lift,bag,422
pick_up,bowl,419
carry,box,406
polish,mirror,405
open,kitchen cabinet,401
set_up,table,401
close,cabinet,400
straighten,book,398
pick_up,plate,395
place_on,cup,393
pick_up,flashlight,390
open,dishwasher,389
fill,kettle,371
reposition,desk chair,371
dust,tv,369
turn_on,ceiling lamp,367
pick_up,clothes,364
turn_on,oven,363
straighten,pillow,361
pick_up,camera,357
close,window curtain,355
pick_up,toothbrush,355
close,wardrobe,352
load,backpack,347
dust,cabinet,346
pick_up,wine_bottle,346
straighten,box,346
place_in,cabinet,342
push,dining chair,339
place_on,table,337
lift,blanket,335
place_on,shelf,334
smooth,curtain,334
place_on,towel,333
turn_on,fan,332
inspect,refrigerator,326
scrub,washbasin,324
turn_on,floor lamp,324
wipe,tv,318
pick_up,screwdriver,315
open,curtain,313
pick_up,toy,310
turn_on,kettle,310
inspect,toaster,309
pour,flowerpot,306
straighten,dresser,305
rinse,cup,304
place_on,pillow,302
fill,pitcher,299
pour,decorative plant,298
turn_on,heater,297
scrub,pan,295
wipe,monitor,295
start_machine,coffee machine,289
wipe,sink cabinet,284
pick_up,pan,283
turn_on,coffee machine,280
push,stool,277
push,couch,269
wipe,picture,266
set_control,radiator,265
pick_up,pliers,264
pick_up,laptop_computer,264
place_on,flower vase,257
straighten,basket,257
turn_on,microwave,256
start_machine,microwave,251
rinse,bowl,248
place_on,tray,247
place_on,bowl,245
pick_up,hairbrush,243
turn_on,washing machine,243
straighten,bathroom cabinet,240
pick_up,shampoo,235
inspect,cabinet,234
pick_up,pitcher,234
scrub,fireplace,230
pick_up,hammer,229
close,shower curtain,228
scrub,oven,228
wipe,bookshelf,228
smooth,mat,226
rinse,plate,222
smooth,carpet,221
align,picture,220
straighten,armchair,220
straighten,chest of drawers,219
open,laptop_computer,217
wipe,side table,216
reposition,office chair,215
wipe,bathroom cabinet,215
load,washing machine,213
dust,lamp,212
place_in,basket,212
vacuum,rug,211
straighten,sofa,209
pick_up,bottle,197
turn_on,wall lamp,197
wipe,radiator,196
stack,box,195
wipe,chair,195
wipe,board,195
dispose,trashcan,193
turn_on,ceiling fan,193
inspect,wall clock,191
lift,pillow,191
pick_up,jar,191
turn_on,radiator,190
wipe,nightstand,190
straighten,shelving,188
set_control,blinds,186
place_on,wine_bottle,185
set_control,speaker,185
carry,pouffe,184
lift,basket,182
hang,picture,181
smooth,blanket,180
inspect,cellular_telephone,178
cover,blanket,177
push,nightstand,177
scrub,shower cabin,176
wipe,toaster,176
reposition,ladder,173
smooth,doormat,173
wipe,countertop,173
carry,bag,171
close,closet door,171
carry,basket,170
dust,vase,170
fold,clothes,170
hang,painting,170
set_up,laptop_computer,170
turn_off,ceiling lamp,170
fill,sink,169
dust,decoration,165
inspect,clock,165
place_on,book,165
inspect,vacuum cleaner,164
pour,flower,163
push,sofa,162
open,blinds,160
push,desk chair,160
turn_on,flashlight,160
scrub,bath sink,159
wipe,dresser,159
place_on,rack,158
pick_up,tape_measure,156
turn_on,toaster,156
align,mirror,154
dust,mirror,154
pick_up,knife,154
pick_up,shoe,154
push,table,154
scrub,shower floor,153
align,painting,152
straighten,clothes,150
scrub,shower wall,149
smooth,shower curtain,149
turn_on,coffee_maker,149
push,desk,148
place_on,vase,146
place_on,shampoo,145
straighten,bag,145
open,wine_bottle,144
wipe,kitchen lower cabinet,144
carry,flowerpot,143
dust,dresser,142
dump,trash_can,141
pull,chair,139
store,handbag,139
wipe,stairs railing,138
inspect,shelf,136
push,sofa chair,136
turn_on,monitor,135
wipe,bench,135
inspect,printer,134
pick_up,broom,134
plug_in,mouse,134
wipe,coffee machine,134
turn_on,bedside lamp,133
hang,clothes,132
inspect,sink,132
set_control,floor lamp,132
open,drawer,131
wipe,kitchen counter,131
wipe,kitchen appliance,131
inspect,alarm_clock,129
place_in,wardrobe,129
store,backpack,129
turn_on,led tv,129
inspect,kettle,128
turn_off,table lamp,128
carry,cup,127
open,fridge,127
wipe,keyboard,127
reposition,cabinet,126
straighten,stack of papers,126
wipe,dishwasher,126
pick_up,wrench,124
vacuum,carpet,124
wipe,washing machine,123
wipe,stool,122
wipe,washbasin,122
turn_off,alarm_clock,121
turn_on,chandelier,121
place_on,flowerpot,120
scrub,stove,120
shake_out,doormat,119
wipe,tap,119
close,kitchen cabinet,118
close,drawer,117
carry,cardboard box,116
close,window shade,116
lift,jacket,116
pick_up,bottle_opener,115
place_on,pitcher,115
turn_on,speaker,115
dispose,bin,114
inspect,toothbrush,114
inspect,handbag,114
lift,box,114
open,box,114
set_control,monitor,114
set_up,chair,114
close,refrigerator,112
dust,radiator,111
shake_out,rug,111
straighten,drawer,111
wipe,tray,111
carry,wine_bottle,110
dust,flower vase,109
push,bar chair,109
wipe,dining table,109
wipe,window glass,109
dump,laundry basket,108
inspect,fridge,108
lift,hanging clothes,108
place_in,box,108
inspect,oven,107
inspect,flashlight,107
inspect,fire extinguisher,107
wipe,computer_keyboard,107
carry,plant,106
set_control,heater,106
straighten,basket of something,106
fluff,couch,105
pick_up,can,105
place_on,handbag,105
close,cabinet door,104
fold,throw blanket,104
rinse,toothbrush,104
carry,backpack,103
carry,handbag,103
set_control,clock,103
dust,ornament,102
dust,plant,101
straighten,refrigerator,101
set_control,air conditioner,100
store,box,100
straighten,shampoo,100
straighten,hanging clothes,100
wipe,clutter,100
carry,pillow,99
inspect,dustpan,99
hang,hanger,98
inspect,wardrobe,98
load,suitcase,98
turn_on,printer,98
turn_on,candle,98
wipe,painting,98
wipe,handrail,98
dust,chandelier,97
set_control,table lamp,97
smooth,towel,97
straighten,kitchen lower cabinet,97
straighten,backpack,97
wipe,wash cabinet,97
inspect,calendar,96
store,bag,96
turn_on,stove,96
dump,trash can,95
dust,table,95
flush,toilet,94
inspect,coffee_maker,94
place_in,washing machine,94
carry,suitcase,93
fill,shampoo,93
set_control,wall clock,93
wipe,wall panel,93
wipe,bed table,93
wipe,chest of drawers,93
close,window shutter,92
dust,statue,92
reposition,bench,92
stack,book,92
straighten,mirror,92
turn_on,microwave_oven,92
inspect,tape_measure,91
lift,plush toy,91
reposition,ottoman,91
rinse,pitcher,91
wipe,shower wall,91
align,chair,90
inspect,knife,90
pick_up,paper,90
place_on,chair,90
straighten,sofa chair,90
wipe,faucet,90
carry,table,88
dust,ceiling lamp,88
inspect,hairbrush,88
place_on,flower,88
reposition,dining chair,88
turn_off,fan,88
turn_on,desk lamp,88
wipe,microwave_oven,88
stack,cardboard box,87
start_machine,printer,87
straighten,storage box,87
turn_on,laundry machine,87
wipe,plate,87
push,pouffe,86
push,office chair,86
store,cap,86
straighten,plant,86
straighten,hanger,86
turn_off,ceiling fan,86
open,laptop,85
straighten,art frame,85
straighten,bed table,85
close,box,84
pick_up,cloth,84
place_on,toothbrush,84
wipe,towel,84
close,door window,83
dump,basket of something,83
dust,decorative plant,83
inspect,ventilation,83
vacuum,couch,83
dust,nightstand,82
pick_up,hat,82
place_on,decoration,82
turn_on,wall tv,82
dust,bookshelf,81
dust,table lamp,81
open,window curtain,81
place_on,shoe,81
store,cabinet,81
pick_up,dustpan,80
place_on,cabinet,80
wipe,dining chair,80
carry,pitcher,79
set_up,dining chair,79
smooth,floor mat,79
carry,blanket,78
dust,speaker,78
load,handbag,78
open,closet door,78
place_in,refrigerator,78
place_on,laptop_computer,78
plug_in,computer_keyboard,78
store,laptop_computer,78
straighten,handbag,78
wipe,printer,78
dump,recycle bin,77
wipe,oven,77
wipe,vent,77
wipe,counter,77
dust,chest of drawers,76
lift,suitcase,76
turn_off,floor lamp,76
dust,display cabinet,75
hang,bag,75
load,laundry machine,75
place_in,bowl,75
reposition,couch,75
store,camera,75
fold,bath towel,74
hang,handbag,74
start_machine,microwave_oven,74
store,book,74
straighten,dining chair,74
turn_on,air conditioner,74
inspect,radiator,73
wipe,kitchen island,73
fill,bathtub,72
place_in,flower vase,72
wipe,parapet,72
close,window glass,71
fill,cup,71
place_on,cellular_telephone,71
set_control,wall lamp,71
store,sunglasses,71
inspect,backpack,70
straighten,display cabinet,70
wipe,mirror frame,70
dust,monitor,69
fluff,sofa,69
open,cabinet door,69
place_on,jar,69
smooth,window curtain,69
smooth,sunbed,69
wipe,bathroom counter,69
cover,table cloth,68
inspect,basket,68
inspect,dresser,68
straighten,sink cabinet,68
turn_off,bedside lamp,68
wipe,book rack,68
hang,wardrobe,67
inspect,screwdriver,67
inspect,boiler,67
lift,bathrobe,67
pour,wine_bottle,67
set_control,fan,67
smooth,cushion,67
wipe,armchair,67
wipe,fridge,67
inspect,bag,66
inspect,bottle_opener,66
plug_in,cellular_telephone,66
turn_on,computer,66
turn_on,laptop_computer,66
inspect,armchair,65
place_in,handbag,65
place_on,box,65
push,bench,65
reposition,bar chair,65
set_up,ironing board,65
straighten,wash cabinet,65
hang,hanging clothes,64
place_on,bookshelf,64
straighten,wall cabinet,64
wipe,screen,64
close,sliding door,63
fold,cloth,63
inspect,couch,63
inspect,camera,63
open,chest of drawers,63
set_control,ceiling lamp,63
store,shampoo,63
straighten,closet,63
wipe,oven and stove,63
dust,stand,62
hang,bath towel,62
inspect,box,62
inspect,pliers,62
pick_up,vacuum cleaner,62
place_on,bouquet,62
store,toothbrush,62
wipe,air vent,62
close,closet,61
dust,piano,61
fold,bathroom towel,61
inspect,picture,61
inspect,pipe,61
inspect,telephone,61
pick_up,kettle,61
place_on,coffee table,61
set_control,chandelier,61
wipe,kitchen countertop item,61
wipe,kitchen countertop items,61
wipe,stand,61
pick_up,mouse,60
smooth,bed comforter,60
straighten,folder,60
wipe,display cabinet,60
carry,storage box,59
dust,wall clock,59
open,attic door,59
pick_up,umbrella,59
place_on,decorative plant,59
wipe,banister,59
dust,led tv,58
hang,jacket,58
set_control,guitar,58
straighten,chest,58
straighten,file cabinet,58
carry,flower vase,57
load,bag,57
pick_up,newspaper,57
place_on,mouse,57
reposition,rack,57
rinse,kettle,57
rinse,glass,57
scrub,pot,57
store,basket,57
straighten,decorative plant,57
wipe,ventilation,57
wipe,cutting board,57
wipe,railing,57
carry,stand,56
dust,sculpture,56
inspect,kitchen appliance,56
inspect,bed,56
inspect,ladder,56
open,suitcase,56
straighten,cardboard box,56
turn_on,dishwasher,56
wipe,tv stand,56
wipe,appliance,56
hang,bathrobe,55
inspect,table,55
open,microwave,55
reposition,footrest,55
straighten,shoe,55
straighten,towel bar,55
turn_off,heater,55
turn_on,oven and stove,55
carry,vase,54
dust,tv stand,54
place_in,backpack,54
reposition,stand,54
carry,case,53
dump,sink,53
dust,printer,53
inspect,furnace,53
inspect,hammer,53
lift,tray,53
pick_up,magazine,53
reposition,sofa chair,53
store,toy,53
straighten,bath cabinet,53
vacuum,doormat,53
wipe,stovetop,53
wipe,pipe,53
wipe,staircase handrail,53
carry,rug,52
carry,cart,52
carry,crate,52
dump,box,52
dust,clock,52
dust,art frame,52
fill,bottle,52
hang,rack,52
inspect,monitor,52
pick_up,stack of papers,52
place_in,dishwasher,52
smooth,crib,52
store,wine_bottle,52
wipe,exercise machine,52
inspect,kitchen cabinet,51
inspect,bookshelf,51
inspect,chair,51
open,closet,51
pick_up,glass,51
place_in,bag,51
place_in,vase,51
wipe,range hood,51
wipe,stove,51
close,laptop_computer,50
hang,bathroom towel,50
lift,stuffed animal,50
open,kitchen lower cabinet,50
turn_on,music player,50
vacuum,mat,50
wipe,machine,50
carry,basket of something,49
dust,rack,49
lift,bath towel,49
place_in,toaster,49
place_on,pan,49
place_on,shelving,49
carry,laptop_computer,48
dust,wardrobe,48
fill,flower vase,48
inspect,heater,48
open,washing machine,48
stack,plate,48
straighten,pile of magazines,48
straighten,cabinet /otherroom,48
wipe,bath sink,48
dump,bowl,47
inspect,book,47
pick_up,towel,47
pick_up,soupspoon,47
place_in,laundry basket,47
place_on,table cloth,47
straighten,container,47
straighten,curtain rod,47
straighten,jar,47
turn_off,wall lamp,47
wipe,wardrobe,47
close,attic door,46
open,piano,46
place_on,lamp,46
place_on,cap,46
reposition,sofa,46
straighten,paper,46
straighten,bathroom shelf,46
straighten,magazine,46
turn_off,monitor,46
inspect,pillow,45
inspect,laptop_computer,45
inspect,machine,45
pick_up,tool,45
scrub,grill,45
straighten,tray,45
straighten,poster,45
straighten,spice rack,45
turn_off,chandelier,45
wipe,ceiling vent,45
wipe,kitchen shelf,45
wipe,telephone,45
open,oven,44
place_in,bin,44
place_on,plant,44
place_on,keyboard,44
set_up,monitor,44
turn_on,tap,44
vacuum,sofa,44
wipe,treadmill,44
wipe,coffee_maker,44
carry,tray,43
dump,dustbin,43
inspect,broom,43
inspect,appliance,43
shake_out,mat,43
store,clothes,43
straighten,clothes rack,43
turn_on,candle holder,43
wipe,ventilation hood,43
wipe,bath wall,43
close,shutter,42
dust,stairs railing,42
dust,floor lamp,42
fluff,armchair,42
inspect,tv,42
place_in,shampoo,42
place_on,sofa seat,42
set_up,vacuum cleaner,42
store,suitcase,42
store,hairbrush,42
straighten,photo,42
wipe,flowerpot,42
carry,vacuum cleaner,41
hang,clothes hanger,41
inspect,washing machine,41
inspect,toilet,41
place_on,ornament,41
place_on,backpack,41
place_on,bowl of fruit,41
set_up,computer_keyboard,41
set_up,camera,41
set_up,stool,41
straighten,stand,41
straighten,shelf with clutter,41
turn_off,led tv,41
wipe,toilet,41
close,fridge,40
inspect,plant,40
inspect,mouse,40
open,refrigerator cabinet,40
pick_up,food,40
place_in,cup,40
place_on,basket,40
set_control,tv,40
set_control,bedside lamp,40
wipe,closet mirror wall,40
wipe,laptop_computer,40
wipe,whiteboard,40
close,laptop,39
close,window shutters,39
fill,printer,39
inspect,rack,39
inspect,scale,39
inspect,towel,39
open,dresser,39
place_in,sunglasses,39
place_on,plush toy,39
place_on,dresser,39
place_on,cushion,39
pull,curtain,39
store,wardrobe,39
turn_off,radiator,39
turn_on,air conditioning,39
wipe,hairbrush,39
wipe,led tv,39
fill,bowl,38
lift,throw blanket,38
lock,cabinet,38
pick_up,laptop,38
pick_up,basket,38
place_on,hanger,38
place_on,monitor,38
pour,flower vase,38
reposition,shelf,38
reposition,folding chair,38
straighten,case,38
turn_on,range hood,38
carry,decorative plant,37
dust,fireplace,37
dust,globe,37
hang,cap,37
open,backpack,37
pick_up,bowl of fruit,37
place_on,speaker,37
place_on,camera,37
place_on,bed,37
reposition,dresser,37
store,plate,37
straighten,brochure,37
straighten,storage bin,37
straighten,wine rack,37
turn_on,radio,37
wipe,mouse,37
open,bathroom cabinet,36
place_in,pan,36
place_in,towel,36
place_in,kitchen cabinet,36
place_on,stand,36
reposition,ventilation,36
rinse,cutting board,36
rinse,tray,36
set_control,window shade,36
set_up,laptop,36
straighten,clutter,36
straighten,sofa seat,36
straighten,rack,36
straighten,photo mount,36
straighten,stack of books,36
wipe,vase,36
wipe,computer desk,36
dust,photo,35
hang,backpack,35
inspect,shampoo,35
inspect,fuse box,35
inspect,electric box,35
place_in,folder,35
place_on,book rack,35
store,cellular_telephone,35
straighten,document,35
straighten,board,35
vacuum,floor mat,35
wipe,pillar,35
wipe,shelving,35
wipe,bath,35
carry,container,34
carry,plate,34
dust,bed table,34
fill,water dispenser,34
inspect,flowerpot,34
inspect,trashcan,34
inspect,fireplace,34
open,window glass,34
open,can,34
place_in,basket of something,34
plug_in,keyboard,34
polish,statue,34
set_control,laptop_computer,34
set_control,ceiling fan,34
set_up,dining table,34
store,shoe,34
straighten,vase,34
straighten,shelf,34
straighten,laundry basket,34
straighten,ironing board,34
tighten,pipe,34
turn_off,oven,34
turn_on,clock,34
wipe,speaker,34
wipe,desk chair,34
wipe,bathtub,34
wipe,laundry machine,34
dump,bag,33
dump,clothes_hamper,33
dust,ceiling fan,33
inspect,painting,33
inspect,mop,33
pick_up,mop,33
pick_up,hanger,33
place_on,ottoman,33
reposition,pouffe,33
set_control,computer chair,33
smooth,bed small,33
start_machine,coffee_maker,33
store,pan,33
store,jar,33
store,bowl,33
straighten,toothbrush,33
straighten,clothes hanger,33
straighten,locker,33
turn_on,washer-dryer,33
wipe,shampoo,33
wipe,cooker,33
wipe,exhibition window,33
carry,shampoo,32
carry,bowl,32
dust,fan,32
hang,hat,32
inspect,lamp,32
inspect,dishwasher,32
inspect,board,32
inspect,air vent,32
inspect,elevator door,32
open,tool box,32
place_in,sink,32
place_in,camera,32
place_on,bag,32
place_on,stuffed animal,32
place_on,side table,32
store,kettle,32
turn_on,cooker,32
wipe,wall clock,32
wipe,shower cabin,32
wipe,computer,32
wipe,sideboard,32
wipe,exercise bike,32
wipe,can,32
align,art frame,31
carry,side table,31
carry,bottle,31
dust,vent,31
hang,coat rack,31
inspect,stool,31
open,door window,31
open,window shade,31
reposition,footstool,31
set_control,screen,31
stack,stack of papers,31
store,toaster,31
straighten,flower vase,31
wipe,lamp,31
wipe,table cloth,31
wipe,display,31
carry,mouse,30
carry,speaker,30
carry,bicycle,30
close,sliding glass door,30
hang,towel bar,30
inspect,speaker,30
inspect,mini fridge,30
lift,basket of something,30
pick_up,brochure,30
place_in,cap,30
place_on,stool,30
place_on,sunglasses,30
scrub,shower,30
store,bottle,30
straighten,picture frame,30
straighten,coat rack,30
turn_on,kitchen extractor,30
turn_on,furnace,30
wipe,sunglasses,30
wipe,kitchen table,30
carry,jar,29
close,dresser,29
dust,photo mount,29
dust,pillar,29
dust,shelving,29
hang,coat,29
lift,bathroom towel,29
mop,stair step,29
open,case,29
open,jar,29
pick_up,guitar,29
pick_up,folder,29
place_in,plate,29
place_on,rug,29
polish,vase,29
set_up,flower vase,29
shake_out,floor mat,29
smooth,bath mat,29
stack,boxes,29
straighten,kitchen shelf,29
straighten,toy,29
wipe,chest,29
wipe,table lamp,29
align,armchair,28
carry,painting,28
carry,luggage,28
carry,coffee table,28
close,case,28
dump,bucket,28
fill,jar,28
fold,hanging clothes,28
inspect,chest of drawers,28
inspect,drawer,28
open,window shutter,28
place_on,toaster,28
polish,table,28
pour,pitcher,28
scrub,bath,28
straighten,printer,28
turn_off,wall tv,28
wipe,laptop,28
wipe,camera,28
wipe,decoration,28
wipe,bed,28
wipe,glasses,28
wipe,towel bar,28
carry,mat,27
cover,throw blanket,27
dust,ceiling vent,27
inspect,flower vase,27
inspect,garage door opener motor,27
inspect,sofa,27
lift,bucket,27
pick_up,container,27
place_in,toothbrush,27
place_in,cellular_telephone,27
place_in,book,27
place_on,bath towel,27
place_on,computer_keyboard,27
plug_in,toaster,27
pour,cup,27
reposition,table,27
reposition,wardrobe,27
scrub,sink cabinet,27
scrub,urinal,27
set_control,light fixture,27
set_up,speaker,27
shake_out,carpet,27
smooth,throw blanket,27
start_machine,dishwasher,27
store,flashlight,27
straighten,storage cabinet,27
straighten,office chair,27
wipe,kitchen extractor,27
wipe,fan,27
wipe,ceiling arch,27
align,dining chair,26
carry,bucket,26
dump,dustpan,26
dust,sideboard,26
fill,coffee machine,26
inspect,desk chair,26
inspect,computer_keyboard,26
inspect,keyboard,26
inspect,vent,26
inspect,tap,26
load,printer,26
pick_up,kitchen utensil,26
pick_up,shovel,26
place_in,case,26
polish,cabinet,26
reposition,lounge chair,26
straighten,stool,26
straighten,plush toy,26
straighten,sign,26
straighten,binder,26
wipe,photo,26
wipe,shower curtain,26
wipe,bath cabinet,26
wipe,bidet,26
wipe,piano,26
wipe,fire extinguisher,26
wipe,wall lamp,26
carry,flower stand,25
close,door/window,25
dust,banister,25
dust,wall lamp,25
dust,keyboard,25
dust,exhibition panel,25
open,chest,25
pick_up,pot,25
pick_up,document,25
place_in,laptop_computer,25
place_in,chest,25
place_on,container,25
place_on,armchair,25
place_on,wardrobe,25
reposition,bed,25
reposition,board,25
reposition,rocking chair,25
smooth,table cloth,25
stack,storage box,25
stack,firewood,25
straighten,ornament,25
straighten,boxes,25
straighten,flag,25
straighten,papers,25
straighten,crate,25
turn_off,coffee machine,25
turn_on,amplifier,25
wipe,heater,25
wipe,kitchen utensil,25
wipe,shower,25
wipe,jar,25
wipe,ceiling fan,25
wipe,paper,25
wipe,fireplace wall,25
wipe,small table/stand,25
wipe,spa bench,25
wipe,washbasin counter,25
carry,exercise ball,24
close,shower door,24
close,chest,24
dump,backpack,24
dust,heater,24
dust,armchair,24
dust,picture frame,24
dust,coffee table,24
dust,flowerpot,24
dust,railing,24
inspect,microwave,24
inspect,electrical controller,24
inspect,copier machine,24
lift,tool box,24
open,book,24
place_on,kettle,24
place_on,knife,24
place_on,seat,24
plug_in,laptop_computer,24
press,telephone,24
set_up,nightstand,24
set_up,keyboard,24
straighten,decoration,24
straighten,desk chair,24
straighten,kitchen utensil,24
straighten,bench,24
straighten,wall sign,24
wipe,bar chair,24
wipe,sign,24
wipe,bottle,24
wipe,display table,24
wipe,exhibition window frame,24
align,wall panel,23
align,rug,23
attach,shelf,23
carry,clothes,23
close,shade,23
inspect,pitcher,23
inspect,elevator,23
inspect,nightstand,23
inspect,stove,23
lift,cushion,23
load,box,23
open,umbrella,23
place_in,container,23
place_in,microwave,23
place_on,basket of something,23
place_on,mat,23
reposition,air conditioning,23
set_up,armchair,23
set_up,coffee table,23
store,hammer,23
straighten,flower,23
straighten,bookshelf,23
straighten,suitcase,23
straighten,sideboard,23
straighten,bedside cabinet,23
turn_off,tap,23
turn_on,candlestick,23
vacuum,stair step,23
wipe,ornament,23
wipe,newspaper,23
wipe,plant,23
wipe,door window,23
wipe,mini fridge,23
wipe,wall board,23
wipe,cabinet door,23
carry,toy,22
carry,lamp,22
carry,seat,22
close,chest of drawers,22
close,suitcase,22
dump,trash bag,22
dust,wall panel,22
dust,ventilation,22
dust,bedside lamp,22
inspect,storage box,22
inspect,decorative plant,22
load,clothes dryer,22
open,doorway,22
pick_up,toaster,22
pick_up,ladder,22
pick_up,dumbbell,22
place_in,lamp,22
place_in,drawer,22
place_in,storage box,22
place_on,blanket,22
place_on,statue,22
place_on,sculpture,22
polish,picture,22
reposition,plant,22
set_control,oven,22
smooth,bed curtain,22
stack,magazine,22
store,plush toy,22
straighten,cosmetics,22
turn_on,shower,22
turn_on,shower cabin,22
turn_on,light fixture,22
wipe,shower door,22
wipe,end table,22
wipe,fireplace,22
wipe,hand dryer,22
dust,frame,21
dust,chest,21
inspect,hanger,21
inspect,blanket,21
inspect,shelving,21
inspect,wrench,21
lift,laundry basket,21
open,mini fridge,21
place_in,laundry machine,21
place_in,jar,21
place_in,trashcan,21
place_on,kitchen cabinet,21
pull,dining chair,21
reposition,decorative plant,21
set_control,alarm_clock,21
set_control,desk lamp,21
set_up,board,21
straighten,tool box,21
straighten,bathrobe,21
turn_off,desk lamp,21
wipe,frame,21
wipe,shower door frame,21
wipe,clock,21
carry,cellular_telephone,20
carry,decoration,20
carry,pillar,20
carry,laundry basket,20
carry,fire extinguisher,20
carry,chest,20
close,oven,20
cover,clothes,20
dispose,basket,20
fill,vase,20
fill,bucket,20
fold,stack of towels,20
hang,robe,20
inspect,ceiling vent,20
inspect,clothes hanger,20
inspect,clothes dryer,20
inspect,electrical box,20
inspect,basket of something,20
lift,cardboard box,20
open,shower curtain,20
pick_up,clutter,20
place_in,chest of drawers,20
place_on,bottle,20
polish,tap,20
reposition,ironing board,20
scrub,bath tub,20
store,cup,20
store,knife,20
store,case,20
straighten,bathroom utensil,20
straighten,fridge,20
straighten,table,20
straighten,pool stick,20
tighten,cabinet,20
turn_off,air conditioner,20
turn_on,light,20
wipe,bathroom shelf,20
wipe,worktop,20
wipe,wall cabinet,20
wipe,sculpture,20
wipe,pool table,20
carry,exercise equipment,19
close,attic hatch,19
close,shades,19
dust,board,19
dust,sign,19
hang,umbrella,19
inspect,bathroom cabinet,19
inspect,case,19
inspect,clothes,19
inspect,desk,19
load,washer-dryer,19
pick_up,computer_keyboard,19
pick_up,brush,19
place_in,bathroom cabinet,19
place_in,wine_bottle,19
place_in,toy,19
place_in,document,19
place_on,laptop,19
place_on,clothes,19
place_on,storage box,19
place_on,hanging clothes,19
place_on,cutting board,19
place_on,decorative plate,19
place_on,cosmetics,19
place_on,computer chair,19
plug_in,monitor,19
polish,chandelier,19
polish,elevator door,19
reposition,clothes dryer,19
reposition,sink,19
reposition,music equipment stand,19
rinse,bowl of fruit,19
scrub,bath wall,19
set_control,printer,19
smooth,dog bed,19
straighten,ottoman,19
straighten,shelf / cabinet,19
turn_on,appliance,19
turn_on,clothes dryer,19
turn_on,coffee maker,19
wipe,curtain,19
wipe,aquarium,19
wipe,column,19
align,photo mount,18
align,partition,18
carry,pot,18
dispose,trash_can,18
dump,storage bin,18
dust,wall tv,18
dust,chair,18
dust,air vent,18
fill,liquid soap,18
hang,poster,18
inspect,tray,18
inspect,attic door,18
inspect,wall panel,18
inspect,device,18
open,sliding glass door,18
place_in,flower,18
place_in,dresser,18
place_on,firewood,18
place_on,nightstand,18
place_on,hat,18
polish,wine_bottle,18
polish,sculpture,18
stack,crate,18
straighten,box with books,18
tighten,chair,18
turn_off,fireplace,18
turn_on,laptop,18
turn_on,ventilation hood,18
turn_on,kitchen appliance,18
turn_on,treadmill,18
turn_on,decorative lamp,18
wipe,shower hose,18
wipe,exercise equipment,18
wipe,wall tv,18
wipe,glass,18
wipe,window curtain,18
wipe,kitchen top,18
wipe,doorpost,18
carry,bin,17
carry,cushion,17
carry,floor lamp,17
dust,parapet,17
dust,desk,17
dust,support beam,17
dust,side table,17
dust,blinds,17
dust,art piece,17
dust,artwork,17
hang,coat hanger,17
inspect,air conditioner,17
inspect,computer,17
inspect,bin,17
inspect,sink cabinet,17
inspect,hose,17
inspect,stack of books,17
lift,coat,17
pick_up,flowerpot,17
place_in,shelf,17
place_in,flowerpot,17
place_in,hairbrush,17
place_on,paper,17
place_on,dining chair,17
place_on,desk,17
place_on,board,17
place_on,pot,17
push,bed,17
reposition,nightstand,17
reposition,flower vase,17
reposition,weight bench,17
stack,pile of magazines,17
store,storage box,17
store,laptop,17
store,screwdriver,17
store,pitcher,17
store,container,17
straighten,bowl,17
straighten,bedside table,17
turn_on,ventilation,17
turn_on,faucet,17
wipe,bath tub,17
wipe,shower tub,17
wipe,decorative plant,17
wipe,shower glass,17
wipe,information,17
wipe,elevator door,17
carry,book,16
carry,kettle,16
carry,appliance,16
close,curtain rod,16
close,dishwasher,16
dispose,trash can,16
dump,container,16
dust,antique clock,16
fold,table cloth,16
hang,clothes rack,16
inspect,rug,16
inspect,clothes_hamper,16
inspect,toilet brush,16
inspect,information,16
open,laundry machine,16
open,clothes dryer,16
pick_up,rug,16
pick_up,paper towel,16
place_in,bowl of fruit,16
place_in,clothes_hamper,16
place_on,candle holder,16
place_on,bathroom towel,16
place_on,table lamp,16
polish,sink,16
reposition,furnace,16
reposition,air vent,16
reposition,parapet,16
set_control,curtain,16
set_up,ladder,16
set_up,mouse,16
store,vacuum cleaner,16
store,mouse,16
store,towel,16
straighten,kitchen appliance,16
straighten,l-shaped sofa,16
straighten,bar chair,16
straighten,closet door,16
straighten,computer desk,16
tuck,chair,16
turn_on,screen,16
wipe,blinds,16
wipe,barbecue,16
wipe,air conditioner,16
wipe,case,16
wipe,stack of papers,16
wipe,picture frame,16
align,exhibition panel,15
align,shoe,15
align,sign,15
attach,curtain rod,15
carry,pan,15
carry,plush toy,15
carry,umbrella,15
carry,stuffed animal,15
close,bathroom cabinet,15
dust,dustpan,15
dust,appliance,15
dust,staircase handrail,15
fill,tap,15
fill,toilet paper dispenser,15
inspect,wine_bottle,15
inspect,faucet,15
inspect,sign,15
open,handbag,15
pick_up,cutting board,15
pick_up,case,15
place_in,closet,15
place_in,bottle,15
place_in,ladder,15
place_on,bed table,15
place_on,lounge chair,15
plug_in,lamp,15
polish,flower vase,15
reposition,swivel chair,15
set_control,computer_keyboard,15
set_control,bed light,15
set_control,lampshade,15
stack,stack of books,15
store,tray,15
straighten,bed stand,15
straighten,computer equipment,15
straighten,stairs railing,15
straighten,shoe rack,15
straighten,storage shelving,15
straighten,decorative quilt,15
straighten,nightstand,15
straighten,bathroom accessory,15
straighten,bedframe,15
straighten,lamp,15
straighten,drawers,15
turn_off,speaker,15
turn_on,arcade game,15
wipe,storage cabinet,15
wipe,keyboard piano,15
wipe,dressing table,15
wipe,shelf with clutter,15
wipe,decorative plate,15
wipe,stone support structure,15
wipe,art frame,15
wipe,drinking fountain,15
wipe,office table,15
carry,boxes,14
carry,telephone,14
carry,board,14
close,shower door frame,14
close,shutters,14
dump,storage box,14
dust,bench,14
dust,column,14
fill,water fountain,14
fluff,pouffe,14
inspect,ironing board,14
inspect,document,14
load,washing machine and dryer,14
open,storage box,14
open,attic hatch,14
open,archway,14
pick_up,stack of towels,14
pick_up,glasses,14
pick_up,telephone,14
place_in,plush toy,14
place_in,rack,14
place_in,tray,14
place_on,flower stand,14
place_on,toilet paper,14
place_on,plate of food,14
place_on,folding chair,14
place_on,photo,14
place_on,ladder,14
plug_in,speaker,14
plug_in,amplifier,14
pull,stool,14
reposition,ornament,14
reposition,easy chair,14
reposition,desk,14
rinse,jar,14
set_up,side table,14
store,kitchen cabinet,14
straighten,wall panel,14
straighten,newspaper,14
straighten,refrigerator cabinet,14
straighten,closet shelf,14
straighten,paper storage,14
straighten,flowerpot,14
straighten,closet rod,14
straighten,massage bed,14
turn_off,printer,14
turn_off,light fixture,14
turn_on,record player,14
turn_on,pc tower,14
turn_on,bathtub,14
wipe,trashcan,14
wipe,photo mount,14
wipe,sliding door,14
wipe,drawer,14
wipe,clothes dryer,14
wipe,ironing board,14
wipe,knife,14
wipe,wall sign,14
wipe,shower hose/head,14
wipe,floor mat,14
wipe,refrigerator cabinet,14
wipe,washer-dryer,14
wipe,typewriter,14
wipe,molding,14
align,poster,13
attach,handle,13
carry,towel,13
carry,wood,13
carry,camera,13
carry,sled,13
carry,storage bin,13
close,jar,13
dust,curtain,13
dust,decorative plate,13
dust,music player,13
fill,basket,13
inspect,kitchen lower cabinet,13
inspect,laptop,13
inspect,laundry machine,13
inspect,stairs railing,13
inspect,fan,13
inspect,oven and stove,13
inspect,doorpost,13
inspect,fuse panel,13
inspect,tank,13
open,display cabinet,13
open,cardboard box,13
open,sliding door,13
open,microwave_oven,13
open,ceiling window,13
open,bath cabinet,13
place_in,shelving,13
place_in,shoe,13
place_on,couch,13
place_on,carpet,13
place_on,hairbrush,13
place_on,easy chair,13
place_on,music equipment stand,13
place_on,fruit bowl,13
plug_in,laptop,13
polish,stairs railing,13
pull,blanket,13
pull,shower curtain,13
reposition,patio chair,13
reposition,shower hose,13
reposition,vent,13
reposition,side table,13
reposition,seat,13
rinse,dishwasher,13
scrub,shower tub,13
set_control,kettle,13
set_control,keyboard,13
set_control,piano stool,13
set_up,lamp,13
set_up,iron board,13
stack,case,13
store,newspaper,13
store,pliers,13
straighten,pouffe,13
straighten,curtain rail,13
straighten,coat hanger,13
straighten,hairbrush,13
straighten,chest drawer,13
turn_on,bed light,13
wipe,scale,13
wipe,ceiling duct,13
wipe,boiler,13
wipe,bedside cabinet,13
wipe,pad,13
wipe,ledge,13
wipe,partition,13
wipe,sink/basin,13
wipe,desk clutter,13
carry,laptop,12
carry,flashlight,12
carry,mirror,12
carry,trashcan,12
carry,shoe,12
carry,tool box,12
close,kitchen lower cabinet,12
dispose,recycle bin,12
dump,vacuum cleaner,12
dust,telephone,12
dust,ceiling under stairs,12
fold,curtain,12
inspect,cap,12
inspect,cutting board,12
inspect,cardboard box,12
inspect,bicycle,12
inspect,jar,12
inspect,beverage dispenser,12
inspect,sunglasses,12
inspect,coffee machine,12
inspect,whiteboard,12
inspect,archway,12
inspect,door knob,12
open,window shutters,12
pick_up,robe,12
pick_up,notebook,12
place_in,display cabinet,12
place_in,tool box,12
place_in,fridge,12
place_in,mini fridge,12
place_on,patio chair,12
place_on,candle,12
place_on,flashlight,12
place_on,washing powder,12
place_on,magazine,12
place_on,counter,12
polish,piano,12
reposition,decoration,12
reposition,tap,12
reposition,soundbar,12
reposition,wall sign,12
reposition,separator,12
scrub,bidet,12
set_control,cellular_telephone,12
set_control,telephone,12
set_control,mouse,12
set_up,desk,12
shake_out,pillow,12
stack,paper,12
store,ladder,12
store,blanket,12
store,umbrella,12
straighten,hat,12
straighten,pot,12
straighten,carpet,12
straighten,tv stand,12
straighten,ladder,12
straighten,bouquet,12
straighten,cap,12
straighten,exhibition panel,12
straighten,magazines,12
straighten,cabinet drawer,12
straighten,book display,12
turn_on,grill,12
turn_on,fireplace sconce,12
turn_on,hearth,12
wipe,stair step,12
wipe,flower vase,12
wipe,floor lamp,12
wipe,mixer,12
wipe,paneling,12
wipe,counter desk,12
wipe,garage door railing,12
wipe,cabinet table,12
wipe,hearth,12
attach,curtain rail,11
carry,toaster,11
carry,hairbrush,11
carry,exercise bike,11
carry,nightstand,11
carry,desk,11
carry,guitar,11
carry,statue,11
carry,floor mat,11
carry,cone,11
close,container,11
close,shower cabin,11
close,ventilation,11
dust,bedside cabinet,11
dust,light fixture,11
dust,mirror frame,11
dust,display table,11
dust,figure,11
fill,pot,11
hang,art frame,11
hang,wall hanger,11
inspect,power breaker box,11
inspect,crib,11
inspect,bowl,11
inspect,newspaper,11
inspect,cup,11
inspect,vase,11
inspect,treadmill,11
inspect,tool box,11
inspect,exercise equipment,11
inspect,aquarium,11
inspect,stack of papers,11
inspect,attic hatch,11
inspect,wall sign,11
inspect,coffee maker,11
inspect,schedule,11
inspect,iron,11
inspect,shovel,11
lift,storage box,11
load,towel,11
open,wash cabinet,11
open,kitchen cabinet drawer,11
pick_up,bottles of wine,11
pick_up,picture,11
pick_up,photo,11
pick_up,stationery,11
pick_up,bottle of detergent,11
pick_up,keys,11
place_in,hammer,11
place_in,bouquet,11
place_in,chassis,11
place_on,coffee_maker,11
place_on,tissue box,11
place_on,picture,11
place_on,case,11
place_on,glass,11
place_on,sideboard,11
place_on,brochure,11
place_on,decor,11
place_on,clothes hanger,11
polish,ceiling arch,11
press,cellular_telephone,11
reposition,step stool,11
reposition,shelving,11
reposition,flowerpot,11
reposition,highchair,11
reposition,shower hose/head,11
scrub,tap,11
scrub,cutting board,11
set_control,camera,11
set_up,drum,11
set_up,bar chair,11
set_up,couch,11
set_up,vase,11
smooth,bathroom towel,11
stack,container,11
start_machine,washing machine,11
store,hat,11
store,pillow,11
straighten,sink,11
straighten,tool,11
straighten,exercise equipment,11
straighten,shower rail,11
straighten,cabinet door,11
straighten,iron board,11
straighten,clothing stand,11
straighten,bunk bed,11
straighten,clothes hanger rod,11
turn_off,stove,11
vacuum,fireplace,11
wipe,bathroom towel,11
wipe,shower-bath cabinet,11
wipe,doormat,11
wipe,couch,11
wipe,coat rack,11
wipe,ottoman,11
wipe,platform,11
wipe,stair handle,11
align,frame,10
align,stool,10
align,keyboard,10
carry,printer,10
carry,firewood,10
carry,chest of drawers,10
carry,fan,10
carry,barrel,10
carry,computer_keyboard,10
carry,glass,10
close,fireplace,10
close,wall cabinet,10
close,doorway,10
dump,handbag,10
dust,flower stand,10
dust,beam,10
dust,bathroom cabinet,10
dust,decor,10
dust,computer,10
dust,hunting trophy,10
fill,toilet paper,10
hang,scarf,10
inspect,display cabinet,10
inspect,book rack,10
inspect,bathtub,10
inspect,suitcase,10
inspect,coffee table,10
inspect,laundry basket,10
inspect,window glass,10
inspect,paper towel,10
inspect,magazine,10
inspect,ceiling lamp,10
inspect,dining chair,10
inspect,light fixture,10
inspect,exercise machine,10
inspect,safe,10
lift,trash bag,10
open,bag,10
open,door/window,10
open,shutter,10
open,wall cabinet,10
pick_up,floor mat,10
pick_up,dishrag,10
pick_up,bin,10
pick_up,pile of magazines,10
pick_up,stack of books,10
place_in,bookshelf,10
place_in,stand,10
place_in,sink cabinet,10
place_in,binder,10
place_in,washer-dryer,10
place_in,clothes,10
place_in,door knob,10
place_on,dining table,10
place_on,guitar,10
place_on,food tray,10
place_on,chest of drawers,10
place_on,photo mount,10
place_on,can,10
place_on,chaise longue,10
place_on,beanbag,10
place_on,rocking chair,10
place_on,place mat,10
place_on,exercise ball,10
plug_in,printer,10
plug_in,camera,10
polish,display cabinet,10
polish,pillar,10
polish,candlestick,10
pour,bouquet,10
pull,desk chair,10
push,swivel chair,10
reposition,boiler,10
reposition,radiator,10
reposition,shower rail,10
reposition,mirror,10
reposition,closet rod,10
reposition,heater,10
reposition,stacked chair,10
reposition,umbrella,10
rinse,dish,10
set_control,coffee machine,10
set_control,music player,10
set_up,desk chair,10
set_up,printer,10
set_up,projector,10
set_up,stand,10
smooth,bed sheet,10
smooth,bath towel,10
start_machine,clothes dryer,10
store,tool box,10
straighten,shower-bath cabinet,10
straighten,wine_bottle,10
straighten,folding chair,10
straighten,monitor,10
straighten,mouse,10
straighten,kitchen countertop items,10
straighten,cabinet clutter,10
straighten,umbrella,10
straighten,wall board,10
straighten,pad,10
straighten,shelf with cosmetics,10
straighten,fireplace utensil,10
straighten,wall hanger,10
straighten,stack of files,10
straighten,bar cabinet,10
straighten,gym mat,10
tighten,shelf,10
turn_off,appliance,10
turn_off,radio,10
turn_on,wall clock,10
turn_on,pan,10
turn_on,stovetop,10
turn_on,roomba,10
wipe,kitchen wall,10
wipe,beam,10
wipe,cardboard box,10
wipe,showerhead,10
wipe,pillow,10
wipe,furnace,10
wipe,statue,10
wipe,weight bench,10
wipe,shower floor,10
wipe,bowl,10
wipe,ceiling lamp,10
wipe,exhibition panel,10
wipe,dog bed,10
wipe,copier machine,10
wipe,light fixture,10
wipe,shower stall,10
wipe,shower bar,10
wipe,shower handle,10
wipe,duct,10
wipe,stand/small table,10
align,desk chair,9
carry,ornament,9
carry,cap,9
carry,carpet,9
carry,throw blanket,9
carry,flower,9
carry,table lamp,9
carry,broom,9
carry,partition,9
carry,can of paint,9
close,washing machine,9
dump,cup,9
dust,handrail,9
dust,book,9
dust,curtain rod,9
dust,wall sign,9
dust,media console,9
dust,trophy,9
fill,bag,9
fill,bath,9
fill,refrigerator,9
fold,newspaper,9
inspect,pouffe,9
inspect,screen,9
inspect,bed table,9
inspect,closet door,9
inspect,bench,9
inspect,mirror frame,9
inspect,flower,9
inspect,staircase handrail,9
inspect,railing,9
inspect,pan,9
inspect,garage door railing,9
inspect,exercise ball,9
load,camera,9
load,case,9
load,storage box,9
open,shower door,9
open,luggage,9
open,ceiling door,9
open,air vent,9
open,locker,9
pick_up,box,9
pick_up,bottles,9
pick_up,alarm_clock,9
pick_up,rack,9
pick_up,saw,9
pick_up,scarf,9
pick_up,purse,9
pick_up,mat,9
pick_up,washing powder,9
pick_up,stick,9
place_in,wash cabinet,9
place_on,pouffe,9
place_on,oven,9
place_on,l-shaped sofa,9
place_on,shoe rack,9
place_on,kitchen island,9
place_on,coat rack,9
place_on,stove,9
place_on,floor lamp,9
place_on,kitchen shelf,9
place_on,figure,9
place_on,book display,9
polish,banister,9
polish,handrail,9
polish,dresser,9
polish,railing,9
polish,staircase handrail,9
polish,stained glass,9
polish,column,9
pull,armchair,9
reposition,bookshelf,9
reposition,ventilation hood,9
reposition,pipe,9
reposition,shower rod,9
reposition,coat rack,9
reposition,drawer,9
reposition,shutters,9
reposition,window shutter,9
rinse,bucket,9
rinse,dishes,9
scrub,cooker,9
scrub,oven and stove,9
set_control,shade,9
set_control,piano bench,9
set_up,computer,9
set_up,flowerpot,9
set_up,amplifier,9
shake_out,blanket,9
smooth,sheet,9
store,refrigerator,9
store,kitchen utensil,9
store,hanging clothes,9
store,basket of something,9
store,washing powder,9
straighten,laptop,9
straighten,towel,9
straighten,frame,9
straighten,firewood holder,9
straighten,bottles,9
straighten,keyboard,9
straighten,blanket,9
straighten,wall cubby,9
straighten,shoes rack,9
straighten,rack of weights,9
straighten,robe,9
straighten,bedpost,9
straighten,easy chair,9
straighten,calendar,9
straighten,seat,9
straighten,cabinet table,9
straighten,kitchen utensils,9
straighten,wall shelf,9
straighten,book cabinet,9
turn_off,bed light,9
turn_off,air conditioning,9
turn_on,alarm_clock,9
turn_on,lamp stand,9
turn_on,fluorescent light,9
turn_on,ceiling fan lamp,9
wipe,bed stand,9
wipe,vacuum cleaner,9
wipe,wine_bottle,9
wipe,bin,9
wipe,bedside lamp,9
wipe,bowl of fruit,9
wipe,cloth,9
wipe,bucket,9
wipe,arcade game,9
wipe,foot spa,9
wipe,coffee maker,9
wipe,bathroom utensil,9
wipe,pitcher,9
wipe,support beam,9
wipe,entertainment set,9
wipe,shop shelf,9
wipe,seat,9
wipe,media console,9
wipe,door/window,9
align,office chair,8
align,acoustic panel,8
align,bench,8
carry,drum,8
carry,hanging clothes,8
carry,heater,8
carry,bouquet,8
carry,hammer,8
carry,pad,8
carry,sculpture,8
carry,beanbag,8
carry,exercise machine,8
close,toilet,8
close,locker,8
close,microwave,8
close,glass door,8
close,counter door,8
close,partition,8
close,ceiling window,8
dump,barrel,8
dust,refrigerator,8
dust,poster,8
dust,elephant sculpture,8
dust,wall board,8
dust,entertainment set,8
fill,bath tub,8
fill,paper towel,8
fill,bathrobe,8
fill,coffee_maker,8
inspect,closet mirror wall,8
inspect,cloth,8
inspect,brochure,8
inspect,cooker,8
inspect,dishrag,8
inspect,parapet,8
inspect,chest,8
inspect,side table,8
inspect,folder,8
inspect,mixer,8
inspect,water dispenser,8
inspect,wine rack,8
inspect,copier,8
load,wardrobe,8
open,file cabinet,8
open,glass door,8
open,shades,8
pick_up,wood,8
pick_up,tool box,8
pick_up,drill,8
pick_up,coffee machine,8
pick_up,bicycle helmet,8
pick_up,electric guitar,8
pick_up,dog leash,8
pick_up,shoes,8
place_in,decorative plant,8
place_in,sofa seat,8
place_in,flashlight,8
place_in,microwave_oven,8
place_in,pitcher,8
place_in,stack of papers,8
place_in,locker,8
place_on,newspaper,8
place_on,kitchen counter,8
place_on,kitchen table,8
place_on,set of armchairs,8
place_on,end table,8
place_on,bowl of fruits,8
place_on,shower curtain,8
place_on,pad,8
place_on,paper towels,8
place_on,towel bar,8
place_on,display table,8
place_on,piano bench,8
polish,faucet,8
polish,stair handle,8
push,sliding door,8
reposition,pliers,8
reposition,ceiling vent,8
reposition,window shutters,8
reposition,amplifier,8
reposition,machine,8
reposition,vase,8
reposition,piano stool,8
reposition,column,8
scrub,faucet,8
scrub,stovetop,8
scrub,sink/basin,8
set,speaker,8
set_control,tv stand,8
set_control,shades,8
set_up,folding chair,8
store,stuffed animal,8
store,shelf,8
store,stool,8
store,glass,8
store,bathrobe,8
store,pot,8
store,board game,8
straighten,mat,8
straighten,yoga mat,8
straighten,bathroom counter,8
straighten,notes,8
straighten,floor lamp,8
straighten,computer chair,8
straighten,fireplace tool set,8
straighten,door cabinet,8
straighten,statue,8
straighten,stationery,8
straighten,rocking chair,8
straighten,file,8
straighten,media console,8
straighten,shower shelf,8
straighten,decorative cloth,8
straighten,holy cross,8
tighten,stairs railing,8
tighten,handle,8
turn_off,toaster,8
turn_off,laptop_computer,8
turn_on,sink,8
turn_on,boiler,8
turn_on,washing machine and dryer,8
turn_on,shower dial,8
vacuum,armchair,8
vacuum,sofa seat,8
wipe,mop,8
wipe,office chair,8
wipe,food tray,8
wipe,flower stand,8
wipe,container,8
wipe,sunbed,8
wipe,basket,8
wipe,rail,8
wipe,tiles,8
wipe,cabinet counter,8
wipe,workstation,8
wipe,exercise ball,8
wipe,recessed cubby,8
wipe,footrest,8
wipe,desk cabinet,8
wipe,podium,8
wipe,slab,8
align,table,7
align,bar chair,7
align,pillow,7
align,monitor,7
attach,railing,7
carry,picture,7
carry,firewood holder,7
carry,yoga mat,7
carry,floor stand,7
carry,small table/stand,7
carry,hanger,7
carry,stone,7
carry,amplifier,7
carry,gym equipment,7
carry,exercise mat,7
close,backpack,7
close,mirror,7
close,doorpost,7
close,fuse box,7
dump,toaster,7
dust,microwave,7
dust,figurine,7
dust,stone support structure,7
dust,baseboard,7
dust,desk chair,7
dust,headboard,7
dust,ceiling duct,7
dust,dartboard,7
dust,mantle,7
dust,garage door motor,7
fill,bowl of fruit,7
fill,faucet,7
fill,beverage dispenser,7
fill,tissue,7
fill,paper towel dispenser,7
fluff,sofa chair,7
fold,scarf,7
hang,photo,7
inspect,trash_can,7
inspect,container,7
inspect,storage cabinet,7
inspect,paper,7
inspect,stair step,7
inspect,curtain,7
inspect,door window,7
inspect,antique clock,7
inspect,refrigerator cabinet,7
inspect,tv stand,7
inspect,hanging clothes,7
inspect,exit sign,7
inspect,water tank,7
inspect,office chair,7
inspect,ceiling pipe,7
inspect,stone support structure,7
inspect,coat rack,7
inspect,table lamp,7
inspect,bucket,7
inspect,bottle,7
inspect,note,7
inspect,seat,7
inspect,smoke alarm,7
inspect,menu board,7
load,basket,7
load,laptop_computer,7
lock,cabinet /otherroom,7
mop,stair,7
mop,shower floor,7
open,container,7
open,shower cabin,7
open,sink cabinet,7
open,ventilation,7
open,shampoo,7
pick_up,plant,7
pick_up,flower vase,7
pick_up,basket of something,7
pick_up,knife holder,7
pick_up,board,7
pick_up,papers,7
pick_up,stool,7
pick_up,binder,7
pick_up,board game,7
pick_up,clothes_hamper,7
pick_up,blouse,7
place_in,plant,7
place_in,hat,7
place_in,kitchen lower cabinet,7
place_in,suitcase,7
place_in,chair,7
place_in,stairs railing,7
place_in,file cabinet,7
place_in,binders,7
place_in,pillow,7
place_in,knife,7
place_in,stuffed animal,7
place_in,recycle bin,7
place_on,bath mat,7
place_on,sofa,7
place_on,telephone,7
place_on,bathrobe,7
place_on,toy,7
place_on,bench,7
place_on,footrest,7
place_on,bathroom accessory,7
place_on,paper towel,7
place_on,bed comforter,7
place_on,poster,7
place_on,cloth,7
place_on,display cabinet,7
place_on,decorative quilt,7
place_on,dumbbell,7
place_on,boxes with books,7
place_on,hand towel,7
place_on,crate,7
plug_in,computer,7
plug_in,telephone,7
polish,lamp,7
polish,ornament,7
polish,coffee table,7
polish,pitcher,7
polish,hunting trophy,7
pour,pot,7
pull,bed,7
push,cart,7
reposition,table cloth,7
reposition,storage shelving,7
reposition,bean bag chair,7
reposition,display cabinet,7
reposition,dog bed,7
reposition,exercise machine,7
scrub,microwave,7
scrub,shower hose,7
scrub,countertop,7
set,cellular_telephone,7
set_control,wall tv,7
set_control,electric guitar,7
set_up,treadmill,7
set_up,music equipment stand,7
smooth,pet bed,7
stack,bag,7
stack,stacked chair,7
stack,stack of plates,7
store,keyboard,7
store,hanger,7
straighten,laptop_computer,7
straighten,stack of clothes,7
straighten,knife holder,7
straighten,binders,7
straighten,rug,7
straighten,brochures,7
straighten,shelf with shoes,7
straighten,firewood,7
straighten,music album shelf,7
straighten,cardboard,7
straighten,cloth,7
straighten,desk cabinet,7
straighten,bathroom mat,7
tighten,tap,7
tighten,sink,7
tighten,faucet,7
turn_off,microwave,7
turn_off,light,7
turn_on,projector,7
turn_on,sauna oven,7
turn_on,machine,7
wipe,food,7
wipe,cabinet clutter,7
wipe,record player,7
wipe,bicycle,7
wipe,paper towel,7
wipe,closet,7
wipe,hanger,7
wipe,cup,7
wipe,door cabinet,7
wipe,lounger,7
wipe,device,7
wipe,baseboard,7
wipe,desk lamp,7
wipe,lamp table,7
wipe,toaster oven,7
wipe,ceiling under stairs,7
wipe,shower dial,7
wipe,garage door motor,7
wipe,bar cabinet,7
wipe,gym equipment,7
wipe,surface,7
wipe,bath faucet,7
wipe,bedside table,7
wipe,kitchen sink cabinet,7
align,mirror frame,6
align,photo,6
align,wall sign,6
align,picture frame,6
attach,stairs railing,6
carry,mop,6
carry,briefcase,6
carry,globe,6
carry,sunglasses,6
carry,hat,6
carry,dumbbell,6
carry,computer chair,6
close,computer,6
close,bag,6
close,vent,6
close,folder,6
close,umbrella,6
close,electric box,6
close,elevator door,6
cover,clothes dryer,6
cover,clothes_hamper,6
dump,wine_bottle,6
dump,paper storage,6
dump,bottle,6
dump,fridge,6
dust,guitar,6
dust,window glass,6
dust,stair step,6
dust,record player,6
dust,camera,6
dust,window curtain,6
dust,case,6
dust,screen,6
dust,kitchen cabinet,6
dust,lamp table,6
dust,ceiling dome,6
dust,stair wall,6
dust,model,6
fill,flowerpot,6
fluff,stack of pillows,6
hang,curtain,6
hang,closet,6
hang,dog leash,6
hang,clothes hanger rod,6
inspect,wall tv,6
inspect,washer-dryer,6
inspect,ceiling duct,6
inspect,sofa seat,6
inspect,kitchen utensil,6
inspect,ventilation hood,6
inspect,door/window,6
inspect,fence,6
inspect,microwave_oven,6
inspect,amplifier,6
inspect,wash cabinet,6
inspect,ceiling fan,6
inspect,support beam,6
inspect,bulletin board,6
inspect,shoe,6
inspect,electric kettle,6
inspect,washbasin,6
inspect,soupspoon,6
inspect,typewriter,6
inspect,christmas tree,6
load,clothes,6
lock,wardrobe,6
lock,attic door,6
mop,bathroom floor,6
open,storage cabinet,6
open,counter door,6
open,shade,6
open,safe,6
open,elevator door,6
open,box with photos,6
pick_up,stack of clothes,6
pick_up,clothes hanger,6
pick_up,detergent,6
pick_up,bouquet,6
pick_up,dishes,6
pick_up,chair,6
pick_up,pad,6
pick_up,washing stuff,6
pick_up,doll,6
pick_up,pitchfork,6
place_in,paper,6
place_in,storage cabinet,6
place_in,decoration,6
place_in,wall cabinet,6
place_in,computer_keyboard,6
place_in,firewood,6
place_in,storage bin,6
place_in,crib,6
place_on,drum,6
place_on,decorative bowl,6
place_on,exercise equipment,6
place_on,closet shelf,6
place_on,cardboard box,6
place_on,fireplace,6
place_on,boxes,6
place_on,ceiling lamp,6
place_on,doormat,6
place_on,music player,6
place_on,decorative vase,6
place_on,throw blanket,6
place_on,dinnerware,6
place_on,lounger,6
place_on,brochures,6
place_on,painting,6
place_on,heater,6
place_on,suitcase,6
place_on,binder,6
place_on,sofa set,6
place_on,dinner chair,6
place_on,sheet,6
place_on,magazines,6
place_on,sign,6
place_on,spice rack,6
place_on,coaster,6
place_on,circular sofa,6
polish,decorative plate,6
polish,mirror frame,6
polish,handle,6
polish,violin,6
polish,pot,6
polish,pedestal,6
pull,bar chair,6
reposition,sofa seat,6
reposition,handrail,6
reposition,exercise equipment,6
reposition,photo mount,6
reposition,hammer,6
reposition,exercise bike,6
reposition,chest of drawers,6
reposition,bar,6
reposition,cabinet door,6
reposition,bed table,6
reposition,railing,6
reposition,lounger,6
reposition,electrical box,6
reposition,headboard,6
reposition,dinner chair,6
reposition,bathroom cabinet,6
reposition,coffee table,6
reposition,wine rack,6
reposition,round chair,6
rinse,tap,6
scrub,mirror,6
scrub,shower curtain,6
scrub,shower door frame,6
scrub,bath faucet,6
set_control,microwave,6
set_control,lamp shade,6
set_up,keyboard piano,6
set_up,sofa,6
set_up,dartboard,6
set_up,chess,6
shake_out,curtain,6
stack,wood,6
stack,magazines,6
start_machine,laundry machine,6
store,chest of drawers,6
store,cutting board,6
store,dishes,6
store,magazine,6
store,computer_keyboard,6
store,kitchen appliance,6
store,broom,6
store,folder,6
straighten,kitchen counter,6
straighten,camera,6
straighten,stack of towels,6
straighten,washbasin,6
straighten,jacket,6
straighten,shower curtain rod,6
straighten,radiator,6
straighten,tool rack,6
straighten,end table,6
straighten,dressing table,6
straighten,lounge chair,6
straighten,small table/stand,6
straighten,sitting bench,6
straighten,plate,6
straighten,railing,6
straighten,closet shelving,6
straighten,beanbag,6
straighten,artwork,6
straighten,wreath,6
straighten,kitchen countertop item,6
straighten,laundry,6
straighten,furniture,6
straighten,shower caddy,6
straighten,board game,6
straighten,art/clutter,6
straighten,gym equipment,6
straighten,bags,6
straighten,wine cabinet,6
straighten,vinyl records,6
turn_off,kettle,6
turn_off,record player,6
turn_off,ceiling fan lamp,6
turn_off,night lamp,6
turn_on,electric heater,6
turn_on,barbecue,6
turn_on,antique clock,6
turn_on,lamp shade,6
turn_on,vent,6
turn_on,dehumidifier,6
wipe,bath towel,6
wipe,curtain rail,6
wipe,window shutter,6
wipe,window shutters,6
wipe,elevator,6
wipe,window shade,6
wipe,closet shelf,6
wipe,sofa,6
wipe,rug,6
wipe,cart,6
wipe,shower rail,6
wipe,shelf clutter,6
wipe,brush,6
wipe,kettle,6
wipe,music player,6
wipe,panel,6
wipe,solarium,6
wipe,counter door,6
wipe,curtain rod,6
wipe,wall cubby,6
wipe,trolley,6
wipe,cellular_telephone,6
wipe,plate of food,6
wipe,clothes,6
wipe,artwork,6
wipe,alarm_clock,6
wipe,trough,6
wipe,wine rack,6
wipe,waffle iron,6
wipe,baby changing station,6
wipe,tank,6
wipe,gym stepper,6
wipe,foosball game table,6
wipe,easel,6
wipe,kitchen chair,6
wipe,shower pipe,6
wipe,bath side table,6
wipe,baby changing table,6
align,sunbed,5
align,couch,5
align,panel screen,5
attach,staircase handrail,5
carry,doormat,5
carry,newspaper,5
carry,pc tower,5
carry,magazine,5
carry,machine,5
carry,dustpan,5
carry,lounger,5
carry,can,5
carry,trolley,5
carry,hose,5
carry,shovel,5
carry,electric guitar,5
carry,music equipment stand,5
close,refrigerator cabinet,5
close,curtain rail,5
close,book,5
close,monitor,5
close,door cabinet,5
close,fuse panel,5
close,display cabinet,5
close,storage box,5
close,shower curtain rod,5
close,safe,5
dump,washer-dryer,5
dump,toilet,5
dump,suitcase,5
dump,rack,5
dump,sink cabinet,5
dump,can,5
dump,shelf,5
dust,toaster,5
dust,bed stand,5
dust,candlestick,5
dust,dining chair,5
dust,attic hatch,5
dust,range hood,5
dust,dustbin,5
dust,calendar,5
dust,computer_keyboard,5
dust,globe stand,5
dust,partition,5
dust,spa bench,5
dust,doorpost,5
dust,paneling,5
dust,cabinet table,5
dust,painting frame,5
dust,window shade,5
dust,fireplace shelf,5
dust,podium,5
fill,bath towel,5
fill,container,5
fill,tissue box,5
fill,electric kettle,5
fluff,bed,5
fold,blankets,5
hang,broom,5
hang,cloth,5
inspect,food,5
inspect,grill,5
inspect,doormat,5
inspect,stair,5
inspect,bathroom shelf,5
inspect,step stool,5
inspect,shower curtain,5
inspect,shower cabin,5
inspect,recuperator,5
inspect,liquid soap,5
inspect,can,5
inspect,shower hose/head,5
inspect,throw blanket,5
inspect,sofa chair,5
inspect,water fountain,5
inspect,guitar,5
inspect,rope,5
inspect,bedframe,5
inspect,art frame,5
inspect,audio cables,5
inspect,spice rack,5
inspect,duct,5
inspect,set of knives,5
inspect,book cabinet,5
inspect,smoke detector,5
lift,screw box,5
load,refrigerator,5
lock,door window,5
open,keyboard piano,5
open,bottle_opener,5
open,box with books,5
open,freezer,5
open,violin case,5
open,electric box,5
open,washer-dryer,5
pick_up,firewood,5
pick_up,detergent bottle,5
pick_up,kitchen appliance,5
pick_up,poster,5
pick_up,pool stick,5
pick_up,skateboard,5
pick_up,brochures,5
pick_up,iron,5
pick_up,cardboard,5
pick_up,axe,5
pick_up,flower,5
pick_up,bags,5
pick_up,fruit bowl,5
pick_up,kitchen shelf,5
place_in,refrigerator cabinet,5
place_in,speaker,5
place_in,oven,5
place_in,mouse,5
place_in,printer,5
place_in,clothes bag,5
place_in,toilet paper dispenser,5
place_in,hanger,5
place_in,can,5
place_in,music equipment stand,5
place_in,ottoman,5
place_in,pool stick,5
place_in,wall lamp,5
place_on,jacket,5
place_on,cooker,5
place_on,bathroom cabinet,5
place_on,figurine,5
place_on,bedside cabinet,5
place_on,tv,5
place_on,bathroom utensil,5
place_on,storage shelving,5
place_on,bean bag chair,5
place_on,bed sheet,5
place_on,desk chair,5
place_on,kitchen utensil,5
place_on,tea set,5
place_on,pool stick,5
place_on,bucket,5
place_on,piano stool,5
place_on,headphones,5
place_on,amplifier,5
place_on,wine rack,5
place_on,soupspoon,5
place_on,radio,5
place_on,candlestick,5
place_on,apron,5
place_on,gift,5
place_on,lid,5
place_on,chassis,5
place_on,bowl of sweets,5
place_on,lace doily,5
plug_in,hose,5
polish,decoration,5
polish,chest of drawers,5
polish,painting,5
polish,antique clock,5
polish,figure,5
polish,exhibition window frame,5
pour,bowl,5
pour,bonsai tree,5
reposition,shower bar,5
reposition,bouquet,5
reposition,crib,5
reposition,toilet,5
reposition,electrical controller,5
reposition,fireplace,5
reposition,shower,5
reposition,decoder,5
reposition,soft chair,5
reposition,wrench,5
reposition,pot,5
reposition,support beam,5
reposition,wall board,5
reposition,folding stand,5
reposition,stack of chairs,5
reposition,statue,5
reposition,carpet,5
reposition,bag with sheets,5
reposition,belt,5
reposition,basket,5
reposition,sculpture,5
reposition,shower tap,5
reposition,kitchen chair,5
rinse,dishrag,5
scrub,kitchen cabinet,5
scrub,showerhead,5
scrub,table,5
scrub,shower stall,5
scrub,toilet brush,5
set,wall clock,5
set_control,oven and stove,5
set_control,fire screen,5
set_control,lamp stand,5
set_control,violin,5
set_up,painting,5
set_up,table lamp,5
set_up,pouffe,5
set_up,toaster,5
set_up,folding stand,5
set_up,exercise equipment,5
set_up,display table,5
set_up,sewing machine,5
set_up,highchair,5
set_up,easel,5
shake_out,cushion,5
stack,stack of chairs,5
store,glasses,5
store,dresser,5
store,pool stick,5
store,drawer,5
store,tape_measure,5
straighten,patio chair,5
straighten,table lamp,5
straighten,desk,5
straighten,shelf clutter,5
straighten,stuffed animal,5
straighten,toilet,5
straighten,bottle,5
straighten,advertisement,5
straighten,makeup accessories,5
straighten,tree branch,5
straighten,bedding,5
straighten,speaker,5
straighten,sofa set,5
straighten,clock,5
straighten,entertainment set,5
straighten,albums,5
straighten,guitar cases,5
straighten,rod,5
straighten,belt,5
straighten,bin,5
straighten,boxes with books,5
straighten,baby changing station,5
straighten,shower mat,5
straighten,umbrella stand,5
straighten,groceries,5
straighten,leaflets,5
straighten,records,5
straighten,basket with books,5
straighten,objects,5
straighten,bookstand,5
turn_off,furnace,5
turn_off,washing machine,5
turn_on,ceiling vent,5
turn_on,soundbar,5
turn_on,cd player,5
turn_on,sauna heater,5
unlock,safe,5
wipe,drum,5
wipe,sofa seat,5
wipe,pouffe,5
wipe,broom,5
wipe,high shelf,5
wipe,cross-trainer,5
wipe,shoe rack,5
wipe,recessed wall,5
wipe,toy,5
wipe,closet door,5
wipe,sliding glass door,5
wipe,fire pit,5
wipe,globe,5
wipe,dishes,5
wipe,urinal,5
wipe,chandelier,5
wipe,book,5
wipe,glass pane,5
wipe,vessel,5
wipe,bulletin board,5
wipe,painting frame,5
wipe,chest drawer,5
wipe,fireplace sconce,5
wipe,amplifier,5
wipe,guitar,5
wipe,poster,5
wipe,mantle,5
wipe,archway,5
wipe,kitchen cabinet lower,5
wipe,extractor hood,5
wipe,hunting trophy,5
wipe,blanket,5
wipe,figure,5
wipe,soupspoon,5
wipe,electric box,5
wipe,decorative tray,5
wipe,shower ceiling,5
wipe,locker,5
wipe,balustrade,5
wipe,ice maker,5
wipe,fireplace shelf,5
wipe,bathroom glass,5
align,cabinet,4
attach,bookshelf,4
carry,keyboard piano,4
carry,scale,4
carry,tv,4
carry,alarm_clock,4
carry,toothbrush,4
carry,candle holder,4
carry,radio,4
carry,treadmill,4
carry,clothes_hamper,4
carry,display table,4
carry,lamp table,4
carry,food,4
carry,exercise mat roll,4
carry,boxes with books,4
carry,umbrella stand,4
carry,bottles,4
carry,washing machine,4
carry,foot stand,4
close,handbag,4
close,radiator,4
close,air conditioner,4
close,panel screen,4
close,chest drawer,4
close,bed curtain,4
close,firewood chest,4
close,cabinet /otherroom,4
close,kitchen cabinet drawer,4
dump,pan,4
dump,tray,4
dump,food tray,4
dump,bowl of fruit,4
dump,kitchen lower cabinet,4
dump,glass,4
dump,jar,4
dump,pitcher,4
dump,mini fridge,4
dump,freezer,4
dump,kitchen cabinet drawer,4
dump,shredder,4
dump,clothes container,4
dust,couch,4
dust,keyboard piano,4
dust,candle holder,4
dust,bathroom shelf,4
dust,flag,4
dust,flower,4
dust,decorative vase,4
dust,air conditioner,4
dust,desk lamp,4
dust,lampshade,4
dust,laptop,4
dust,laptop_computer,4
dust,stack of books,4
dust,fire extinguisher,4
dust,antlers,4
dust,office table,4
dust,book display,4
dust,exhibition window,4
dust,staircase trim,4
dust,statue/art,4
fill,wine_bottle,4
fill,backpack,4
fill,cabinet,4
fill,bathroom accessory,4
fill,washbasin,4
fill,mini fridge,4
fluff,sofa seat,4
fluff,round cushion,4
fluff,beanbag,4
fold,stack of clothes,4
fold,bed sheet,4
hang,rail,4
hang,closet rod,4
inspect,flower stand,4
inspect,kitchen shelf,4
inspect,range hood,4
inspect,pillar,4
inspect,bottles,4
inspect,window shade,4
inspect,shoe rack,4
inspect,wall electronics,4
inspect,handrail,4
inspect,projector,4
inspect,mat,4
inspect,dressing table,4
inspect,closet,4
inspect,globe,4
inspect,bath cabinet,4
inspect,clothes rack,4
inspect,carpet,4
inspect,closet rod,4
inspect,water heater,4
inspect,bath mat,4
inspect,decoder,4
inspect,garage door frame,4
inspect,binder,4
inspect,press,4
inspect,iron board,4
inspect,jacket,4
inspect,brush,4
inspect,toaster oven,4
inspect,radio,4
inspect,wall hanger,4
inspect,magazines,4
inspect,fireplace tool set,4
inspect,axe,4
inspect,pantry,4
inspect,boxes with books,4
inspect,computer desk,4
inspect,fireplace utensil,4
inspect,freezer,4
inspect,countertop,4
inspect,bookstand,4
lift,shoulder bag,4
load,cardboard box,4
load,shampoo,4
load,toothbrush,4
load,luggage,4
load,laundry basket,4
lock,sliding door,4
lock,closet door,4
lock,safe,4
open,vent,4
open,bread box,4
open,electrical box,4
open,door cabinet,4
open,bread bin,4
open,folder,4
open,kitchen cabinet lower,4
open,dish cabinet,4
pick_up,washcloth,4
pick_up,doormat,4
pick_up,tablet,4
pick_up,luggage,4
pick_up,bread box,4
pick_up,laundry basket,4
pick_up,printer,4
pick_up,bowl with sweets,4
pick_up,box with books,4
pick_up,coffee_maker,4
pick_up,document holder,4
pick_up,basket of towels,4
pick_up,utensil,4
pick_up,violin,4
pick_up,magazines,4
pick_up,guitar straps,4
pick_up,coat rack,4
pick_up,hats,4
pick_up,briefcase,4
pick_up,water dispenser,4
pick_up,towel bar,4
pick_up,hose,4
pick_up,kitchen towel,4
pick_up,chess,4
pick_up,cook book,4
place_in,book rack,4
place_in,guitar,4
place_in,cardboard box,4
place_in,beam,4
place_in,glass,4
place_in,pot,4
place_in,fireplace,4
place_in,wall sign,4
place_in,keyboard,4
place_in,beanbag,4
place_in,clothes dryer,4
place_in,tool,4
place_in,lounge chair,4
place_in,safe,4
place_in,seat,4
place_in,punchbag,4
place_in,footrest,4
place_in,bathroom towel,4
place_on,computer,4
place_on,duvet,4
place_on,plant ornament,4
place_on,box of tissues,4
place_on,shoes rack,4
place_on,glasses,4
place_on,weight bench,4
place_on,record player,4
place_on,toilet,4
place_on,cuddly toy,4
place_on,stools,4
place_on,dressing table,4
place_on,cart,4
place_on,dishes,4
place_on,ledge,4
place_on,garden chair,4
place_on,chest,4
place_on,soft chair,4
place_on,lamp stand,4
place_on,kitchen lower cabinet,4
place_on,floor mat,4
place_on,iron board,4
place_on,globe,4
place_on,file cabinet,4
place_on,printer,4
place_on,tambourine,4
place_on,ukulele,4
place_on,product box,4
place_on,board game,4
place_on,office table,4
place_on,washing stuff,4
place_on,bottle of detergent,4
place_on,oven and stove,4
place_on,curtain,4
place_on,exercise machine,4
place_on,teapot,4
place_on,tool box,4
place_on,yoga mat,4
place_on,coach,4
place_on,bookstand,4
plug_in,screen,4
plug_in,pc tower,4
plug_in,audio cables,4
polish,radiator,4
polish,kettle,4
polish,dining chair,4
polish,frame,4
polish,candle holder,4
polish,shoe,4
polish,chest,4
polish,towel bar,4
polish,tv,4
polish,trophy,4
polish,clock,4
polish,holy cross,4
pour,shampoo,4
pour,flower stand,4
pour,kettle,4
pull,office chair,4
pull,bed comforter,4
reposition,fence,4
reposition,subwoofer,4
reposition,bedside cabinet,4
reposition,sign,4
reposition,clothes rack,4
reposition,stairs railing,4
reposition,sitting bench,4
reposition,folded chair,4
reposition,flower stand,4
reposition,device,4
reposition,doorpost,4
reposition,wall cabinet,4
reposition,locker,4
reposition,globe stand,4
reposition,beanbag,4
reposition,appliance,4
reposition,blinds,4
reposition,pillar,4
reposition,figure,4
reposition,exercise ball,4
reposition,exercise ladder,4
reposition,easel,4
rinse,cups,4
scrub,dishwasher,4
scrub,bathroom floor,4
scrub,bathtub platform,4
set,clock,4
set_control,record player,4
set_control,keyboard piano,4
set_control,piano,4
set_control,laptop,4
set_control,medical lamp,4
set_control,microwave_oven,4
set_control,antique clock,4
set_control,keyboard stand,4
set_control,night lamp,4
set_up,sofa seat,4
set_up,record player,4
set_up,air conditioning,4
set_up,appliance,4
set_up,cellular_telephone,4
set_up,coffee_maker,4
set_up,guitar,4
set_up,kitchen appliance,4
set_up,piano bench,4
set_up,coaster,4
set_up,food stand,4
shake_out,bath mat,4
shake_out,throw blanket,4
smooth,yoga mat,4
stack,stack of towels,4
stack,luggage,4
stack,pot,4
stack,dishes,4
stack,chair,4
stack,can,4
stack,tray,4
stack,guitar cases,4
stack,albums,4
stack,cardboard,4
start_machine,copier machine,4
store,cardboard box,4
store,tool,4
store,luggage,4
store,mop,4
store,bottle_opener,4
store,bucket,4
store,bin,4
store,food,4
store,paper,4
store,wrench,4
store,bath towel,4
store,shovel,4
store,washing stuff,4
store,can,4
store,pad,4
straighten,sunglasses,4
straighten,duvet,4
straighten,shower soap shelf,4
straighten,bedside lamp,4
straighten,banner,4
straighten,screw box,4
straighten,trashcan,4
straighten,coffee table,4
straighten,cushion,4
straighten,hose,4
straighten,glass,4
straighten,tree,4
straighten,bowl of fruit,4
straighten,headboard,4
straighten,document holder,4
straighten,niche,4
straighten,basket of towels,4
straighten,spa bench,4
straighten,staircase handrail,4
straighten,appliance,4
straighten,guitar straps,4
straighten,product,4
straighten,note,4
straighten,strings,4
straighten,bed cabinet,4
straighten,guitar frame,4
straighten,dishwasher,4
straighten,landing,4
straighten,washing stuff,4
straighten,vanity,4
straighten,exercise ball,4
straighten,separator,4
straighten,stack,4
straighten,recessed cubby,4
straighten,fire extinguisher,4
straighten,dumbbell,4
straighten,piano stool,4
straighten,cabinet /w clutter,4
straighten,briefcase,4
straighten,exercise mat,4
straighten,lace doily,4
straighten,closet area for hanging clothes,4
straighten,baby changing table,4
tighten,handrail,4
tighten,banister,4
tighten,cabinet door,4
tighten,door knob,4
tuck,desk chair,4
tuck,stool,4
turn_off,flashlight,4
turn_off,ventilation,4
turn_off,faucet,4
turn_off,amplifier,4
turn_on,vacuum cleaner,4
turn_on,fireplace tool set,4
turn_on,medical lamp,4
turn_on,showerhead,4
turn_on,shower wall,4
turn_on,exercise machine,4
turn_on,lampshade,4
turn_on,fume cupboard,4
turn_on,stereo set,4
turn_on,bath faucet,4
turn_on,stereo,4
unplug,toaster,4
wipe,grill,4
wipe,candlestick,4
wipe,shower wall cubby,4
wipe,box,4
wipe,bath mat,4
wipe,pan,4
wipe,notes,4
wipe,cosmetics,4
wipe,pc tower,4
wipe,bread box,4
wipe,fire screen,4
wipe,sitting bench,4
wipe,spice rack,4
wipe,beverage dispenser,4
wipe,tissue,4
wipe,cat bed,4
wipe,doorway,4
wipe,mat,4
wipe,barrel,4
wipe,antique clock,4
wipe,attic door,4
wipe,shower cockpit,4
wipe,pot,4
wipe,electric percussion,4
wipe,cat litter box,4
wipe,dartboard,4
wipe,shower caddy,4
wipe,telescope,4
wipe,water dispenser,4
wipe,decorative lamp,4
wipe,decorative bowl,4
wipe,storage shelving,4
wipe,washing machine and dryer,4
wipe,vanity,4
wipe,shelf / cabinet,4
wipe,cash register,4
wipe,closet rod,4
wipe,wall detail,4
wipe,shower bench,4
wipe,kitchen utensils,4
wipe,coach,4
wipe,shower shelf,4
wipe,salver,4
wipe,food stand,4
wipe,closet area for hanging clothes,4
align,shower door frame,3
align,desk,3
align,computer_keyboard,3
align,stand,3
align,chest of drawers,3
align,barbell,3
align,aisle frame,3
align,shower frame,3
carry,paper,3
carry,brochure,3
carry,art frame,3
carry,stack of papers,3
carry,arcade game,3
carry,microwave,3
carry,monitor,3
carry,tree branch,3
carry,lamp stand,3
carry,folder,3
carry,keyboard,3
carry,tape_measure,3
carry,robe,3
carry,pool stick,3
carry,tv stand,3
carry,laundry machine,3
carry,end table,3
carry,kitchen appliance,3
carry,broomstick,3
carry,gym mat,3
carry,meshwork,3
carry,barbell,3
carry,box of paper,3
carry,photo mount,3
carry,fitness ball,3
carry,figure,3
carry,easel,3
carry,bowl of sweets,3
carry,pedestal,3
close,nightstand,3
close,door screen,3
close,oven and stove,3
close,hatch,3
close,wash cabinet,3
close,electrical box,3
close,closet rod,3
close,shower glass,3
close,sink,3
close,screen,3
close,cardboard box,3
close,shower wall,3
close,draw,3
close,duct,3
close,casket,3
close,storage cabinet,3
close,mini fridge,3
close,furnace,3
cover,table,3
dispose,dustbin,3
dump,decorative bowl,3
dump,clothes hamper,3
dump,vase,3
dump,kettle,3
dump,pot,3
dump,firewood holder,3
dump,sauna bowl,3
dump,dish dryer,3
dump,potty,3
dust,balustrade,3
dust,stool,3
dust,plant ornament,3
dust,computer equipment,3
dust,ironing board,3
dust,boiler,3
dust,pot,3
dust,dressing table,3
dust,pipe,3
dust,kitchen extractor,3
dust,fireplace wall,3
dust,ledge,3
dust,jar,3
dust,tree branch,3
dust,platform,3
dust,coat rack,3
dust,radio,3
dust,kitchen shelf,3
dust,bouquet,3
dust,towel,3
dust,decorative lamp,3
dust,archway,3
dust,electrical box,3
dust,casket,3
dust,mouse,3
dust,shelf / cabinet,3
dust,towel bar,3
dust,furniture,3
dust,wall cabinet,3
dust,aisle frame,3
dust,wall shelf,3
dust,stand/small table,3
dust,book cabinet,3
dust,door/window frame,3
dust,drawer,3
fill,shelf,3
fill,basket of something,3
fill,cosmetics,3
fill,detergent,3
fill,laundry basket,3
fill,pet bowl,3
fill,copier machine,3
fill,towel,3
fill,drinking fountain,3
fill,storage box,3
fill,bottle of detergent,3
fill,fruit bowl,3
fluff,bean bag chair,3
fold,window curtain,3
fold,sheet,3
hang,picture frame,3
hang,banner,3
hang,artwork,3
hang,hook,3
hang,hand towel,3
hang,wreath,3
inspect,kitchen extractor,3
inspect,banister,3
inspect,bed stand,3
inspect,shower hose,3
inspect,bath tub,3
inspect,record player,3
inspect,shower handle,3
inspect,central heating furnace,3
inspect,bedside lamp,3
inspect,shelf with clutter,3
inspect,bathroom utensil,3
inspect,poster,3
inspect,pile of magazines,3
inspect,locker,3
inspect,notes,3
inspect,dining table,3
inspect,box with books,3
inspect,umbrella,3
inspect,towel bar,3
inspect,fluorescent light,3
inspect,bowl of fruit,3
inspect,tree,3
inspect,title,3
inspect,ceiling window,3
inspect,garage door motor,3
inspect,pool stick,3
inspect,washing powder,3
inspect,wall cabinet,3
inspect,spirit level,3
inspect,pc tower,3
inspect,compressor,3
inspect,kitchen towel,3
inspect,sculpture,3
inspect,wall lamp,3
inspect,statue,3
inspect,shower wall,3
inspect,keg,3
inspect,photo,3
inspect,chess,3
inspect,cork board,3
inspect,shower tub,3
inspect,dog leash,3
inspect,computer chair,3
inspect,wire,3
inspect,basket with books,3
inspect,shredder,3
inspect,computer tower,3
inspect,bath sink,3
inspect,media console,3
load,sunglasses,3
load,cart,3
load,appliance,3
load,microwave,3
lock,closet,3
lock,kitchen cabinet,3
lock,sliding glass door,3
lock,storage space,3
open,hatch,3
open,fireplace,3
open,solarium door,3
open,window /otherroom,3
open,bottle,3
open,doormat,3
open,bathroom cabinet drawer,3
open,bucket,3
open,bottles of wine,3
open,bed curtain,3
open,nightstand,3
open,wine rack,3
open,boxes with books,3
open,cabinet drawer,3
open,casket,3
open,desk door,3
pick_up,pouffe,3
pick_up,microwave,3
pick_up,lamp,3
pick_up,food tray,3
pick_up,clothes dryer,3
pick_up,washing machine and dryer,3
pick_up,notes,3
pick_up,decorative plant,3
pick_up,bowl of fruits,3
pick_up,cuddly toy,3
pick_up,golf sticks,3
pick_up,clothes rack,3
pick_up,freezer,3
pick_up,painting,3
pick_up,bath mat,3
pick_up,water fountain,3
pick_up,recycle bin,3
pick_up,kitchen countertop item,3
pick_up,fruit,3
pick_up,plate of food,3
pick_up,violin case,3
pick_up,ukulele,3
pick_up,mixer,3
pick_up,cleaning clutter,3
pick_up,belt,3
pick_up,can of paint,3
pick_up,broomstick,3
pick_up,vase,3
pick_up,exercise ball,3
pick_up,fire extinguisher,3
pick_up,spice rack,3
pick_up,hand cloth,3
pick_up,dress,3
pick_up,bicycle helmets,3
pick_up,canister,3
pick_up,board games,3
pick_up,ice maker,3
place_in,decorative bowl,3
place_in,bottle_opener,3
place_in,l-shaped sofa,3
place_in,brochure,3
place_in,stool,3
place_in,appliance,3
place_in,paper storage,3
place_in,table cloth,3
place_in,table,3
place_in,picture,3
place_in,poster,3
place_in,washing machine and dryer,3
place_in,screwdriver,3
place_in,board,3
place_in,notes,3
place_in,fire extinguisher,3
place_in,electrical box,3
place_in,rug,3
place_in,pipe,3
place_in,bed table,3
place_in,closet door,3
place_in,doorpost,3
place_in,partition,3
place_in,bedside cabinet,3
place_in,fruit,3
place_in,niche,3
place_in,sculpture,3
place_in,knife holder,3
place_in,bucket,3
place_in,hanging clothes,3
place_in,shop shelf,3
place_in,candle holder,3
place_in,attic door,3
place_in,briefcase,3
place_in,wine rack,3
place_in,shelf / cabinet,3
place_in,containers,3
place_in,kitchen chair,3
place_in,crate,3
place_in,fruit bowl,3
place_on,alarm_clock,3
place_on,kitchen countertop item,3
place_on,clock,3
place_on,hammer,3
place_on,treadmill,3
place_on,keyboard piano,3
place_on,porcelain,3
place_on,shower rail,3
place_on,beanbag chair,3
place_on,bar chair,3
place_on,coat hanger,3
place_on,kitchen top,3
place_on,toilet paper dispenser,3
place_on,fire extinguisher,3
place_on,wall hanger,3
place_on,picture frame,3
place_on,backrest,3
place_on,soundbar,3
place_on,closet shelving,3
place_on,folder,3
place_on,document,3
place_on,food,3
place_on,fruit,3
place_on,fireplace utensil,3
place_on,row of theater chairs,3
place_on,leg rest,3
place_on,deck chair,3
place_on,clarinet,3
place_on,product,3
place_on,guitar pedals,3
place_on,panel screen,3
place_on,pile of magazines,3
place_on,dish,3
place_on,fireplace tool set,3
place_on,shower mat,3
place_on,bottles,3
place_on,chess,3
place_on,alcohol bottles,3
place_on,antlers,3
place_on,stack of plates,3
place_on,coat,3
place_on,easel,3
place_on,flatware,3
place_on,kitchen chair,3
place_on,high shelf,3
place_on,silicone gun,3
place_on,containers,3
place_on,bathroom mat,3
place_on,media console,3
place_on,bed stand,3
place_on,decorative mask,3
plug_in,kitchen appliance,3
plug_in,computer equipment,3
plug_in,kettle,3
plug_in,electric guitar,3
plug_in,guitar pedals,3
plug_in,iron,3
polish,bowl,3
polish,bathroom cabinet,3
polish,kitchen cabinet,3
polish,glass,3
polish,washbasin,3
polish,floor lamp,3
polish,picture frame,3
polish,cup,3
polish,wall lamp,3
polish,saxophone,3
polish,guitar,3
polish,fireplace,3
polish,piano bench,3
polish,bath faucet,3
polish,stand,3
pour,teapot,3
pour,wine,3
pull,window curtain,3
pull,bed curtain,3
pull,ottoman,3
reposition,kitchen cabinet,3
reposition,central heating furnace,3
reposition,treadmill,3
reposition,sliding door,3
reposition,shoe rack,3
reposition,bedside lamp,3
reposition,baby chair,3
reposition,telephone,3
reposition,telescope,3
reposition,flower,3
reposition,closet door,3
reposition,attic door,3
reposition,hanger,3
reposition,shower wall,3
reposition,backrest,3
reposition,rail,3
reposition,garage door railing,3
reposition,door window,3
reposition,decor,3
reposition,cap,3
reposition,electric percussion,3
reposition,punchbag,3
reposition,gym stepper,3
reposition,post,3
reposition,shower dial,3
reposition,piano bench,3
reposition,molding,3
rinse,bowl of fruits,3
rinse,faucet,3
scrub,kitchen counter,3
scrub,shelf,3
scrub,microwave_oven,3
scrub,washing machine,3
scrub,floor mat,3
scrub,trashcan,3
scrub,tiles,3
scrub,shower cockpit,3
scrub,furnace,3
set,air conditioner,3
set,oven,3
set,air conditioning,3
set_control,showerhead,3
set_control,speaker stand,3
set_control,projector,3
set_control,led tv,3
set_control,fireplace sconce,3
set_control,ceiling fan lamp,3
set_up,kitchen counter,3
set_up,calendar,3
set_up,floor lamp,3
set_up,barbecue,3
set_up,computer equipment,3
set_up,rack,3
set_up,candle holder,3
set_up,sofa chair,3
set_up,exercise bike,3
set_up,footrest,3
set_up,pan,3
set_up,exercise machine,3
set_up,umbrella,3
stack,newspaper,3
stack,plates,3
stack,brochure,3
stack,papers,3
stack,pad,3
stack,bowl,3
stack,brochures,3
stack,basket,3
stack,board games,3
start_machine,washing machine and dryer,3
store,brochure,3
store,appliance,3
store,dustpan,3
store,coffee_maker,3
store,closet,3
store,bathroom utensil,3
store,chest,3
store,iron board,3
store,storage bin,3
store,headphones,3
store,briefcase,3
store,exercise ball,3
store,dumbbell,3
store,fan,3
store,guitar,3
straighten,bathroom towel,3
straighten,set of hangers,3
straighten,shower wall cubby,3
straighten,dish rack,3
straighten,mini fridge,3
straighten,curtain bar,3
straighten,banister,3
straighten,pc tower,3
straighten,pan,3
straighten,mirror frame,3
straighten,music player,3
straighten,rolled carpet,3
straighten,wall clock,3
straighten,computer,3
straighten,cup,3
straighten,footrest,3
straighten,bed comforter,3
straighten,bucket,3
straighten,guitar,3
straighten,doorpost,3
straighten,partition,3
straighten,screen,3
straighten,parapet,3
straighten,book rack,3
straighten,blanket basket,3
straighten,handrail,3
straighten,product box,3
straighten,shop shelf,3
straighten,microphone accessory,3
straighten,socks,3
straighten,keyboard cover,3
straighten,audio cables,3
straighten,amplifier,3
straighten,sewing set,3
straighten,notebook,3
straighten,bath towel,3
straighten,office table,3
straighten,pool table,3
straighten,shelf with art,3
straighten,pantry,3
straighten,piano bench,3
straighten,coffee machine,3
straighten,shower frame,3
straighten,hammock,3
straighten,clothes_hamper,3
straighten,bar,3
straighten,meshwork,3
straighten,wall lamp,3
straighten,shower floor,3
straighten,exercise machine,3
straighten,sunbed,3
straighten,highchair,3
straighten,telephone,3
straighten,box of something,3
straighten,drawing,3
straighten,stand/small table,3
straighten,wire,3
straighten,electric wire,3
straighten,whine shelf,3
straighten,lounger,3
straighten,casket,3
tighten,rack,3
tighten,staircase handrail,3
tighten,ceiling lamp,3
tighten,railing,3
tighten,armchair,3
tighten,board,3
tighten,stair step,3
tighten,garage door railing,3
tuck,bar chair,3
tuck,dining chair,3
turn_off,electric heater,3
turn_off,kitchen appliance,3
turn_off,music player,3
turn_off,oven and stove,3
turn_off,arcade game,3
turn_off,coffee maker,3
turn_off,coffee_maker,3
turn_off,laptop,3
turn_on,computer equipment,3
turn_on,stand,3
turn_on,camera,3
turn_on,shower floor,3
turn_on,keyboard,3
turn_on,extractor hood,3
turn_on,oil lamp,3
turn_on,lamp table,3
turn_on,shower pipe,3
unplug,microwave,3
vacuum,stair,3
vacuum,bed,3
vacuum,chair,3
vacuum,lounge chair,3
vacuum,sofa chair,3
wipe,patio chair,3
wipe,ladder,3
wipe,paper storage,3
wipe,computer equipment,3
wipe,porcelain,3
wipe,utensil,3
wipe,rocking chair,3
wipe,exit sign,3
wipe,drawer sink table,3
wipe,blackboard,3
wipe,boxes,3
wipe,bar,3
wipe,air conditioning,3
wipe,liquid soap,3
wipe,flower,3
wipe,clothes rack,3
wipe,cage,3
wipe,highchair,3
wipe,solarium door,3
wipe,brochure,3
wipe,sauna support,3
wipe,fish tank,3
wipe,cap,3
wipe,candle holder,3
wipe,sensor,3
wipe,handle,3
wipe,tree branch,3
wipe,water fountain,3
wipe,pool,3
wipe,stone,3
wipe,ceiling window,3
wipe,headboard,3
wipe,garage door opener motor,3
wipe,identifier,3
wipe,overhang,3
wipe,lampshade,3
wipe,niche,3
wipe,iron board,3
wipe,fireplace utensil,3
wipe,bathroom accessory,3
wipe,handbag,3
wipe,radio,3
wipe,file cabinet,3
wipe,calendar,3
wipe,pool stick,3
wipe,shoe,3
wipe,piano stool,3
wipe,note,3
wipe,firewood holder,3
wipe,note board,3
wipe,cleaning clutter,3
wipe,kitchen seating,3
wipe,fuse panel,3
wipe,firebox,3
wipe,kitchen handle,3
wipe,furniture,3
wipe,kitchenware,3
wipe,electrical controller,3
wipe,dish cabinet,3
wipe,hutch,3
wipe,meshwork,3
wipe,trophy,3
wipe,cabinet /otherroom,3
wipe,air hockey,3
wipe,shower tap,3
wipe,foosball table,3
wipe,wall shelf,3
wipe,bouquet,3
wipe,holy cross,3
wipe,toilet seat,3
wipe,wheel,3
wipe,boards,3
wipe,stained glass,3
wipe,dvd player,3
wipe,coaster,3
wipe,sauna bowl,3
wipe,drawing,3
wipe,fume cupboard,3
wipe,door/window frame,3
wipe,staircase trim,3
wipe,heater piping,3
wipe,pedestal,3
align,speaker,2
align,wall clock,2
align,bedside lamp,2
align,rack,2
align,mat,2
align,pouffe,2
align,swivel chair,2
align,wardrobe,2
align,coffee table,2
align,rocking chair,2
align,trumpet,2
align,mouse,2
align,bedframe,2
align,book,2
align,display of pictures,2
align,doormat,2
align,railing,2
align,patio chair,2
attach,kitchen shelf,2
attach,shower curtain rod,2
attach,rail,2
attach,cardboard box,2
attach,handrail,2
attach,clothes hanger rod,2
carry,decorative bowl,2
carry,frame,2
carry,plate of food,2
carry,grill,2
carry,figurine,2
carry,cross-trainer,2
carry,plant ornament,2
carry,bathroom utensil,2
carry,washing powder,2
carry,bathrobe,2
carry,attic hatch,2
carry,screwdriver,2
carry,speaker stand,2
carry,box with books,2
carry,foot spa,2
carry,chaise longue,2
carry,document,2
carry,basket of towels,2
carry,iron board,2
carry,cat,2
carry,refrigerator,2
carry,bottle of detergent,2
carry,saw,2
carry,elephant sculpture,2
carry,coffee machine,2
carry,leg rest,2
carry,skateboard,2
carry,electric percussion,2
carry,keyboard box,2
carry,saxophone,2
carry,stationery,2
carry,wrench,2
carry,axe,2
carry,furnace,2
carry,boat model,2
carry,punchbag,2
carry,foosball table,2
carry,computer desk,2
carry,stick,2
carry,kitchen countertop item,2
carry,violin,2
carry,typewriter,2
carry,newspaper basket,2
carry,bowl of fruit,2
carry,flag,2
carry,sewing box,2
carry,wheel,2
carry,painting tray,2
close,shower bar,2
close,laundry machine,2
close,tv,2
close,shower curtain bar,2
close,ventilation hood,2
close,clothes dryer,2
close,computer_keyboard,2
close,bread bin,2
close,window /otherroom,2
close,gas box,2
close,piano,2
close,lamp,2
close,board,2
close,luggage,2
close,garage door motor,2
close,waffle iron,2
close,ceiling door,2
close,curtain bar,2
close,ceiling vent,2
close,curtain valence,2
close,lid,2
close,fireplace shelf,2
close,decorative window,2
close,wall panel,2
close,shower stall,2
close,closet area for hanging clothes,2
cover,shelf,2
cover,sofa,2
cover,clothes hanger,2
cover,sewing machine,2
cover,cover,2
cover,bed,2
cover,rug,2
cover,hanging clothes,2
cover,scarf,2
cover,cloth,2
dispose,trash bag,2
dispose,basket of something,2
dispose,clothes_hamper,2
dispose,shredder,2
dump,bottles,2
dump,wash cabinet,2
dump,bowl of fruits,2
dump,bidet,2
dump,crate,2
dump,document holder,2
dump,chest,2
dump,box with books,2
dump,cat litter box,2
dump,plate,2
dump,drawers,2
dump,dehumidifier,2
dust,candle,2
dust,aquarium,2
dust,high shelf,2
dust,end table,2
dust,pc tower,2
dust,storage shelving,2
dust,closet,2
dust,ceiling pipe,2
dust,rug,2
dust,dishwasher,2
dust,attic door,2
dust,decoder,2
dust,cellular_telephone,2
dust,wall beam,2
dust,rocking chair,2
dust,oven,2
dust,bedframe,2
dust,alarm_clock,2
dust,file cabinet,2
dust,shop shelf,2
dust,ukulele,2
dust,cabinet counter,2
dust,coffee machine,2
dust,electric guitar,2
dust,car model,2
dust,cabinet door,2
dust,wine rack,2
dust,fireplace tool set,2
dust,sofa chair,2
dust,lamp stand,2
dust,ceiling fan lamp,2
dust,boat model,2
dust,dish cabinet,2
dust,trash can,2
dust,display of pictures,2
dust,cd player,2
dust,drum,2
dust,curtain rail,2
dust,sofa,2
dust,washing machine,2
dust,bedside table,2
dust,typewriter,2
dust,display,2
dust,small table/stand,2
dust,patio chair,2
dust,clothes dryer,2
dust,recessed wall,2
dust,wall electronics,2
dust,light,2
dust,device,2
dust,ceiling light fixture connection,2
dust,pedestal,2
dust,holy cross,2
fill,bowl with sweets,2
fill,dishwasher,2
fill,paper towels,2
fill,toothbrush,2
fill,stationery,2
fill,kitchen cabinet,2
fill,shower tub,2
fill,jug,2
fill,firewood chest,2
fill,sink cabinet,2
fill,bathroom shelf,2
fill,dresser,2
fill,clothes_hamper,2
fill,saturator,2
fluff,chair,2
fluff,bench,2
fluff,blanket,2
flush,urinal,2
fold,stack of blankets,2
fold,paper,2
fold,towel bar,2
fold,bathroom mat,2
hang,frame,2
hang,closet mirror wall,2
hang,decoration,2
hang,clothes bag,2
hang,hammer,2
hang,shovel,2
hang,shower bar,2
hang,painting frame,2
hang,cabinet,2
hang,sign,2
hang,kitchen towel,2
hang,photo mount,2
hang,dress,2
hang,apron,2
inspect,air conditioning,2
inspect,washcloth,2
inspect,electric heater,2
inspect,barbecue,2
inspect,subwoofer,2
inspect,detergent bottle,2
inspect,wood,2
inspect,bedside cabinet,2
inspect,shower,2
inspect,plate,2
inspect,glasses,2
inspect,boxes,2
inspect,storage shelving,2
inspect,end table,2
inspect,luggage,2
inspect,shelf clutter,2
inspect,cabinet clutter,2
inspect,clutter,2
inspect,table cloth,2
inspect,exercise bike,2
inspect,bouquet,2
inspect,music player,2
inspect,food tray,2
inspect,stand,2
inspect,urinal,2
inspect,saw,2
inspect,diploma,2
inspect,cosmetics,2
inspect,sauna oven,2
inspect,cushion,2
inspect,led tv,2
inspect,closet shelving,2
inspect,lamp stand,2
inspect,tree branch,2
inspect,ornament,2
inspect,kitchen countertop items,2
inspect,coat,2
inspect,pool,2
inspect,bedpost,2
inspect,document holder,2
inspect,identifier,2
inspect,cabinet door,2
inspect,niche,2
inspect,beanbag,2
inspect,pot,2
inspect,bottle of detergent,2
inspect,garage door opener bar,2
inspect,picture frame,2
inspect,sliding door,2
inspect,tool,2
inspect,trough,2
inspect,product,2
inspect,guitar straps,2
inspect,electric guitar,2
inspect,board with keys,2
inspect,electric percussion,2
inspect,drum,2
inspect,sewing machine,2
inspect,note board,2
inspect,storage bin,2
inspect,workstation,2
inspect,briefcase,2
inspect,file cabinet,2
inspect,wall board,2
inspect,pool table,2
inspect,belt,2
inspect,plumbing,2
inspect,plunger,2
inspect,plastic bag,2
inspect,pump,2
inspect,broomstick,2
inspect,firebox,2
inspect,small table/stand,2
inspect,pad,2
inspect,casket,2
inspect,air duct,2
inspect,gas furnace,2
inspect,kitchenware,2
inspect,coat hanger,2
inspect,computer equipment,2
inspect,trash can,2
inspect,swing,2
inspect,cash register,2
inspect,recycle bin,2
inspect,easel,2
inspect,ottoman,2
inspect,desk cabinet,2
inspect,clothes hanger rod,2
inspect,kitchen utensils,2
inspect,cook book,2
inspect,recessed wall,2
inspect,vinyl records,2
inspect,closet area for hanging clothes,2
inspect,washing stuff,2
lift,product box,2
lift,sewing box,2
load,food,2
load,mouse,2
load,oven,2
load,container,2
load,hairbrush,2
load,stack of papers,2
load,machine,2
load,folder,2
load,book,2
lock,drawer,2
lock,locker,2
lock,garage door opener motor,2
lock,refrigerator,2
lock,chest,2
lock,door/window,2
lock,elevator door,2
mop,tiles,2
mop,mat,2
mop,floor mat,2
mop,tile,2
open,air conditioner,2
open,computer,2
open,ironing board,2
open,binder,2
open,bathroom cabinet door,2
open,bedside cabinet,2
open,monitor,2
open,storage bin,2
open,firewood chest,2
open,fuse panel,2
open,drawers,2
open,wine,2
open,bath curtain bar,2
open,shutters,2
open,desk cabinet,2
open,book cabinet,2
open,shower door frame,2
open,chest drawer,2
open,furnace,2
pick_up,bath towel,2
pick_up,drum,2
pick_up,stack of blankets,2
pick_up,paper storage,2
pick_up,bag,2
pick_up,shoe rack,2
pick_up,box of tissues,2
pick_up,clothes hamper,2
pick_up,control,2
pick_up,backpack,2
pick_up,chest,2
pick_up,tap,2
pick_up,watch,2
pick_up,dish,2
pick_up,bench,2
pick_up,carpet,2
pick_up,handbag,2
pick_up,shelving,2
pick_up,washbasin,2
pick_up,tea set,2
pick_up,press,2
pick_up,wreath,2
pick_up,calendar,2
pick_up,globe,2
pick_up,picture frame,2
pick_up,laundry,2
pick_up,socks,2
pick_up,cone,2
pick_up,coat hanger,2
pick_up,dishwasher,2
pick_up,appliance,2
pick_up,pool table,2
pick_up,bucket,2
pick_up,washing machine,2
pick_up,canvas,2
pick_up,spirit level,2
pick_up,kitchenware,2
pick_up,shirt,2
pick_up,table cloth,2
pick_up,groceries,2
pick_up,stack of plates,2
pick_up,oil lamp,2
pick_up,medal,2
pick_up,radio,2
pick_up,microwave_oven,2
pick_up,flatware,2
pick_up,note,2
pick_up,iron board,2
pick_up,silicone gun,2
pick_up,boxes,2
pick_up,kitchen utensils,2
pick_up,vinyl records,2
pick_up,painting tray,2
pick_up,tv remote,2
pick_up,bookstand,2
place_in,trash_can,2
place_in,door window,2
place_in,candlestick,2
place_in,bath mat,2
place_in,boxes,2
place_in,bean bag chair,2
place_in,painting,2
place_in,bowl with sweets,2
place_in,glasses,2
place_in,speaker stand,2
place_in,exhibition panel,2
place_in,glass pane,2
place_in,trash can,2
place_in,ceiling lamp,2
place_in,telephone,2
place_in,toilet paper,2
place_in,iron board,2
place_in,wrench,2
place_in,clothes hanger,2
place_in,bathroom accessory,2
place_in,table lamp,2
place_in,railing,2
place_in,wall board,2
place_in,towel bar,2
place_in,chest drawer,2
place_in,shower wall cubby,2
place_in,coffee table,2
place_in,file,2
place_in,floor lamp,2
place_in,electric percussion,2
place_in,product box,2
place_in,electric guitar,2
place_in,notebook,2
place_in,guitar frame,2
place_in,spice rack,2
place_in,bar cabinet,2
place_in,hunting trophy,2
place_in,telescope,2
place_in,broom,2
place_in,pliers,2
place_in,bath towel,2
place_in,exercise ball,2
place_in,clothing stand,2
place_in,bottles,2
place_in,luggage,2
place_in,fishing rod,2
place_in,staircase handrail,2
place_in,kitchen cabinet drawer,2
place_in,breadbox,2
place_in,book cabinet,2
place_in,desk cabinet,2
place_in,boards,2
place_in,washing powder,2
place_in,footstool,2
place_in,bathrobe,2
place_in,frame,2
place_in,shoes,2
place_in,baby changing table,2
place_on,bottles of wine,2
place_on,radiator,2
place_on,bin,2
place_on,detergent bottle,2
place_on,shower soap shelf,2
place_on,ironing board,2
place_on,sofa chair,2
place_on,acoustic panel,2
place_on,boiler,2
place_on,tool,2
place_on,coffee machine,2
place_on,luggage,2
place_on,floor stand,2
place_on,bathroom shelf,2
place_on,detergent,2
place_on,screw box,2
place_on,fan,2
place_on,highchair,2
place_on,massage bed,2
place_on,stovetop,2
place_on,game board,2
place_on,chandelier,2
place_on,wall cabinet,2
place_on,wall clock,2
place_on,globe stand,2
place_on,locker,2
place_on,basket of towels,2
place_on,exercise bike,2
place_on,knife holder,2
place_on,wreath,2
place_on,elephant sculpture,2
place_on,stack of towels,2
place_on,kitchen countertop items,2
place_on,artwork,2
place_on,countertop,2
place_on,purse,2
place_on,screen,2
place_on,robe,2
place_on,storage bin,2
place_on,clothing stand,2
place_on,saxophone,2
place_on,electric percussion,2
place_on,guitar cases,2
place_on,device,2
place_on,electric guitar,2
place_on,audio cables,2
place_on,guitar straps,2
place_on,keyboard stand,2
place_on,note,2
place_on,violin,2
place_on,shelf with shoes,2
place_on,washbasin,2
place_on,telescope,2
place_on,lamp table,2
place_on,jug,2
place_on,kitchen seating,2
place_on,shower hose,2
place_on,umbrella,2
place_on,bath cabinet,2
place_on,waffle iron,2
place_on,belt,2
place_on,tv stand,2
place_on,vanity,2
place_on,kitchenware,2
place_on,boat model,2
place_on,doll,2
place_on,display of pictures,2
place_on,bottle_opener,2
place_on,pillar,2
place_on,light fixture,2
place_on,wine,2
place_on,furnace,2
place_on,medal,2
place_on,stack of magazines,2
place_on,decorative tray,2
place_on,wine cabinet,2
place_on,art frame,2
place_on,round chair,2
place_on,keys,2
place_on,boards,2
place_on,stereo,2
place_on,bathroom counter,2
place_on,sitting bench,2
place_on,mascot,2
place_on,exercise mat,2
place_on,frame,2
place_on,clothes rack,2
place_on,drawer,2
place_on,shoes,2
place_on,box with books,2
plug_in,poster,2
plug_in,desk lamp,2
plug_in,coffee machine,2
plug_in,picture,2
plug_in,appliance,2
plug_in,headphones,2
plug_in,wall tv,2
plug_in,device,2
polish,camera,2
polish,wash cabinet,2
polish,wardrobe,2
polish,bathroom counter,2
polish,wall board,2
polish,sink cabinet,2
polish,ceiling lamp,2
polish,wall cabinet,2
polish,wall clock,2
polish,toilet,2
polish,bathtub,2
polish,wall panel,2
polish,side table,2
polish,light fixture,2
polish,sideboard,2
polish,elephant sculpture,2
polish,art frame,2
polish,trombone,2
polish,tray,2
polish,antique telephone,2
polish,toaster,2
polish,salver,2
polish,flatware,2
polish,table lamp,2
polish,exhibition window,2
polish,closet mirror wall,2
polish,fireplace wall,2
polish,plate,2
polish,vessel,2
polish,refrigerator,2
polish,support beam,2
pour,tree,2
pour,jug,2
pour,bottle of detergent,2
press,mouse,2
press,piano,2
pull,blinds,2
pull,curtain rail,2
pull,computer chair,2
pull,footrest,2
push,counter door,2
push,piano bench,2
reposition,banister,2
reposition,ceiling duct,2
reposition,table stand,2
reposition,shower handle,2
reposition,set of armchairs,2
reposition,beam,2
reposition,mannequin,2
reposition,rack of weights,2
reposition,wall panel,2
reposition,window glass,2
reposition,stools,2
reposition,flag,2
reposition,bed stand,2
reposition,globe,2
reposition,stone support structure,2
reposition,sunglasses,2
reposition,wall hanger,2
reposition,chaise,2
reposition,garden chair,2
reposition,sensor,2
reposition,faucet,2
reposition,bath cabinet,2
reposition,screen,2
reposition,wash cabinet,2
reposition,kitchen lower cabinet,2
reposition,copier machine,2
reposition,bath wall,2
reposition,magazine rack,2
reposition,panel screen,2
reposition,range hood,2
reposition,kitchen appliance,2
reposition,box,2
reposition,bed cabinet,2
reposition,media console,2
reposition,wall electronics,2
reposition,pad,2
reposition,small table/stand,2
reposition,closet,2
reposition,holy cross,2
reposition,cabinet table,2
reposition,fire extinguisher,2
reposition,wall clock,2
reposition,refrigerator,2
reposition,box with books,2
reposition,chassis,2
reposition,washbasin,2
reposition,shutter,2
reposition,shower pipe,2
reposition,bath faucet,2
reposition,circular sofa,2
reposition,entertainment set,2
reposition,heater piping,2
reposition,pedestal,2
rinse,vase,2
rinse,fruit,2
rinse,kitchen utensil,2
scrub,radiator,2
scrub,shower door,2
scrub,flowerpot,2
scrub,cabinet,2
scrub,bucket,2
scrub,kettle,2
scrub,toaster,2
scrub,foot spa,2
scrub,shower hose/head,2
scrub,handrail,2
scrub,ventilation,2
scrub,worktop,2
scrub,grate,2
scrub,shower pipe,2
scrub,kitchen sink cabinet,2
set,laptop_computer,2
set,microwave,2
set,table,2
set_control,fireplace,2
set_control,window curtain,2
set_control,furnace,2
set_control,flashlight,2
set_control,lamp table,2
set_control,water heater,2
set_control,shade rail,2
set_control,radio,2
set_control,sauna heater,2
set_up,picture,2
set_up,scale,2
set_up,table stand,2
set_up,kitchen table,2
set_up,office chair,2
set_up,kitchen island,2
set_up,watch,2
set_up,shelf,2
set_up,plant,2
set_up,bench,2
set_up,easy chair,2
set_up,candlestick,2
set_up,dinner chair,2
set_up,cutting board,2
set_up,electric drum,2
set_up,electric percussion,2
set_up,board game,2
set_up,telescope,2
set_up,candle,2
set_up,pad,2
set_up,lounge chair,2
set_up,flower,2
set_up,ornament,2
set_up,seat,2
set_up,stereo set,2
set_up,oven and stove,2
set_up,coffee machine,2
set_up,dumbbell,2
set_up,menu board,2
set_up,typewriter,2
set_up,kitchen chair,2
set_up,salver,2
set_up,stereo,2
set_up,dvd player,2
set_up,ice maker,2
set_up,led tv,2
shake_out,window curtain,2
shake_out,shower mat,2
smooth,gym mat,2
stack,dinnerware,2
stack,document,2
stack,board,2
stack,storage bin,2
start_machine,washer-dryer,2
start_machine,coffee maker,2
store,storage cabinet,2
store,bottles,2
store,fridge,2
store,boxes,2
store,brush,2
store,bowl with sweets,2
store,saw,2
store,game board,2
store,trash bag,2
store,paper towel,2
store,press,2
store,shelving,2
store,basket of towels,2
store,bed comforter,2
store,knife holder,2
store,audio cables,2
store,cloth,2
store,bottle of detergent,2
store,bathroom cabinet,2
store,bags,2
store,groceries,2
store,cosmetics,2
store,spice rack,2
store,bicycle,2
store,silicone gun,2
store,cook book,2
store,binder,2
store,mascot,2
store,bowl of fruit,2
store,ironing board,2
straighten,bottles of wine,2
straighten,doormat,2
straighten,laundry machine,2
straighten,bed light,2
straighten,shower hose,2
straighten,record player,2
straighten,set of cosmetics,2
straighten,wood,2
straighten,window shade,2
straighten,mannequin,2
straighten,cart,2
straighten,pipe,2
straighten,hammer,2
straighten,bathtub,2
straighten,dishes,2
straighten,washing machine,2
straighten,shower rod,2
straighten,dinnerware,2
straighten,scarf,2
straighten,shower cabin,2
straighten,diploma,2
straighten,backrest,2
straighten,chaise,2
straighten,coat,2
straighten,piano,2
straighten,lamp table,2
straighten,shower hose/head,2
straighten,decor,2
straighten,shelf cubby,2
straighten,title,2
straighten,food,2
straighten,pitcher,2
straighten,row of theater chairs,2
straighten,tambourine,2
straighten,guitar pedals,2
straighten,shower bar,2
straighten,toaster,2
straighten,cabinet /w cluttered art,2
straighten,archway,2
straighten,blinds,2
straighten,flashlight,2
straighten,bag with sheets,2
straighten,waffle iron,2
straighten,dartboard,2
straighten,display table,2
straighten,exercise mat roll,2
straighten,stacked chair,2
straighten,safe,2
straighten,box of tissues,2
straighten,can,2
straighten,canvas,2
straighten,bureau,2
straighten,chess,2
straighten,dish cabinet,2
straighten,storage,2
straighten,toilet brush,2
straighten,punchbag,2
straighten,display of pictures,2
straighten,alcohol bottles,2
straighten,box of paper,2
straighten,exercise ladder,2
straighten,swing,2
straighten,side table,2
straighten,keyboard piano,2
straighten,shower bench,2
straighten,shower tub,2
straighten,stack of magazines,2
straighten,decorative tray,2
straighten,shower door frame,2
straighten,stove,2
straighten,typewriter,2
straighten,breadbox,2
straighten,iron,2
straighten,mop,2
straighten,pillar,2
straighten,brush,2
straighten,boards,2
straighten,closet mirror wall,2
straighten,bonsai tree,2
straighten,flower stand,2
straighten,desk clutter,2
straighten,box with photos,2
straighten,training mat,2
straighten,bean bag chair,2
straighten,circular sofa,2
straighten,pedestal,2
tighten,desk chair,2
tighten,kitchen cabinet,2
tighten,parapet,2
tighten,folding chair,2
tighten,dining chair,2
tighten,office chair,2
tighten,vent,2
tighten,doorpost,2
tighten,bath sink,2
tighten,curtain rod,2
tighten,table,2
turn_off,stovetop,2
turn_off,camera,2
turn_off,mirror,2
turn_off,sauna oven,2
turn_off,lamp stand,2
turn_off,bathtub,2
turn_off,dishwasher,2
turn_off,keyboard,2
turn_on,pot,2
turn_on,shower hose,2
turn_on,tablet,2
turn_on,pump,2
turn_on,wall electronics,2
turn_on,lantern,2
turn_on,cellular_telephone,2
turn_on,decoration,2
turn_on,copier machine,2
turn_on,washbasin,2
turn_on,mixer,2
turn_on,shower rail,2
turn_on,shower hose/head,2
turn_on,copier,2
turn_on,refrigerator,2
turn_on,shower tap,2
turn_on,bath,2
turn_on,display,2
turn_on,air vent,2
turn_on,ceiling light fixture connection,2
unlock,cabinet,2
unlock,attic door,2
unplug,telephone,2
unplug,appliance,2
unplug,coffee machine,2
unplug,kitchen appliance,2
vacuum,doorstep,2
wipe,table stand,2
wipe,wood,2
wipe,clothes hanger,2
wipe,tool box,2
wipe,dishrag,2
wipe,shower soap shelf,2
wipe,plant ornament,2
wipe,decor,2
wipe,decorative vase,2
wipe,flashlight,2
wipe,shower rod,2
wipe,pet bed,2
wipe,cushion,2
wipe,massage bed,2
wipe,art piece,2
wipe,crate,2
wipe,sauna oven,2
wipe,garden chair,2
wipe,glass door,2
wipe,electrical box,2
wipe,lamp stand,2
wipe,globe stand,2
wipe,folder,2
wipe,tea set,2
wipe,chimney,2
wipe,bedframe,2
wipe,basket of something,2
wipe,hose,2
wipe,landing,2
wipe,clothing stand,2
wipe,cat tree,2
wipe,firewood,2
wipe,den,2
wipe,electric guitar,2
wipe,trombone,2
wipe,headphones,2
wipe,clarinet,2
wipe,rod,2
wipe,iron,2
wipe,place mat,2
wipe,bed cabinet,2
wipe,jug,2
wipe,pile of magazines,2
wipe,dish,2
wipe,tool,2
wipe,doorstep,2
wipe,safe,2
wipe,shelf with art,2
wipe,crib,2
wipe,console,2
wipe,shower frame,2
wipe,air duct,2
wipe,shower tray,2
wipe,copier,2
wipe,bathtub platform,2
wipe,toilet brush,2
wipe,drawers,2
wipe,attic hatch,2
wipe,shisha,2
wipe,dish dryer,2
wipe,breadbox,2
wipe,kitchen decoration,2
wipe,closet floor,2
wipe,light,2
wipe,chassis,2
wipe,whine shelf,2
wipe,grate,2
wipe,bathtub utensil,2
wipe,stair wall,2
wipe,shower curtain rod,2
wipe,potty,2
wipe,computer chair,2
wipe,trash_can,2
wipe,floor stand,2
align,curtain bar,1
align,shoe rack,1
align,beam,1
align,closet door,1
align,stairs railing,1
align,candle holder,1
align,panel,1
align,backrest,1
align,bedpost,1
align,board,1
align,lamp,1
align,l-shaped sofa,1
align,identifier,1
align,vase,1
align,floor lamp,1
align,lounge chair,1
align,book rack,1
align,dinner chair,1
align,calendar,1
align,computer,1
align,wall lamp,1
align,painting frame,1
align,screen,1
align,shop shelf,1
align,music equipment stand,1
align,product box,1
align,saxophone,1
align,ukulele,1
align,floor mat,1
align,garage door railing,1
align,sofa chair,1
align,carpet,1
align,handrail,1
align,gym stepper,1
align,umbrella,1
align,fire extinguisher,1
align,sofa,1
align,shelving,1
align,bedside cabinet,1
align,drawer,1
align,clothes hanger rod,1
align,hearth,1
align,statue,1
align,book display,1
align,photo stand,1
align,computer chair,1
align,footrest,1
align,bicycle,1
align,piano bench,1
align,computer tower,1
align,elevator door,1
align,flower stand,1
align,wall tv,1
align,bed,1
align,statue/art,1
align,pillar,1
attach,box,1
attach,cabinet,1
attach,closet rod,1
attach,garage door railing,1
attach,artwork,1
attach,speaker,1
attach,door/window frame,1
attach,picture,1
attach,lid,1
attach,stair handle,1
attach,art frame,1
carry,pliers,1
carry,bath towel,1
carry,computer,1
carry,barbecue,1
carry,stair step,1
carry,duvet,1
carry,stack of blankets,1
carry,clothes bag,1
carry,sliding door,1
carry,jacket,1
carry,mannequin,1
carry,acoustic panel,1
carry,banner,1
carry,notes,1
carry,cuddly toy,1
carry,bowl of fruits,1
carry,golf sticks,1
carry,decorative vase,1
carry,stone support structure,1
carry,glasses,1
carry,bottle_opener,1
carry,brochures,1
carry,exhibition panel,1
carry,diploma,1
carry,bath mat,1
carry,lantern,1
carry,pipe,1
carry,wall panel,1
carry,desk lamp,1
carry,platform,1
carry,kitchen utensil,1
carry,globe stand,1
carry,recycle bin,1
carry,dishes,1
carry,clothes dryer,1
carry,rope,1
carry,artwork,1
carry,row of theater chairs,1
carry,violin case,1
carry,wall hanger,1
carry,washer-dryer,1
carry,laundry,1
carry,trough,1
carry,stack of towels,1
carry,stack of books,1
carry,stack of product boxes,1
carry,product box,1
carry,electric drum,1
carry,albums,1
carry,product boxes,1
carry,trombone,1
carry,sewing machine,1
carry,telescope,1
carry,iron,1
carry,jug,1
carry,copier machine,1
carry,wall board,1
carry,cardboard,1
carry,wall tv,1
carry,bag with sheets,1
carry,waffle iron,1
carry,cloth,1
carry,sink,1
carry,fireplace tool set,1
carry,picture frame,1
carry,plunger,1
carry,pump,1
carry,canvas,1
carry,drywall board,1
carry,drawers,1
carry,fruit bowl,1
carry,shower wall,1
carry,boiler,1
carry,coat hanger,1
carry,storage,1
carry,doll,1
carry,furniture,1
carry,trash can,1
carry,teapot,1
carry,separator,1
carry,leaflets,1
carry,menu board,1
carry,gas container,1
carry,containers,1
carry,keg,1
carry,chess,1
carry,stack of plates,1
carry,radiator,1
carry,box of something,1
carry,fishing rod,1
carry,trophy,1
carry,paper storage,1
carry,bath curtain bar,1
carry,cd player,1
carry,pitchfork,1
carry,handrail,1
carry,stand/small table,1
carry,stack of books / papers,1
carry,bags,1
carry,chassis,1
carry,sideboard,1
carry,lampshade,1
carry,shower curtain,1
carry,bath side table,1
carry,kitchen countertop items,1
carry,podium,1
carry,box with photos,1
carry,dried flowers,1
carry,base,1
carry,training mat,1
carry,device,1
carry,safe,1
carry,shower curtain rod,1
carry,curtain,1
carry,trash_can,1
carry,model,1
close,grill,1
close,wall cubby,1
close,poster,1
close,boiler,1
close,mirror frame,1
close,record player,1
close,screw box,1
close,solarium door,1
close,air conditioning,1
close,bottle,1
close,glass pane,1
close,closet mirror wall,1
close,bathrobe,1
close,alarm_clock,1
close,bathroom cabinet door,1
close,boxes,1
close,binder,1
close,garage door opener bar,1
close,file cabinet,1
close,shelf,1
close,archway,1
close,air vent,1
close,newspaper,1
close,picture,1
close,storage,1
close,tool box,1
close,drawers,1
close,separator,1
close,gas container,1
close,wine_bottle,1
close,cabinet drawer,1
close,bar cabinet,1
close,wine cabinet,1
close,computer tower,1
close,exhibition window,1
close,exhibition window frame,1
close,bedside table,1
close,self-closing mechanism,1
close,bathtub,1
close,door hinge,1
close,kitchen cabinet door,1
close,desk door,1
cover,mat,1
cover,cardboard box,1
cover,clothes bag,1
cover,floor lamp,1
cover,fireplace,1
cover,kitchen counter,1
cover,sunglasses,1
cover,board,1
cover,mirror,1
cover,guitar case cover,1
cover,electric drum,1
cover,keyboard cover,1
cover,telescope,1
cover,couch,1
cover,keyboard,1
cover,cables,1
cover,tv,1
cover,chair,1
cover,armchair,1
cover,art frame,1
cover,gift,1
cover,painting,1
dispose,fridge,1
dispose,toilet,1
dispose,kitchen cabinet,1
dispose,bucket,1
dispose,cabinet,1
dispose,kitchen cabinet door,1
dump,toilet paper,1
dump,kitchen appliance,1
dump,clothes bag,1
dump,oven and stove,1
dump,washbasin,1
dump,hatch,1
dump,dish rack,1
dump,clutter,1
dump,luggage,1
dump,file cabinet,1
dump,machine,1
dump,bathtub,1
dump,bath tub,1
dump,foot spa,1
dump,hanger,1
dump,paper towel,1
dump,bathroom cabinet drawer,1
dump,fruit,1
dump,towel,1
dump,basket of towels,1
dump,camera,1
dump,product box,1
dump,keyboard box,1
dump,stack of product boxes,1
dump,headphones,1
dump,stool,1
dump,fireplace,1
dump,cabinet door,1
dump,urinal,1
dump,closet,1
dump,box of paper,1
dump,cabinet /otherroom,1
dump,flower vase,1
dump,doormat,1
dump,ceiling vent,1
dump,locker,1
dump,bags,1
dump,kitchen shelf,1
dump,refrigerator cabinet,1
dump,cardboard box,1
dust,bottles of wine,1
dust,closet mirror wall,1
dust,storage cabinet,1
dust,scale,1
dust,pouffe,1
dust,air conditioning,1
dust,sliding door,1
dust,wall cubby,1
dust,closet shelf,1
dust,mannequin,1
dust,pump,1
dust,machine,1
dust,plush toy,1
dust,projector,1
dust,office chair,1
dust,dining table,1
dust,cage,1
dust,wall indent,1
dust,ceiling door,1
dust,cushion,1
dust,shoe,1
dust,solarium,1
dust,shower,1
dust,panel,1
dust,shoe rack,1
dust,glass pane,1
dust,lantern,1
dust,soundbar,1
dust,sofa seat,1
dust,barrel,1
dust,locker,1
dust,swivel chair,1
dust,easy chair,1
dust,bedpost,1
dust,niche,1
dust,shelf cubby,1
dust,book rack,1
dust,bucket,1
dust,lounge chair,1
dust,box,1
dust,door window,1
dust,shutters,1
dust,row of theater chairs,1
dust,wine_bottle,1
dust,window shutter,1
dust,violin case,1
dust,landing,1
dust,stonework,1
dust,kitchen appliance,1
dust,brochures,1
dust,amplifier,1
dust,counter desk,1
dust,rod,1
dust,telescope,1
dust,footrest,1
dust,bed cabinet,1
dust,fuse panel,1
dust,garage door railing,1
dust,workstation,1
dust,kettle,1
dust,copier machine,1
dust,seat,1
dust,ceiling lower,1
dust,clothes,1
dust,treadmill,1
dust,exercise equipment,1
dust,shelf with clutter,1
dust,stairs wall,1
dust,broom,1
dust,vanity,1
dust,lamp shade,1
dust,console,1
dust,gas furnace,1
dust,basket,1
dust,stereo set,1
dust,bureau,1
dust,chess,1
dust,copier,1
dust,counter,1
dust,bin,1
dust,hutch,1
dust,vacuum cleaner,1
dust,cloth,1
dust,hat,1
dust,meshwork,1
dust,separator,1
dust,post,1
dust,duct,1
dust,ventilation hood,1
dust,sink/basin,1
dust,shower door,1
dust,air hockey,1
dust,wall detail,1
dust,carpet,1
dust,shower door frame,1
dust,hearth,1
dust,fitness ball,1
dust,mini fridge,1
dust,bed,1
dust,wine cabinet,1
dust,kitchen countertop item,1
dust,keyboard stand,1
dust,tank,1
dust,easel,1
dust,fireplace sconce,1
dust,stuffed animal,1
dust,stove,1
dust,electric box,1
dust,kitchen utensil,1
dust,cabinet /w clutter,1
dust,curtain valence,1
dust,sensor,1
dust,kitchen decoration,1
dust,desk cabinet,1
dust,iron board,1
dust,window shutters,1
dust,tray,1
dust,computer tower,1
dust,exhibition window frame,1
dust,ceiling arch,1
dust,elevator door,1
dust,whine shelf,1
dust,dvd player,1
dust,toilet,1
dust,bonsai tree,1
dust,desk clutter,1
dust,bath cabinet,1
dust,brush,1
dust,dried flowers,1
dust,countertop,1
dust,drawing,1
dust,exercise bike,1
dust,pillow,1
dust,decorative bowl,1
dust,toilet brush,1
dust,compound wall,1
dust,shower ceiling,1
dust,bathroom art,1
dust,kitchen island,1
dust,heater piping,1
dust,window valence,1
dust,wash cabinet,1
dust,bulletin board,1
dust,bed light,1
dust,molding,1
fill,firewood holder,1
fill,clothes bag,1
fill,toaster,1
fill,wall cubby,1
fill,box,1
fill,boiler,1
fill,bowl of fruits,1
fill,pet bed,1
fill,pan,1
fill,aquarium,1
fill,foot spa,1
fill,vessel,1
fill,bin,1
fill,stack of towels,1
fill,storage bin,1
fill,toilet,1
fill,trough,1
fill,shop shelf,1
fill,brochures,1
fill,washing machine,1
fill,wash cabinet,1
fill,shower bar,1
fill,washing powder,1
fill,pantry,1
fill,casket,1
fill,copier,1
fill,box of paper,1
fill,teapot,1
fill,wine rack,1
fill,bottles,1
fill,chest of drawers,1
fill,spice rack,1
fill,luggage,1
fill,decorative vase,1
fill,paper storage,1
fill,bathroom cabinet,1
fill,canister,1
fill,trashcan,1
fill,ice maker,1
fill,bowl of sweets,1
fill,bath sink,1
fill,glass,1
fill,clothes container,1
fill,rack,1
fill,handbag,1
fluff,l-shaped sofa,1
fluff,sofa set,1
fluff,dog bed,1
fluff,throw blanket,1
fluff,ottoman,1
fold,clothes_hamper,1
fold,shirt,1
fold,hand towel,1
hang,wall clock,1
hang,set of hangers,1
hang,dustpan,1
hang,shower curtain bar,1
hang,shower curtain rod,1
hang,decor,1
hang,wall sign,1
hang,shower rod,1
hang,purse,1
hang,flag,1
hang,guitar,1
hang,guitar straps,1
hang,rod,1
hang,hats,1
hang,belt,1
hang,tool,1
hang,sunglasses,1
hang,mirror,1
hang,display of pictures,1
hang,hand cloth,1
hang,chandelier,1
hang,curtain rod,1
hang,blouse,1
hang,closet area for hanging clothes,1
inspect,toy,1
inspect,patio chair,1
inspect,l-shaped sofa,1
inspect,wall /outside,1
inspect,set of hangers,1
inspect,duvet,1
inspect,clothes bag,1
inspect,closet shelf,1
inspect,tablet,1
inspect,cross-trainer,1
inspect,photo mount,1
inspect,dish rack,1
inspect,wall cubby,1
inspect,shoes rack,1
inspect,rack of weights,1
inspect,decorative quilt,1
inspect,telescope,1
inspect,bean bag chair,1
inspect,cuddly toy,1
inspect,bath towel,1
inspect,bread box,1
inspect,bicycle helmet,1
inspect,candle holder,1
inspect,bowl with sweets,1
inspect,golf sticks,1
inspect,kitchen top,1
inspect,arcade game,1
inspect,advertisement,1
inspect,medical lamp,1
inspect,massage bed,1
inspect,solarium door,1
inspect,brochures,1
inspect,jewelry,1
inspect,sauna support,1
inspect,fish tank,1
inspect,footrest,1
inspect,vessel,1
inspect,curtain rod,1
inspect,handle,1
inspect,rail,1
inspect,decoration,1
inspect,swivel chair,1
inspect,partition,1
inspect,bathroom cabinet door,1
inspect,paper towel dispenser,1
inspect,blackboard,1
inspect,stovetop,1
inspect,cat,1
inspect,cart,1
inspect,stack of towels,1
inspect,rice cooker,1
inspect,purse,1
inspect,trash bag,1
inspect,artwork,1
inspect,fireplace wall,1
inspect,chest drawer,1
inspect,leg rest,1
inspect,cat tree,1
inspect,laundry,1
inspect,shower floor,1
inspect,file,1
inspect,dvd player,1
inspect,stack of files,1
inspect,shower wall cubby,1
inspect,drinking fountain,1
inspect,shop shelf,1
inspect,guitar cases,1
inspect,ukulele,1
inspect,saxophone,1
inspect,stack of chairs,1
inspect,stack of boxes,1
inspect,keyboard stand,1
inspect,sewing set,1
inspect,notebook,1
inspect,magazine rack,1
inspect,panel screen,1
inspect,stationery,1
inspect,firewood,1
inspect,firewood chest,1
inspect,office table,1
inspect,paper storage,1
inspect,hook,1
inspect,window curtain,1
inspect,bathrobe,1
inspect,bag with sheets,1
inspect,antique telephone,1
inspect,landing,1
inspect,shades,1
inspect,exhaust pipe,1
inspect,box of tissues,1
inspect,door/window frame,1
inspect,ceiling door,1
inspect,vanity,1
inspect,knife holder,1
inspect,cabinet table,1
inspect,gym equipment,1
inspect,shelf / cabinet,1
inspect,dog bed,1
inspect,kitchen counter,1
inspect,umbrella stand,1
inspect,dish cabinet,1
inspect,figure,1
inspect,doll,1
inspect,rocking chair,1
inspect,gym stepper,1
inspect,gym mat,1
inspect,groceries,1
inspect,floor lamp,1
inspect,sunbed,1
inspect,dumbbell,1
inspect,exercise ladder,1
inspect,containers,1
inspect,gas container,1
inspect,saturator,1
inspect,cables,1
inspect,cabinet /otherroom,1
inspect,stack of magazines,1
inspect,shower tap,1
inspect,shower dial,1
inspect,blinds,1
inspect,doorstep,1
inspect,book display,1
inspect,candle,1
inspect,cd player,1
inspect,flatware,1
inspect,apron,1
inspect,shower-bath cabinet,1
inspect,stick,1
inspect,floor mat,1
inspect,foot stand,1
inspect,firewood holder,1
inspect,sensor,1
inspect,high shelf,1
inspect,chandelier,1
inspect,flag,1
inspect,bags,1
inspect,chassis,1
inspect,exhibition window,1
inspect,stained glass,1
inspect,exhibition panel,1
inspect,ice maker,1
inspect,surface,1
inspect,sideboard,1
inspect,stair handle,1
inspect,grate,1
inspect,bonsai tree,1
inspect,bath side table,1
inspect,kitchen sink cabinet,1
inspect,display table,1
inspect,bathtub utensil,1
inspect,ceiling dome,1
inspect,bed sheet,1
inspect,highchair,1
inspect,glass,1
inspect,dried flowers,1
inspect,wheel,1
inspect,hat,1
inspect,tv remote,1
inspect,roomba,1
inspect,shower pipe,1
inspect,shower soap shelf,1
inspect,heater piping,1
inspect,cable,1
inspect,plush toy,1
inspect,column,1
inspect,candlestick,1
lift,tissue box,1
lift,plastic bag,1
load,speaker,1
load,laptop,1
load,newspaper,1
load,stack of clothes,1
load,cabinet,1
load,monitor,1
load,sink,1
load,keyboard,1
load,alarm_clock,1
load,bath towel,1
load,binders,1
load,briefcase,1
load,liquid soap,1
load,cellular_telephone,1
load,jar,1
load,coffee machine,1
load,kitchen lower cabinet,1
load,storage bin,1
load,computer_keyboard,1
load,pan,1
load,drawer,1
load,product box,1
load,kitchen appliance,1
load,clothes rack,1
load,box of tissues,1
load,bathrobe,1
load,copier,1
load,clothes_hamper,1
load,dishes,1
load,side table,1
load,stack of books,1
load,trophy,1
load,jacket,1
load,cd player,1
load,microwave_oven,1
load,barrel,1
load,magazine,1
load,media console,1
load,shoulder bag,1
load,cap,1
load,cup,1
load,closet,1
load,throw blanket,1
lock,storage cabinet,1
lock,bicycle,1
lock,window glass,1
lock,suitcase,1
lock,box,1
lock,doorway,1
lock,garage door frame,1
lock,office chair,1
lock,kitchen lower cabinet,1
lock,laptop_computer,1
lock,casket,1
lock,attic hatch,1
lock,display cabinet,1
lock,camera,1
lock,electric box,1
lock,oven,1
lock,stairs railing,1
lock,handbag,1
open,barbecue,1
open,central heating furnace,1
open,door screen,1
open,garage door opener motor,1
open,closet shelf,1
open,sideboard,1
open,record player,1
open,desk,1
open,bed stand,1
open,ventilation hood,1
open,pad,1
open,shower glass,1
open,garage door railing,1
open,garage door opener bar,1
open,shelving,1
open,curtain rod,1
open,bookshelf,1
open,cabinet counter,1
open,product box,1
open,sewing set,1
open,shower caddy,1
open,storage space,1
open,crib,1
open,aquarium,1
open,grill,1
open,waffle iron,1
open,fume cupboard,1
open,can of paint,1
open,bathtub,1
open,cabinet table,1
open,console,1
open,curtain rail,1
open,icebox,1
open,gate,1
open,cabinet /otherroom,1
open,box of something,1
open,doorstep,1
open,wine cabinet,1
open,bar cabinet,1
open,rope,1
open,shower-bath cabinet,1
open,sewing box,1
open,whine shelf,1
open,oven and stove,1
open,cook book,1
open,air duct,1
open,bed,1
open,bowl of sweets,1
open,partition,1
open,ceiling vent,1
open,crate,1
open,clothes container,1
open,shower wall,1
open,baby changing table,1
open,photo mount,1
pack,chair,1
pick_up,desk chair,1
pick_up,figurine,1
pick_up,set of cosmetics,1
pick_up,bicycle,1
pick_up,photo mount,1
pick_up,plates,1
pick_up,bathroom utensil,1
pick_up,storage box,1
pick_up,storage shelving,1
pick_up,projector,1
pick_up,cups,1
pick_up,shelf clutter,1
pick_up,binders,1
pick_up,ironing board,1
pick_up,tissue box,1
pick_up,rolled carpet,1
pick_up,oven,1
pick_up,dinnerware,1
pick_up,ornament,1
pick_up,wall hanger,1
pick_up,beverage dispenser,1
pick_up,paper towels,1
pick_up,jewelry,1
pick_up,crate,1
pick_up,game board,1
pick_up,bed comforter,1
pick_up,bedding,1
pick_up,dog bed,1
pick_up,identifier,1
pick_up,paper towel dispenser,1
pick_up,stand,1
pick_up,treadmill,1
pick_up,rope,1
pick_up,fork,1
pick_up,painting frame,1
pick_up,computer,1
pick_up,sheet,1
pick_up,stack of files,1
pick_up,office chair,1
pick_up,file,1
pick_up,microphone accessory,1
pick_up,trumpet,1
pick_up,keyboard cover,1
pick_up,clarinet,1
pick_up,albums,1
pick_up,tambourine,1
pick_up,diploma,1
pick_up,shelf with shoes,1
pick_up,sewing machine,1
pick_up,sewing set,1
pick_up,shower wall,1
pick_up,place mat,1
pick_up,storage space,1
pick_up,jug,1
pick_up,mirror,1
pick_up,hook,1
pick_up,cover,1
pick_up,waffle iron,1
pick_up,floor lamp,1
pick_up,plunger,1
pick_up,shelf with clutter,1
pick_up,sofa chair,1
pick_up,boxes with books,1
pick_up,wine rack,1
pick_up,buckets,1
pick_up,blanket,1
pick_up,kitchen cabinet,1
pick_up,umbrella stand,1
pick_up,sofa seat,1
pick_up,coffee maker,1
pick_up,toilet brush,1
pick_up,faucet,1
pick_up,gym mat,1
pick_up,alcohol bottles,1
pick_up,clothing stand,1
pick_up,leaflets,1
pick_up,wine,1
pick_up,furnace,1
pick_up,drawer,1
pick_up,decoration,1
pick_up,trash can,1
pick_up,sculpture,1
pick_up,hand towel,1
pick_up,pillow,1
pick_up,typewriter,1
pick_up,flower stand,1
pick_up,breadbox,1
pick_up,gift,1
pick_up,step stool,1
pick_up,stack of books / papers,1
pick_up,shoes on shelf,1
pick_up,boards,1
pick_up,flag,1
pick_up,washer-dryer,1
pick_up,clothes hanger rod,1
pick_up,firewood holder,1
pick_up,towel ring,1
pick_up,bowl of sweets,1
pick_up,blankets,1
pick_up,ragdoll,1
pick_up,training mat,1
pick_up,clothes container,1
pick_up,laundry machine,1
pick_up,art frame,1
pick_up,cable,1
place_in,kettle,1
place_in,wall panel,1
place_in,wall clock,1
place_in,table stand,1
place_in,wood,1
place_in,firewood holder,1
place_in,treadmill,1
place_in,photo mount,1
place_in,cradle,1
place_in,ironing board,1
place_in,baby chair,1
place_in,machine,1
place_in,trash bag,1
place_in,clothes hamper,1
place_in,papers,1
place_in,desk,1
place_in,floor stand,1
place_in,umbrella,1
place_in,detergent,1
place_in,pouffe,1
place_in,brush,1
place_in,cart,1
place_in,food tray,1
place_in,arcade game,1
place_in,sliding glass door,1
place_in,watch,1
place_in,dustbin,1
place_in,ornament,1
place_in,cosmetics,1
place_in,paper towels,1
place_in,picture frame,1
place_in,art piece,1
place_in,backrest,1
place_in,sauna support,1
place_in,banister,1
place_in,mirror,1
place_in,desk lamp,1
place_in,kitchen utensil,1
place_in,wall cubby,1
place_in,boiler,1
place_in,toilet,1
place_in,document holder,1
place_in,vent,1
place_in,stationery,1
place_in,dishes,1
place_in,shelf cubby,1
place_in,easy chair,1
place_in,toaster oven,1
place_in,globe,1
place_in,entertainment set,1
place_in,folding stand,1
place_in,purse,1
place_in,coffee_maker,1
place_in,armchair,1
place_in,computer,1
place_in,display table,1
place_in,utensil,1
place_in,nightstand,1
place_in,cone,1
place_in,drum,1
place_in,amplifier,1
place_in,guitar pedals,1
place_in,product,1
place_in,board game,1
place_in,fence,1
place_in,kitchen seating,1
place_in,firewood chest,1
place_in,tape_measure,1
place_in,garage door railing,1
place_in,bedside lamp,1
place_in,fireplace tool set,1
place_in,cabinet door,1
place_in,box of tissues,1
place_in,shovel,1
place_in,pad,1
place_in,bottle of detergent,1
place_in,dressing table,1
place_in,clutter,1
place_in,spirit level,1
place_in,curtain rail,1
place_in,blanket,1
place_in,furnace,1
place_in,dish cabinet,1
place_in,doll,1
place_in,shower caddy,1
place_in,barbell,1
place_in,set of knives,1
place_in,alcohol bottles,1
place_in,drawers,1
place_in,cd player,1
place_in,kitchenware,1
place_in,screen,1
place_in,exercise machine,1
place_in,pile of magazines,1
place_in,gas container,1
place_in,hose,1
place_in,light fixture,1
place_in,baby seat,1
place_in,cabinet drawer,1
place_in,bathroom utensil,1
place_in,cutting board,1
place_in,shower door frame,1
place_in,holy cross,1
place_in,gift,1
place_in,laptop,1
place_in,cloth,1
place_in,newspaper,1
place_in,kitchen shelf,1
place_in,bathroom shelf,1
place_in,wheel,1
place_in,art frame,1
place_in,box with books,1
place_in,bags,1
place_in,lid,1
place_in,elevator door,1
place_in,clothes hanger rod,1
place_in,stair handle,1
place_in,lounger,1
place_in,self-closing mechanism,1
place_in,sign,1
place_in,food,1
place_in,bath sink,1
place_in,media console,1
place_in,bath cabinet,1
place_in,food stand,1
place_in,wall shelf,1
place_in,photo,1
place_in,drawing,1
place_in,dried flowers,1
place_in,tank,1
place_in,toilet brush,1
place_in,clothes rack,1
place_in,rocking chair,1
place_in,piano bench,1
place_in,bookstand,1
place_in,circular sofa,1
place_in,statue,1
place_in,pedestal,1
place_on,calendar,1
place_on,storage cabinet,1
place_on,closet mirror wall,1
place_on,wall panel,1
place_on,subwoofer,1
place_on,tent,1
place_on,table pad,1
place_on,plates,1
place_on,baby chair,1
place_on,round cushion,1
place_on,mannequin,1
place_on,rack of weights,1
place_on,screwdriver,1
place_on,piano,1
place_on,office chair,1
place_on,cups,1
place_on,banner,1
place_on,bidet,1
place_on,window glass,1
place_on,air conditioning,1
place_on,speaker stand,1
place_on,wall sign,1
place_on,stone support structure,1
place_on,scale,1
place_on,jewelry,1
place_on,tissue,1
place_on,shelf with cosmetics,1
place_on,advertisement,1
place_on,lantern,1
place_on,vessel,1
place_on,broom,1
place_on,trash bag,1
place_on,refrigerator cabinet,1
place_on,bedding,1
place_on,tree,1
place_on,headboard,1
place_on,partition,1
place_on,vent,1
place_on,document holder,1
place_on,identifier,1
place_on,dog bed,1
place_on,cat,1
place_on,laundry machine,1
place_on,shelf with clutter,1
place_on,violin case,1
place_on,furniture,1
place_on,products,1
place_on,trombone,1
place_on,albums,1
place_on,shop shelf,1
place_on,counter desk,1
place_on,keyboard cover,1
place_on,microphone accessory,1
place_on,trumpet,1
place_on,magazine rack,1
place_on,appliance,1
place_on,cabinet /w cluttered art,1
place_on,car model,1
place_on,wall lamp,1
place_on,mini fridge,1
place_on,stonework,1
place_on,shades,1
place_on,dishwasher,1
place_on,crib,1
place_on,drawers,1
place_on,wood,1
place_on,ball chair,1
place_on,umbrella stand,1
place_on,curtain rod,1
place_on,barbell,1
place_on,gym mat,1
place_on,dehumidifier,1
place_on,separator,1
place_on,swing,1
place_on,leaflets,1
place_on,menu board,1
place_on,keg,1
place_on,pipe,1
place_on,tank,1
place_on,desk lamp,1
place_on,wash cabinet,1
place_on,kitchen utensils,1
place_on,aisle frame,1
place_on,trophy,1
place_on,stick,1
place_on,papers,1
place_on,staircase handrail,1
place_on,closet,1
place_on,bar cabinet,1
place_on,paper storage,1
place_on,sauna heater,1
place_on,bed small,1
place_on,dress,1
place_on,dog leash,1
place_on,breadbox,1
place_on,christmas tree,1
place_on,salver,1
place_on,stand/small table,1
place_on,small table/stand,1
place_on,railing,1
place_on,decoder,1
place_on,book cabinet,1
place_on,decorative cloth,1
place_on,computer desk,1
place_on,balustrade,1
place_on,brush,1
place_on,tape_measure,1
place_on,worktop,1
place_on,bags,1
place_on,exhibition panel,1
place_on,fire screen,1
place_on,microwave_oven,1
place_on,shower bench,1
place_on,microwave,1
place_on,stairs railing,1
place_on,bath wall,1
place_on,food stand,1
place_on,wall shelf,1
place_on,machine,1
place_on,blouse,1
place_on,clothes dryer,1
place_on,dried flowers,1
place_on,painting tray,1
place_on,coffee maker,1
place_on,pc tower,1
place_on,firewood holder,1
place_on,table stand,1
place_on,bedside lamp,1
place_on,clothes hanger rod,1
place_on,entertainment set,1
place_on,baby changing table,1
place_on,slab,1
place_on,model,1
place_on,pedestal,1
plug_in,wall panel,1
plug_in,tv,1
plug_in,pipe,1
plug_in,tablet,1
plug_in,board,1
plug_in,flashlight,1
plug_in,painting,1
plug_in,decoder,1
plug_in,handle,1
plug_in,toaster oven,1
plug_in,keyboard cover,1
plug_in,sign,1
plug_in,electric drum,1
plug_in,microphone accessory,1
plug_in,sewing machine,1
plug_in,electric kettle,1
plug_in,table lamp,1
plug_in,clock,1
plug_in,vacuum cleaner,1
plug_in,wall board,1
plug_in,mixer,1
plug_in,cables,1
plug_in,closet door,1
plug_in,decorative plate,1
plug_in,pad,1
plug_in,electric box,1
plug_in,table,1
plug_in,wall electronics,1
plug_in,curtain,1
plug_in,floor lamp,1
polish,pan,1
polish,bath wall,1
polish,telephone,1
polish,shower rail,1
polish,sliding glass door,1
polish,wall indent,1
polish,dinnerware,1
polish,shelf,1
polish,jewelry,1
polish,door knob,1
polish,sunglasses,1
polish,lamp stand,1
polish,flowerpot,1
polish,armchair,1
polish,coffee_maker,1
polish,countertop,1
polish,decor,1
polish,dining table,1
polish,parapet,1
polish,paneling,1
polish,display table,1
polish,case,1
polish,handbag,1
polish,cabinet counter,1
polish,speaker,1
polish,stair step,1
polish,computer,1
polish,shower bar,1
polish,shower dial,1
polish,garage door railing,1
polish,wine rack,1
polish,curtain rod,1
polish,coffee machine,1
polish,bar cabinet,1
polish,kitchen appliance,1
polish,monitor,1
polish,teapot,1
polish,post,1
polish,wall sign,1
polish,antlers,1
polish,bottles,1
polish,amplifier,1
polish,table cloth,1
polish,shower tap,1
polish,lamp table,1
polish,shower wall,1
polish,shower door frame,1
polish,fireplace sconce,1
polish,soupspoon,1
polish,wall post,1
polish,fireplace utensil,1
polish,sign,1
polish,exhibition panel,1
polish,fireplace shelf,1
polish,washbasin counter,1
polish,bath sink,1
polish,counter,1
polish,cabinet door,1
polish,window glass,1
polish,kitchen cabinet door,1
polish,model,1
pour,glass,1
pour,beverage dispenser,1
pour,bottles of wine,1
pour,sink,1
pour,tray,1
pour,tap,1
press,keyboard piano,1
pull,wardrobe,1
pull,window shade,1
pull,pliers,1
pull,folder,1
pull,throw blanket,1
pull,rug,1
pull,curtain rod,1
pull,ball chair,1
pull,bookshelf,1
pull,rocking chair,1
pull,blankets,1
pull,pouffe,1
push,sliding glass door,1
push,computer chair,1
push,chest of drawers,1
push,trolley,1
push,stand,1
push,dresser,1
push,box,1
push,bucket,1
push,barrel,1
reposition,power breaker box,1
reposition,backpack,1
reposition,cross-trainer,1
reposition,tablet,1
reposition,plant ornament,1
reposition,table pad,1
reposition,glasses,1
reposition,tool rack,1
reposition,chain,1
reposition,shower cabin,1
reposition,end table,1
reposition,exit sign,1
reposition,floor stand,1
reposition,beanbag chair,1
reposition,balustrade,1
reposition,toaster,1
reposition,panel,1
reposition,magazine,1
reposition,arcade game,1
reposition,ceiling lower,1
reposition,massage bed,1
reposition,sauna support,1
reposition,cat bed,1
reposition,vessel,1
reposition,window /otherroom,1
reposition,gas box,1
reposition,tree branch,1
reposition,garage door opener motor,1
reposition,tape_measure,1
reposition,chandelier,1
reposition,bathtub,1
reposition,hat,1
reposition,shade,1
reposition,folder,1
reposition,identifier,1
reposition,keyboard,1
reposition,bedframe,1
reposition,ceiling pipe,1
reposition,fireplace utensil,1
reposition,elephant sculpture,1
reposition,bath sink,1
reposition,leg rest,1
reposition,wreath,1
reposition,calendar,1
reposition,cat tree,1
reposition,shower cockpit,1
reposition,deck chair,1
reposition,music player,1
reposition,trumpet,1
reposition,dartboard,1
reposition,shoe,1
reposition,sink cabinet,1
reposition,cabinet /w cluttered art,1
reposition,washer-dryer,1
reposition,sideboard,1
reposition,pile of magazines,1
reposition,kitchen seating,1
reposition,music album shelf,1
reposition,garage door motor,1
reposition,office table,1
reposition,bathrobe,1
reposition,archway,1
reposition,screwdriver,1
reposition,scale,1
reposition,ceiling window,1
reposition,firebox,1
reposition,pump,1
reposition,washing machine,1
reposition,candle,1
reposition,l-shaped sofa,1
reposition,gym equipment,1
reposition,file cabinet,1
reposition,dvd player,1
reposition,ball chair,1
reposition,umbrella stand,1
reposition,staircase handrail,1
reposition,laundry basket,1
reposition,pitcher,1
reposition,meshwork,1
reposition,barbell,1
reposition,swing,1
reposition,chest,1
reposition,hose,1
reposition,tv,1
reposition,light fixture,1
reposition,cabinet /otherroom,1
reposition,baby seat,1
reposition,shelf / cabinet,1
reposition,cabinet drawer,1
reposition,window shade,1
reposition,alarm_clock,1
reposition,bathroom shelf,1
reposition,photo,1
reposition,wine cabinet,1
reposition,coach,1
reposition,kitchen cabinet drawer,1
reposition,book display,1
reposition,dog leash,1
reposition,records,1
reposition,stand/small table,1
reposition,partition,1
reposition,toothbrush,1
reposition,storage cabinet,1
reposition,desk cabinet,1
reposition,wire,1
reposition,decorative cloth,1
reposition,bicycle,1
reposition,bicycle helmets,1
reposition,container,1
reposition,elevator door,1
reposition,fire screen,1
reposition,air duct,1
reposition,piano,1
reposition,shower bench,1
reposition,self-closing mechanism,1
reposition,bathtub utensil,1
reposition,shower ceiling,1
reposition,stained glass,1
reposition,base,1
reposition,christmas tree,1
reposition,clothes container,1
reposition,tray,1
reposition,window valence,1
reposition,bookstand,1
reposition,sofa set,1
rinse,mop,1
rinse,wine_bottle,1
rinse,knife,1
rinse,urinal,1
rinse,pet bowl,1
rinse,hairbrush,1
rinse,shampoo,1
rinse,towel,1
rinse,bidet,1
rinse,teapot,1
rinse,stack of plates,1
rinse,bottle,1
rinse,can,1
rinse,sauna bowl,1
rinse,window glass,1
rinse,bath,1
scrub,stair step,1
scrub,shower wall cubby,1
scrub,wash cabinet,1
scrub,bathroom cabinet,1
scrub,bowl,1
scrub,plate,1
scrub,sauna oven,1
scrub,refrigerator cabinet,1
scrub,spa bench,1
scrub,coffee machine,1
scrub,rail,1
scrub,tile,1
scrub,tool,1
scrub,refrigerator,1
scrub,rug,1
scrub,trough,1
scrub,heater,1
scrub,shower dial,1
scrub,cloth,1
scrub,range hood,1
scrub,garage door railing,1
scrub,shower mat,1
scrub,shower tray,1
scrub,vent,1
scrub,bathroom shelf,1
scrub,kitchen extractor,1
scrub,kitchen utensil,1
scrub,shower bench,1
scrub,broom,1
scrub,counter,1
scrub,stack of pots,1
scrub,toilet seat,1
scrub,bathtub utensil,1
scrub,bathroom mat,1
scrub,washbasin counter,1
scrub,shower rail,1
scrub,brush,1
scrub,fume cupboard,1
scrub,board,1
scrub,stairs railing,1
scrub,window glass,1
scrub,floor stand,1
set,knife,1
set,kitchen appliance,1
set,radio,1
set,bed table,1
set,nightstand,1
set,pad,1
set,tv,1
set,smoke alarm,1
set,stove,1
set,heater,1
set_control,fireplace wall,1
set_control,fluorescent light,1
set_control,fireplace utensil,1
set_control,toaster oven,1
set_control,computer,1
set_control,drum,1
set_control,ukulele,1
set_control,saxophone,1
set_control,microphone accessory,1
set_control,shower curtain,1
set_control,toaster,1
set_control,stove,1
set_control,fireplace shelf,1
set_control,tv remote,1
set_control,light,1
set_control,ceiling light fixture connection,1
set_up,tent,1
set_up,baby chair,1
set_up,porcelain,1
set_up,blackboard,1
set_up,pillar,1
set_up,decoration,1
set_up,dressing table,1
set_up,shampoo,1
set_up,dinnerware,1
set_up,sunbed,1
set_up,advertisement,1
set_up,cooker,1
set_up,garden chair,1
set_up,game board,1
set_up,decoder,1
set_up,pitcher,1
set_up,wine_bottle,1
set_up,chandelier,1
set_up,kitchen utensil,1
set_up,identifier,1
set_up,document holder,1
set_up,telephone,1
set_up,cart,1
set_up,globe,1
set_up,leg rest,1
set_up,guitar pedals,1
set_up,keyboard stand,1
set_up,headphones,1
set_up,iron,1
set_up,aquarium,1
set_up,toy,1
set_up,pool table,1
set_up,rocking chair,1
set_up,soundbar,1
set_up,canvas,1
set_up,hammock,1
set_up,sculpture,1
set_up,weight bench,1
set_up,teapot,1
set_up,fireplace tool set,1
set_up,shisha,1
set_up,cash register,1
set_up,book rack,1
set_up,screen,1
set_up,kitchen utensils,1
set_up,decorative vase,1
set_up,electric guitar,1
set_up,music player,1
set_up,computer desk,1
set_up,radio,1
set_up,flatware,1
set_up,computer chair,1
set_up,installation,1
set_up,tray,1
set_up,furnace,1
set_up,fireplace,1
set_up,bath faucet,1
set_up,circular sofa,1
set_up,clothes rack,1
set_up,pedestal,1
set_up,model,1
shake_out,table cloth,1
shake_out,towel,1
shake_out,yoga mat,1
smooth,exercise mat,1
smooth,training mat,1
stack,stack of clothes,1
stack,stack of pillows,1
stack,pillow,1
stack,binders,1
stack,towel,1
stack,basket of towels,1
stack,beanbag,1
stack,basket of something,1
stack,stack of files,1
stack,file,1
stack,product box,1
stack,cushion,1
stack,place mat,1
stack,pan,1
stack,drywall board,1
stack,hat,1
stack,laundry basket,1
stack,gym mat,1
stack,box of paper,1
stack,leaflets,1
stack,chess,1
stack,clothes,1
stack,jar,1
stack,stack of pots,1
stack,stack of books / papers,1
stack,containers,1
stack,bags,1
stack,binder,1
stack,bathroom towel,1
stack,vinyl records,1
stack,clothes container,1
stack,kitchen shelf,1
start_machine,hand dryer,1
store,keyboard piano,1
store,washcloth,1
store,firewood holder,1
store,stack of clothes,1
store,duvet,1
store,set of cosmetics,1
store,clothes bag,1
store,closet shelf,1
store,shoe rack,1
store,box of tissues,1
store,baby chair,1
store,rug,1
store,rack of weights,1
store,notes,1
store,control,1
store,bread box,1
store,detergent,1
store,bar,1
store,tissue box,1
store,golf sticks,1
store,rolled carpet,1
store,pet bed,1
store,watch,1
store,crate,1
store,cushion,1
store,bread bin,1
store,pouffe,1
store,wall cabinet,1
store,microwave_oven,1
store,photo,1
store,toilet paper,1
store,printer,1
store,board,1
store,dishwasher,1
store,chest drawer,1
store,violin case,1
store,exercise equipment,1
store,file cabinet,1
store,stack of books,1
store,mixer,1
store,shower caddy,1
store,iron,1
store,electric guitar,1
store,car model,1
store,cardboard,1
store,axe,1
store,clutter,1
store,kitchen towel,1
store,drawers,1
store,picture,1
store,globe,1
store,sink cabinet,1
store,coffee maker,1
store,doll,1
store,armchair,1
store,box of paper,1
store,kitchenware,1
store,rack,1
store,shisha,1
store,trashcan,1
store,cabinet /otherroom,1
store,wine,1
store,box of something,1
store,kitchen lower cabinet,1
store,clothes_hamper,1
store,kitchen utensils,1
store,stack of magazines,1
store,decorative tray,1
store,desk chair,1
store,yoga mat,1
store,paper storage,1
store,can of paint,1
store,display cabinet,1
store,records,1
store,pitchfork,1
store,flatware,1
store,scarf,1
store,locker,1
store,alarm_clock,1
store,canister,1
store,board games,1
store,bookshelf,1
store,dvd player,1
store,bathtub utensil,1
store,clothes hanger,1
store,painting tray,1
store,clothes container,1
store,book rack,1
store,toilet brush,1
store,microwave,1
store,potty,1
straighten,heater,1
straighten,stack of blankets,1
straighten,set of armchairs,1
straighten,shower,1
straighten,kitchen table,1
straighten,shower curtain bar,1
straighten,tent,1
straighten,cradle,1
straighten,washing powder,1
straighten,porcelain,1
straighten,clothes hamper,1
straighten,cups,1
straighten,blackboard,1
straighten,wall panel frame,1
straighten,floor stand,1
straighten,bread box,1
straighten,exercise bike,1
straighten,detergent,1
straighten,balustrade,1
straighten,glasses,1
straighten,golf sticks,1
straighten,speaker stand,1
straighten,podium,1
straighten,kitchen top,1
straighten,arcade game,1
straighten,oven and stove,1
straighten,jewelry,1
straighten,art piece,1
straighten,game board,1
straighten,bread bin,1
straighten,garden chair,1
straighten,chaise longue,1
straighten,counter door,1
straighten,rail,1
straighten,lamp stand,1
straighten,treadmill,1
straighten,knife,1
straighten,recycle bin,1
straighten,ceiling lamp,1
straighten,identifier,1
straighten,bathroom cabinet drawer,1
straighten,support beam,1
straighten,footstool,1
straighten,globe,1
straighten,countertop,1
straighten,dinner chair,1
straighten,artwork frame,1
straighten,led tv,1
straighten,desk lamp,1
straighten,cat tree,1
straighten,den,1
straighten,trough,1
straighten,electric guitar,1
straighten,product boxes,1
straighten,music equipment stand,1
straighten,trumpet,1
straighten,clarinet,1
straighten,drum,1
straighten,guitar case cover,1
straighten,electric percussion,1
straighten,keyboard stand,1
straighten,stack of chairs,1
straighten,stack of boxes,1
straighten,counter desk,1
straighten,magazine rack,1
straighten,note board,1
straighten,bulletin board,1
straighten,storage space,1
straighten,draw,1
straighten,place mat,1
straighten,kitchen cabinet lower,1
straighten,luggage,1
straighten,kitchen seating,1
straighten,tape_measure,1
straighten,decorative bowl,1
straighten,hook,1
straighten,workstation,1
straighten,aquarium,1
straighten,cover,1
straighten,wall post,1
straighten,air vent,1
straighten,tile,1
straighten,hunting trophy,1
straighten,electrical box,1
straighten,tv,1
straighten,lamp shade,1
straighten,fireplace,1
straighten,console,1
straighten,buckets,1
straighten,dvd player,1
straighten,kitchen towel,1
straighten,attic door,1
straighten,painting frame,1
straighten,figure,1
straighten,bottle_opener,1
straighten,pliers,1
straighten,hutch,1
straighten,gym stepper,1
straighten,barbell,1
straighten,kitchenware,1
straighten,decorative plate,1
straighten,antlers,1
straighten,attic hatch,1
straighten,containers,1
straighten,platform,1
straighten,stack of plates,1
straighten,wine,1
straighten,air hockey,1
straighten,whiteboard,1
straighten,cork board,1
straighten,aisle frame,1
straighten,trophy,1
straighten,foosball table,1
straighten,doorstep,1
straighten,night lamp,1
straighten,shower wall,1
straighten,stair step,1
straighten,coach,1
straighten,bath curtain bar,1
straighten,display,1
straighten,rope,1
straighten,easel,1
straighten,apron,1
straighten,kitchen chair,1
straighten,flatware,1
straighten,high shelf,1
straighten,newspaper basket,1
straighten,kitchen decoration,1
straighten,foot stand,1
straighten,decoder,1
straighten,stack of books / papers,1
straighten,sewing box,1
straighten,shoes on shelf,1
straighten,barrel,1
straighten,saw,1
straighten,information,1
straighten,fire screen,1
straighten,stair handle,1
straighten,sculpture,1
straighten,bathtub utensil,1
straighten,bath sink,1
straighten,bath wall,1
straighten,mascot,1
straighten,dried flowers,1
straighten,dish dryer,1
straighten,painting tray,1
straighten,kitchen island,1
straighten,dining table,1
straighten,window valence,1
straighten,shoes,1
straighten,kitchen cabinet drawer,1
tighten,drum,1
tighten,stair,1
tighten,bed stand,1
tighten,dresser,1
tighten,closet door,1
tighten,couch,1
tighten,sliding glass door,1
tighten,stool,1
tighten,computer chair,1
tighten,drawer,1
tighten,bathroom cabinet,1
tighten,bathroom cabinet door,1
tighten,easy chair,1
tighten,stand,1
tighten,ceiling pipe,1
tighten,stove,1
tighten,refrigerator,1
tighten,sofa chair,1
tighten,art frame,1
tighten,painting,1
tighten,shower hose/head,1
tighten,garage door motor,1
tighten,duct,1
tighten,towel bar,1
tighten,heater piping,1
tighten,air duct,1
tighten,shower handle,1
tighten,tank,1
tighten,radiator,1
tighten,pillar,1
tighten,hose,1
tighten,bath faucet,1
tighten,washbasin,1
tighten,shower tap,1
tighten,ventilation,1
tighten,wardrobe,1
tighten,cabinet drawer,1
tighten,spice rack,1
tighten,shower curtain rod,1
tighten,wire,1
tighten,piano bench,1
tighten,frame,1
tighten,clothes hanger rod,1
tighten,wall lamp,1
tighten,decoration,1
tighten,shower pipe,1
tighten,stair handle,1
tighten,kitchen lower cabinet,1
tuck,bed sheet,1
tuck,pet bed,1
tuck,swivel chair,1
tuck,bag,1
tuck,sheet,1
tuck,box,1
tuck,computer chair,1
tuck,kitchen chair,1
tuck,armchair,1
tuck,cushion,1
tuck,bed,1
tuck,suitcase,1
turn_off,ceiling vent,1
turn_off,boiler,1
turn_off,stand,1
turn_off,pipe,1
turn_off,range hood,1
turn_off,ventilation hood,1
turn_off,aquarium,1
turn_off,device,1
turn_off,medical lamp,1
turn_off,solarium,1
turn_off,cooker,1
turn_off,fluorescent light,1
turn_off,bathroom cabinet,1
turn_off,lampshade,1
turn_off,telephone,1
turn_off,copier machine,1
turn_off,air vent,1
turn_off,decorative lamp,1
turn_off,garage door motor,1
turn_off,lamp shade,1
turn_off,stereo set,1
turn_off,cd player,1
turn_off,dehumidifier,1
turn_off,refrigerator,1
turn_off,computer,1
turn_off,bath faucet,1
turn_off,shower tap,1
turn_off,candle,1
turn_off,mini fridge,1
turn_off,pc tower,1
turn_off,washer-dryer,1
turn_off,heater piping,1
turn_on,keyboard piano,1
turn_on,cross-trainer,1
turn_on,shower tub,1
turn_on,telescope,1
turn_on,water heater,1
turn_on,toaster oven,1
turn_on,rice cooker,1
turn_on,nightstand,1
turn_on,shower cockpit,1
turn_on,electric percussion,1
turn_on,sign,1
turn_on,mini fridge,1
turn_on,entertainment set,1
turn_on,iron,1
turn_on,archway,1
turn_on,waffle iron,1
turn_on,shower bar,1
turn_on,shower curtain,1
turn_on,wall panel,1
turn_on,night lamp,1
turn_on,telephone,1
turn_on,suitcase,1
turn_on,dvd player,1
turn_on,ice maker,1
turn_on,bath sink,1
turn_on,media console,1
turn_on,shower stall,1
turn_on,device,1
turn_on,tv stand,1
unlock,locker,1
unplug,printer,1
unplug,cellular_telephone,1
unplug,mouse,1
unplug,lamp,1
unplug,computer_keyboard,1
unplug,toaster oven,1
unplug,rice cooker,1
unplug,kettle,1
unplug,garage door motor,1
unplug,stove,1
unplug,tv,1
vacuum,flower stand,1
vacuum,kitchen cabinet,1
vacuum,support beam,1
vacuum,ottoman,1
vacuum,wall clock,1
vacuum,countertop,1
vacuum,sofa set,1
vacuum,vent,1
vacuum,desk chair,1
vacuum,tv,1
vacuum,tile,1
vacuum,crib,1
vacuum,furnace,1
vacuum,piano,1
vacuum,shelving,1
vacuum,closet floor,1
vacuum,recessed wall,1
vacuum,fireplace wall,1
vacuum,hearth,1
vacuum,flowerpot,1
vacuum,dining table,1
wipe,wall /outside,1
wipe,figurine,1
wipe,step stool,1
wipe,hatch,1
wipe,shower curtain bar,1
wipe,tent,1
wipe,dish rack,1
wipe,table pad,1
wipe,cradle,1
wipe,shoes rack,1
wipe,document,1
wipe,projector,1
wipe,papers,1
wipe,wall panel frame,1
wipe,bathrobe,1
wipe,control,1
wipe,bicycle helmet,1
wipe,recuperator,1
wipe,water tank,1
wipe,umbrella,1
wipe,golf sticks,1
wipe,bowl with sweets,1
wipe,ceiling pipe,1
wipe,pet bowl,1
wipe,jewelry,1
wipe,door knob,1
wipe,shelf with cosmetics,1
wipe,medical lamp,1
wipe,bathroom wall,1
wipe,backrest,1
wipe,game board,1
wipe,throw blanket,1
wipe,window /otherroom,1
wipe,gas box,1
wipe,fluorescent light,1
wipe,garage door frame,1
wipe,magazine,1
wipe,toothbrush,1
wipe,hammer,1
wipe,pliers,1
wipe,swivel chair,1
wipe,easy chair,1
wipe,bedpost,1
wipe,stationery,1
wipe,ceiling wall,1
wipe,wreath,1
wipe,staircase,1
wipe,storage bin,1
wipe,rice cooker,1
wipe,dinner chair,1
wipe,leg rest,1
wipe,artwork frame,1
wipe,wall hanger,1
wipe,laundry,1
wipe,deck chair,1
wipe,holder,1
wipe,guitar pedals,1
wipe,guitar case cover,1
wipe,trumpet,1
wipe,electric drum,1
wipe,sewing set,1
wipe,draw,1
wipe,bag,1
wipe,storage space,1
wipe,guitar frame,1
wipe,fireplace tool set,1
wipe,hanging clothes,1
wipe,tile,1
wipe,stairs wall,1
wipe,sofa chair,1
wipe,shower case,1
wipe,knife holder,1
wipe,hammock,1
wipe,shade,1
wipe,coat,1
wipe,boat model,1
wipe,bureau,1
wipe,chess,1
wipe,shovel,1
wipe,gym mat,1
wipe,display of pictures,1
wipe,groceries,1
wipe,paper towel dispenser,1
wipe,separator,1
wipe,exercise ladder,1
wipe,swing,1
wipe,gate,1
wipe,post,1
wipe,curb,1
wipe,menu board,1
wipe,antlers,1
wipe,bunk bed,1
wipe,stack of plates,1
wipe,baby seat,1
wipe,hand towel,1
wipe,arch,1
wipe,smoke alarm,1
wipe,fruit,1
wipe,fishing rod,1
wipe,dustpan,1
wipe,stuffed animal,1
wipe,book display,1
wipe,candle,1
wipe,photo stand,1
wipe,flatware,1
wipe,fruit bowl,1
wipe,foot stand,1
wipe,laundry basket,1
wipe,coat hanger,1
wipe,wall post,1
wipe,bags,1
wipe,canister,1
wipe,flag,1
wipe,shredder,1
wipe,lid,1
wipe,shower seat,1
wipe,clothes hanger rod,1
wipe,hat,1
wipe,towel ring,1
wipe,bathroom mat,1
wipe,ceiling dome,1
wipe,backpack,1
wipe,bed sheet,1
wipe,shutter,1
wipe,ceiling fan lamp,1
wipe,smoke detector,1
wipe,lace doily,1
wipe,fur,1
wipe,training mat,1
wipe,base,1
wipe,compound wall,1
wipe,shower mat,1
wipe,door hinge,1
wipe,freezer,1
wipe,desk door,1
wipe,bookstand,1
wipe,model,1
