action,file,new,object,old,reason,tag,type
,00009-vLpv2VX547B\tasks-island_0.json,Fill the shampoo.,,Fill the shampoo dispenser.,dispenser not in labels; reverted to 'shampoo',,GROUNDING_FIX
,00009-vLpv2VX547B\tasks-island_0.json,Fill the shampoo.,,Fill the shampoo dispenser.,dispenser not in labels; reverted to 'shampoo',,GROUNDING_FIX
,00009-vLpv2VX547B\tasks-island_0.json,Fill the shampoo.,,Fill the shampoo dispenser.,dispenser not in labels; reverted to 'shampoo',,GROUNDING_FIX
turn_on,00016-qk9eeNeR4vw\tasks-island_1.json,,grill,,,vocab_gap:no_boil_action,FLAG
turn_on,00017-oEPjPNSPmzL\tasks-island_1.json,,kettle,,,vocab_gap:no_boil_action,FLAG
turn_on,00017-oEPjPNSPmzL\tasks-island_1.json,,kettle,,,vocab_gap:no_boil_action,FLAG
turn_on,00017-oEPjPNSPmzL\tasks-island_1.json,,kettle,,,vocab_gap:no_boil_action,FLAG
turn_on,00017-oEPjPNSPmzL\tasks-island_1.json,,kettle,,,vocab_gap:no_boil_action,FLAG
turn_on,00020-XYyR54sxe6b\tasks-island_0.json,,kettle,,,vocab_gap:no_boil_action,FLAG
turn_on,00020-XYyR54sxe6b\tasks-island_0.json,,kettle,,,vocab_gap:no_boil_action,FLAG
turn_on,00020-XYyR54sxe6b\tasks-island_0.json,,kettle,,,vocab_gap:no_boil_action,FLAG
turn_on,00020-XYyR54sxe6b\tasks-island_0.json,,kettle,,,vocab_gap:no_boil_action,FLAG
turn_on,00020-XYyR54sxe6b\tasks-island_0.json,,kettle,,,vocab_gap:no_boil_action,FLAG
turn_on,00020-XYyR54sxe6b\tasks-island_0.json,,kettle,,,vocab_gap:no_boil_action,FLAG
turn_on,00022-gmuS7Wgsbrx\tasks-island_0.json,,kettle,,,vocab_gap:no_boil_action,FLAG
turn_on,00022-gmuS7Wgsbrx\tasks-island_0.json,,kettle,,,vocab_gap:no_boil_action,FLAG
turn_on,00022-gmuS7Wgsbrx\tasks-island_0.json,,kettle,,,vocab_gap:no_boil_action,FLAG
turn_on,00022-gmuS7Wgsbrx\tasks-island_0.json,,kettle,,,vocab_gap:no_boil_action,FLAG
turn_on,00022-gmuS7Wgsbrx\tasks-island_0.json,,kettle,,,vocab_gap:no_boil_action,FLAG
turn_on,00022-gmuS7Wgsbrx\tasks-island_0.json,,kettle,,,vocab_gap:no_boil_action,FLAG
,00022-gmuS7Wgsbrx\tasks-island_0.json,Fill the shampoo.,,Fill the shampoo dispenser.,dispenser not in labels; reverted to 'shampoo',,GROUNDING_FIX
turn_on,00022-gmuS7Wgsbrx\tasks-island_0.json,,kettle,,,vocab_gap:no_boil_action,FLAG
,00022-gmuS7Wgsbrx\tasks-island_0.json,Fill the shampoo.,,Fill the shampoo dispenser.,dispenser not in labels; reverted to 'shampoo',,GROUNDING_FIX
turn_on,00022-gmuS7Wgsbrx\tasks-island_0.json,,kettle,,,vocab_gap:no_boil_action,FLAG
turn_on,00022-gmuS7Wgsbrx\tasks-island_0.json,,kettle,,,vocab_gap:no_boil_action,FLAG
turn_on,00022-gmuS7Wgsbrx\tasks-island_0.json,,kettle,,,vocab_gap:no_boil_action,FLAG
turn_on,00022-gmuS7Wgsbrx\tasks-island_0.json,,grill,,,vocab_gap:no_boil_action,FLAG
turn_on,00022-gmuS7Wgsbrx\tasks-island_0.json,,kettle,,,vocab_gap:no_boil_action,FLAG
turn_on,00022-gmuS7Wgsbrx\tasks-island_0.json,,kettle,,,vocab_gap:no_boil_action,FLAG
turn_on,00022-gmuS7Wgsbrx\tasks-island_0.json,,kettle,,,vocab_gap:no_boil_action,FLAG
turn_on,00022-gmuS7Wgsbrx\tasks-island_0.json,,kettle,,,vocab_gap:no_boil_action,FLAG
turn_on,00023-zepmXAdrpjR\tasks-island_0.json,,fireplace,,,vocab_gap:no_ignite_action,FLAG
turn_on,00023-zepmXAdrpjR\tasks-island_0.json,,oven and stove,,,vocab_gap:no_boil_action,FLAG
turn_on,00023-zepmXAdrpjR\tasks-island_0.json,,grill,,,vocab_gap:no_boil_action,FLAG
turn_on,00023-zepmXAdrpjR\tasks-island_0.json,,fireplace,,,vocab_gap:no_ignite_action,FLAG
turn_on,00023-zepmXAdrpjR\tasks-island_0.json,,kettle,,,vocab_gap:no_boil_action,FLAG
turn_on,00023-zepmXAdrpjR\tasks-island_0.json,,fireplace,,,vocab_gap:no_ignite_action,FLAG
turn_on,00023-zepmXAdrpjR\tasks-island_0.json,,grill,,,vocab_gap:no_boil_action,FLAG
turn_on,00023-zepmXAdrpjR\tasks-island_0.json,,oven and stove,,,vocab_gap:no_boil_action,FLAG
turn_on,00023-zepmXAdrpjR\tasks-island_0.json,,grill,,,vocab_gap:no_boil_action,FLAG
turn_on,00023-zepmXAdrpjR\tasks-island_0.json,,fireplace,,,vocab_gap:no_ignite_action,FLAG
turn_on,00023-zepmXAdrpjR\tasks-island_0.json,,fireplace,,,vocab_gap:no_ignite_action,FLAG
turn_on,00023-zepmXAdrpjR\tasks-island_0.json,,grill,,,vocab_gap:no_boil_action,FLAG
turn_on,00023-zepmXAdrpjR\tasks-island_0.json,,fireplace,,,vocab_gap:no_ignite_action,FLAG
turn_on,00023-zepmXAdrpjR\tasks-island_0.json,,oven and stove,,,vocab_gap:no_boil_action,FLAG
turn_on,00023-zepmXAdrpjR\tasks-island_0.json,,grill,,,vocab_gap:no_boil_action,FLAG
turn_on,00023-zepmXAdrpjR\tasks-island_0.json,,fireplace,,,vocab_gap:no_ignite_action,FLAG
turn_on,00023-zepmXAdrpjR\tasks-island_0.json,,fireplace,,,vocab_gap:no_ignite_action,FLAG
turn_on,00023-zepmXAdrpjR\tasks-island_0.json,,kettle,,,vocab_gap:no_boil_action,FLAG
turn_on,00023-zepmXAdrpjR\tasks-island_0.json,,kettle,,,vocab_gap:no_boil_action,FLAG
turn_on,00023-zepmXAdrpjR\tasks-island_0.json,,fireplace,,,vocab_gap:no_ignite_action,FLAG
turn_on,00023-zepmXAdrpjR\tasks-island_0.json,,fireplace,,,vocab_gap:no_ignite_action,FLAG
turn_on,00023-zepmXAdrpjR\tasks-island_0.json,,fireplace,,,vocab_gap:no_ignite_action,FLAG
turn_on,00023-zepmXAdrpjR\tasks-island_0.json,,kettle,,,vocab_gap:no_boil_action,FLAG
turn_on,00023-zepmXAdrpjR\tasks-island_0.json,,grill,,,vocab_gap:no_boil_action,FLAG
turn_on,00023-zepmXAdrpjR\tasks-island_0.json,,oven and stove,,,vocab_gap:no_boil_action,FLAG
turn_on,00023-zepmXAdrpjR\tasks-island_0.json,,fireplace,,,vocab_gap:no_ignite_action,FLAG
turn_on,00023-zepmXAdrpjR\tasks-island_0.json,,kettle,,,vocab_gap:no_boil_action,FLAG
turn_on,00023-zepmXAdrpjR\tasks-island_0.json,,kettle,,,vocab_gap:no_boil_action,FLAG
turn_on,00023-zepmXAdrpjR\tasks-island_0.json,,grill,,,vocab_gap:no_boil_action,FLAG
turn_on,00025-ixTj1aTMup2\tasks-island_0.json,,cooker,,,vocab_gap:no_boil_action,FLAG
turn_on,00025-ixTj1aTMup2\tasks-island_0.json,,kettle,,,vocab_gap:no_boil_action,FLAG
turn_on,00025-ixTj1aTMup2\tasks-island_0.json,,kettle,,,vocab_gap:no_boil_action,FLAG
turn_on,00025-ixTj1aTMup2\tasks-island_0.json,,cooker,,,vocab_gap:no_boil_action,FLAG
turn_on,00025-ixTj1aTMup2\tasks-island_0.json,,cooker,,,vocab_gap:no_boil_action,FLAG
turn_on,00025-ixTj1aTMup2\tasks-island_0.json,,kettle,,,vocab_gap:no_boil_action,FLAG
turn_on,00025-ixTj1aTMup2\tasks-island_0.json,,kettle,,,vocab_gap:no_boil_action,FLAG
turn_on,00031-Wo6kuutE9i7\tasks-island_0.json,,kettle,,,vocab_gap:no_boil_action,FLAG
turn_on,00031-Wo6kuutE9i7\tasks-island_0.json,,stovetop,,,vocab_gap:no_boil_action,FLAG
turn_on,00031-Wo6kuutE9i7\tasks-island_0.json,,stovetop,,,vocab_gap:no_boil_action,FLAG
turn_on,00031-Wo6kuutE9i7\tasks-island_0.json,,stovetop,,,vocab_gap:no_boil_action,FLAG
turn_on,00031-Wo6kuutE9i7\tasks-island_0.json,,stovetop,,,vocab_gap:no_boil_action,FLAG
turn_on,00031-Wo6kuutE9i7\tasks-island_0.json,,kettle,,,vocab_gap:no_boil_action,FLAG
turn_on,00031-Wo6kuutE9i7\tasks-island_0.json,,kettle,,,vocab_gap:no_boil_action,FLAG
,00033-oPj9qMxrDEa\tasks-island_0.json,Fill the shampoo.,,Fill the shampoo dispenser.,dispenser not in labels; reverted to 'shampoo',,GROUNDING_FIX
,00033-oPj9qMxrDEa\tasks-island_0.json,Fill the shampoo.,,Fill the shampoo dispenser.,dispenser not in labels; reverted to 'shampoo',,GROUNDING_FIX
,00033-oPj9qMxrDEa\tasks-island_0.json,Fill the shampoo.,,Fill the shampoo dispenser.,dispenser not in labels; reverted to 'shampoo',,GROUNDING_FIX
turn_on,00034-6imZUJGRUq4\tasks-island_0.json,,fireplace,,,vocab_gap:no_ignite_action,FLAG
turn_on,00034-6imZUJGRUq4\tasks-island_0.json,,fireplace,,,vocab_gap:no_ignite_action,FLAG
turn_on,00034-6imZUJGRUq4\tasks-island_0.json,,fireplace,,,vocab_gap:no_ignite_action,FLAG
turn_on,00034-6imZUJGRUq4\tasks-island_0.json,,fireplace,,,vocab_gap:no_ignite_action,FLAG
turn_on,00034-6imZUJGRUq4\tasks-island_0.json,,fireplace,,,vocab_gap:no_ignite_action,FLAG
turn_on,00034-6imZUJGRUq4\tasks-island_0.json,,fireplace,,,vocab_gap:no_ignite_action,FLAG
turn_on,00035-3XYAD64HpDr\tasks-island_1.json,,oven and stove,,,vocab_gap:no_boil_action,FLAG
turn_on,00035-3XYAD64HpDr\tasks-island_1.json,,oven and stove,,,vocab_gap:no_boil_action,FLAG
turn_on,00035-3XYAD64HpDr\tasks-island_1.json,,oven and stove,,,vocab_gap:no_boil_action,FLAG
turn_on,00035-3XYAD64HpDr\tasks-island_1.json,,oven and stove,,,vocab_gap:no_boil_action,FLAG
turn_on,00055-HxmXPBbFCkH\tasks-island_1.json,,stove,,,vocab_gap:no_boil_action,FLAG
turn_on,00055-HxmXPBbFCkH\tasks-island_1.json,,stove,,,vocab_gap:no_boil_action,FLAG
turn_on,00055-HxmXPBbFCkH\tasks-island_1.json,,stove,,,vocab_gap:no_boil_action,FLAG
turn_on,00055-HxmXPBbFCkH\tasks-island_1.json,,stove,,,vocab_gap:no_boil_action,FLAG
turn_on,00055-HxmXPBbFCkH\tasks-island_1.json,,stove,,,vocab_gap:no_boil_action,FLAG
,00057-1UnKg1rAb8A\tasks-island_0.json,Fill the shampoo.,,Fill the shampoo dispenser.,dispenser not in labels; reverted to 'shampoo',,GROUNDING_FIX
,00057-1UnKg1rAb8A\tasks-island_0.json,Fill the shampoo.,,Fill the shampoo dispenser.,dispenser not in labels; reverted to 'shampoo',,GROUNDING_FIX
,00062-ACZZiU6BXLz\tasks-island_0.json,Fill the shampoo.,,Fill the shampoo dispenser.,dispenser not in labels; reverted to 'shampoo',,GROUNDING_FIX
,00062-ACZZiU6BXLz\tasks-island_0.json,Fill the shampoo.,,Fill the shampoo dispenser.,dispenser not in labels; reverted to 'shampoo',,GROUNDING_FIX
turn_on,00064-gQgtJ9Stk5s\tasks-island_0.json,,fireplace,,,vocab_gap:no_ignite_action,FLAG
turn_on,00064-gQgtJ9Stk5s\tasks-island_0.json,,fireplace,,,vocab_gap:no_ignite_action,FLAG
turn_on,00064-gQgtJ9Stk5s\tasks-island_0.json,,fireplace,,,vocab_gap:no_ignite_action,FLAG
turn_on,00064-gQgtJ9Stk5s\tasks-island_0.json,,stovetop,,,vocab_gap:no_boil_action,FLAG
turn_on,00064-gQgtJ9Stk5s\tasks-island_0.json,,fireplace,,,vocab_gap:no_ignite_action,FLAG
turn_on,00064-gQgtJ9Stk5s\tasks-island_0.json,,fireplace,,,vocab_gap:no_ignite_action,FLAG
turn_on,00064-gQgtJ9Stk5s\tasks-island_0.json,,fireplace,,,vocab_gap:no_ignite_action,FLAG
turn_on,00064-gQgtJ9Stk5s\tasks-island_0.json,,fireplace,,,vocab_gap:no_ignite_action,FLAG
turn_on,00081-5biL7VEkByM\tasks-island_1.json,,fireplace,,,vocab_gap:no_ignite_action,FLAG
turn_on,00081-5biL7VEkByM\tasks-island_1.json,,fireplace,,,vocab_gap:no_ignite_action,FLAG
turn_on,00081-5biL7VEkByM\tasks-island_1.json,,fireplace,,,vocab_gap:no_ignite_action,FLAG
turn_on,00081-5biL7VEkByM\tasks-island_1.json,,fireplace,,,vocab_gap:no_ignite_action,FLAG
turn_on,00081-5biL7VEkByM\tasks-island_1.json,,fireplace,,,vocab_gap:no_ignite_action,FLAG
turn_on,00081-5biL7VEkByM\tasks-island_1.json,,fireplace,,,vocab_gap:no_ignite_action,FLAG
turn_on,00081-5biL7VEkByM\tasks-island_1.json,,fireplace,,,vocab_gap:no_ignite_action,FLAG
turn_on,00081-5biL7VEkByM\tasks-island_1.json,,fireplace,,,vocab_gap:no_ignite_action,FLAG
turn_on,00081-5biL7VEkByM\tasks-island_1.json,,fireplace,,,vocab_gap:no_ignite_action,FLAG
turn_on,00081-5biL7VEkByM\tasks-island_1.json,,fireplace,,,vocab_gap:no_ignite_action,FLAG
turn_on,00087-YY8rqV6L6rf\tasks-island_2.json,,kettle,,,vocab_gap:no_boil_action,FLAG
turn_on,00087-YY8rqV6L6rf\tasks-island_2.json,,stove,,,vocab_gap:no_boil_action,FLAG
turn_on,00087-YY8rqV6L6rf\tasks-island_2.json,,kettle,,,vocab_gap:no_boil_action,FLAG
turn_on,00087-YY8rqV6L6rf\tasks-island_2.json,,kettle,,,vocab_gap:no_boil_action,FLAG
turn_on,00087-YY8rqV6L6rf\tasks-island_2.json,,stove,,,vocab_gap:no_boil_action,FLAG
turn_on,00087-YY8rqV6L6rf\tasks-island_2.json,,stove,,,vocab_gap:no_boil_action,FLAG
turn_on,00087-YY8rqV6L6rf\tasks-island_2.json,,kettle,,,vocab_gap:no_boil_action,FLAG
turn_on,00087-YY8rqV6L6rf\tasks-island_2.json,,kettle,,,vocab_gap:no_boil_action,FLAG
turn_on,00087-YY8rqV6L6rf\tasks-island_2.json,,kettle,,,vocab_gap:no_boil_action,FLAG
turn_on,00087-YY8rqV6L6rf\tasks-island_2.json,,stove,,,vocab_gap:no_boil_action,FLAG
turn_on,00087-YY8rqV6L6rf\tasks-island_2.json,,stove,,,vocab_gap:no_boil_action,FLAG
turn_on,00096-6HRFAUDqpTb\tasks-island_0.json,,kettle,,,vocab_gap:no_boil_action,FLAG
turn_on,00096-6HRFAUDqpTb\tasks-island_0.json,,kettle,,,vocab_gap:no_boil_action,FLAG
turn_on,00108-oStKKWkQ1id\tasks-island_0.json,,kettle,,,vocab_gap:no_boil_action,FLAG
turn_on,00108-oStKKWkQ1id\tasks-island_0.json,,kettle,,,vocab_gap:no_boil_action,FLAG
turn_on,00108-oStKKWkQ1id\tasks-island_0.json,,kettle,,,vocab_gap:no_boil_action,FLAG
turn_on,00108-oStKKWkQ1id\tasks-island_0.json,,kettle,,,vocab_gap:no_boil_action,FLAG
turn_on,00108-oStKKWkQ1id\tasks-island_0.json,,kettle,,,vocab_gap:no_boil_action,FLAG
turn_on,00108-oStKKWkQ1id\tasks-island_0.json,,kettle,,,vocab_gap:no_boil_action,FLAG
turn_on,00108-oStKKWkQ1id\tasks-island_0.json,,kettle,,,vocab_gap:no_boil_action,FLAG
turn_on,00108-oStKKWkQ1id\tasks-island_0.json,,kettle,,,vocab_gap:no_boil_action,FLAG
turn_on,00108-oStKKWkQ1id\tasks-island_0.json,,kettle,,,vocab_gap:no_boil_action,FLAG
turn_on,00109-GTV2Y73Sn5t\tasks-island_0.json,,kettle,,,vocab_gap:no_boil_action,FLAG
turn_on,00109-GTV2Y73Sn5t\tasks-island_0.json,,kettle,,,vocab_gap:no_boil_action,FLAG
turn_on,00109-GTV2Y73Sn5t\tasks-island_0.json,,kettle,,,vocab_gap:no_boil_action,FLAG
turn_on,00109-GTV2Y73Sn5t\tasks-island_0.json,,kettle,,,vocab_gap:no_boil_action,FLAG
turn_on,00109-GTV2Y73Sn5t\tasks-island_0.json,,kettle,,,vocab_gap:no_boil_action,FLAG
turn_on,00109-GTV2Y73Sn5t\tasks-island_0.json,,kettle,,,vocab_gap:no_boil_action,FLAG
turn_on,00135-HeSYRw7eMtG\tasks-island_0.json,,stove,,,vocab_gap:no_boil_action,FLAG
turn_on,00135-HeSYRw7eMtG\tasks-island_0.json,,fireplace,,,vocab_gap:no_ignite_action,FLAG
,00135-HeSYRw7eMtG\tasks-island_0.json,Fill the shampoo.,,Fill the shampoo dispenser.,dispenser not in labels; reverted to 'shampoo',,GROUNDING_FIX
turn_on,00135-HeSYRw7eMtG\tasks-island_0.json,,fireplace,,,vocab_gap:no_ignite_action,FLAG
turn_on,00135-HeSYRw7eMtG\tasks-island_0.json,,fireplace,,,vocab_gap:no_ignite_action,FLAG
turn_on,00135-HeSYRw7eMtG\tasks-island_0.json,,fireplace,,,vocab_gap:no_ignite_action,FLAG
turn_on,00135-HeSYRw7eMtG\tasks-island_0.json,,fireplace,,,vocab_gap:no_ignite_action,FLAG
turn_on,00135-HeSYRw7eMtG\tasks-island_0.json,,stove,,,vocab_gap:no_boil_action,FLAG
turn_on,00135-HeSYRw7eMtG\tasks-island_0.json,,fireplace,,,vocab_gap:no_ignite_action,FLAG
,00135-HeSYRw7eMtG\tasks-island_0.json,Fill the shampoo.,,Fill the shampoo dispenser.,dispenser not in labels; reverted to 'shampoo',,GROUNDING_FIX
turn_on,00135-HeSYRw7eMtG\tasks-island_0.json,,stove,,,vocab_gap:no_boil_action,FLAG
turn_on,00135-HeSYRw7eMtG\tasks-island_0.json,,fireplace,,,vocab_gap:no_ignite_action,FLAG
turn_on,00135-HeSYRw7eMtG\tasks-island_0.json,,fireplace,,,vocab_gap:no_ignite_action,FLAG
turn_on,00135-HeSYRw7eMtG\tasks-island_0.json,,stove,,,vocab_gap:no_boil_action,FLAG
turn_on,00135-HeSYRw7eMtG\tasks-island_0.json,,stove,,,vocab_gap:no_boil_action,FLAG
turn_on,00135-HeSYRw7eMtG\tasks-island_0.json,,fireplace,,,vocab_gap:no_ignite_action,FLAG
turn_on,00135-HeSYRw7eMtG\tasks-island_0.json,,stove,,,vocab_gap:no_boil_action,FLAG
turn_on,00135-HeSYRw7eMtG\tasks-island_0.json,,stove,,,vocab_gap:no_boil_action,FLAG
turn_on,00135-HeSYRw7eMtG\tasks-island_0.json,,fireplace,,,vocab_gap:no_ignite_action,FLAG
turn_on,00135-HeSYRw7eMtG\tasks-island_0.json,,fireplace,,,vocab_gap:no_ignite_action,FLAG
turn_on,00135-HeSYRw7eMtG\tasks-island_0.json,,fireplace,,,vocab_gap:no_ignite_action,FLAG
,00135-HeSYRw7eMtG\tasks-island_0.json,Fill the shampoo.,,Fill the shampoo dispenser.,dispenser not in labels; reverted to 'shampoo',,GROUNDING_FIX
turn_on,00141-iigzG1rtanx\tasks-island_1.json,,oven and stove,,,vocab_gap:no_boil_action,FLAG
turn_on,00141-iigzG1rtanx\tasks-island_1.json,,fireplace,,,vocab_gap:no_ignite_action,FLAG
turn_on,00141-iigzG1rtanx\tasks-island_1.json,,oven and stove,,,vocab_gap:no_boil_action,FLAG
turn_on,00141-iigzG1rtanx\tasks-island_1.json,,fireplace,,,vocab_gap:no_ignite_action,FLAG
turn_on,00141-iigzG1rtanx\tasks-island_1.json,,fireplace,,,vocab_gap:no_ignite_action,FLAG
turn_on,00141-iigzG1rtanx\tasks-island_1.json,,oven and stove,,,vocab_gap:no_boil_action,FLAG
turn_on,00141-iigzG1rtanx\tasks-island_1.json,,fireplace,,,vocab_gap:no_ignite_action,FLAG
turn_on,00141-iigzG1rtanx\tasks-island_1.json,,fireplace,,,vocab_gap:no_ignite_action,FLAG
turn_on,00141-iigzG1rtanx\tasks-island_1.json,,fireplace,,,vocab_gap:no_ignite_action,FLAG
,00143-5Kw4nGdqYtS\tasks-island_0.json,Fill the liquid soap.,,Fill the liquid soap dispenser.,dispenser not in labels; reverted to 'liquid soap',,GROUNDING_FIX
turn_on,00143-5Kw4nGdqYtS\tasks-island_0.json,,fireplace,,,vocab_gap:no_ignite_action,FLAG
,00143-5Kw4nGdqYtS\tasks-island_0.json,Fill the liquid soap.,,Fill the liquid soap dispenser.,dispenser not in labels; reverted to 'liquid soap',,GROUNDING_FIX
turn_on,00143-5Kw4nGdqYtS\tasks-island_0.json,,fireplace,,,vocab_gap:no_ignite_action,FLAG
,00143-5Kw4nGdqYtS\tasks-island_0.json,Fill the liquid soap.,,Fill the liquid soap dispenser.,dispenser not in labels; reverted to 'liquid soap',,GROUNDING_FIX
turn_on,00143-5Kw4nGdqYtS\tasks-island_0.json,,fireplace,,,vocab_gap:no_ignite_action,FLAG
,00143-5Kw4nGdqYtS\tasks-island_0.json,Fill the shampoo.,,Fill the shampoo dispenser.,dispenser not in labels; reverted to 'shampoo',,GROUNDING_FIX
,00143-5Kw4nGdqYtS\tasks-island_0.json,Fill the liquid soap.,,Fill the liquid soap dispenser.,dispenser not in labels; reverted to 'liquid soap',,GROUNDING_FIX
,00143-5Kw4nGdqYtS\tasks-island_0.json,Fill the liquid soap.,,Fill the liquid soap dispenser.,dispenser not in labels; reverted to 'liquid soap',,GROUNDING_FIX
turn_on,00143-5Kw4nGdqYtS\tasks-island_0.json,,kettle,,,vocab_gap:no_boil_action,FLAG
turn_on,00143-5Kw4nGdqYtS\tasks-island_0.json,,fireplace,,,vocab_gap:no_ignite_action,FLAG
turn_on,00143-5Kw4nGdqYtS\tasks-island_0.json,,kettle,,,vocab_gap:no_boil_action,FLAG
turn_on,00143-5Kw4nGdqYtS\tasks-island_0.json,,fireplace,,,vocab_gap:no_ignite_action,FLAG
,00143-5Kw4nGdqYtS\tasks-island_0.json,Fill the liquid soap.,,Fill the liquid soap dispenser.,dispenser not in labels; reverted to 'liquid soap',,GROUNDING_FIX
turn_on,00143-5Kw4nGdqYtS\tasks-island_0.json,,fireplace,,,vocab_gap:no_ignite_action,FLAG
,00143-5Kw4nGdqYtS\tasks-island_0.json,Fill the liquid soap.,,Fill the liquid soap dispenser.,dispenser not in labels; reverted to 'liquid soap',,GROUNDING_FIX
,00143-5Kw4nGdqYtS\tasks-island_0.json,Fill the liquid soap.,,Fill the liquid soap dispenser.,dispenser not in labels; reverted to 'liquid soap',,GROUNDING_FIX
,00143-5Kw4nGdqYtS\tasks-island_0.json,Fill the liquid soap.,,Fill the liquid soap dispenser.,dispenser not in labels; reverted to 'liquid soap',,GROUNDING_FIX
,00143-5Kw4nGdqYtS\tasks-island_0.json,Fill the liquid soap.,,Fill the liquid soap dispenser.,dispenser not in labels; reverted to 'liquid soap',,GROUNDING_FIX
,00143-5Kw4nGdqYtS\tasks-island_0.json,Fill the liquid soap.,,Fill the liquid soap dispenser.,dispenser not in labels; reverted to 'liquid soap',,GROUNDING_FIX
,00143-5Kw4nGdqYtS\tasks-island_0.json,Fill the liquid soap.,,Fill the liquid soap dispenser.,dispenser not in labels; reverted to 'liquid soap',,GROUNDING_FIX
turn_on,00143-5Kw4nGdqYtS\tasks-island_0.json,,kettle,,,vocab_gap:no_boil_action,FLAG
,00143-5Kw4nGdqYtS\tasks-island_0.json,Fill the liquid soap.,,Fill the liquid soap dispenser.,dispenser not in labels; reverted to 'liquid soap',,GROUNDING_FIX
turn_on,00143-5Kw4nGdqYtS\tasks-island_0.json,,kettle,,,vocab_gap:no_boil_action,FLAG
,00143-5Kw4nGdqYtS\tasks-island_0.json,Fill the liquid soap.,,Fill the liquid soap dispenser.,dispenser not in labels; reverted to 'liquid soap',,GROUNDING_FIX
,00143-5Kw4nGdqYtS\tasks-island_0.json,Fill the liquid soap.,,Fill the liquid soap dispenser.,dispenser not in labels; reverted to 'liquid soap',,GROUNDING_FIX
turn_on,00143-5Kw4nGdqYtS\tasks-island_0.json,,fireplace,,,vocab_gap:no_ignite_action,FLAG
turn_on,00143-5Kw4nGdqYtS\tasks-island_0.json,,fireplace,,,vocab_gap:no_ignite_action,FLAG
,00143-5Kw4nGdqYtS\tasks-island_0.json,Fill the liquid soap.,,Fill the liquid soap dispenser.,dispenser not in labels; reverted to 'liquid soap',,GROUNDING_FIX
,00143-5Kw4nGdqYtS\tasks-island_0.json,Fill the liquid soap.,,Fill the liquid soap dispenser.,dispenser not in labels; reverted to 'liquid soap',,GROUNDING_FIX
turn_on,00143-5Kw4nGdqYtS\tasks-island_0.json,,kettle,,,vocab_gap:no_boil_action,FLAG
,00143-5Kw4nGdqYtS\tasks-island_0.json,Fill the liquid soap.,,Fill the liquid soap dispenser.,dispenser not in labels; reverted to 'liquid soap',,GROUNDING_FIX
turn_on,00150-LcAd9dhvVwh\tasks-island_0.json,,fireplace,,,vocab_gap:no_ignite_action,FLAG
turn_on,00150-LcAd9dhvVwh\tasks-island_0.json,,fireplace,,,vocab_gap:no_ignite_action,FLAG
turn_on,00150-LcAd9dhvVwh\tasks-island_0.json,,fireplace,,,vocab_gap:no_ignite_action,FLAG
turn_on,00150-LcAd9dhvVwh\tasks-island_0.json,,fireplace,,,vocab_gap:no_ignite_action,FLAG
turn_on,00150-LcAd9dhvVwh\tasks-island_0.json,,fireplace,,,vocab_gap:no_ignite_action,FLAG
turn_on,00150-LcAd9dhvVwh\tasks-island_0.json,,fireplace,,,vocab_gap:no_ignite_action,FLAG
turn_on,00150-LcAd9dhvVwh\tasks-island_0.json,,fireplace,,,vocab_gap:no_ignite_action,FLAG
turn_on,00150-LcAd9dhvVwh\tasks-island_0.json,,fireplace,,,vocab_gap:no_ignite_action,FLAG
turn_on,00150-LcAd9dhvVwh\tasks-island_0.json,,fireplace,,,vocab_gap:no_ignite_action,FLAG
turn_on,00150-LcAd9dhvVwh\tasks-island_0.json,,fireplace,,,vocab_gap:no_ignite_action,FLAG
turn_on,00150-LcAd9dhvVwh\tasks-island_0.json,,fireplace,,,vocab_gap:no_ignite_action,FLAG
turn_on,00150-LcAd9dhvVwh\tasks-island_0.json,,fireplace,,,vocab_gap:no_ignite_action,FLAG
turn_on,00150-LcAd9dhvVwh\tasks-island_0.json,,fireplace,,,vocab_gap:no_ignite_action,FLAG
turn_on,00150-LcAd9dhvVwh\tasks-island_0.json,,fireplace,,,vocab_gap:no_ignite_action,FLAG
turn_on,00150-LcAd9dhvVwh\tasks-island_0.json,,fireplace,,,vocab_gap:no_ignite_action,FLAG
turn_on,00150-LcAd9dhvVwh\tasks-island_0.json,,fireplace,,,vocab_gap:no_ignite_action,FLAG
turn_on,00150-LcAd9dhvVwh\tasks-island_0.json,,fireplace,,,vocab_gap:no_ignite_action,FLAG
turn_on,00155-iLDo95ZbDJq\tasks-island_0.json,,fireplace,,,vocab_gap:no_ignite_action,FLAG
turn_on,00155-iLDo95ZbDJq\tasks-island_0.json,,kettle,,,vocab_gap:no_boil_action,FLAG
turn_on,00155-iLDo95ZbDJq\tasks-island_0.json,,kettle,,,vocab_gap:no_boil_action,FLAG
turn_on,00155-iLDo95ZbDJq\tasks-island_0.json,,kettle,,,vocab_gap:no_boil_action,FLAG
turn_on,00155-iLDo95ZbDJq\tasks-island_0.json,,kettle,,,vocab_gap:no_boil_action,FLAG
turn_on,00155-iLDo95ZbDJq\tasks-island_0.json,,kettle,,,vocab_gap:no_boil_action,FLAG
turn_on,00155-iLDo95ZbDJq\tasks-island_0.json,,fireplace,,,vocab_gap:no_ignite_action,FLAG
turn_on,00155-iLDo95ZbDJq\tasks-island_0.json,,fireplace,,,vocab_gap:no_ignite_action,FLAG
turn_on,00155-iLDo95ZbDJq\tasks-island_0.json,,kettle,,,vocab_gap:no_boil_action,FLAG
turn_on,00155-iLDo95ZbDJq\tasks-island_0.json,,fireplace,,,vocab_gap:no_ignite_action,FLAG
turn_on,00155-iLDo95ZbDJq\tasks-island_0.json,,kettle,,,vocab_gap:no_boil_action,FLAG
turn_on,00155-iLDo95ZbDJq\tasks-island_0.json,,fireplace,,,vocab_gap:no_ignite_action,FLAG
turn_on,00155-iLDo95ZbDJq\tasks-island_0.json,,kettle,,,vocab_gap:no_boil_action,FLAG
turn_on,00155-iLDo95ZbDJq\tasks-island_0.json,,fireplace,,,vocab_gap:no_ignite_action,FLAG
turn_on,00155-iLDo95ZbDJq\tasks-island_0.json,,fireplace,,,vocab_gap:no_ignite_action,FLAG
turn_on,00155-iLDo95ZbDJq\tasks-island_0.json,,kettle,,,vocab_gap:no_boil_action,FLAG
turn_on,00155-iLDo95ZbDJq\tasks-island_0.json,,fireplace,,,vocab_gap:no_ignite_action,FLAG
turn_on,00155-iLDo95ZbDJq\tasks-island_0.json,,kettle,,,vocab_gap:no_boil_action,FLAG
turn_on,00155-iLDo95ZbDJq\tasks-island_0.json,,kettle,,,vocab_gap:no_boil_action,FLAG
turn_on,00155-iLDo95ZbDJq\tasks-island_0.json,,kettle,,,vocab_gap:no_boil_action,FLAG
turn_on,00155-iLDo95ZbDJq\tasks-island_0.json,,kettle,,,vocab_gap:no_boil_action,FLAG
turn_on,00155-iLDo95ZbDJq\tasks-island_0.json,,fireplace,,,vocab_gap:no_ignite_action,FLAG
turn_on,00155-iLDo95ZbDJq\tasks-island_0.json,,kettle,,,vocab_gap:no_boil_action,FLAG
turn_on,00164-XfUxBGTFQQb\tasks-island_0.json,,fireplace,,,vocab_gap:no_ignite_action,FLAG
turn_on,00164-XfUxBGTFQQb\tasks-island_0.json,,fireplace,,,vocab_gap:no_ignite_action,FLAG
turn_on,00164-XfUxBGTFQQb\tasks-island_0.json,,oven and stove,,,vocab_gap:no_boil_action,FLAG
,00164-XfUxBGTFQQb\tasks-island_0.json,Fill the shampoo.,,Fill the shampoo dispenser.,dispenser not in labels; reverted to 'shampoo',,GROUNDING_FIX
turn_on,00164-XfUxBGTFQQb\tasks-island_0.json,,fireplace tool set,,,vocab_gap:no_ignite_action,FLAG
turn_on,00164-XfUxBGTFQQb\tasks-island_0.json,,fireplace,,,vocab_gap:no_ignite_action,FLAG
,00164-XfUxBGTFQQb\tasks-island_0.json,Fill the shampoo.,,Fill the shampoo dispenser.,dispenser not in labels; reverted to 'shampoo',,GROUNDING_FIX
turn_on,00166-RaYrxWt5pR1\tasks-island_0.json,,fireplace,,,vocab_gap:no_ignite_action,FLAG
turn_on,00166-RaYrxWt5pR1\tasks-island_0.json,,fireplace,,,vocab_gap:no_ignite_action,FLAG
turn_on,00166-RaYrxWt5pR1\tasks-island_0.json,,fireplace,,,vocab_gap:no_ignite_action,FLAG
turn_on,00166-RaYrxWt5pR1\tasks-island_0.json,,fireplace,,,vocab_gap:no_ignite_action,FLAG
turn_on,00166-RaYrxWt5pR1\tasks-island_0.json,,fireplace,,,vocab_gap:no_ignite_action,FLAG
turn_on,00166-RaYrxWt5pR1\tasks-island_0.json,,fireplace,,,vocab_gap:no_ignite_action,FLAG
turn_on,00166-RaYrxWt5pR1\tasks-island_0.json,,fireplace,,,vocab_gap:no_ignite_action,FLAG
turn_on,00172-bB6nKqfsb1z\tasks-island_0.json,,stove,,,vocab_gap:no_boil_action,FLAG
turn_on,00172-bB6nKqfsb1z\tasks-island_0.json,,fireplace,,,vocab_gap:no_ignite_action,FLAG
turn_on,00172-bB6nKqfsb1z\tasks-island_0.json,,fireplace,,,vocab_gap:no_ignite_action,FLAG
turn_on,00172-bB6nKqfsb1z\tasks-island_0.json,,fireplace,,,vocab_gap:no_ignite_action,FLAG
turn_on,00172-bB6nKqfsb1z\tasks-island_0.json,,stove,,,vocab_gap:no_boil_action,FLAG
turn_on,00172-bB6nKqfsb1z\tasks-island_0.json,,stove,,,vocab_gap:no_boil_action,FLAG
turn_on,00172-bB6nKqfsb1z\tasks-island_0.json,,stove,,,vocab_gap:no_boil_action,FLAG
turn_on,00172-bB6nKqfsb1z\tasks-island_0.json,,fireplace,,,vocab_gap:no_ignite_action,FLAG
turn_on,00172-bB6nKqfsb1z\tasks-island_0.json,,fireplace,,,vocab_gap:no_ignite_action,FLAG
turn_on,00172-bB6nKqfsb1z\tasks-island_0.json,,fireplace,,,vocab_gap:no_ignite_action,FLAG
turn_on,00172-bB6nKqfsb1z\tasks-island_0.json,,fireplace,,,vocab_gap:no_ignite_action,FLAG
turn_on,00172-bB6nKqfsb1z\tasks-island_0.json,,stove,,,vocab_gap:no_boil_action,FLAG
turn_on,00172-bB6nKqfsb1z\tasks-island_0.json,,fireplace,,,vocab_gap:no_ignite_action,FLAG
turn_on,00172-bB6nKqfsb1z\tasks-island_0.json,,fireplace,,,vocab_gap:no_ignite_action,FLAG
turn_on,00172-bB6nKqfsb1z\tasks-island_0.json,,stove,,,vocab_gap:no_boil_action,FLAG
turn_on,00172-bB6nKqfsb1z\tasks-island_0.json,,fireplace,,,vocab_gap:no_ignite_action,FLAG
turn_on,00172-bB6nKqfsb1z\tasks-island_0.json,,stove,,,vocab_gap:no_boil_action,FLAG
turn_on,00172-bB6nKqfsb1z\tasks-island_0.json,,stove,,,vocab_gap:no_boil_action,FLAG
turn_on,00172-bB6nKqfsb1z\tasks-island_0.json,,fireplace,,,vocab_gap:no_ignite_action,FLAG
turn_on,00172-bB6nKqfsb1z\tasks-island_0.json,,fireplace,,,vocab_gap:no_ignite_action,FLAG
turn_on,00172-bB6nKqfsb1z\tasks-island_0.json,,fireplace,,,vocab_gap:no_ignite_action,FLAG
turn_on,00172-bB6nKqfsb1z\tasks-island_0.json,,fireplace,,,vocab_gap:no_ignite_action,FLAG
turn_on,00172-bB6nKqfsb1z\tasks-island_0.json,,fireplace,,,vocab_gap:no_ignite_action,FLAG
turn_on,00172-bB6nKqfsb1z\tasks-island_0.json,,stove,,,vocab_gap:no_boil_action,FLAG
turn_on,00172-bB6nKqfsb1z\tasks-island_0.json,,fireplace,,,vocab_gap:no_ignite_action,FLAG
turn_on,00172-bB6nKqfsb1z\tasks-island_0.json,,stove,,,vocab_gap:no_boil_action,FLAG
turn_on,00172-bB6nKqfsb1z\tasks-island_0.json,,fireplace,,,vocab_gap:no_ignite_action,FLAG
turn_on,00172-bB6nKqfsb1z\tasks-island_0.json,,stove,,,vocab_gap:no_boil_action,FLAG
turn_on,00173-qZ4B7U6XE5Y\tasks-island_0.json,,kettle,,,vocab_gap:no_boil_action,FLAG
turn_on,00173-qZ4B7U6XE5Y\tasks-island_0.json,,kettle,,,vocab_gap:no_boil_action,FLAG
turn_on,00173-qZ4B7U6XE5Y\tasks-island_0.json,,kettle,,,vocab_gap:no_boil_action,FLAG
turn_on,00173-qZ4B7U6XE5Y\tasks-island_0.json,,kettle,,,vocab_gap:no_boil_action,FLAG
turn_on,00173-qZ4B7U6XE5Y\tasks-island_0.json,,kettle,,,vocab_gap:no_boil_action,FLAG
turn_on,00173-qZ4B7U6XE5Y\tasks-island_0.json,,kettle,,,vocab_gap:no_boil_action,FLAG
turn_on,00173-qZ4B7U6XE5Y\tasks-island_0.json,,kettle,,,vocab_gap:no_boil_action,FLAG
turn_on,00173-qZ4B7U6XE5Y\tasks-island_0.json,,kettle,,,vocab_gap:no_boil_action,FLAG
turn_on,00173-qZ4B7U6XE5Y\tasks-island_0.json,,kettle,,,vocab_gap:no_boil_action,FLAG
turn_on,00173-qZ4B7U6XE5Y\tasks-island_1.json,,oven and stove,,,vocab_gap:no_boil_action,FLAG
turn_on,00177-VSxVP19Cdyw\tasks-island_0.json,,fireplace,,,vocab_gap:no_ignite_action,FLAG
turn_on,00177-VSxVP19Cdyw\tasks-island_0.json,,fireplace,,,vocab_gap:no_ignite_action,FLAG
turn_on,00177-VSxVP19Cdyw\tasks-island_0.json,,fireplace,,,vocab_gap:no_ignite_action,FLAG
turn_on,00177-VSxVP19Cdyw\tasks-island_0.json,,fireplace,,,vocab_gap:no_ignite_action,FLAG
turn_on,00177-VSxVP19Cdyw\tasks-island_0.json,,kettle,,,vocab_gap:no_boil_action,FLAG
turn_on,00177-VSxVP19Cdyw\tasks-island_0.json,,kettle,,,vocab_gap:no_boil_action,FLAG
turn_on,00177-VSxVP19Cdyw\tasks-island_0.json,,fireplace,,,vocab_gap:no_ignite_action,FLAG
turn_on,00177-VSxVP19Cdyw\tasks-island_0.json,,fireplace,,,vocab_gap:no_ignite_action,FLAG
turn_on,00177-VSxVP19Cdyw\tasks-island_0.json,,kettle,,,vocab_gap:no_boil_action,FLAG
turn_on,00177-VSxVP19Cdyw\tasks-island_0.json,,kettle,,,vocab_gap:no_boil_action,FLAG
turn_on,00177-VSxVP19Cdyw\tasks-island_0.json,,fireplace,,,vocab_gap:no_ignite_action,FLAG
turn_on,00177-VSxVP19Cdyw\tasks-island_0.json,,kettle,,,vocab_gap:no_boil_action,FLAG
,00203-VoVGtfYrpuQ\tasks-island_0.json,Fill the shampoo.,,Fill the shampoo dispenser.,dispenser not in labels; reverted to 'shampoo',,GROUNDING_FIX
,00203-VoVGtfYrpuQ\tasks-island_0.json,Fill the shampoo.,,Fill the shampoo dispenser.,dispenser not in labels; reverted to 'shampoo',,GROUNDING_FIX
turn_on,00203-VoVGtfYrpuQ\tasks-island_0.json,,cooker,,,vocab_gap:no_boil_action,FLAG
turn_on,00207-FRQ75PjD278\tasks-island_0.json,,kettle,,,vocab_gap:no_boil_action,FLAG
turn_on,00207-FRQ75PjD278\tasks-island_0.json,,cooker,,,vocab_gap:no_boil_action,FLAG
turn_on,00207-FRQ75PjD278\tasks-island_0.json,,stovetop,,,vocab_gap:no_boil_action,FLAG
turn_on,00207-FRQ75PjD278\tasks-island_0.json,,cooker,,,vocab_gap:no_boil_action,FLAG
turn_on,00207-FRQ75PjD278\tasks-island_0.json,,kettle,,,vocab_gap:no_boil_action,FLAG
turn_on,00207-FRQ75PjD278\tasks-island_0.json,,kettle,,,vocab_gap:no_boil_action,FLAG
turn_on,00207-FRQ75PjD278\tasks-island_0.json,,kettle,,,vocab_gap:no_boil_action,FLAG
turn_on,00207-FRQ75PjD278\tasks-island_0.json,,kettle,,,vocab_gap:no_boil_action,FLAG
turn_on,00207-FRQ75PjD278\tasks-island_0.json,,stovetop,,,vocab_gap:no_boil_action,FLAG
turn_on,00207-FRQ75PjD278\tasks-island_0.json,,kettle,,,vocab_gap:no_boil_action,FLAG
turn_on,00207-FRQ75PjD278\tasks-island_0.json,,kettle,,,vocab_gap:no_boil_action,FLAG
turn_on,00207-FRQ75PjD278\tasks-island_0.json,,cooker,,,vocab_gap:no_boil_action,FLAG
,00210-j2EJhFEQGCL\tasks-island_0.json,Fill the shampoo.,,Fill the shampoo dispenser.,dispenser not in labels; reverted to 'shampoo',,GROUNDING_FIX
,00210-j2EJhFEQGCL\tasks-island_0.json,Fill the shampoo.,,Fill the shampoo dispenser.,dispenser not in labels; reverted to 'shampoo',,GROUNDING_FIX
,00217-qz3829g1Lzf\tasks-island_0.json,Fill the shampoo.,,Fill the shampoo dispenser.,dispenser not in labels; reverted to 'shampoo',,GROUNDING_FIX
,00222-g8Xrdbe9fir\tasks-island_0.json,Turn on the bathtub.,,Turn on the bathtub faucet.,faucet not in labels; reverted to 'bathtub' + flagged,,GROUNDING_FIX+FLAG
turn_on,00222-g8Xrdbe9fir\tasks-island_0.json,,kettle,,,vocab_gap:no_boil_action,FLAG
turn_on,00234-nACV8wLu1u5\tasks-island_1.json,,fireplace,,,vocab_gap:no_ignite_action,FLAG
turn_on,00234-nACV8wLu1u5\tasks-island_1.json,,fireplace,,,vocab_gap:no_ignite_action,FLAG
turn_on,00234-nACV8wLu1u5\tasks-island_1.json,,fireplace,,,vocab_gap:no_ignite_action,FLAG
,00234-nACV8wLu1u5\tasks-island_1.json,Fill the shampoo.,,Fill the shampoo dispenser.,dispenser not in labels; reverted to 'shampoo',,GROUNDING_FIX
turn_on,00234-nACV8wLu1u5\tasks-island_1.json,,fireplace,,,vocab_gap:no_ignite_action,FLAG
turn_on,00234-nACV8wLu1u5\tasks-island_1.json,,fireplace,,,vocab_gap:no_ignite_action,FLAG
,00234-nACV8wLu1u5\tasks-island_1.json,Fill the shampoo.,,Fill the shampoo dispenser.,dispenser not in labels; reverted to 'shampoo',,GROUNDING_FIX
turn_on,00234-nACV8wLu1u5\tasks-island_1.json,,fireplace,,,vocab_gap:no_ignite_action,FLAG
turn_on,00234-nACV8wLu1u5\tasks-island_1.json,,fireplace,,,vocab_gap:no_ignite_action,FLAG
turn_on,00234-nACV8wLu1u5\tasks-island_1.json,,fireplace,,,vocab_gap:no_ignite_action,FLAG
turn_on,00234-nACV8wLu1u5\tasks-island_1.json,,fireplace,,,vocab_gap:no_ignite_action,FLAG
,00238-j6fHrce9pHR\tasks-island_0.json,Turn on the bathtub.,,Turn on the bathtub faucet.,faucet not in labels; reverted to 'bathtub' + flagged,,GROUNDING_FIX+FLAG
turn_on,00238-j6fHrce9pHR\tasks-island_0.json,,kettle,,,vocab_gap:no_boil_action,FLAG
,00238-j6fHrce9pHR\tasks-island_0.json,Turn on the bathtub.,,Turn on the bathtub faucet.,faucet not in labels; reverted to 'bathtub' + flagged,,GROUNDING_FIX+FLAG
turn_on,00238-j6fHrce9pHR\tasks-island_0.json,,kettle,,,vocab_gap:no_boil_action,FLAG
turn_on,00238-j6fHrce9pHR\tasks-island_0.json,,kettle,,,vocab_gap:no_boil_action,FLAG
turn_on,00238-j6fHrce9pHR\tasks-island_0.json,,kettle,,,vocab_gap:no_boil_action,FLAG
,00238-j6fHrce9pHR\tasks-island_0.json,Fill the shampoo.,,Fill the shampoo dispenser.,dispenser not in labels; reverted to 'shampoo',,GROUNDING_FIX
turn_on,00238-j6fHrce9pHR\tasks-island_0.json,,kettle,,,vocab_gap:no_boil_action,FLAG
turn_on,00238-j6fHrce9pHR\tasks-island_0.json,,kettle,,,vocab_gap:no_boil_action,FLAG
turn_on,00238-j6fHrce9pHR\tasks-island_0.json,,kettle,,,vocab_gap:no_boil_action,FLAG
turn_on,00238-j6fHrce9pHR\tasks-island_0.json,,kettle,,,vocab_gap:no_boil_action,FLAG
,00238-j6fHrce9pHR\tasks-island_0.json,Turn on the bathtub.,,Turn on the bathtub faucet.,faucet not in labels; reverted to 'bathtub' + flagged,,GROUNDING_FIX+FLAG
turn_on,00238-j6fHrce9pHR\tasks-island_0.json,,kettle,,,vocab_gap:no_boil_action,FLAG
turn_on,00238-j6fHrce9pHR\tasks-island_0.json,,kettle,,,vocab_gap:no_boil_action,FLAG
turn_on,00241-h6nwVLpAKQz\tasks-island_1.json,,fireplace,,,vocab_gap:no_ignite_action,FLAG
turn_on,00241-h6nwVLpAKQz\tasks-island_1.json,,fireplace,,,vocab_gap:no_ignite_action,FLAG
turn_on,00241-h6nwVLpAKQz\tasks-island_1.json,,fireplace,,,vocab_gap:no_ignite_action,FLAG
turn_on,00241-h6nwVLpAKQz\tasks-island_1.json,,fireplace,,,vocab_gap:no_ignite_action,FLAG
turn_on,00241-h6nwVLpAKQz\tasks-island_1.json,,fireplace,,,vocab_gap:no_ignite_action,FLAG
,00250-U3oQjwTuMX8\tasks-island_0.json,Fill the shampoo.,,Fill the shampoo dispenser.,dispenser not in labels; reverted to 'shampoo',,GROUNDING_FIX
,00250-U3oQjwTuMX8\tasks-island_0.json,Fill the shampoo.,,Fill the shampoo dispenser.,dispenser not in labels; reverted to 'shampoo',,GROUNDING_FIX
turn_on,00251-wsAYBFtQaL7\tasks-island_0.json,,fireplace,,,vocab_gap:no_ignite_action,FLAG
turn_on,00251-wsAYBFtQaL7\tasks-island_0.json,,fireplace,,,vocab_gap:no_ignite_action,FLAG
turn_on,00251-wsAYBFtQaL7\tasks-island_0.json,,kettle,,,vocab_gap:no_boil_action,FLAG
,00251-wsAYBFtQaL7\tasks-island_0.json,Turn on the bathtub.,,Turn on the bathtub faucet.,faucet not in labels; reverted to 'bathtub' + flagged,,GROUNDING_FIX+FLAG
turn_on,00251-wsAYBFtQaL7\tasks-island_0.json,,fireplace,,,vocab_gap:no_ignite_action,FLAG
turn_on,00251-wsAYBFtQaL7\tasks-island_0.json,,kettle,,,vocab_gap:no_boil_action,FLAG
,00251-wsAYBFtQaL7\tasks-island_0.json,Turn on the bathtub.,,Turn on the bathtub faucet.,faucet not in labels; reverted to 'bathtub' + flagged,,GROUNDING_FIX+FLAG
turn_on,00251-wsAYBFtQaL7\tasks-island_0.json,,fireplace,,,vocab_gap:no_ignite_action,FLAG
turn_on,00251-wsAYBFtQaL7\tasks-island_0.json,,fireplace,,,vocab_gap:no_ignite_action,FLAG
,00251-wsAYBFtQaL7\tasks-island_0.json,Fill the shampoo.,,Fill the shampoo dispenser.,dispenser not in labels; reverted to 'shampoo',,GROUNDING_FIX
turn_on,00251-wsAYBFtQaL7\tasks-island_0.json,,kettle,,,vocab_gap:no_boil_action,FLAG
,00251-wsAYBFtQaL7\tasks-island_0.json,Fill the shampoo.,,Fill the shampoo dispenser.,dispenser not in labels; reverted to 'shampoo',,GROUNDING_FIX
turn_on,00251-wsAYBFtQaL7\tasks-island_0.json,,fireplace,,,vocab_gap:no_ignite_action,FLAG
,00251-wsAYBFtQaL7\tasks-island_0.json,Fill the shampoo.,,Fill the shampoo dispenser.,dispenser not in labels; reverted to 'shampoo',,GROUNDING_FIX
,00251-wsAYBFtQaL7\tasks-island_0.json,Fill the shampoo.,,Fill the shampoo dispenser.,dispenser not in labels; reverted to 'shampoo',,GROUNDING_FIX
turn_on,00251-wsAYBFtQaL7\tasks-island_0.json,,kettle,,,vocab_gap:no_boil_action,FLAG
turn_on,00251-wsAYBFtQaL7\tasks-island_0.json,,fireplace,,,vocab_gap:no_ignite_action,FLAG
turn_on,00251-wsAYBFtQaL7\tasks-island_0.json,,kettle,,,vocab_gap:no_boil_action,FLAG
turn_on,00251-wsAYBFtQaL7\tasks-island_0.json,,fireplace,,,vocab_gap:no_ignite_action,FLAG
turn_on,00251-wsAYBFtQaL7\tasks-island_0.json,,kettle,,,vocab_gap:no_boil_action,FLAG
turn_on,00251-wsAYBFtQaL7\tasks-island_0.json,,kettle,,,vocab_gap:no_boil_action,FLAG
,00251-wsAYBFtQaL7\tasks-island_0.json,Fill the shampoo.,,Fill the shampoo dispenser.,dispenser not in labels; reverted to 'shampoo',,GROUNDING_FIX
turn_on,00251-wsAYBFtQaL7\tasks-island_0.json,,fireplace,,,vocab_gap:no_ignite_action,FLAG
turn_on,00251-wsAYBFtQaL7\tasks-island_0.json,,kettle,,,vocab_gap:no_boil_action,FLAG
turn_on,00251-wsAYBFtQaL7\tasks-island_0.json,,fireplace,,,vocab_gap:no_ignite_action,FLAG
turn_on,00251-wsAYBFtQaL7\tasks-island_0.json,,fireplace,,,vocab_gap:no_ignite_action,FLAG
turn_on,00254-YMNvYDhK8mB\tasks-island_1.json,,kettle,,,vocab_gap:no_boil_action,FLAG
turn_on,00254-YMNvYDhK8mB\tasks-island_1.json,,kettle,,,vocab_gap:no_boil_action,FLAG
turn_on,00254-YMNvYDhK8mB\tasks-island_1.json,,kettle,,,vocab_gap:no_boil_action,FLAG
,00254-YMNvYDhK8mB\tasks-island_1.json,Fill the shampoo.,,Fill the shampoo dispenser.,dispenser not in labels; reverted to 'shampoo',,GROUNDING_FIX
,00254-YMNvYDhK8mB\tasks-island_1.json,Fill the shampoo.,,Fill the shampoo dispenser.,dispenser not in labels; reverted to 'shampoo',,GROUNDING_FIX
turn_on,00254-YMNvYDhK8mB\tasks-island_1.json,,kettle,,,vocab_gap:no_boil_action,FLAG
turn_on,00255-NGyoyh91xXJ\tasks-island_0.json,,kettle,,,vocab_gap:no_boil_action,FLAG
turn_on,00255-NGyoyh91xXJ\tasks-island_0.json,,kettle,,,vocab_gap:no_boil_action,FLAG
turn_on,00255-NGyoyh91xXJ\tasks-island_0.json,,kettle,,,vocab_gap:no_boil_action,FLAG
turn_on,00258-2Pc8W48bu21\tasks-island_0.json,,kettle,,,vocab_gap:no_boil_action,FLAG
turn_on,00258-2Pc8W48bu21\tasks-island_0.json,,stove,,,vocab_gap:no_boil_action,FLAG
turn_on,00258-2Pc8W48bu21\tasks-island_0.json,,kettle,,,vocab_gap:no_boil_action,FLAG
turn_on,00258-2Pc8W48bu21\tasks-island_0.json,,stove,,,vocab_gap:no_boil_action,FLAG
turn_on,00258-2Pc8W48bu21\tasks-island_0.json,,stove,,,vocab_gap:no_boil_action,FLAG
turn_on,00263-GGBvSFddQgs\tasks-island_1.json,,stovetop,,,vocab_gap:no_boil_action,FLAG
turn_on,00263-GGBvSFddQgs\tasks-island_2.json,,fireplace,,,vocab_gap:no_ignite_action,FLAG
turn_on,00263-GGBvSFddQgs\tasks-island_2.json,,fireplace,,,vocab_gap:no_ignite_action,FLAG
turn_on,00263-GGBvSFddQgs\tasks-island_2.json,,fireplace,,,vocab_gap:no_ignite_action,FLAG
turn_on,00263-GGBvSFddQgs\tasks-island_2.json,,fireplace,,,vocab_gap:no_ignite_action,FLAG
turn_on,00263-GGBvSFddQgs\tasks-island_2.json,,fireplace,,,vocab_gap:no_ignite_action,FLAG
turn_on,00263-GGBvSFddQgs\tasks-island_2.json,,fireplace,,,vocab_gap:no_ignite_action,FLAG
turn_on,00263-GGBvSFddQgs\tasks-island_2.json,,fireplace,,,vocab_gap:no_ignite_action,FLAG
turn_on,00263-GGBvSFddQgs\tasks-island_2.json,,fireplace,,,vocab_gap:no_ignite_action,FLAG
turn_on,00269-JNiWU5TZLtt\tasks-island_0.json,,kettle,,,vocab_gap:no_boil_action,FLAG
turn_on,00269-JNiWU5TZLtt\tasks-island_0.json,,kettle,,,vocab_gap:no_boil_action,FLAG
turn_on,00269-JNiWU5TZLtt\tasks-island_0.json,,kettle,,,vocab_gap:no_boil_action,FLAG
turn_on,00269-JNiWU5TZLtt\tasks-island_0.json,,kettle,,,vocab_gap:no_boil_action,FLAG
turn_on,00269-JNiWU5TZLtt\tasks-island_0.json,,kettle,,,vocab_gap:no_boil_action,FLAG
turn_on,00269-JNiWU5TZLtt\tasks-island_0.json,,kettle,,,vocab_gap:no_boil_action,FLAG
turn_on,00272-kA2nG18hCAr\tasks-island_0.json,,fireplace,,,vocab_gap:no_ignite_action,FLAG
turn_on,00272-kA2nG18hCAr\tasks-island_0.json,,fireplace,,,vocab_gap:no_ignite_action,FLAG
turn_on,00272-kA2nG18hCAr\tasks-island_0.json,,kettle,,,vocab_gap:no_boil_action,FLAG
,00272-kA2nG18hCAr\tasks-island_0.json,Fill the shampoo.,,Fill the shampoo dispenser.,dispenser not in labels; reverted to 'shampoo',,GROUNDING_FIX
turn_on,00272-kA2nG18hCAr\tasks-island_0.json,,kettle,,,vocab_gap:no_boil_action,FLAG
turn_on,00272-kA2nG18hCAr\tasks-island_0.json,,fireplace,,,vocab_gap:no_ignite_action,FLAG
turn_on,00272-kA2nG18hCAr\tasks-island_0.json,,fireplace,,,vocab_gap:no_ignite_action,FLAG
turn_on,00272-kA2nG18hCAr\tasks-island_0.json,,fireplace,,,vocab_gap:no_ignite_action,FLAG
turn_on,00272-kA2nG18hCAr\tasks-island_0.json,,fireplace,,,vocab_gap:no_ignite_action,FLAG
turn_on,00272-kA2nG18hCAr\tasks-island_0.json,,fireplace,,,vocab_gap:no_ignite_action,FLAG
turn_on,00272-kA2nG18hCAr\tasks-island_0.json,,fireplace,,,vocab_gap:no_ignite_action,FLAG
turn_on,00272-kA2nG18hCAr\tasks-island_0.json,,fireplace,,,vocab_gap:no_ignite_action,FLAG
turn_on,00272-kA2nG18hCAr\tasks-island_0.json,,fireplace,,,vocab_gap:no_ignite_action,FLAG
,00272-kA2nG18hCAr\tasks-island_0.json,Fill the shampoo.,,Fill the shampoo dispenser.,dispenser not in labels; reverted to 'shampoo',,GROUNDING_FIX
turn_on,00272-kA2nG18hCAr\tasks-island_0.json,,kettle,,,vocab_gap:no_boil_action,FLAG
,00272-kA2nG18hCAr\tasks-island_0.json,Fill the shampoo.,,Fill the shampoo dispenser.,dispenser not in labels; reverted to 'shampoo',,GROUNDING_FIX
,00272-kA2nG18hCAr\tasks-island_0.json,Fill the shampoo.,,Fill the shampoo dispenser.,dispenser not in labels; reverted to 'shampoo',,GROUNDING_FIX
turn_on,00272-kA2nG18hCAr\tasks-island_0.json,,kettle,,,vocab_gap:no_boil_action,FLAG
turn_on,00272-kA2nG18hCAr\tasks-island_0.json,,fireplace,,,vocab_gap:no_ignite_action,FLAG
turn_on,00294-PPTLa8SkUfo\tasks-island_0.json,,kettle,,,vocab_gap:no_boil_action,FLAG
turn_on,00294-PPTLa8SkUfo\tasks-island_0.json,,kettle,,,vocab_gap:no_boil_action,FLAG
turn_on,00294-PPTLa8SkUfo\tasks-island_0.json,,stove,,,vocab_gap:no_boil_action,FLAG
turn_on,00294-PPTLa8SkUfo\tasks-island_0.json,,kettle,,,vocab_gap:no_boil_action,FLAG
turn_on,00294-PPTLa8SkUfo\tasks-island_0.json,,fireplace,,,vocab_gap:no_ignite_action,FLAG
turn_on,00294-PPTLa8SkUfo\tasks-island_0.json,,kettle,,,vocab_gap:no_boil_action,FLAG
turn_on,00294-PPTLa8SkUfo\tasks-island_0.json,,fireplace,,,vocab_gap:no_ignite_action,FLAG
turn_on,00294-PPTLa8SkUfo\tasks-island_0.json,,kettle,,,vocab_gap:no_boil_action,FLAG
turn_on,00294-PPTLa8SkUfo\tasks-island_0.json,,kettle,,,vocab_gap:no_boil_action,FLAG
turn_on,00294-PPTLa8SkUfo\tasks-island_0.json,,fireplace,,,vocab_gap:no_ignite_action,FLAG
turn_on,00294-PPTLa8SkUfo\tasks-island_0.json,,fireplace,,,vocab_gap:no_ignite_action,FLAG
turn_on,00294-PPTLa8SkUfo\tasks-island_0.json,,fireplace,,,vocab_gap:no_ignite_action,FLAG
,00294-PPTLa8SkUfo\tasks-island_0.json,Turn on the bathtub.,,Turn on the bathtub faucet.,faucet not in labels; reverted to 'bathtub' + flagged,,GROUNDING_FIX+FLAG
turn_on,00294-PPTLa8SkUfo\tasks-island_0.json,,fireplace,,,vocab_gap:no_ignite_action,FLAG
turn_on,00294-PPTLa8SkUfo\tasks-island_0.json,,kettle,,,vocab_gap:no_boil_action,FLAG
turn_on,00294-PPTLa8SkUfo\tasks-island_0.json,,fireplace,,,vocab_gap:no_ignite_action,FLAG
turn_on,00294-PPTLa8SkUfo\tasks-island_0.json,,kettle,,,vocab_gap:no_boil_action,FLAG
turn_on,00294-PPTLa8SkUfo\tasks-island_0.json,,kettle,,,vocab_gap:no_boil_action,FLAG
turn_on,00294-PPTLa8SkUfo\tasks-island_0.json,,stove,,,vocab_gap:no_boil_action,FLAG
turn_on,00304-X6Pct1msZv5\tasks-island_0.json,,kettle,,,vocab_gap:no_boil_action,FLAG
turn_on,00304-X6Pct1msZv5\tasks-island_0.json,,kettle,,,vocab_gap:no_boil_action,FLAG
turn_on,00304-X6Pct1msZv5\tasks-island_0.json,,kettle,,,vocab_gap:no_boil_action,FLAG
turn_on,00304-X6Pct1msZv5\tasks-island_0.json,,kettle,,,vocab_gap:no_boil_action,FLAG
turn_on,00304-X6Pct1msZv5\tasks-island_0.json,,kettle,,,vocab_gap:no_boil_action,FLAG
turn_on,00307-vDfkYo5VqEQ\tasks-island_0.json,,oven and stove,,,vocab_gap:no_boil_action,FLAG
turn_on,00307-vDfkYo5VqEQ\tasks-island_0.json,,fireplace,,,vocab_gap:no_ignite_action,FLAG
turn_on,00307-vDfkYo5VqEQ\tasks-island_0.json,,fireplace,,,vocab_gap:no_ignite_action,FLAG
turn_on,00307-vDfkYo5VqEQ\tasks-island_0.json,,oven and stove,,,vocab_gap:no_boil_action,FLAG
turn_on,00307-vDfkYo5VqEQ\tasks-island_0.json,,fireplace,,,vocab_gap:no_ignite_action,FLAG
turn_on,00307-vDfkYo5VqEQ\tasks-island_0.json,,fireplace,,,vocab_gap:no_ignite_action,FLAG
turn_on,00307-vDfkYo5VqEQ\tasks-island_0.json,,fireplace,,,vocab_gap:no_ignite_action,FLAG
turn_on,00307-vDfkYo5VqEQ\tasks-island_0.json,,fireplace,,,vocab_gap:no_ignite_action,FLAG
turn_on,00307-vDfkYo5VqEQ\tasks-island_0.json,,fireplace,,,vocab_gap:no_ignite_action,FLAG
turn_on,00307-vDfkYo5VqEQ\tasks-island_0.json,,fireplace,,,vocab_gap:no_ignite_action,FLAG
turn_on,00307-vDfkYo5VqEQ\tasks-island_0.json,,oven and stove,,,vocab_gap:no_boil_action,FLAG
turn_on,00313-PE6kVEtrxtj\tasks-island_0.json,,cooker,,,vocab_gap:no_boil_action,FLAG
turn_on,00313-PE6kVEtrxtj\tasks-island_0.json,,cooker,,,vocab_gap:no_boil_action,FLAG
turn_on,00313-PE6kVEtrxtj\tasks-island_0.json,,cooker,,,vocab_gap:no_boil_action,FLAG
turn_on,00313-PE6kVEtrxtj\tasks-island_0.json,,rice cooker,,,vocab_gap:no_boil_action,FLAG
turn_on,00323-yHLr6bvWsVm\tasks-island_1.json,,fireplace,,,vocab_gap:no_ignite_action,FLAG
turn_on,00323-yHLr6bvWsVm\tasks-island_1.json,,fireplace,,,vocab_gap:no_ignite_action,FLAG
turn_on,00323-yHLr6bvWsVm\tasks-island_1.json,,fireplace,,,vocab_gap:no_ignite_action,FLAG
turn_on,00323-yHLr6bvWsVm\tasks-island_1.json,,fireplace,,,vocab_gap:no_ignite_action,FLAG
turn_on,00323-yHLr6bvWsVm\tasks-island_1.json,,fireplace,,,vocab_gap:no_ignite_action,FLAG
turn_on,00323-yHLr6bvWsVm\tasks-island_1.json,,fireplace,,,vocab_gap:no_ignite_action,FLAG
turn_on,00323-yHLr6bvWsVm\tasks-island_1.json,,fireplace,,,vocab_gap:no_ignite_action,FLAG
,00323-yHLr6bvWsVm\tasks-island_1.json,Turn on the bathtub.,,Turn on the bathtub faucet.,faucet not in labels; reverted to 'bathtub' + flagged,,GROUNDING_FIX+FLAG
turn_on,00323-yHLr6bvWsVm\tasks-island_1.json,,fireplace,,,vocab_gap:no_ignite_action,FLAG
turn_on,00323-yHLr6bvWsVm\tasks-island_1.json,,fireplace,,,vocab_gap:no_ignite_action,FLAG
turn_on,00323-yHLr6bvWsVm\tasks-island_1.json,,fireplace,,,vocab_gap:no_ignite_action,FLAG
turn_on,00323-yHLr6bvWsVm\tasks-island_1.json,,fireplace,,,vocab_gap:no_ignite_action,FLAG
turn_on,00324-DoSbsoo4EAg\tasks-island_0.json,,kettle,,,vocab_gap:no_boil_action,FLAG
turn_on,00324-DoSbsoo4EAg\tasks-island_0.json,,kettle,,,vocab_gap:no_boil_action,FLAG
turn_on,00324-DoSbsoo4EAg\tasks-island_0.json,,kettle,,,vocab_gap:no_boil_action,FLAG
turn_on,00324-DoSbsoo4EAg\tasks-island_0.json,,kettle,,,vocab_gap:no_boil_action,FLAG
turn_on,00324-DoSbsoo4EAg\tasks-island_0.json,,kettle,,,vocab_gap:no_boil_action,FLAG
turn_on,00324-DoSbsoo4EAg\tasks-island_0.json,,kettle,,,vocab_gap:no_boil_action,FLAG
turn_on,00326-u9rPN5cHWBg\tasks-island_0.json,,fireplace,,,vocab_gap:no_ignite_action,FLAG
turn_on,00326-u9rPN5cHWBg\tasks-island_0.json,,fireplace,,,vocab_gap:no_ignite_action,FLAG
turn_on,00326-u9rPN5cHWBg\tasks-island_0.json,,fireplace,,,vocab_gap:no_ignite_action,FLAG
turn_on,00326-u9rPN5cHWBg\tasks-island_0.json,,fireplace,,,vocab_gap:no_ignite_action,FLAG
turn_on,00326-u9rPN5cHWBg\tasks-island_0.json,,fireplace,,,vocab_gap:no_ignite_action,FLAG
turn_on,00326-u9rPN5cHWBg\tasks-island_0.json,,fireplace,,,vocab_gap:no_ignite_action,FLAG
turn_on,00326-u9rPN5cHWBg\tasks-island_0.json,,fireplace,,,vocab_gap:no_ignite_action,FLAG
turn_on,00326-u9rPN5cHWBg\tasks-island_0.json,,fireplace,,,vocab_gap:no_ignite_action,FLAG
turn_on,00326-u9rPN5cHWBg\tasks-island_0.json,,fireplace,,,vocab_gap:no_ignite_action,FLAG
turn_on,00326-u9rPN5cHWBg\tasks-island_0.json,,fireplace,,,vocab_gap:no_ignite_action,FLAG
turn_on,00326-u9rPN5cHWBg\tasks-island_0.json,,fireplace,,,vocab_gap:no_ignite_action,FLAG
turn_on,00327-xgLmjqzoAzF\tasks-island_0.json,,fireplace,,,vocab_gap:no_ignite_action,FLAG
turn_on,00327-xgLmjqzoAzF\tasks-island_0.json,,kettle,,,vocab_gap:no_boil_action,FLAG
turn_on,00327-xgLmjqzoAzF\tasks-island_0.json,,fireplace,,,vocab_gap:no_ignite_action,FLAG
turn_on,00327-xgLmjqzoAzF\tasks-island_0.json,,fireplace,,,vocab_gap:no_ignite_action,FLAG
turn_on,00327-xgLmjqzoAzF\tasks-island_0.json,,kettle,,,vocab_gap:no_boil_action,FLAG
turn_on,00327-xgLmjqzoAzF\tasks-island_0.json,,kettle,,,vocab_gap:no_boil_action,FLAG
turn_on,00327-xgLmjqzoAzF\tasks-island_0.json,,fireplace,,,vocab_gap:no_ignite_action,FLAG
turn_on,00327-xgLmjqzoAzF\tasks-island_0.json,,kettle,,,vocab_gap:no_boil_action,FLAG
turn_on,00327-xgLmjqzoAzF\tasks-island_0.json,,fireplace,,,vocab_gap:no_ignite_action,FLAG
turn_on,00327-xgLmjqzoAzF\tasks-island_0.json,,fireplace,,,vocab_gap:no_ignite_action,FLAG
turn_on,00327-xgLmjqzoAzF\tasks-island_0.json,,kettle,,,vocab_gap:no_boil_action,FLAG
turn_on,00327-xgLmjqzoAzF\tasks-island_0.json,,kettle,,,vocab_gap:no_boil_action,FLAG
turn_on,00327-xgLmjqzoAzF\tasks-island_0.json,,fireplace,,,vocab_gap:no_ignite_action,FLAG
turn_on,00327-xgLmjqzoAzF\tasks-island_0.json,,kettle,,,vocab_gap:no_boil_action,FLAG
turn_on,00330-WhNyDTnd9g5\tasks-island_0.json,,fireplace,,,vocab_gap:no_ignite_action,FLAG
turn_on,00330-WhNyDTnd9g5\tasks-island_0.json,,fireplace,,,vocab_gap:no_ignite_action,FLAG
turn_on,00330-WhNyDTnd9g5\tasks-island_0.json,,fireplace,,,vocab_gap:no_ignite_action,FLAG
turn_on,00366-fxbzYAGkrtm\tasks-island_0.json,,stove,,,vocab_gap:no_boil_action,FLAG
,00366-fxbzYAGkrtm\tasks-island_0.json,Fill the shampoo.,,Fill the shampoo dispenser.,dispenser not in labels; reverted to 'shampoo',,GROUNDING_FIX
turn_on,00366-fxbzYAGkrtm\tasks-island_0.json,,stove,,,vocab_gap:no_boil_action,FLAG
turn_on,00366-fxbzYAGkrtm\tasks-island_0.json,,stove,,,vocab_gap:no_boil_action,FLAG
turn_on,00366-fxbzYAGkrtm\tasks-island_0.json,,stove,,,vocab_gap:no_boil_action,FLAG
turn_on,00366-fxbzYAGkrtm\tasks-island_0.json,,stove,,,vocab_gap:no_boil_action,FLAG
turn_on,00378-DqJKU7YU7dA\tasks-island_1.json,,kettle,,,vocab_gap:no_boil_action,FLAG
turn_on,00378-DqJKU7YU7dA\tasks-island_1.json,,kettle,,,vocab_gap:no_boil_action,FLAG
turn_on,00378-DqJKU7YU7dA\tasks-island_1.json,,kettle,,,vocab_gap:no_boil_action,FLAG
turn_on,00378-DqJKU7YU7dA\tasks-island_1.json,,fireplace sconce,,,vocab_gap:no_ignite_action,FLAG
turn_on,00378-DqJKU7YU7dA\tasks-island_1.json,,fireplace sconce,,,vocab_gap:no_ignite_action,FLAG
turn_on,00378-DqJKU7YU7dA\tasks-island_1.json,,fireplace sconce,,,vocab_gap:no_ignite_action,FLAG
turn_on,00378-DqJKU7YU7dA\tasks-island_1.json,,kettle,,,vocab_gap:no_boil_action,FLAG
turn_on,00378-DqJKU7YU7dA\tasks-island_1.json,,fireplace sconce,,,vocab_gap:no_ignite_action,FLAG
turn_on,00378-DqJKU7YU7dA\tasks-island_1.json,,kettle,,,vocab_gap:no_boil_action,FLAG
turn_on,00378-DqJKU7YU7dA\tasks-island_1.json,,fireplace sconce,,,vocab_gap:no_ignite_action,FLAG
turn_on,00378-DqJKU7YU7dA\tasks-island_1.json,,fireplace sconce,,,vocab_gap:no_ignite_action,FLAG
turn_on,00378-DqJKU7YU7dA\tasks-island_1.json,,fireplace sconce,,,vocab_gap:no_ignite_action,FLAG
turn_on,00378-DqJKU7YU7dA\tasks-island_1.json,,fireplace sconce,,,vocab_gap:no_ignite_action,FLAG
turn_on,00378-DqJKU7YU7dA\tasks-island_1.json,,fireplace sconce,,,vocab_gap:no_ignite_action,FLAG
turn_on,00378-DqJKU7YU7dA\tasks-island_1.json,,kettle,,,vocab_gap:no_boil_action,FLAG
turn_on,00378-DqJKU7YU7dA\tasks-island_1.json,,fireplace sconce,,,vocab_gap:no_ignite_action,FLAG
turn_on,00378-DqJKU7YU7dA\tasks-island_1.json,,fireplace sconce,,,vocab_gap:no_ignite_action,FLAG
,00382-S7uMvxjBVZq\tasks-island_0.json,Turn on the bathtub.,,Turn on the bathtub faucet.,faucet not in labels; reverted to 'bathtub' + flagged,,GROUNDING_FIX+FLAG
turn_on,00382-S7uMvxjBVZq\tasks-island_0.json,,kettle,,,vocab_gap:no_boil_action,FLAG
turn_on,00382-S7uMvxjBVZq\tasks-island_0.json,,kettle,,,vocab_gap:no_boil_action,FLAG
turn_on,00384-ceJTwFNjqCt\tasks-island_0.json,,kettle,,,vocab_gap:no_boil_action,FLAG
turn_on,00388-pcpn6mFqFCg\tasks-island_2.json,,fireplace,,,vocab_gap:no_ignite_action,FLAG
turn_on,00388-pcpn6mFqFCg\tasks-island_2.json,,stovetop,,,vocab_gap:no_boil_action,FLAG
turn_on,00388-pcpn6mFqFCg\tasks-island_2.json,,fireplace,,,vocab_gap:no_ignite_action,FLAG
turn_on,00388-pcpn6mFqFCg\tasks-island_2.json,,stovetop,,,vocab_gap:no_boil_action,FLAG
turn_on,00388-pcpn6mFqFCg\tasks-island_2.json,,fireplace,,,vocab_gap:no_ignite_action,FLAG
turn_on,00397-ZNanfzgCdm3\tasks-island_0.json,,kettle,,,vocab_gap:no_boil_action,FLAG
,00404-QN2dRqwd84J\tasks-island_0.json,Turn on the bathtub.,,Turn on the bathtub faucet.,faucet not in labels; reverted to 'bathtub' + flagged,,GROUNDING_FIX+FLAG
turn_on,00407-NPHxDe6VeCc\tasks-island_1.json,,fireplace,,,vocab_gap:no_ignite_action,FLAG
turn_on,00407-NPHxDe6VeCc\tasks-island_1.json,,fireplace,,,vocab_gap:no_ignite_action,FLAG
turn_on,00407-NPHxDe6VeCc\tasks-island_1.json,,fireplace,,,vocab_gap:no_ignite_action,FLAG
turn_on,00407-NPHxDe6VeCc\tasks-island_1.json,,fireplace,,,vocab_gap:no_ignite_action,FLAG
turn_on,00407-NPHxDe6VeCc\tasks-island_1.json,,fireplace,,,vocab_gap:no_ignite_action,FLAG
turn_on,00410-v7DzfFFEpsD\tasks-island_1.json,,fireplace,,,vocab_gap:no_ignite_action,FLAG
turn_on,00410-v7DzfFFEpsD\tasks-island_1.json,,fireplace,,,vocab_gap:no_ignite_action,FLAG
turn_on,00410-v7DzfFFEpsD\tasks-island_1.json,,kettle,,,vocab_gap:no_boil_action,FLAG
turn_on,00410-v7DzfFFEpsD\tasks-island_1.json,,fireplace,,,vocab_gap:no_ignite_action,FLAG
,00410-v7DzfFFEpsD\tasks-island_1.json,Fill the shampoo.,,Fill the shampoo dispenser.,dispenser not in labels; reverted to 'shampoo',,GROUNDING_FIX
turn_on,00410-v7DzfFFEpsD\tasks-island_1.json,,kettle,,,vocab_gap:no_boil_action,FLAG
turn_on,00410-v7DzfFFEpsD\tasks-island_1.json,,fireplace,,,vocab_gap:no_ignite_action,FLAG
turn_on,00410-v7DzfFFEpsD\tasks-island_1.json,,fireplace,,,vocab_gap:no_ignite_action,FLAG
turn_on,00410-v7DzfFFEpsD\tasks-island_1.json,,fireplace,,,vocab_gap:no_ignite_action,FLAG
turn_on,00414-77mMEyxhs44\tasks-island_1.json,,stove,,,vocab_gap:no_boil_action,FLAG
turn_on,00414-77mMEyxhs44\tasks-island_1.json,,stove,,,vocab_gap:no_boil_action,FLAG
turn_on,00414-77mMEyxhs44\tasks-island_1.json,,stove,,,vocab_gap:no_boil_action,FLAG
turn_on,00414-77mMEyxhs44\tasks-island_1.json,,stove,,,vocab_gap:no_boil_action,FLAG
,00414-77mMEyxhs44\tasks-island_1.json,Fill the shampoo.,,Fill the shampoo dispenser.,dispenser not in labels; reverted to 'shampoo',,GROUNDING_FIX
turn_on,00414-77mMEyxhs44\tasks-island_1.json,,stove,,,vocab_gap:no_boil_action,FLAG
turn_on,00414-77mMEyxhs44\tasks-island_2.json,,fireplace,,,vocab_gap:no_ignite_action,FLAG
turn_on,00414-77mMEyxhs44\tasks-island_2.json,,fireplace,,,vocab_gap:no_ignite_action,FLAG
turn_on,00414-77mMEyxhs44\tasks-island_2.json,,fireplace,,,vocab_gap:no_ignite_action,FLAG
turn_on,00414-77mMEyxhs44\tasks-island_2.json,,fireplace,,,vocab_gap:no_ignite_action,FLAG
turn_on,00414-77mMEyxhs44\tasks-island_2.json,,fireplace,,,vocab_gap:no_ignite_action,FLAG
turn_on,00414-77mMEyxhs44\tasks-island_2.json,,fireplace,,,vocab_gap:no_ignite_action,FLAG
,00417-nGhNxKrgBPb\tasks-island_0.json,Fill the shampoo.,,Fill the shampoo dispenser.,dispenser not in labels; reverted to 'shampoo',,GROUNDING_FIX
turn_on,00422-8wJuSPJ9FXG\tasks-island_0.json,,fireplace,,,vocab_gap:no_ignite_action,FLAG
turn_on,00422-8wJuSPJ9FXG\tasks-island_0.json,,fireplace,,,vocab_gap:no_ignite_action,FLAG
turn_on,00422-8wJuSPJ9FXG\tasks-island_0.json,,kettle,,,vocab_gap:no_boil_action,FLAG
turn_on,00422-8wJuSPJ9FXG\tasks-island_0.json,,fireplace,,,vocab_gap:no_ignite_action,FLAG
turn_on,00422-8wJuSPJ9FXG\tasks-island_0.json,,kettle,,,vocab_gap:no_boil_action,FLAG
turn_on,00422-8wJuSPJ9FXG\tasks-island_0.json,,fireplace,,,vocab_gap:no_ignite_action,FLAG
turn_on,00422-8wJuSPJ9FXG\tasks-island_0.json,,kettle,,,vocab_gap:no_boil_action,FLAG
turn_on,00422-8wJuSPJ9FXG\tasks-island_0.json,,fireplace,,,vocab_gap:no_ignite_action,FLAG
turn_on,00422-8wJuSPJ9FXG\tasks-island_0.json,,fireplace,,,vocab_gap:no_ignite_action,FLAG
turn_on,00422-8wJuSPJ9FXG\tasks-island_0.json,,kettle,,,vocab_gap:no_boil_action,FLAG
turn_on,00434-L5QEsaVqwrY\tasks-island_0.json,,fireplace,,,vocab_gap:no_ignite_action,FLAG
,00434-L5QEsaVqwrY\tasks-island_0.json,Fill the shampoo.,,Fill the shampoo dispenser.,dispenser not in labels; reverted to 'shampoo',,GROUNDING_FIX
,00434-L5QEsaVqwrY\tasks-island_0.json,Turn on the bathtub.,,Turn on the bathtub faucet.,faucet not in labels; reverted to 'bathtub' + flagged,,GROUNDING_FIX+FLAG
turn_on,00434-L5QEsaVqwrY\tasks-island_0.json,,fireplace,,,vocab_gap:no_ignite_action,FLAG
,00434-L5QEsaVqwrY\tasks-island_0.json,Turn on the bathtub.,,Turn on the bathtub faucet.,faucet not in labels; reverted to 'bathtub' + flagged,,GROUNDING_FIX+FLAG
turn_on,00434-L5QEsaVqwrY\tasks-island_0.json,,grill,,,vocab_gap:no_boil_action,FLAG
,00434-L5QEsaVqwrY\tasks-island_0.json,Fill the shampoo.,,Fill the shampoo dispenser.,dispenser not in labels; reverted to 'shampoo',,GROUNDING_FIX
,00434-L5QEsaVqwrY\tasks-island_0.json,Fill the shampoo.,,Fill the shampoo dispenser.,dispenser not in labels; reverted to 'shampoo',,GROUNDING_FIX
turn_on,00434-L5QEsaVqwrY\tasks-island_0.json,,fireplace,,,vocab_gap:no_ignite_action,FLAG
turn_on,00434-L5QEsaVqwrY\tasks-island_0.json,,fireplace,,,vocab_gap:no_ignite_action,FLAG
turn_on,00434-L5QEsaVqwrY\tasks-island_0.json,,fireplace,,,vocab_gap:no_ignite_action,FLAG
turn_on,00434-L5QEsaVqwrY\tasks-island_0.json,,fireplace,,,vocab_gap:no_ignite_action,FLAG
,00434-L5QEsaVqwrY\tasks-island_0.json,Fill the shampoo.,,Fill the shampoo dispenser.,dispenser not in labels; reverted to 'shampoo',,GROUNDING_FIX
turn_on,00434-L5QEsaVqwrY\tasks-island_0.json,,fireplace,,,vocab_gap:no_ignite_action,FLAG
,00434-L5QEsaVqwrY\tasks-island_0.json,Fill the shampoo.,,Fill the shampoo dispenser.,dispenser not in labels; reverted to 'shampoo',,GROUNDING_FIX
turn_on,00434-L5QEsaVqwrY\tasks-island_0.json,,fireplace,,,vocab_gap:no_ignite_action,FLAG
turn_on,00434-L5QEsaVqwrY\tasks-island_0.json,,fireplace,,,vocab_gap:no_ignite_action,FLAG
turn_on,00434-L5QEsaVqwrY\tasks-island_0.json,,grill,,,vocab_gap:no_boil_action,FLAG
turn_on,00434-L5QEsaVqwrY\tasks-island_0.json,,fireplace,,,vocab_gap:no_ignite_action,FLAG
turn_on,00434-L5QEsaVqwrY\tasks-island_0.json,,fireplace,,,vocab_gap:no_ignite_action,FLAG
turn_on,00434-L5QEsaVqwrY\tasks-island_0.json,,grill,,,vocab_gap:no_boil_action,FLAG
turn_on,00440-wPLokgvCnuk\tasks-island_0.json,,cooker,,,vocab_gap:no_boil_action,FLAG
turn_on,00444-sX9xad6ULKc\tasks-island_0.json,,fireplace,,,vocab_gap:no_ignite_action,FLAG
turn_on,00444-sX9xad6ULKc\tasks-island_0.json,,kettle,,,vocab_gap:no_boil_action,FLAG
turn_on,00444-sX9xad6ULKc\tasks-island_0.json,,fireplace,,,vocab_gap:no_ignite_action,FLAG
turn_on,00444-sX9xad6ULKc\tasks-island_0.json,,fireplace,,,vocab_gap:no_ignite_action,FLAG
turn_on,00444-sX9xad6ULKc\tasks-island_0.json,,fireplace,,,vocab_gap:no_ignite_action,FLAG
turn_on,00444-sX9xad6ULKc\tasks-island_0.json,,kettle,,,vocab_gap:no_boil_action,FLAG
turn_on,00444-sX9xad6ULKc\tasks-island_0.json,,fireplace,,,vocab_gap:no_ignite_action,FLAG
turn_on,00444-sX9xad6ULKc\tasks-island_0.json,,fireplace,,,vocab_gap:no_ignite_action,FLAG
turn_on,00444-sX9xad6ULKc\tasks-island_0.json,,fireplace,,,vocab_gap:no_ignite_action,FLAG
turn_on,00444-sX9xad6ULKc\tasks-island_0.json,,kettle,,,vocab_gap:no_boil_action,FLAG
turn_on,00444-sX9xad6ULKc\tasks-island_0.json,,fireplace,,,vocab_gap:no_ignite_action,FLAG
turn_on,00444-sX9xad6ULKc\tasks-island_0.json,,fireplace,,,vocab_gap:no_ignite_action,FLAG
turn_on,00444-sX9xad6ULKc\tasks-island_0.json,,kettle,,,vocab_gap:no_boil_action,FLAG
turn_on,00444-sX9xad6ULKc\tasks-island_0.json,,kettle,,,vocab_gap:no_boil_action,FLAG
turn_on,00475-g7hUFVNac26\tasks-island_0.json,,fireplace tool set,,,vocab_gap:no_ignite_action,FLAG
turn_on,00475-g7hUFVNac26\tasks-island_0.json,,kettle,,,vocab_gap:no_boil_action,FLAG
turn_on,00475-g7hUFVNac26\tasks-island_0.json,,fireplace,,,vocab_gap:no_ignite_action,FLAG
turn_on,00475-g7hUFVNac26\tasks-island_0.json,,fireplace,,,vocab_gap:no_ignite_action,FLAG
turn_on,00475-g7hUFVNac26\tasks-island_0.json,,fireplace,,,vocab_gap:no_ignite_action,FLAG
turn_on,00475-g7hUFVNac26\tasks-island_0.json,,kettle,,,vocab_gap:no_boil_action,FLAG
turn_on,00475-g7hUFVNac26\tasks-island_0.json,,fireplace,,,vocab_gap:no_ignite_action,FLAG
turn_on,00475-g7hUFVNac26\tasks-island_0.json,,fireplace,,,vocab_gap:no_ignite_action,FLAG
turn_on,00475-g7hUFVNac26\tasks-island_0.json,,fireplace,,,vocab_gap:no_ignite_action,FLAG
turn_on,00475-g7hUFVNac26\tasks-island_0.json,,fireplace,,,vocab_gap:no_ignite_action,FLAG
turn_on,00475-g7hUFVNac26\tasks-island_0.json,,fireplace,,,vocab_gap:no_ignite_action,FLAG
turn_on,00475-g7hUFVNac26\tasks-island_0.json,,fireplace,,,vocab_gap:no_ignite_action,FLAG
turn_on,00475-g7hUFVNac26\tasks-island_0.json,,kettle,,,vocab_gap:no_boil_action,FLAG
turn_on,00475-g7hUFVNac26\tasks-island_0.json,,fireplace,,,vocab_gap:no_ignite_action,FLAG
turn_on,00475-g7hUFVNac26\tasks-island_0.json,,fireplace,,,vocab_gap:no_ignite_action,FLAG
turn_on,00475-g7hUFVNac26\tasks-island_0.json,,kettle,,,vocab_gap:no_boil_action,FLAG
turn_on,00475-g7hUFVNac26\tasks-island_0.json,,fireplace,,,vocab_gap:no_ignite_action,FLAG
turn_on,00475-g7hUFVNac26\tasks-island_0.json,,kettle,,,vocab_gap:no_boil_action,FLAG
turn_on,00475-g7hUFVNac26\tasks-island_0.json,,fireplace,,,vocab_gap:no_ignite_action,FLAG
turn_on,00475-g7hUFVNac26\tasks-island_0.json,,kettle,,,vocab_gap:no_boil_action,FLAG
turn_on,00475-g7hUFVNac26\tasks-island_0.json,,fireplace,,,vocab_gap:no_ignite_action,FLAG
turn_on,00475-g7hUFVNac26\tasks-island_0.json,,kettle,,,vocab_gap:no_boil_action,FLAG
turn_on,00475-g7hUFVNac26\tasks-island_0.json,,fireplace,,,vocab_gap:no_ignite_action,FLAG
turn_on,00475-g7hUFVNac26\tasks-island_0.json,,kettle,,,vocab_gap:no_boil_action,FLAG
turn_on,00475-g7hUFVNac26\tasks-island_0.json,,fireplace,,,vocab_gap:no_ignite_action,FLAG
turn_on,00475-g7hUFVNac26\tasks-island_0.json,,fireplace,,,vocab_gap:no_ignite_action,FLAG
turn_on,00475-g7hUFVNac26\tasks-island_0.json,,fireplace,,,vocab_gap:no_ignite_action,FLAG
turn_on,00475-g7hUFVNac26\tasks-island_0.json,,kettle,,,vocab_gap:no_boil_action,FLAG
turn_on,00475-g7hUFVNac26\tasks-island_0.json,,fireplace,,,vocab_gap:no_ignite_action,FLAG
turn_on,00475-g7hUFVNac26\tasks-island_0.json,,kettle,,,vocab_gap:no_boil_action,FLAG
turn_on,00475-g7hUFVNac26\tasks-island_0.json,,fireplace,,,vocab_gap:no_ignite_action,FLAG
turn_on,00475-g7hUFVNac26\tasks-island_0.json,,kettle,,,vocab_gap:no_boil_action,FLAG
turn_on,00475-g7hUFVNac26\tasks-island_0.json,,fireplace tool set,,,vocab_gap:no_ignite_action,FLAG
turn_on,00475-g7hUFVNac26\tasks-island_0.json,,fireplace tool set,,,vocab_gap:no_ignite_action,FLAG
turn_on,00475-g7hUFVNac26\tasks-island_0.json,,kettle,,,vocab_gap:no_boil_action,FLAG
turn_on,00475-g7hUFVNac26\tasks-island_0.json,,fireplace,,,vocab_gap:no_ignite_action,FLAG
turn_on,00475-g7hUFVNac26\tasks-island_0.json,,fireplace,,,vocab_gap:no_ignite_action,FLAG
turn_on,00475-g7hUFVNac26\tasks-island_0.json,,fireplace,,,vocab_gap:no_ignite_action,FLAG
turn_on,00487-erXNfWVjqZ8\tasks-island_0.json,,fireplace,,,vocab_gap:no_ignite_action,FLAG
turn_on,00487-erXNfWVjqZ8\tasks-island_0.json,,fireplace,,,vocab_gap:no_ignite_action,FLAG
turn_on,00487-erXNfWVjqZ8\tasks-island_0.json,,fireplace,,,vocab_gap:no_ignite_action,FLAG
turn_on,00487-erXNfWVjqZ8\tasks-island_0.json,,fireplace,,,vocab_gap:no_ignite_action,FLAG
turn_on,00487-erXNfWVjqZ8\tasks-island_0.json,,fireplace,,,vocab_gap:no_ignite_action,FLAG
turn_on,00487-erXNfWVjqZ8\tasks-island_0.json,,fireplace,,,vocab_gap:no_ignite_action,FLAG
turn_on,00487-erXNfWVjqZ8\tasks-island_0.json,,fireplace,,,vocab_gap:no_ignite_action,FLAG
turn_on,00495-CQWES1bawee\tasks-island_0.json,,fireplace,,,vocab_gap:no_ignite_action,FLAG
turn_on,00495-CQWES1bawee\tasks-island_0.json,,fireplace,,,vocab_gap:no_ignite_action,FLAG
turn_on,00495-CQWES1bawee\tasks-island_0.json,,fireplace,,,vocab_gap:no_ignite_action,FLAG
turn_on,00495-CQWES1bawee\tasks-island_0.json,,fireplace,,,vocab_gap:no_ignite_action,FLAG
turn_on,00495-CQWES1bawee\tasks-island_0.json,,fireplace,,,vocab_gap:no_ignite_action,FLAG
turn_on,00495-CQWES1bawee\tasks-island_0.json,,fireplace,,,vocab_gap:no_ignite_action,FLAG
turn_on,00495-CQWES1bawee\tasks-island_0.json,,fireplace,,,vocab_gap:no_ignite_action,FLAG
turn_on,00495-CQWES1bawee\tasks-island_0.json,,fireplace,,,vocab_gap:no_ignite_action,FLAG
turn_on,00495-CQWES1bawee\tasks-island_0.json,,fireplace,,,vocab_gap:no_ignite_action,FLAG
turn_on,00506-QVAA6zecMHu\tasks-island_0.json,,stove,,,vocab_gap:no_boil_action,FLAG
turn_on,00506-QVAA6zecMHu\tasks-island_0.json,,stove,,,vocab_gap:no_boil_action,FLAG
turn_on,00506-QVAA6zecMHu\tasks-island_0.json,,stove,,,vocab_gap:no_boil_action,FLAG
turn_on,00506-QVAA6zecMHu\tasks-island_0.json,,stove,,,vocab_gap:no_boil_action,FLAG
turn_on,00506-QVAA6zecMHu\tasks-island_0.json,,stove,,,vocab_gap:no_boil_action,FLAG
turn_on,00508-4vwGX7U38Ux\tasks-island_0.json,,stove,,,vocab_gap:no_boil_action,FLAG
,00508-4vwGX7U38Ux\tasks-island_0.json,Fill the shampoo.,,Fill the shampoo dispenser.,dispenser not in labels; reverted to 'shampoo',,GROUNDING_FIX
turn_on,00525-iKFn6fzyRqs\tasks-island_0.json,,fireplace,,,vocab_gap:no_ignite_action,FLAG
turn_on,00525-iKFn6fzyRqs\tasks-island_0.json,,fireplace,,,vocab_gap:no_ignite_action,FLAG
turn_on,00525-iKFn6fzyRqs\tasks-island_0.json,,fireplace,,,vocab_gap:no_ignite_action,FLAG
turn_on,00525-iKFn6fzyRqs\tasks-island_0.json,,stove,,,vocab_gap:no_boil_action,FLAG
turn_on,00525-iKFn6fzyRqs\tasks-island_0.json,,fireplace,,,vocab_gap:no_ignite_action,FLAG
turn_on,00525-iKFn6fzyRqs\tasks-island_0.json,,stove,,,vocab_gap:no_boil_action,FLAG
turn_on,00529-W9YAR9qcuvN\tasks-island_0.json,,stove,,,vocab_gap:no_boil_action,FLAG
turn_on,00534-DBBESbk4Y3k\tasks-island_0.json,,fireplace,,,vocab_gap:no_ignite_action,FLAG
turn_on,00534-DBBESbk4Y3k\tasks-island_0.json,,kettle,,,vocab_gap:no_boil_action,FLAG
turn_on,00534-DBBESbk4Y3k\tasks-island_0.json,,fireplace,,,vocab_gap:no_ignite_action,FLAG
turn_on,00534-DBBESbk4Y3k\tasks-island_0.json,,fireplace,,,vocab_gap:no_ignite_action,FLAG
turn_on,00534-DBBESbk4Y3k\tasks-island_0.json,,kettle,,,vocab_gap:no_boil_action,FLAG
turn_on,00534-DBBESbk4Y3k\tasks-island_0.json,,kettle,,,vocab_gap:no_boil_action,FLAG
turn_on,00534-DBBESbk4Y3k\tasks-island_0.json,,fireplace,,,vocab_gap:no_ignite_action,FLAG
turn_on,00534-DBBESbk4Y3k\tasks-island_0.json,,kettle,,,vocab_gap:no_boil_action,FLAG
turn_on,00534-DBBESbk4Y3k\tasks-island_0.json,,fireplace,,,vocab_gap:no_ignite_action,FLAG
turn_on,00534-DBBESbk4Y3k\tasks-island_0.json,,kettle,,,vocab_gap:no_boil_action,FLAG
turn_on,00534-DBBESbk4Y3k\tasks-island_0.json,,fireplace,,,vocab_gap:no_ignite_action,FLAG
turn_on,00534-DBBESbk4Y3k\tasks-island_0.json,,kettle,,,vocab_gap:no_boil_action,FLAG
turn_on,00537-oahi4u45xMf\tasks-island_0.json,,fireplace,,,vocab_gap:no_ignite_action,FLAG
turn_on,00537-oahi4u45xMf\tasks-island_0.json,,fireplace,,,vocab_gap:no_ignite_action,FLAG
turn_on,00537-oahi4u45xMf\tasks-island_0.json,,fireplace,,,vocab_gap:no_ignite_action,FLAG
turn_on,00538-3CBBjsNkhqW\tasks-island_0.json,,fireplace,,,vocab_gap:no_ignite_action,FLAG
turn_on,00538-3CBBjsNkhqW\tasks-island_0.json,,kettle,,,vocab_gap:no_boil_action,FLAG
turn_on,00538-3CBBjsNkhqW\tasks-island_0.json,,fireplace,,,vocab_gap:no_ignite_action,FLAG
turn_on,00538-3CBBjsNkhqW\tasks-island_0.json,,fireplace,,,vocab_gap:no_ignite_action,FLAG
turn_on,00538-3CBBjsNkhqW\tasks-island_0.json,,fireplace,,,vocab_gap:no_ignite_action,FLAG
turn_on,00538-3CBBjsNkhqW\tasks-island_0.json,,fireplace,,,vocab_gap:no_ignite_action,FLAG
turn_on,00538-3CBBjsNkhqW\tasks-island_0.json,,fireplace,,,vocab_gap:no_ignite_action,FLAG
turn_on,00538-3CBBjsNkhqW\tasks-island_0.json,,fireplace,,,vocab_gap:no_ignite_action,FLAG
turn_on,00538-3CBBjsNkhqW\tasks-island_0.json,,fireplace,,,vocab_gap:no_ignite_action,FLAG
turn_on,00538-3CBBjsNkhqW\tasks-island_0.json,,fireplace,,,vocab_gap:no_ignite_action,FLAG
turn_on,00538-3CBBjsNkhqW\tasks-island_0.json,,fireplace,,,vocab_gap:no_ignite_action,FLAG
turn_on,00539-zUG6FL9TYeR\tasks-island_0.json,,oven and stove,,,vocab_gap:no_boil_action,FLAG
turn_on,00539-zUG6FL9TYeR\tasks-island_0.json,,oven and stove,,,vocab_gap:no_boil_action,FLAG
turn_on,00539-zUG6FL9TYeR\tasks-island_0.json,,oven and stove,,,vocab_gap:no_boil_action,FLAG
turn_on,00539-zUG6FL9TYeR\tasks-island_0.json,,oven and stove,,,vocab_gap:no_boil_action,FLAG
turn_on,00539-zUG6FL9TYeR\tasks-island_0.json,,oven and stove,,,vocab_gap:no_boil_action,FLAG
turn_on,00539-zUG6FL9TYeR\tasks-island_0.json,,oven and stove,,,vocab_gap:no_boil_action,FLAG
turn_on,00539-zUG6FL9TYeR\tasks-island_0.json,,oven and stove,,,vocab_gap:no_boil_action,FLAG
turn_on,00539-zUG6FL9TYeR\tasks-island_0.json,,oven and stove,,,vocab_gap:no_boil_action,FLAG
turn_on,00541-FnDDfrBZPhh\tasks-island_0.json,,kettle,,,vocab_gap:no_boil_action,FLAG
turn_on,00541-FnDDfrBZPhh\tasks-island_0.json,,kettle,,,vocab_gap:no_boil_action,FLAG
turn_on,00541-FnDDfrBZPhh\tasks-island_0.json,,kettle,,,vocab_gap:no_boil_action,FLAG
turn_on,00541-FnDDfrBZPhh\tasks-island_0.json,,kettle,,,vocab_gap:no_boil_action,FLAG
turn_on,00541-FnDDfrBZPhh\tasks-island_0.json,,kettle,,,vocab_gap:no_boil_action,FLAG
turn_on,00546-nS8T59Aw3sf\tasks-island_2.json,,cooker,,,vocab_gap:no_boil_action,FLAG
turn_on,00546-nS8T59Aw3sf\tasks-island_2.json,,cooker,,,vocab_gap:no_boil_action,FLAG
turn_on,00546-nS8T59Aw3sf\tasks-island_2.json,,fireplace,,,vocab_gap:no_ignite_action,FLAG
turn_on,00546-nS8T59Aw3sf\tasks-island_2.json,,fireplace,,,vocab_gap:no_ignite_action,FLAG
turn_on,00546-nS8T59Aw3sf\tasks-island_2.json,,cooker,,,vocab_gap:no_boil_action,FLAG
turn_on,00546-nS8T59Aw3sf\tasks-island_2.json,,fireplace,,,vocab_gap:no_ignite_action,FLAG
turn_on,00546-nS8T59Aw3sf\tasks-island_2.json,,cooker,,,vocab_gap:no_boil_action,FLAG
turn_on,00546-nS8T59Aw3sf\tasks-island_2.json,,fireplace,,,vocab_gap:no_ignite_action,FLAG
turn_on,00547-9h5JJxM6E5S\tasks-island_0.json,,kettle,,,vocab_gap:no_boil_action,FLAG
turn_on,00547-9h5JJxM6E5S\tasks-island_0.json,,fireplace,,,vocab_gap:no_ignite_action,FLAG
turn_on,00547-9h5JJxM6E5S\tasks-island_0.json,,cooker,,,vocab_gap:no_boil_action,FLAG
turn_on,00547-9h5JJxM6E5S\tasks-island_0.json,,fireplace,,,vocab_gap:no_ignite_action,FLAG
turn_on,00547-9h5JJxM6E5S\tasks-island_0.json,,kettle,,,vocab_gap:no_boil_action,FLAG
turn_on,00547-9h5JJxM6E5S\tasks-island_0.json,,cooker,,,vocab_gap:no_boil_action,FLAG
turn_on,00547-9h5JJxM6E5S\tasks-island_0.json,,kettle,,,vocab_gap:no_boil_action,FLAG
turn_on,00547-9h5JJxM6E5S\tasks-island_0.json,,kettle,,,vocab_gap:no_boil_action,FLAG
turn_on,00547-9h5JJxM6E5S\tasks-island_0.json,,kettle,,,vocab_gap:no_boil_action,FLAG
turn_on,00547-9h5JJxM6E5S\tasks-island_0.json,,fireplace,,,vocab_gap:no_ignite_action,FLAG
turn_on,00547-9h5JJxM6E5S\tasks-island_0.json,,kettle,,,vocab_gap:no_boil_action,FLAG
turn_on,00547-9h5JJxM6E5S\tasks-island_0.json,,kettle,,,vocab_gap:no_boil_action,FLAG
,00547-9h5JJxM6E5S\tasks-island_0.json,Fill the shampoo.,,Fill the shampoo dispenser.,dispenser not in labels; reverted to 'shampoo',,GROUNDING_FIX
turn_on,00547-9h5JJxM6E5S\tasks-island_0.json,,fireplace,,,vocab_gap:no_ignite_action,FLAG
,00547-9h5JJxM6E5S\tasks-island_0.json,Fill the shampoo.,,Fill the shampoo dispenser.,dispenser not in labels; reverted to 'shampoo',,GROUNDING_FIX
turn_on,00547-9h5JJxM6E5S\tasks-island_0.json,,kettle,,,vocab_gap:no_boil_action,FLAG
turn_on,00547-9h5JJxM6E5S\tasks-island_0.json,,fireplace,,,vocab_gap:no_ignite_action,FLAG
,00547-9h5JJxM6E5S\tasks-island_0.json,Fill the shampoo.,,Fill the shampoo dispenser.,dispenser not in labels; reverted to 'shampoo',,GROUNDING_FIX
turn_on,00547-9h5JJxM6E5S\tasks-island_0.json,,cooker,,,vocab_gap:no_boil_action,FLAG
,00547-9h5JJxM6E5S\tasks-island_0.json,Fill the shampoo.,,Fill the shampoo dispenser.,dispenser not in labels; reverted to 'shampoo',,GROUNDING_FIX
turn_on,00547-9h5JJxM6E5S\tasks-island_0.json,,fireplace,,,vocab_gap:no_ignite_action,FLAG
turn_on,00547-9h5JJxM6E5S\tasks-island_0.json,,kettle,,,vocab_gap:no_boil_action,FLAG
turn_on,00557-fRZhp6vWGw7\tasks-island_1.json,,fireplace,,,vocab_gap:no_ignite_action,FLAG
,00557-fRZhp6vWGw7\tasks-island_1.json,Fill the shampoo.,,Fill the shampoo dispenser.,dispenser not in labels; reverted to 'shampoo',,GROUNDING_FIX
turn_on,00557-fRZhp6vWGw7\tasks-island_1.json,,stove,,,vocab_gap:no_boil_action,FLAG
turn_on,00557-fRZhp6vWGw7\tasks-island_1.json,,fireplace,,,vocab_gap:no_ignite_action,FLAG
turn_on,00557-fRZhp6vWGw7\tasks-island_1.json,,fireplace,,,vocab_gap:no_ignite_action,FLAG
turn_on,00557-fRZhp6vWGw7\tasks-island_1.json,,stove,,,vocab_gap:no_boil_action,FLAG
,00557-fRZhp6vWGw7\tasks-island_1.json,Fill the shampoo.,,Fill the shampoo dispenser.,dispenser not in labels; reverted to 'shampoo',,GROUNDING_FIX
turn_on,00557-fRZhp6vWGw7\tasks-island_1.json,,fireplace,,,vocab_gap:no_ignite_action,FLAG
turn_on,00557-fRZhp6vWGw7\tasks-island_1.json,,stove,,,vocab_gap:no_boil_action,FLAG
turn_on,00557-fRZhp6vWGw7\tasks-island_1.json,,fireplace,,,vocab_gap:no_ignite_action,FLAG
turn_on,00557-fRZhp6vWGw7\tasks-island_1.json,,stove,,,vocab_gap:no_boil_action,FLAG
turn_on,00557-fRZhp6vWGw7\tasks-island_1.json,,stove,,,vocab_gap:no_boil_action,FLAG
turn_on,00557-fRZhp6vWGw7\tasks-island_1.json,,stove,,,vocab_gap:no_boil_action,FLAG
turn_on,00557-fRZhp6vWGw7\tasks-island_1.json,,stove,,,vocab_gap:no_boil_action,FLAG
turn_on,00557-fRZhp6vWGw7\tasks-island_1.json,,fireplace,,,vocab_gap:no_ignite_action,FLAG
turn_on,00560-gjhYih4upQ9\tasks-island_0.json,,kettle,,,vocab_gap:no_boil_action,FLAG
turn_on,00560-gjhYih4upQ9\tasks-island_0.json,,oven and stove,,,vocab_gap:no_boil_action,FLAG
turn_on,00560-gjhYih4upQ9\tasks-island_0.json,,oven and stove,,,vocab_gap:no_boil_action,FLAG
turn_on,00560-gjhYih4upQ9\tasks-island_0.json,,kettle,,,vocab_gap:no_boil_action,FLAG
turn_on,00560-gjhYih4upQ9\tasks-island_0.json,,oven and stove,,,vocab_gap:no_boil_action,FLAG
turn_on,00560-gjhYih4upQ9\tasks-island_0.json,,oven and stove,,,vocab_gap:no_boil_action,FLAG
turn_on,00560-gjhYih4upQ9\tasks-island_0.json,,kettle,,,vocab_gap:no_boil_action,FLAG
turn_on,00560-gjhYih4upQ9\tasks-island_0.json,,kettle,,,vocab_gap:no_boil_action,FLAG
turn_on,00560-gjhYih4upQ9\tasks-island_0.json,,kettle,,,vocab_gap:no_boil_action,FLAG
turn_on,00560-gjhYih4upQ9\tasks-island_0.json,,kettle,,,vocab_gap:no_boil_action,FLAG
turn_on,00560-gjhYih4upQ9\tasks-island_0.json,,oven and stove,,,vocab_gap:no_boil_action,FLAG
turn_on,00560-gjhYih4upQ9\tasks-island_0.json,,kettle,,,vocab_gap:no_boil_action,FLAG
turn_on,00560-gjhYih4upQ9\tasks-island_0.json,,oven and stove,,,vocab_gap:no_boil_action,FLAG
turn_on,00560-gjhYih4upQ9\tasks-island_0.json,,oven and stove,,,vocab_gap:no_boil_action,FLAG
turn_on,00560-gjhYih4upQ9\tasks-island_0.json,,kettle,,,vocab_gap:no_boil_action,FLAG
turn_on,00560-gjhYih4upQ9\tasks-island_0.json,,oven and stove,,,vocab_gap:no_boil_action,FLAG
turn_on,00560-gjhYih4upQ9\tasks-island_0.json,,kettle,,,vocab_gap:no_boil_action,FLAG
turn_on,00569-YJDUB7hWg9h\tasks-island_0.json,,stove,,,vocab_gap:no_boil_action,FLAG
turn_on,00569-YJDUB7hWg9h\tasks-island_0.json,,fireplace,,,vocab_gap:no_ignite_action,FLAG
turn_on,00569-YJDUB7hWg9h\tasks-island_0.json,,oven and stove,,,vocab_gap:no_boil_action,FLAG
turn_on,00569-YJDUB7hWg9h\tasks-island_0.json,,fireplace,,,vocab_gap:no_ignite_action,FLAG
turn_on,00569-YJDUB7hWg9h\tasks-island_0.json,,stove,,,vocab_gap:no_boil_action,FLAG
turn_on,00569-YJDUB7hWg9h\tasks-island_0.json,,fireplace,,,vocab_gap:no_ignite_action,FLAG
turn_on,00569-YJDUB7hWg9h\tasks-island_0.json,,oven and stove,,,vocab_gap:no_boil_action,FLAG
turn_on,00569-YJDUB7hWg9h\tasks-island_0.json,,fireplace,,,vocab_gap:no_ignite_action,FLAG
turn_on,00569-YJDUB7hWg9h\tasks-island_0.json,,fireplace,,,vocab_gap:no_ignite_action,FLAG
turn_on,00582-TYDavTf8oyy\tasks-island_0.json,,fireplace,,,vocab_gap:no_ignite_action,FLAG
turn_on,00582-TYDavTf8oyy\tasks-island_0.json,,fireplace,,,vocab_gap:no_ignite_action,FLAG
turn_on,00591-JptJPosx1Z6\tasks-island_0.json,,fireplace,,,vocab_gap:no_ignite_action,FLAG
turn_on,00591-JptJPosx1Z6\tasks-island_0.json,,fireplace,,,vocab_gap:no_ignite_action,FLAG
turn_on,00591-JptJPosx1Z6\tasks-island_0.json,,fireplace,,,vocab_gap:no_ignite_action,FLAG
turn_on,00591-JptJPosx1Z6\tasks-island_0.json,,fireplace,,,vocab_gap:no_ignite_action,FLAG
turn_on,00591-JptJPosx1Z6\tasks-island_0.json,,fireplace,,,vocab_gap:no_ignite_action,FLAG
turn_on,00591-JptJPosx1Z6\tasks-island_0.json,,fireplace,,,vocab_gap:no_ignite_action,FLAG
turn_on,00591-JptJPosx1Z6\tasks-island_0.json,,fireplace,,,vocab_gap:no_ignite_action,FLAG
turn_on,00591-JptJPosx1Z6\tasks-island_0.json,,fireplace,,,vocab_gap:no_ignite_action,FLAG
turn_on,00591-JptJPosx1Z6\tasks-island_0.json,,fireplace,,,vocab_gap:no_ignite_action,FLAG
turn_on,00591-JptJPosx1Z6\tasks-island_0.json,,fireplace,,,vocab_gap:no_ignite_action,FLAG
turn_on,00591-JptJPosx1Z6\tasks-island_0.json,,fireplace,,,vocab_gap:no_ignite_action,FLAG
turn_on,00591-JptJPosx1Z6\tasks-island_0.json,,fireplace,,,vocab_gap:no_ignite_action,FLAG
turn_on,00591-JptJPosx1Z6\tasks-island_0.json,,fireplace,,,vocab_gap:no_ignite_action,FLAG
turn_on,00591-JptJPosx1Z6\tasks-island_0.json,,fireplace,,,vocab_gap:no_ignite_action,FLAG
turn_on,00591-JptJPosx1Z6\tasks-island_0.json,,fireplace,,,vocab_gap:no_ignite_action,FLAG
turn_on,00591-JptJPosx1Z6\tasks-island_0.json,,fireplace,,,vocab_gap:no_ignite_action,FLAG
turn_on,00591-JptJPosx1Z6\tasks-island_0.json,,fireplace,,,vocab_gap:no_ignite_action,FLAG
turn_on,00591-JptJPosx1Z6\tasks-island_0.json,,fireplace,,,vocab_gap:no_ignite_action,FLAG
turn_on,00591-JptJPosx1Z6\tasks-island_0.json,,fireplace,,,vocab_gap:no_ignite_action,FLAG
turn_on,00592-CthA7sQNTPK\tasks-island_0.json,,oven and stove,,,vocab_gap:no_boil_action,FLAG
turn_on,00592-CthA7sQNTPK\tasks-island_0.json,,oven and stove,,,vocab_gap:no_boil_action,FLAG
turn_on,00598-mt9H8KcxRKD\tasks-island_0.json,,kettle,,,vocab_gap:no_boil_action,FLAG
turn_on,00598-mt9H8KcxRKD\tasks-island_0.json,,kettle,,,vocab_gap:no_boil_action,FLAG
turn_on,00598-mt9H8KcxRKD\tasks-island_0.json,,kettle,,,vocab_gap:no_boil_action,FLAG
turn_on,00598-mt9H8KcxRKD\tasks-island_0.json,,kettle,,,vocab_gap:no_boil_action,FLAG
turn_on,00598-mt9H8KcxRKD\tasks-island_0.json,,kettle,,,vocab_gap:no_boil_action,FLAG
turn_on,00598-mt9H8KcxRKD\tasks-island_0.json,,kettle,,,vocab_gap:no_boil_action,FLAG
turn_on,00598-mt9H8KcxRKD\tasks-island_0.json,,kettle,,,vocab_gap:no_boil_action,FLAG
turn_on,00598-mt9H8KcxRKD\tasks-island_0.json,,kettle,,,vocab_gap:no_boil_action,FLAG
turn_on,00598-mt9H8KcxRKD\tasks-island_0.json,,kettle,,,vocab_gap:no_boil_action,FLAG
turn_on,00598-mt9H8KcxRKD\tasks-island_0.json,,kettle,,,vocab_gap:no_boil_action,FLAG
turn_on,00598-mt9H8KcxRKD\tasks-island_0.json,,kettle,,,vocab_gap:no_boil_action,FLAG
turn_on,00598-mt9H8KcxRKD\tasks-island_0.json,,kettle,,,vocab_gap:no_boil_action,FLAG
turn_on,00598-mt9H8KcxRKD\tasks-island_0.json,,kettle,,,vocab_gap:no_boil_action,FLAG
turn_on,00598-mt9H8KcxRKD\tasks-island_0.json,,kettle,,,vocab_gap:no_boil_action,FLAG
turn_on,00598-mt9H8KcxRKD\tasks-island_0.json,,kettle,,,vocab_gap:no_boil_action,FLAG
turn_on,00598-mt9H8KcxRKD\tasks-island_0.json,,kettle,,,vocab_gap:no_boil_action,FLAG
turn_on,00598-mt9H8KcxRKD\tasks-island_0.json,,kettle,,,vocab_gap:no_boil_action,FLAG
turn_on,00598-mt9H8KcxRKD\tasks-island_0.json,,kettle,,,vocab_gap:no_boil_action,FLAG
turn_on,00606-W16Bm4ysK8v\tasks-island_0.json,,kettle,,,vocab_gap:no_boil_action,FLAG
turn_on,00606-W16Bm4ysK8v\tasks-island_0.json,,kettle,,,vocab_gap:no_boil_action,FLAG
turn_on,00606-W16Bm4ysK8v\tasks-island_0.json,,fireplace,,,vocab_gap:no_ignite_action,FLAG
turn_on,00606-W16Bm4ysK8v\tasks-island_0.json,,kettle,,,vocab_gap:no_boil_action,FLAG
turn_on,00606-W16Bm4ysK8v\tasks-island_0.json,,fireplace,,,vocab_gap:no_ignite_action,FLAG
turn_on,00606-W16Bm4ysK8v\tasks-island_0.json,,kettle,,,vocab_gap:no_boil_action,FLAG
turn_on,00606-W16Bm4ysK8v\tasks-island_0.json,,kettle,,,vocab_gap:no_boil_action,FLAG
turn_on,00606-W16Bm4ysK8v\tasks-island_0.json,,fireplace,,,vocab_gap:no_ignite_action,FLAG
turn_on,00606-W16Bm4ysK8v\tasks-island_0.json,,kettle,,,vocab_gap:no_boil_action,FLAG
turn_on,00606-W16Bm4ysK8v\tasks-island_0.json,,kettle,,,vocab_gap:no_boil_action,FLAG
turn_on,00606-W16Bm4ysK8v\tasks-island_0.json,,kettle,,,vocab_gap:no_boil_action,FLAG
turn_on,00606-W16Bm4ysK8v\tasks-island_0.json,,fireplace,,,vocab_gap:no_ignite_action,FLAG
turn_on,00606-W16Bm4ysK8v\tasks-island_0.json,,kettle,,,vocab_gap:no_boil_action,FLAG
,00612-GsQBY83r3hb\tasks-island_0.json,Fill the shampoo.,,Fill the shampoo dispenser.,dispenser not in labels; reverted to 'shampoo',,GROUNDING_FIX
,00624-ooq3SnvC79d\tasks-island_0.json,Fill the shampoo.,,Fill the shampoo dispenser.,dispenser not in labels; reverted to 'shampoo',,GROUNDING_FIX
turn_on,00664-u5atqC7vRCY\tasks-island_0.json,,stove,,,vocab_gap:no_boil_action,FLAG
turn_on,00664-u5atqC7vRCY\tasks-island_0.json,,stove,,,vocab_gap:no_boil_action,FLAG
turn_on,00664-u5atqC7vRCY\tasks-island_0.json,,stove,,,vocab_gap:no_boil_action,FLAG
turn_on,00664-u5atqC7vRCY\tasks-island_0.json,,stove,,,vocab_gap:no_boil_action,FLAG
turn_on,00680-YmWinf3mhb5\tasks-island_0.json,,oven and stove,,,vocab_gap:no_boil_action,FLAG
turn_on,00680-YmWinf3mhb5\tasks-island_0.json,,oven and stove,,,vocab_gap:no_boil_action,FLAG
turn_on,00680-YmWinf3mhb5\tasks-island_0.json,,oven and stove,,,vocab_gap:no_boil_action,FLAG
turn_on,00680-YmWinf3mhb5\tasks-island_0.json,,oven and stove,,,vocab_gap:no_boil_action,FLAG
turn_on,00680-YmWinf3mhb5\tasks-island_0.json,,oven and stove,,,vocab_gap:no_boil_action,FLAG
,00685-ENiCjXWB6aQ\tasks-island_3.json,Turn on the bathtub.,,Turn on the bathtub faucet.,faucet not in labels; reverted to 'bathtub' + flagged,,GROUNDING_FIX+FLAG
turn_on,00688-SgkmkWjjmDJ\tasks-island_0.json,,oven and stove,,,vocab_gap:no_boil_action,FLAG
turn_on,00688-SgkmkWjjmDJ\tasks-island_0.json,,oven and stove,,,vocab_gap:no_boil_action,FLAG
turn_on,00688-SgkmkWjjmDJ\tasks-island_0.json,,oven and stove,,,vocab_gap:no_boil_action,FLAG
turn_on,00688-SgkmkWjjmDJ\tasks-island_0.json,,oven and stove,,,vocab_gap:no_boil_action,FLAG
,00720-8B43pG641ff\tasks-island_0.json,Fill the shampoo.,,Fill the shampoo dispenser.,dispenser not in labels; reverted to 'shampoo',,GROUNDING_FIX
turn_on,00723-hWDDQnSDMXb\tasks-island_1.json,,fireplace,,,vocab_gap:no_ignite_action,FLAG
turn_on,00723-hWDDQnSDMXb\tasks-island_1.json,,fireplace,,,vocab_gap:no_ignite_action,FLAG
turn_on,00723-hWDDQnSDMXb\tasks-island_1.json,,fireplace,,,vocab_gap:no_ignite_action,FLAG
turn_on,00723-hWDDQnSDMXb\tasks-island_1.json,,fireplace,,,vocab_gap:no_ignite_action,FLAG
turn_on,00723-hWDDQnSDMXb\tasks-island_1.json,,fireplace,,,vocab_gap:no_ignite_action,FLAG
turn_on,00723-hWDDQnSDMXb\tasks-island_1.json,,fireplace,,,vocab_gap:no_ignite_action,FLAG
turn_on,00723-hWDDQnSDMXb\tasks-island_1.json,,fireplace,,,vocab_gap:no_ignite_action,FLAG
turn_on,00723-hWDDQnSDMXb\tasks-island_1.json,,fireplace,,,vocab_gap:no_ignite_action,FLAG
turn_on,00723-hWDDQnSDMXb\tasks-island_1.json,,fireplace,,,vocab_gap:no_ignite_action,FLAG
turn_on,00732-Z2DQddYp1fn\tasks-island_0.json,,kettle,,,vocab_gap:no_boil_action,FLAG
turn_on,00732-Z2DQddYp1fn\tasks-island_0.json,,kettle,,,vocab_gap:no_boil_action,FLAG
turn_on,00732-Z2DQddYp1fn\tasks-island_0.json,,kettle,,,vocab_gap:no_boil_action,FLAG
turn_on,00732-Z2DQddYp1fn\tasks-island_0.json,,kettle,,,vocab_gap:no_boil_action,FLAG
turn_on,00732-Z2DQddYp1fn\tasks-island_0.json,,kettle,,,vocab_gap:no_boil_action,FLAG
turn_on,00732-Z2DQddYp1fn\tasks-island_0.json,,kettle,,,vocab_gap:no_boil_action,FLAG
turn_on,00732-Z2DQddYp1fn\tasks-island_0.json,,kettle,,,vocab_gap:no_boil_action,FLAG
turn_on,00732-Z2DQddYp1fn\tasks-island_0.json,,kettle,,,vocab_gap:no_boil_action,FLAG
turn_on,00738-GPyDUnjwZQy\tasks-island_0.json,,kettle,,,vocab_gap:no_boil_action,FLAG
turn_on,00738-GPyDUnjwZQy\tasks-island_0.json,,kettle,,,vocab_gap:no_boil_action,FLAG
,00738-GPyDUnjwZQy\tasks-island_0.json,Fill the shampoo.,,Fill the shampoo dispenser.,dispenser not in labels; reverted to 'shampoo',,GROUNDING_FIX
,00738-GPyDUnjwZQy\tasks-island_0.json,Fill the shampoo.,,Fill the shampoo dispenser.,dispenser not in labels; reverted to 'shampoo',,GROUNDING_FIX
,00738-GPyDUnjwZQy\tasks-island_0.json,Fill the shampoo.,,Fill the shampoo dispenser.,dispenser not in labels; reverted to 'shampoo',,GROUNDING_FIX
turn_on,00741-w8GiikYuFRk\tasks-island_0.json,,stove,,,vocab_gap:no_boil_action,FLAG
turn_on,00741-w8GiikYuFRk\tasks-island_0.json,,fireplace sconce,,,vocab_gap:no_ignite_action,FLAG
turn_on,00741-w8GiikYuFRk\tasks-island_0.json,,stove,,,vocab_gap:no_boil_action,FLAG
turn_on,00741-w8GiikYuFRk\tasks-island_0.json,,stove,,,vocab_gap:no_boil_action,FLAG
turn_on,00741-w8GiikYuFRk\tasks-island_0.json,,stove,,,vocab_gap:no_boil_action,FLAG
turn_on,00741-w8GiikYuFRk\tasks-island_0.json,,stove,,,vocab_gap:no_boil_action,FLAG
turn_on,00741-w8GiikYuFRk\tasks-island_0.json,,stove,,,vocab_gap:no_boil_action,FLAG
turn_on,00741-w8GiikYuFRk\tasks-island_1.json,,stove,,,vocab_gap:no_boil_action,FLAG
turn_on,00744-1S7LAXRdDqK\tasks-island_0.json,,fireplace,,,vocab_gap:no_ignite_action,FLAG
turn_on,00744-1S7LAXRdDqK\tasks-island_0.json,,kettle,,,vocab_gap:no_boil_action,FLAG
turn_on,00744-1S7LAXRdDqK\tasks-island_0.json,,fireplace,,,vocab_gap:no_ignite_action,FLAG
turn_on,00744-1S7LAXRdDqK\tasks-island_0.json,,kettle,,,vocab_gap:no_boil_action,FLAG
turn_on,00744-1S7LAXRdDqK\tasks-island_0.json,,kettle,,,vocab_gap:no_boil_action,FLAG
turn_on,00744-1S7LAXRdDqK\tasks-island_0.json,,fireplace,,,vocab_gap:no_ignite_action,FLAG
turn_on,00744-1S7LAXRdDqK\tasks-island_0.json,,kettle,,,vocab_gap:no_boil_action,FLAG
turn_on,00746-RTV2n6fXB2w\tasks-island_0.json,,stove,,,vocab_gap:no_boil_action,FLAG
turn_on,00746-RTV2n6fXB2w\tasks-island_0.json,,fireplace,,,vocab_gap:no_ignite_action,FLAG
turn_on,00746-RTV2n6fXB2w\tasks-island_0.json,,fireplace,,,vocab_gap:no_ignite_action,FLAG
turn_on,00746-RTV2n6fXB2w\tasks-island_0.json,,fireplace,,,vocab_gap:no_ignite_action,FLAG
turn_on,00746-RTV2n6fXB2w\tasks-island_0.json,,fireplace,,,vocab_gap:no_ignite_action,FLAG
turn_on,00746-RTV2n6fXB2w\tasks-island_0.json,,stove,,,vocab_gap:no_boil_action,FLAG
turn_on,00746-RTV2n6fXB2w\tasks-island_0.json,,fireplace,,,vocab_gap:no_ignite_action,FLAG
turn_on,00746-RTV2n6fXB2w\tasks-island_0.json,,fireplace,,,vocab_gap:no_ignite_action,FLAG
turn_on,00746-RTV2n6fXB2w\tasks-island_0.json,,stove,,,vocab_gap:no_boil_action,FLAG
turn_on,00746-RTV2n6fXB2w\tasks-island_0.json,,fireplace,,,vocab_gap:no_ignite_action,FLAG
turn_on,00750-E1NrAhMoqvB\tasks-island_0.json,,fireplace,,,vocab_gap:no_ignite_action,FLAG
turn_on,00750-E1NrAhMoqvB\tasks-island_0.json,,fireplace,,,vocab_gap:no_ignite_action,FLAG
turn_on,00750-E1NrAhMoqvB\tasks-island_0.json,,fireplace,,,vocab_gap:no_ignite_action,FLAG
,00750-E1NrAhMoqvB\tasks-island_0.json,Fill the shampoo.,,Fill the shampoo dispenser.,dispenser not in labels; reverted to 'shampoo',,GROUNDING_FIX
turn_on,00750-E1NrAhMoqvB\tasks-island_0.json,,fireplace,,,vocab_gap:no_ignite_action,FLAG
turn_on,00750-E1NrAhMoqvB\tasks-island_0.json,,fireplace,,,vocab_gap:no_ignite_action,FLAG
turn_on,00750-E1NrAhMoqvB\tasks-island_0.json,,fireplace,,,vocab_gap:no_ignite_action,FLAG
turn_on,00750-E1NrAhMoqvB\tasks-island_0.json,,fireplace,,,vocab_gap:no_ignite_action,FLAG
,00750-E1NrAhMoqvB\tasks-island_0.json,Fill the shampoo.,,Fill the shampoo dispenser.,dispenser not in labels; reverted to 'shampoo',,GROUNDING_FIX
,00750-E1NrAhMoqvB\tasks-island_0.json,Fill the shampoo.,,Fill the shampoo dispenser.,dispenser not in labels; reverted to 'shampoo',,GROUNDING_FIX
,00750-E1NrAhMoqvB\tasks-island_0.json,Fill the shampoo.,,Fill the shampoo dispenser.,dispenser not in labels; reverted to 'shampoo',,GROUNDING_FIX
turn_on,00758-HfMobPm86Xn\tasks-island_0.json,,cooker,,,vocab_gap:no_boil_action,FLAG
turn_on,00758-HfMobPm86Xn\tasks-island_0.json,,cooker,,,vocab_gap:no_boil_action,FLAG
,00758-HfMobPm86Xn\tasks-island_0.json,Fill the shampoo.,,Fill the shampoo dispenser.,dispenser not in labels; reverted to 'shampoo',,GROUNDING_FIX
turn_on,00758-HfMobPm86Xn\tasks-island_0.json,,fireplace,,,vocab_gap:no_ignite_action,FLAG
turn_on,00758-HfMobPm86Xn\tasks-island_0.json,,fireplace,,,vocab_gap:no_ignite_action,FLAG
turn_on,00758-HfMobPm86Xn\tasks-island_0.json,,cooker,,,vocab_gap:no_boil_action,FLAG
turn_on,00758-HfMobPm86Xn\tasks-island_0.json,,cooker,,,vocab_gap:no_boil_action,FLAG
turn_on,00758-HfMobPm86Xn\tasks-island_0.json,,cooker,,,vocab_gap:no_boil_action,FLAG
,00758-HfMobPm86Xn\tasks-island_0.json,Fill the shampoo.,,Fill the shampoo dispenser.,dispenser not in labels; reverted to 'shampoo',,GROUNDING_FIX
turn_on,00758-HfMobPm86Xn\tasks-island_0.json,,fireplace,,,vocab_gap:no_ignite_action,FLAG
turn_on,00758-HfMobPm86Xn\tasks-island_0.json,,cooker,,,vocab_gap:no_boil_action,FLAG
turn_on,00758-HfMobPm86Xn\tasks-island_0.json,,kettle,,,vocab_gap:no_boil_action,FLAG
turn_on,00758-HfMobPm86Xn\tasks-island_0.json,,fireplace,,,vocab_gap:no_ignite_action,FLAG
turn_on,00758-HfMobPm86Xn\tasks-island_0.json,,cooker,,,vocab_gap:no_boil_action,FLAG
turn_on,00758-HfMobPm86Xn\tasks-island_0.json,,kettle,,,vocab_gap:no_boil_action,FLAG
turn_on,00758-HfMobPm86Xn\tasks-island_0.json,,kettle,,,vocab_gap:no_boil_action,FLAG
turn_on,00758-HfMobPm86Xn\tasks-island_0.json,,fireplace,,,vocab_gap:no_ignite_action,FLAG
,00758-HfMobPm86Xn\tasks-island_0.json,Fill the shampoo.,,Fill the shampoo dispenser.,dispenser not in labels; reverted to 'shampoo',,GROUNDING_FIX
turn_on,00758-HfMobPm86Xn\tasks-island_0.json,,kettle,,,vocab_gap:no_boil_action,FLAG
,00758-HfMobPm86Xn\tasks-island_0.json,Fill the shampoo.,,Fill the shampoo dispenser.,dispenser not in labels; reverted to 'shampoo',,GROUNDING_FIX
turn_on,00758-HfMobPm86Xn\tasks-island_0.json,,cooker,,,vocab_gap:no_boil_action,FLAG
turn_on,00758-HfMobPm86Xn\tasks-island_0.json,,kettle,,,vocab_gap:no_boil_action,FLAG
turn_on,00758-HfMobPm86Xn\tasks-island_0.json,,cooker,,,vocab_gap:no_boil_action,FLAG
turn_on,00758-HfMobPm86Xn\tasks-island_0.json,,fireplace,,,vocab_gap:no_ignite_action,FLAG
turn_on,00758-HfMobPm86Xn\tasks-island_0.json,,kettle,,,vocab_gap:no_boil_action,FLAG
turn_on,00758-HfMobPm86Xn\tasks-island_0.json,,cooker,,,vocab_gap:no_boil_action,FLAG
turn_on,00758-HfMobPm86Xn\tasks-island_0.json,,cooker,,,vocab_gap:no_boil_action,FLAG
turn_on,00758-HfMobPm86Xn\tasks-island_0.json,,fireplace,,,vocab_gap:no_ignite_action,FLAG
turn_on,00758-HfMobPm86Xn\tasks-island_0.json,,cooker,,,vocab_gap:no_boil_action,FLAG
turn_on,00758-HfMobPm86Xn\tasks-island_0.json,,fireplace,,,vocab_gap:no_ignite_action,FLAG
turn_on,00758-HfMobPm86Xn\tasks-island_0.json,,fireplace,,,vocab_gap:no_ignite_action,FLAG
turn_on,00758-HfMobPm86Xn\tasks-island_0.json,,cooker,,,vocab_gap:no_boil_action,FLAG
turn_on,00758-HfMobPm86Xn\tasks-island_0.json,,fireplace,,,vocab_gap:no_ignite_action,FLAG
turn_on,00758-HfMobPm86Xn\tasks-island_0.json,,cooker,,,vocab_gap:no_boil_action,FLAG
,00758-HfMobPm86Xn\tasks-island_0.json,Fill the shampoo.,,Fill the shampoo dispenser.,dispenser not in labels; reverted to 'shampoo',,GROUNDING_FIX
turn_on,00802-wcojb4TFT35\tasks-island_2.json,,kettle,,,vocab_gap:no_boil_action,FLAG
turn_on,00802-wcojb4TFT35\tasks-island_2.json,,kettle,,,vocab_gap:no_boil_action,FLAG
turn_on,00802-wcojb4TFT35\tasks-island_2.json,,fireplace,,,vocab_gap:no_ignite_action,FLAG
turn_on,00802-wcojb4TFT35\tasks-island_2.json,,kettle,,,vocab_gap:no_boil_action,FLAG
turn_on,00802-wcojb4TFT35\tasks-island_2.json,,fireplace,,,vocab_gap:no_ignite_action,FLAG
turn_on,00802-wcojb4TFT35\tasks-island_2.json,,fireplace,,,vocab_gap:no_ignite_action,FLAG
turn_on,00802-wcojb4TFT35\tasks-island_2.json,,kettle,,,vocab_gap:no_boil_action,FLAG
turn_on,00802-wcojb4TFT35\tasks-island_2.json,,kettle,,,vocab_gap:no_boil_action,FLAG
turn_on,00802-wcojb4TFT35\tasks-island_2.json,,kettle,,,vocab_gap:no_boil_action,FLAG
turn_on,00802-wcojb4TFT35\tasks-island_2.json,,fireplace,,,vocab_gap:no_ignite_action,FLAG
turn_on,00802-wcojb4TFT35\tasks-island_2.json,,kettle,,,vocab_gap:no_boil_action,FLAG
turn_on,00802-wcojb4TFT35\tasks-island_2.json,,kettle,,,vocab_gap:no_boil_action,FLAG
turn_on,00802-wcojb4TFT35\tasks-island_2.json,,fireplace,,,vocab_gap:no_ignite_action,FLAG
turn_on,00802-wcojb4TFT35\tasks-island_2.json,,kettle,,,vocab_gap:no_boil_action,FLAG
turn_on,00802-wcojb4TFT35\tasks-island_2.json,,kettle,,,vocab_gap:no_boil_action,FLAG
turn_on,00808-y9hTuugGdiq\tasks-island_0.json,,fireplace,,,vocab_gap:no_ignite_action,FLAG
turn_on,00808-y9hTuugGdiq\tasks-island_0.json,,fireplace,,,vocab_gap:no_ignite_action,FLAG
turn_on,00808-y9hTuugGdiq\tasks-island_1.json,,fireplace,,,vocab_gap:no_ignite_action,FLAG
turn_on,00808-y9hTuugGdiq\tasks-island_1.json,,fireplace,,,vocab_gap:no_ignite_action,FLAG
turn_on,00808-y9hTuugGdiq\tasks-island_1.json,,fireplace,,,vocab_gap:no_ignite_action,FLAG
turn_on,00810-CrMo8WxCyVb\tasks-island_0.json,,fireplace,,,vocab_gap:no_ignite_action,FLAG
turn_on,00810-CrMo8WxCyVb\tasks-island_0.json,,fireplace,,,vocab_gap:no_ignite_action,FLAG
turn_on,00810-CrMo8WxCyVb\tasks-island_0.json,,fireplace,,,vocab_gap:no_ignite_action,FLAG
turn_on,00810-CrMo8WxCyVb\tasks-island_0.json,,oven and stove,,,vocab_gap:no_boil_action,FLAG
turn_on,00810-CrMo8WxCyVb\tasks-island_0.json,,fireplace,,,vocab_gap:no_ignite_action,FLAG
turn_on,00810-CrMo8WxCyVb\tasks-island_0.json,,fireplace,,,vocab_gap:no_ignite_action,FLAG
turn_on,00810-CrMo8WxCyVb\tasks-island_0.json,,fireplace,,,vocab_gap:no_ignite_action,FLAG
turn_on,00810-CrMo8WxCyVb\tasks-island_0.json,,fireplace,,,vocab_gap:no_ignite_action,FLAG
turn_on,00810-CrMo8WxCyVb\tasks-island_0.json,,oven and stove,,,vocab_gap:no_boil_action,FLAG
turn_on,00810-CrMo8WxCyVb\tasks-island_0.json,,fireplace,,,vocab_gap:no_ignite_action,FLAG
turn_on,00810-CrMo8WxCyVb\tasks-island_0.json,,fireplace,,,vocab_gap:no_ignite_action,FLAG
turn_on,00810-CrMo8WxCyVb\tasks-island_0.json,,fireplace,,,vocab_gap:no_ignite_action,FLAG
turn_on,00813-svBbv1Pavdk\tasks-island_0.json,,stove,,,vocab_gap:no_boil_action,FLAG
turn_on,00813-svBbv1Pavdk\tasks-island_0.json,,stove,,,vocab_gap:no_boil_action,FLAG
turn_on,00813-svBbv1Pavdk\tasks-island_0.json,,stove,,,vocab_gap:no_boil_action,FLAG
turn_on,00813-svBbv1Pavdk\tasks-island_0.json,,stove,,,vocab_gap:no_boil_action,FLAG
turn_on,00813-svBbv1Pavdk\tasks-island_0.json,,stove,,,vocab_gap:no_boil_action,FLAG
turn_on,00814-p53SfW6mjZe\tasks-island_0.json,,fireplace,,,vocab_gap:no_ignite_action,FLAG
turn_on,00814-p53SfW6mjZe\tasks-island_0.json,,fireplace,,,vocab_gap:no_ignite_action,FLAG
turn_on,00814-p53SfW6mjZe\tasks-island_0.json,,fireplace,,,vocab_gap:no_ignite_action,FLAG
turn_on,00814-p53SfW6mjZe\tasks-island_0.json,,fireplace,,,vocab_gap:no_ignite_action,FLAG
turn_on,00814-p53SfW6mjZe\tasks-island_0.json,,fireplace,,,vocab_gap:no_ignite_action,FLAG
turn_on,00814-p53SfW6mjZe\tasks-island_0.json,,fireplace,,,vocab_gap:no_ignite_action,FLAG
turn_on,00814-p53SfW6mjZe\tasks-island_0.json,,fireplace,,,vocab_gap:no_ignite_action,FLAG
turn_on,00814-p53SfW6mjZe\tasks-island_0.json,,fireplace,,,vocab_gap:no_ignite_action,FLAG
turn_on,00814-p53SfW6mjZe\tasks-island_0.json,,fireplace,,,vocab_gap:no_ignite_action,FLAG
turn_on,00814-p53SfW6mjZe\tasks-island_0.json,,fireplace,,,vocab_gap:no_ignite_action,FLAG
turn_on,00815-h1zeeAwLh9Z\tasks-island_0.json,,oven and stove,,,vocab_gap:no_boil_action,FLAG
turn_on,00815-h1zeeAwLh9Z\tasks-island_0.json,,oven and stove,,,vocab_gap:no_boil_action,FLAG
turn_on,00815-h1zeeAwLh9Z\tasks-island_0.json,,fireplace,,,vocab_gap:no_ignite_action,FLAG
turn_on,00815-h1zeeAwLh9Z\tasks-island_0.json,,fireplace,,,vocab_gap:no_ignite_action,FLAG
turn_on,00815-h1zeeAwLh9Z\tasks-island_0.json,,oven and stove,,,vocab_gap:no_boil_action,FLAG
turn_on,00815-h1zeeAwLh9Z\tasks-island_0.json,,fireplace,,,vocab_gap:no_ignite_action,FLAG
turn_on,00815-h1zeeAwLh9Z\tasks-island_0.json,,oven and stove,,,vocab_gap:no_boil_action,FLAG
turn_on,00815-h1zeeAwLh9Z\tasks-island_0.json,,fireplace,,,vocab_gap:no_ignite_action,FLAG
turn_on,00815-h1zeeAwLh9Z\tasks-island_0.json,,oven and stove,,,vocab_gap:no_boil_action,FLAG
turn_on,00815-h1zeeAwLh9Z\tasks-island_0.json,,fireplace,,,vocab_gap:no_ignite_action,FLAG
turn_on,00815-h1zeeAwLh9Z\tasks-island_0.json,,fireplace,,,vocab_gap:no_ignite_action,FLAG
turn_on,00815-h1zeeAwLh9Z\tasks-island_0.json,,fireplace,,,vocab_gap:no_ignite_action,FLAG
turn_on,00815-h1zeeAwLh9Z\tasks-island_0.json,,fireplace,,,vocab_gap:no_ignite_action,FLAG
turn_on,00815-h1zeeAwLh9Z\tasks-island_0.json,,fireplace,,,vocab_gap:no_ignite_action,FLAG
turn_on,00820-mL8ThkuaVTM\tasks-island_0.json,,fireplace,,,vocab_gap:no_ignite_action,FLAG
turn_on,00820-mL8ThkuaVTM\tasks-island_0.json,,fireplace,,,vocab_gap:no_ignite_action,FLAG
turn_on,00820-mL8ThkuaVTM\tasks-island_0.json,,fireplace,,,vocab_gap:no_ignite_action,FLAG
turn_on,00820-mL8ThkuaVTM\tasks-island_0.json,,fireplace,,,vocab_gap:no_ignite_action,FLAG
turn_on,00820-mL8ThkuaVTM\tasks-island_0.json,,fireplace,,,vocab_gap:no_ignite_action,FLAG
turn_on,00820-mL8ThkuaVTM\tasks-island_0.json,,fireplace,,,vocab_gap:no_ignite_action,FLAG
turn_on,00820-mL8ThkuaVTM\tasks-island_0.json,,fireplace,,,vocab_gap:no_ignite_action,FLAG
turn_on,00820-mL8ThkuaVTM\tasks-island_0.json,,fireplace,,,vocab_gap:no_ignite_action,FLAG
turn_on,00821-eF36g7L6Z9M\tasks-island_0.json,,kettle,,,vocab_gap:no_boil_action,FLAG
turn_on,00821-eF36g7L6Z9M\tasks-island_0.json,,kettle,,,vocab_gap:no_boil_action,FLAG
turn_on,00823-7MXmsvcQjpJ\tasks-island_0.json,,stove,,,vocab_gap:no_boil_action,FLAG
turn_on,00823-7MXmsvcQjpJ\tasks-island_0.json,,fireplace,,,vocab_gap:no_ignite_action,FLAG
turn_on,00823-7MXmsvcQjpJ\tasks-island_0.json,,stove,,,vocab_gap:no_boil_action,FLAG
turn_on,00823-7MXmsvcQjpJ\tasks-island_0.json,,fireplace,,,vocab_gap:no_ignite_action,FLAG
turn_on,00823-7MXmsvcQjpJ\tasks-island_0.json,,stove,,,vocab_gap:no_boil_action,FLAG
turn_on,00823-7MXmsvcQjpJ\tasks-island_0.json,,fireplace,,,vocab_gap:no_ignite_action,FLAG
turn_on,00823-7MXmsvcQjpJ\tasks-island_0.json,,stove,,,vocab_gap:no_boil_action,FLAG
turn_on,00823-7MXmsvcQjpJ\tasks-island_0.json,,fireplace,,,vocab_gap:no_ignite_action,FLAG
turn_on,00824-Dd4bFSTQ8gi\tasks-island_0.json,,kettle,,,vocab_gap:no_boil_action,FLAG
turn_on,00824-Dd4bFSTQ8gi\tasks-island_0.json,,fireplace,,,vocab_gap:no_ignite_action,FLAG
turn_on,00824-Dd4bFSTQ8gi\tasks-island_0.json,,fireplace,,,vocab_gap:no_ignite_action,FLAG
turn_on,00824-Dd4bFSTQ8gi\tasks-island_0.json,,fireplace,,,vocab_gap:no_ignite_action,FLAG
turn_on,00824-Dd4bFSTQ8gi\tasks-island_0.json,,fireplace,,,vocab_gap:no_ignite_action,FLAG
turn_on,00824-Dd4bFSTQ8gi\tasks-island_0.json,,fireplace,,,vocab_gap:no_ignite_action,FLAG
turn_on,00824-Dd4bFSTQ8gi\tasks-island_0.json,,fireplace,,,vocab_gap:no_ignite_action,FLAG
turn_on,00824-Dd4bFSTQ8gi\tasks-island_0.json,,fireplace,,,vocab_gap:no_ignite_action,FLAG
turn_on,00824-Dd4bFSTQ8gi\tasks-island_0.json,,fireplace,,,vocab_gap:no_ignite_action,FLAG
turn_on,00824-Dd4bFSTQ8gi\tasks-island_0.json,,kettle,,,vocab_gap:no_boil_action,FLAG
turn_on,00824-Dd4bFSTQ8gi\tasks-island_0.json,,fireplace,,,vocab_gap:no_ignite_action,FLAG
turn_on,00827-BAbdmeyTvMZ\tasks-island_0.json,,fireplace,,,vocab_gap:no_ignite_action,FLAG
turn_on,00827-BAbdmeyTvMZ\tasks-island_0.json,,fireplace,,,vocab_gap:no_ignite_action,FLAG
turn_on,00827-BAbdmeyTvMZ\tasks-island_0.json,,fireplace,,,vocab_gap:no_ignite_action,FLAG
turn_on,00827-BAbdmeyTvMZ\tasks-island_0.json,,fireplace,,,vocab_gap:no_ignite_action,FLAG
turn_on,00827-BAbdmeyTvMZ\tasks-island_0.json,,fireplace,,,vocab_gap:no_ignite_action,FLAG
,00827-BAbdmeyTvMZ\tasks-island_1.json,Fill the shampoo.,,Fill the shampoo dispenser.,dispenser not in labels; reverted to 'shampoo',,GROUNDING_FIX
,00827-BAbdmeyTvMZ\tasks-island_1.json,Fill the shampoo.,,Fill the shampoo dispenser.,dispenser not in labels; reverted to 'shampoo',,GROUNDING_FIX
,00827-BAbdmeyTvMZ\tasks-island_1.json,Fill the shampoo.,,Fill the shampoo dispenser.,dispenser not in labels; reverted to 'shampoo',,GROUNDING_FIX
,00827-BAbdmeyTvMZ\tasks-island_1.json,Fill the shampoo.,,Fill the shampoo dispenser.,dispenser not in labels; reverted to 'shampoo',,GROUNDING_FIX
,00827-BAbdmeyTvMZ\tasks-island_1.json,Fill the shampoo.,,Fill the shampoo dispenser.,dispenser not in labels; reverted to 'shampoo',,GROUNDING_FIX
,00829-QaLdnwvtxbs\tasks-island_0.json,Fill the shampoo.,,Fill the shampoo dispenser.,dispenser not in labels; reverted to 'shampoo',,GROUNDING_FIX
,00829-QaLdnwvtxbs\tasks-island_0.json,Fill the shampoo.,,Fill the shampoo dispenser.,dispenser not in labels; reverted to 'shampoo',,GROUNDING_FIX
turn_on,00832-qyAac8rV8Zk\tasks-island_1.json,,fireplace,,,vocab_gap:no_ignite_action,FLAG
turn_on,00832-qyAac8rV8Zk\tasks-island_1.json,,kettle,,,vocab_gap:no_boil_action,FLAG
turn_on,00832-qyAac8rV8Zk\tasks-island_1.json,,fireplace,,,vocab_gap:no_ignite_action,FLAG
turn_on,00832-qyAac8rV8Zk\tasks-island_1.json,,fireplace,,,vocab_gap:no_ignite_action,FLAG
turn_on,00832-qyAac8rV8Zk\tasks-island_1.json,,kettle,,,vocab_gap:no_boil_action,FLAG
turn_on,00832-qyAac8rV8Zk\tasks-island_1.json,,fireplace,,,vocab_gap:no_ignite_action,FLAG
turn_on,00832-qyAac8rV8Zk\tasks-island_1.json,,fireplace,,,vocab_gap:no_ignite_action,FLAG
turn_on,00832-qyAac8rV8Zk\tasks-island_1.json,,fireplace,,,vocab_gap:no_ignite_action,FLAG
turn_on,00832-qyAac8rV8Zk\tasks-island_1.json,,fireplace,,,vocab_gap:no_ignite_action,FLAG
turn_on,00832-qyAac8rV8Zk\tasks-island_1.json,,fireplace,,,vocab_gap:no_ignite_action,FLAG
turn_on,00835-q3zU7Yy5E5s\tasks-island_1.json,,fireplace,,,vocab_gap:no_ignite_action,FLAG
turn_on,00835-q3zU7Yy5E5s\tasks-island_1.json,,oven and stove,,,vocab_gap:no_boil_action,FLAG
turn_on,00835-q3zU7Yy5E5s\tasks-island_1.json,,fireplace,,,vocab_gap:no_ignite_action,FLAG
turn_on,00835-q3zU7Yy5E5s\tasks-island_1.json,,fireplace,,,vocab_gap:no_ignite_action,FLAG
turn_on,00835-q3zU7Yy5E5s\tasks-island_1.json,,fireplace,,,vocab_gap:no_ignite_action,FLAG
turn_on,00835-q3zU7Yy5E5s\tasks-island_1.json,,oven and stove,,,vocab_gap:no_boil_action,FLAG
turn_on,00835-q3zU7Yy5E5s\tasks-island_1.json,,fireplace,,,vocab_gap:no_ignite_action,FLAG
turn_on,00835-q3zU7Yy5E5s\tasks-island_1.json,,oven and stove,,,vocab_gap:no_boil_action,FLAG
turn_on,00839-zt1RVoi7PcG\tasks-island_0.json,,fireplace,,,vocab_gap:no_ignite_action,FLAG
turn_on,00839-zt1RVoi7PcG\tasks-island_0.json,,fireplace,,,vocab_gap:no_ignite_action,FLAG
turn_on,00839-zt1RVoi7PcG\tasks-island_0.json,,stove,,,vocab_gap:no_boil_action,FLAG
turn_on,00839-zt1RVoi7PcG\tasks-island_0.json,,fireplace,,,vocab_gap:no_ignite_action,FLAG
turn_on,00839-zt1RVoi7PcG\tasks-island_0.json,,fireplace,,,vocab_gap:no_ignite_action,FLAG
turn_on,00839-zt1RVoi7PcG\tasks-island_0.json,,fireplace,,,vocab_gap:no_ignite_action,FLAG
turn_on,00839-zt1RVoi7PcG\tasks-island_0.json,,stove,,,vocab_gap:no_boil_action,FLAG
turn_on,00839-zt1RVoi7PcG\tasks-island_0.json,,fireplace,,,vocab_gap:no_ignite_action,FLAG
turn_on,00839-zt1RVoi7PcG\tasks-island_0.json,,fireplace,,,vocab_gap:no_ignite_action,FLAG
turn_on,00839-zt1RVoi7PcG\tasks-island_0.json,,stove,,,vocab_gap:no_boil_action,FLAG
turn_on,00839-zt1RVoi7PcG\tasks-island_0.json,,fireplace,,,vocab_gap:no_ignite_action,FLAG
turn_on,00839-zt1RVoi7PcG\tasks-island_0.json,,fireplace,,,vocab_gap:no_ignite_action,FLAG
turn_on,00839-zt1RVoi7PcG\tasks-island_0.json,,fireplace,,,vocab_gap:no_ignite_action,FLAG
turn_on,00839-zt1RVoi7PcG\tasks-island_0.json,,stove,,,vocab_gap:no_boil_action,FLAG
turn_on,00839-zt1RVoi7PcG\tasks-island_0.json,,fireplace,,,vocab_gap:no_ignite_action,FLAG
turn_on,00839-zt1RVoi7PcG\tasks-island_0.json,,fireplace,,,vocab_gap:no_ignite_action,FLAG
turn_on,00839-zt1RVoi7PcG\tasks-island_0.json,,fireplace,,,vocab_gap:no_ignite_action,FLAG
turn_on,00839-zt1RVoi7PcG\tasks-island_0.json,,fireplace,,,vocab_gap:no_ignite_action,FLAG
turn_on,00839-zt1RVoi7PcG\tasks-island_0.json,,stove,,,vocab_gap:no_boil_action,FLAG
turn_on,00839-zt1RVoi7PcG\tasks-island_0.json,,stove,,,vocab_gap:no_boil_action,FLAG
turn_on,00839-zt1RVoi7PcG\tasks-island_0.json,,fireplace,,,vocab_gap:no_ignite_action,FLAG
turn_on,00843-DYehNKdT76V\tasks-island_0.json,,kettle,,,vocab_gap:no_boil_action,FLAG
turn_on,00843-DYehNKdT76V\tasks-island_0.json,,kettle,,,vocab_gap:no_boil_action,FLAG
turn_on,00843-DYehNKdT76V\tasks-island_0.json,,kettle,,,vocab_gap:no_boil_action,FLAG
turn_on,00843-DYehNKdT76V\tasks-island_0.json,,kettle,,,vocab_gap:no_boil_action,FLAG
turn_on,00843-DYehNKdT76V\tasks-island_0.json,,kettle,,,vocab_gap:no_boil_action,FLAG
turn_on,00843-DYehNKdT76V\tasks-island_0.json,,kettle,,,vocab_gap:no_boil_action,FLAG
turn_on,00843-DYehNKdT76V\tasks-island_0.json,,kettle,,,vocab_gap:no_boil_action,FLAG
turn_on,00843-DYehNKdT76V\tasks-island_0.json,,kettle,,,vocab_gap:no_boil_action,FLAG
turn_on,00843-DYehNKdT76V\tasks-island_0.json,,kettle,,,vocab_gap:no_boil_action,FLAG
turn_on,00843-DYehNKdT76V\tasks-island_0.json,,kettle,,,vocab_gap:no_boil_action,FLAG
turn_on,00843-DYehNKdT76V\tasks-island_0.json,,kettle,,,vocab_gap:no_boil_action,FLAG
turn_on,00844-q5QZSEeHe5g\tasks-island_0.json,,fireplace,,,vocab_gap:no_ignite_action,FLAG
turn_on,00844-q5QZSEeHe5g\tasks-island_0.json,,fireplace,,,vocab_gap:no_ignite_action,FLAG
,00844-q5QZSEeHe5g\tasks-island_0.json,Fill the shampoo.,,Fill the shampoo dispenser.,dispenser not in labels; reverted to 'shampoo',,GROUNDING_FIX
turn_on,00844-q5QZSEeHe5g\tasks-island_0.json,,fireplace,,,vocab_gap:no_ignite_action,FLAG
turn_on,00844-q5QZSEeHe5g\tasks-island_0.json,,fireplace,,,vocab_gap:no_ignite_action,FLAG
turn_on,00844-q5QZSEeHe5g\tasks-island_0.json,,fireplace,,,vocab_gap:no_ignite_action,FLAG
turn_on,00844-q5QZSEeHe5g\tasks-island_0.json,,fireplace,,,vocab_gap:no_ignite_action,FLAG
,00844-q5QZSEeHe5g\tasks-island_0.json,Fill the shampoo.,,Fill the shampoo dispenser.,dispenser not in labels; reverted to 'shampoo',,GROUNDING_FIX
,00844-q5QZSEeHe5g\tasks-island_0.json,Fill the shampoo.,,Fill the shampoo dispenser.,dispenser not in labels; reverted to 'shampoo',,GROUNDING_FIX
turn_on,00844-q5QZSEeHe5g\tasks-island_0.json,,fireplace,,,vocab_gap:no_ignite_action,FLAG
turn_on,00844-q5QZSEeHe5g\tasks-island_0.json,,fireplace,,,vocab_gap:no_ignite_action,FLAG
turn_on,00844-q5QZSEeHe5g\tasks-island_0.json,,fireplace,,,vocab_gap:no_ignite_action,FLAG
,00844-q5QZSEeHe5g\tasks-island_0.json,Fill the shampoo.,,Fill the shampoo dispenser.,dispenser not in labels; reverted to 'shampoo',,GROUNDING_FIX
,00847-bCPU9suPUw9\tasks-island_1.json,Fill the shampoo.,,Fill the shampoo dispenser.,dispenser not in labels; reverted to 'shampoo',,GROUNDING_FIX
,00847-bCPU9suPUw9\tasks-island_1.json,Turn on the bathtub.,,Turn on the bathtub faucet.,faucet not in labels; reverted to 'bathtub' + flagged,,GROUNDING_FIX+FLAG
,00847-bCPU9suPUw9\tasks-island_1.json,Fill the shampoo.,,Fill the shampoo dispenser.,dispenser not in labels; reverted to 'shampoo',,GROUNDING_FIX
,00847-bCPU9suPUw9\tasks-island_1.json,Fill the shampoo.,,Fill the shampoo dispenser.,dispenser not in labels; reverted to 'shampoo',,GROUNDING_FIX
turn_on,00848-ziup5kvtCCR\tasks-island_0.json,,fireplace,,,vocab_gap:no_ignite_action,FLAG
turn_on,00848-ziup5kvtCCR\tasks-island_0.json,,kettle,,,vocab_gap:no_boil_action,FLAG
turn_on,00848-ziup5kvtCCR\tasks-island_0.json,,fireplace,,,vocab_gap:no_ignite_action,FLAG
turn_on,00848-ziup5kvtCCR\tasks-island_0.json,,fireplace,,,vocab_gap:no_ignite_action,FLAG
turn_on,00848-ziup5kvtCCR\tasks-island_0.json,,fireplace,,,vocab_gap:no_ignite_action,FLAG
turn_on,00848-ziup5kvtCCR\tasks-island_0.json,,fireplace,,,vocab_gap:no_ignite_action,FLAG
turn_on,00848-ziup5kvtCCR\tasks-island_0.json,,fireplace,,,vocab_gap:no_ignite_action,FLAG
turn_on,00848-ziup5kvtCCR\tasks-island_0.json,,fireplace,,,vocab_gap:no_ignite_action,FLAG
turn_on,00848-ziup5kvtCCR\tasks-island_0.json,,fireplace,,,vocab_gap:no_ignite_action,FLAG
turn_on,00849-a8BtkwhxdRV\tasks-island_0.json,,kettle,,,vocab_gap:no_boil_action,FLAG
turn_on,00853-5cdEh9F2hJL\tasks-island_0.json,,fireplace,,,vocab_gap:no_ignite_action,FLAG
turn_on,00853-5cdEh9F2hJL\tasks-island_0.json,,fireplace,,,vocab_gap:no_ignite_action,FLAG
turn_on,00853-5cdEh9F2hJL\tasks-island_0.json,,fireplace,,,vocab_gap:no_ignite_action,FLAG
turn_on,00853-5cdEh9F2hJL\tasks-island_0.json,,fireplace,,,vocab_gap:no_ignite_action,FLAG
turn_on,00853-5cdEh9F2hJL\tasks-island_0.json,,fireplace,,,vocab_gap:no_ignite_action,FLAG
turn_on,00853-5cdEh9F2hJL\tasks-island_0.json,,fireplace,,,vocab_gap:no_ignite_action,FLAG
,00861-GLAQ4DNUx5U\tasks-island_0.json,Fill the shampoo.,,Fill the shampoo dispenser.,dispenser not in labels; reverted to 'shampoo',,GROUNDING_FIX
,00861-GLAQ4DNUx5U\tasks-island_0.json,Fill the shampoo.,,Fill the shampoo dispenser.,dispenser not in labels; reverted to 'shampoo',,GROUNDING_FIX
,00861-GLAQ4DNUx5U\tasks-island_0.json,Fill the shampoo.,,Fill the shampoo dispenser.,dispenser not in labels; reverted to 'shampoo',,GROUNDING_FIX
turn_on,00862-LT9Jq6dN3Ea\tasks-island_0.json,,fireplace,,,vocab_gap:no_ignite_action,FLAG
turn_on,00862-LT9Jq6dN3Ea\tasks-island_0.json,,fireplace,,,vocab_gap:no_ignite_action,FLAG
turn_on,00862-LT9Jq6dN3Ea\tasks-island_0.json,,fireplace,,,vocab_gap:no_ignite_action,FLAG
turn_on,00862-LT9Jq6dN3Ea\tasks-island_0.json,,fireplace,,,vocab_gap:no_ignite_action,FLAG
turn_on,00862-LT9Jq6dN3Ea\tasks-island_0.json,,fireplace,,,vocab_gap:no_ignite_action,FLAG
turn_on,00862-LT9Jq6dN3Ea\tasks-island_0.json,,fireplace,,,vocab_gap:no_ignite_action,FLAG
turn_on,00869-MHPLjHsuG27\tasks-island_1.json,,stove,,,vocab_gap:no_boil_action,FLAG
turn_on,00869-MHPLjHsuG27\tasks-island_1.json,,stove,,,vocab_gap:no_boil_action,FLAG
turn_on,00869-MHPLjHsuG27\tasks-island_1.json,,stove,,,vocab_gap:no_boil_action,FLAG
turn_on,00869-MHPLjHsuG27\tasks-island_1.json,,stove,,,vocab_gap:no_boil_action,FLAG
turn_on,00869-MHPLjHsuG27\tasks-island_1.json,,stove,,,vocab_gap:no_boil_action,FLAG
turn_on,00869-MHPLjHsuG27\tasks-island_1.json,,stove,,,vocab_gap:no_boil_action,FLAG
turn_on,00871-VBzV5z6i1WS\tasks-island_0.json,,kettle,,,vocab_gap:no_boil_action,FLAG
turn_on,00873-bxsVRursffK\tasks-island_0.json,,fireplace,,,vocab_gap:no_ignite_action,FLAG
,00876-mv2HUxq3B53\tasks-island_0.json,Fill the shampoo.,,Fill the shampoo dispenser.,dispenser not in labels; reverted to 'shampoo',,GROUNDING_FIX
,00876-mv2HUxq3B53\tasks-island_0.json,Fill the shampoo.,,Fill the shampoo dispenser.,dispenser not in labels; reverted to 'shampoo',,GROUNDING_FIX
,00876-mv2HUxq3B53\tasks-island_0.json,Fill the shampoo.,,Fill the shampoo dispenser.,dispenser not in labels; reverted to 'shampoo',,GROUNDING_FIX
turn_on,00876-mv2HUxq3B53\tasks-island_0.json,,kettle,,,vocab_gap:no_boil_action,FLAG
,00876-mv2HUxq3B53\tasks-island_0.json,Fill the shampoo.,,Fill the shampoo dispenser.,dispenser not in labels; reverted to 'shampoo',,GROUNDING_FIX
turn_on,00876-mv2HUxq3B53\tasks-island_0.json,,kettle,,,vocab_gap:no_boil_action,FLAG
,00876-mv2HUxq3B53\tasks-island_0.json,Fill the shampoo.,,Fill the shampoo dispenser.,dispenser not in labels; reverted to 'shampoo',,GROUNDING_FIX
,00876-mv2HUxq3B53\tasks-island_0.json,Fill the shampoo.,,Fill the shampoo dispenser.,dispenser not in labels; reverted to 'shampoo',,GROUNDING_FIX
turn_on,00890-6s7QHgap2fW\tasks-island_0.json,,kettle,,,vocab_gap:no_boil_action,FLAG
turn_on,00890-6s7QHgap2fW\tasks-island_0.json,,kettle,,,vocab_gap:no_boil_action,FLAG
turn_on,00890-6s7QHgap2fW\tasks-island_0.json,,kettle,,,vocab_gap:no_boil_action,FLAG
turn_on,00891-cvZr5TUy5C5\tasks-island_0.json,,fireplace,,,vocab_gap:no_ignite_action,FLAG
turn_on,00891-cvZr5TUy5C5\tasks-island_0.json,,fireplace,,,vocab_gap:no_ignite_action,FLAG
turn_on,00891-cvZr5TUy5C5\tasks-island_0.json,,fireplace,,,vocab_gap:no_ignite_action,FLAG
turn_on,00891-cvZr5TUy5C5\tasks-island_0.json,,fireplace,,,vocab_gap:no_ignite_action,FLAG
turn_on,00891-cvZr5TUy5C5\tasks-island_0.json,,fireplace,,,vocab_gap:no_ignite_action,FLAG
turn_on,00891-cvZr5TUy5C5\tasks-island_0.json,,fireplace,,,vocab_gap:no_ignite_action,FLAG
