file,task_idx,step_id,rule,old_action,new_action,old_atomic_step,new_atomic_step,relation,mapping_source_op,step_orig
00009-vLpv2VX547B/tasks-island_0.json,59,4,F2_warm_inspect,inspect,turn_on,Inspect the heater.,Turn on the heater.,None,+vocab_extension_v1:inspect->turn_on,Warm the room with the heater.
00016-qk9eeNeR4vw/tasks-island_1.json,84,2,R4_appliance_clean,turn_on,turn_on,Turn on the grill.,Turn on the grill.,on,-vocab_gap:*; +idiom_ok:turn_on_appliance,Prepare the grill.
00016-qk9eeNeR4vw/tasks-island_1.json,98,2,R4_roll_flag,carry,carry,Carry the rug.,Carry the rug.,None,+vocab_gap:roll,Roll out the rug.
00017-oEPjPNSPmzL/tasks-island_1.json,11,3,R4_appliance_clean,turn_on,turn_on,Turn on kettle.,Turn on kettle.,None,-vocab_gap:*; +idiom_ok:turn_on_appliance,Boil water in the kettle.
00017-oEPjPNSPmzL/tasks-island_1.json,33,4,R4_appliance_clean,turn_off,turn_off,Turn off the kettle.,Turn off the kettle.,None,-vocab_gap:*; +idiom_ok:turn_on_appliance,Turn off the kettle.
00017-oEPjPNSPmzL/tasks-island_1.json,69,4,R4_appliance_clean,turn_on,turn_on,Turn on the kettle.,Turn on the kettle.,on,-vocab_gap:*; +idiom_ok:turn_on_appliance,Prepare the kettle.
00017-oEPjPNSPmzL/tasks-island_1.json,86,4,R4_appliance_clean,turn_on,turn_on,Turn on kettle.,Turn on kettle.,None,-vocab_gap:*; +idiom_ok:turn_on_appliance,Boil water in the kettle.
00017-oEPjPNSPmzL/tasks-island_1.json,91,5,R4_appliance_clean,turn_on,turn_on,Turn on kettle.,Turn on kettle.,None,-vocab_gap:*; +idiom_ok:turn_on_appliance,Boil the kettle.
00020-XYyR54sxe6b/tasks-island_0.json,14,1,R4_appliance_clean,turn_on,turn_on,Turn on kettle.,Turn on kettle.,None,-vocab_gap:*; +idiom_ok:turn_on_appliance,Boil water in the kettle.
00020-XYyR54sxe6b/tasks-island_0.json,27,1,R4_appliance_clean,turn_on,turn_on,Turn on kettle.,Turn on kettle.,None,-vocab_gap:*; +idiom_ok:turn_on_appliance,Boil water in the kettle.
00020-XYyR54sxe6b/tasks-island_0.json,32,4,R4_appliance_clean,turn_on,turn_on,Turn on the kettle.,Turn on the kettle.,on,-vocab_gap:*; +idiom_ok:turn_on_appliance,Turn on the kettle for tea.
00020-XYyR54sxe6b/tasks-island_0.json,57,4,R4_appliance_clean,turn_on,turn_on,Turn on the kettle.,Turn on the kettle.,on,-vocab_gap:*; +idiom_ok:turn_on_appliance,Turn on the kettle.
00020-XYyR54sxe6b/tasks-island_0.json,72,5,R4_appliance_clean,turn_on,turn_on,Turn on the kettle.,Turn on the kettle.,on,-vocab_gap:*; +idiom_ok:turn_on_appliance,Turn on the kettle.
00020-XYyR54sxe6b/tasks-island_0.json,85,1,R4_appliance_clean,turn_on,turn_on,Turn on the kettle.,Turn on the kettle.,on,-vocab_gap:*; +idiom_ok:turn_on_appliance,Turn on the kettle.
00022-gmuS7Wgsbrx/tasks-island_0.json,17,2,R1_light,turn_on,light,Turn on the candle.,Light the candle.,on,+vocab_extension_v1:turn_on->light; -vocab_gap:no_ignite_action,Light the candle.
00022-gmuS7Wgsbrx/tasks-island_0.json,40,4,R1_light,turn_on,light,Turn on the candle.,Light the candle.,on,+vocab_extension_v1:turn_on->light; -vocab_gap:no_ignite_action,Light the candle.
00022-gmuS7Wgsbrx/tasks-island_0.json,42,4,R4_appliance_clean,turn_on,turn_on,Turn on kettle.,Turn on kettle.,None,-vocab_gap:*; +idiom_ok:turn_on_appliance,Boil water with the kettle.
00022-gmuS7Wgsbrx/tasks-island_0.json,61,3,R1_light,turn_on,light,Turn on the candle.,Light the candle.,on,+vocab_extension_v1:turn_on->light; -vocab_gap:no_ignite_action,Light the candle.
00022-gmuS7Wgsbrx/tasks-island_0.json,73,2,R1_light,turn_on,light,Turn on the candle.,Light the candle.,on,+vocab_extension_v1:turn_on->light; -vocab_gap:no_ignite_action,Light a candle.
00022-gmuS7Wgsbrx/tasks-island_0.json,82,1,R4_appliance_clean,turn_off,turn_off,Turn off the kettle.,Turn off the kettle.,None,-vocab_gap:*; +idiom_ok:turn_on_appliance,Turn off the kettle.
00022-gmuS7Wgsbrx/tasks-island_0.json,100,1,R1_light,turn_on,light,Turn on the candle.,Light the candle.,on,+vocab_extension_v1:turn_on->light; -vocab_gap:no_ignite_action,Light the candle.
00022-gmuS7Wgsbrx/tasks-island_0.json,123,4,R1_light,turn_on,light,Turn on the candle.,Light the candle.,on,+vocab_extension_v1:turn_on->light; -vocab_gap:no_ignite_action,Light the candle.
00022-gmuS7Wgsbrx/tasks-island_0.json,141,1,R4_appliance_clean,turn_on,turn_on,Turn on kettle.,Turn on kettle.,None,-vocab_gap:*; +idiom_ok:turn_on_appliance,Boil water in the kettle.
00022-gmuS7Wgsbrx/tasks-island_0.json,155,2,R4_appliance_clean,turn_on,turn_on,Turn on kettle.,Turn on kettle.,None,-vocab_gap:*; +idiom_ok:turn_on_appliance,Boil water in the kettle.
00022-gmuS7Wgsbrx/tasks-island_0.json,160,2,R1_light,turn_on,light,Turn on the candle.,Light the candle.,on,+vocab_extension_v1:turn_on->light; -vocab_gap:no_ignite_action,Light the candle.
00022-gmuS7Wgsbrx/tasks-island_0.json,163,3,R4_appliance_clean,turn_on,turn_on,Turn on kettle.,Turn on kettle.,None,-vocab_gap:*; +idiom_ok:turn_on_appliance,Boil water in the kettle.
00022-gmuS7Wgsbrx/tasks-island_0.json,176,1,R1_light,turn_on,light,Turn on the candle.,Light the candle.,on,+vocab_extension_v1:turn_on->light; -vocab_gap:no_ignite_action,Light the candle.
00022-gmuS7Wgsbrx/tasks-island_0.json,187,4,R4_appliance_clean,turn_on,turn_on,Turn on kettle.,Turn on kettle.,None,-vocab_gap:*; +idiom_ok:turn_on_appliance,Boil the kettle.
00022-gmuS7Wgsbrx/tasks-island_0.json,199,5,R4_appliance_clean,turn_on,turn_on,Turn on the kettle.,Turn on the kettle.,on,-vocab_gap:*; +idiom_ok:turn_on_appliance,Turn on the kettle.
00022-gmuS7Wgsbrx/tasks-island_0.json,207,2,R1_light,turn_on,light,Turn on the candle.,Light the candle.,on,+vocab_extension_v1:turn_on->light; -vocab_gap:no_ignite_action,Light the candle for ambiance.
00022-gmuS7Wgsbrx/tasks-island_0.json,214,1,R4_appliance_clean,turn_on,turn_on,Turn on kettle.,Turn on kettle.,None,-vocab_gap:*; +idiom_ok:turn_on_appliance,Boil water in the kettle.
00022-gmuS7Wgsbrx/tasks-island_0.json,232,2,R4_appliance_clean,turn_on,turn_on,Turn on kettle.,Turn on kettle.,None,-vocab_gap:*; +idiom_ok:turn_on_appliance,Boil water with the kettle.
00022-gmuS7Wgsbrx/tasks-island_0.json,242,2,R4_appliance_clean,turn_on,turn_on,Turn on kettle.,Turn on kettle.,None,-vocab_gap:*; +idiom_ok:turn_on_appliance,Boil water in the kettle.
00022-gmuS7Wgsbrx/tasks-island_0.json,257,1,R3_iron,straighten,iron,Straighten the clothes.,Iron the clothes.,None,+vocab_extension_v1:straighten->iron,Iron the clothes.
00022-gmuS7Wgsbrx/tasks-island_0.json,259,3,F3_repair_FLAG,turn_on,turn_on,Turn on the fan.,Turn on the fan.,on,+vocab_gap:repair,Repair the fan.
00022-gmuS7Wgsbrx/tasks-island_0.json,259,7,F3_repair_FLAG,turn_on,turn_on,Turn on the lamp.,Turn on the lamp.,on,+vocab_gap:repair,Repair the lamp.
00022-gmuS7Wgsbrx/tasks-island_0.json,265,4,R4_appliance_clean,turn_on,turn_on,Turn on the kettle.,Turn on the kettle.,on,-vocab_gap:*; +idiom_ok:turn_on_appliance,Turn on the kettle.
00022-gmuS7Wgsbrx/tasks-island_0.json,273,3,R1_light,turn_on,light,Turn on the candle.,Light the candle.,on,+vocab_extension_v1:turn_on->light; -vocab_gap:no_ignite_action,Light the candle.
00022-gmuS7Wgsbrx/tasks-island_0.json,287,2,R4_appliance_clean,turn_on,turn_on,Turn on the grill.,Turn on the grill.,on,-vocab_gap:*; +idiom_ok:turn_on_appliance,Prepare the grill.
00022-gmuS7Wgsbrx/tasks-island_0.json,290,3,R1_light,turn_on,light,Turn on the candle.,Light the candle.,on,+vocab_extension_v1:turn_on->light; -vocab_gap:no_ignite_action,Light the candle.
00022-gmuS7Wgsbrx/tasks-island_0.json,301,1,R4_appliance_clean,turn_on,turn_on,Turn on kettle.,Turn on kettle.,None,-vocab_gap:*; +idiom_ok:turn_on_appliance,Boil the kettle.
00022-gmuS7Wgsbrx/tasks-island_0.json,306,4,R1_light,turn_on,light,Turn on the candle.,Light the candle.,on,+vocab_extension_v1:turn_on->light; -vocab_gap:no_ignite_action,Light the candle.
00022-gmuS7Wgsbrx/tasks-island_0.json,340,4,R4_appliance_clean,turn_on,turn_on,Turn on kettle.,Turn on kettle.,None,-vocab_gap:*; +idiom_ok:turn_on_appliance,Boil water in the kettle for tea.
00022-gmuS7Wgsbrx/tasks-island_0.json,342,2,R1_light,turn_on,light,Turn on the candle.,Light the candle.,on,+vocab_extension_v1:turn_on->light; -vocab_gap:no_ignite_action,Light the candle for ambiance.
00022-gmuS7Wgsbrx/tasks-island_0.json,352,2,R1_light,turn_on,light,Turn on the candle.,Light the candle.,on,+vocab_extension_v1:turn_on->light; -vocab_gap:no_ignite_action,Light the candle.
00022-gmuS7Wgsbrx/tasks-island_0.json,376,5,R4_appliance_clean,turn_on,turn_on,Turn on kettle.,Turn on kettle.,None,-vocab_gap:*; +idiom_ok:turn_on_appliance,Boil water in the kettle.
00022-gmuS7Wgsbrx/tasks-island_0.json,380,2,R1_light,turn_on,light,Turn on the candle.,Light the candle.,on,+vocab_extension_v1:turn_on->light; -vocab_gap:no_ignite_action,Light the candle.
00022-gmuS7Wgsbrx/tasks-island_0.json,385,4,R4_appliance_clean,turn_on,turn_on,Turn on kettle.,Turn on kettle.,None,-vocab_gap:*; +idiom_ok:turn_on_appliance,Boil water in the kettle.
00022-gmuS7Wgsbrx/tasks-island_0.json,401,7,R1_light,turn_on,light,Turn on the candle.,Light the candle.,on,+vocab_extension_v1:turn_on->light; -vocab_gap:no_ignite_action,Light the candle.
00023-zepmXAdrpjR/tasks-island_0.json,5,1,R4_fireplace_soft,turn_on,turn_on,Turn on the fireplace.,Turn on the fireplace.,on,-vocab_gap:no_ignite_action; +assume_gas_fireplace,Light the fireplace.
00023-zepmXAdrpjR/tasks-island_0.json,21,2,R4_appliance_clean,turn_on,turn_on,Turn on the oven and stove.,Turn on the oven and stove.,on,-vocab_gap:*; +idiom_ok:turn_on_appliance,Turn on the oven and stove.
00023-zepmXAdrpjR/tasks-island_0.json,27,1,R4_appliance_clean,turn_on,turn_on,Turn on the grill.,Turn on the grill.,on,-vocab_gap:*; +idiom_ok:turn_on_appliance,Prepare the grill.
00023-zepmXAdrpjR/tasks-island_0.json,30,3,F2_warm_inspect,inspect,turn_on,Inspect the toaster.,Turn on the toaster.,None,+vocab_extension_v1:inspect->turn_on,Use the toaster to warm the bread.
00023-zepmXAdrpjR/tasks-island_0.json,35,3,R4_fireplace_soft,turn_on,turn_on,Turn on the fireplace.,Turn on the fireplace.,on,-vocab_gap:no_ignite_action; +assume_gas_fireplace,Light the fireplace.
00023-zepmXAdrpjR/tasks-island_0.json,51,1,R4_appliance_clean,turn_on,turn_on,Turn on kettle.,Turn on kettle.,None,-vocab_gap:*; +idiom_ok:turn_on_appliance,Boil the kettle.
00023-zepmXAdrpjR/tasks-island_0.json,56,3,R4_fireplace_soft,turn_on,turn_on,Turn on the fireplace.,Turn on the fireplace.,on,-vocab_gap:no_ignite_action; +assume_gas_fireplace,Light the fireplace.
00023-zepmXAdrpjR/tasks-island_0.json,62,3,R4_appliance_clean,turn_on,turn_on,Turn on the grill.,Turn on the grill.,on,-vocab_gap:*; +idiom_ok:turn_on_appliance,Prepare the grill.
00023-zepmXAdrpjR/tasks-island_0.json,63,2,R4_appliance_clean,turn_on,turn_on,Turn on oven and stove.,Turn on oven and stove.,None,-vocab_gap:*; +idiom_ok:turn_on_appliance,Preheat the oven and stove.
00023-zepmXAdrpjR/tasks-island_0.json,73,3,R4_appliance_clean,turn_on,turn_on,Turn on the grill.,Turn on the grill.,on,-vocab_gap:*; +idiom_ok:turn_on_appliance,Prepare the grill.
00023-zepmXAdrpjR/tasks-island_0.json,77,1,R4_fireplace_soft,turn_on,turn_on,Turn on the fireplace.,Turn on the fireplace.,on,-vocab_gap:no_ignite_action; +assume_gas_fireplace,Light the fireplace.
00023-zepmXAdrpjR/tasks-island_0.json,84,3,R4_fireplace_soft,turn_on,turn_on,Turn on the fireplace.,Turn on the fireplace.,on,-vocab_gap:no_ignite_action; +assume_gas_fireplace,Light the fireplace.
00023-zepmXAdrpjR/tasks-island_0.json,87,5,R4_appliance_clean,turn_on,turn_on,Turn on the grill.,Turn on the grill.,on,-vocab_gap:*; +idiom_ok:turn_on_appliance,Prepare the grill.
00023-zepmXAdrpjR/tasks-island_0.json,103,4,R4_fireplace_soft,turn_on,turn_on,Turn on the fireplace.,Turn on the fireplace.,on,-vocab_gap:no_ignite_action; +assume_gas_fireplace,Light the fireplace.
00023-zepmXAdrpjR/tasks-island_0.json,104,6,F3_repair_REMAP,reposition,tighten,Reposition the rack.,Tighten the rack.,None,+vocab_extension_v1:repair_remap->tighten,Repair the rack.
00023-zepmXAdrpjR/tasks-island_0.json,105,2,R4_appliance_clean,turn_on,turn_on,Turn on the oven and stove.,Turn on the oven and stove.,on,-vocab_gap:*; +idiom_ok:turn_on_appliance,Prepare the oven and stove.
00023-zepmXAdrpjR/tasks-island_0.json,108,3,R4_appliance_clean,turn_on,turn_on,Turn on the grill.,Turn on the grill.,on,-vocab_gap:*; +idiom_ok:turn_on_appliance,Prepare the grill.
00023-zepmXAdrpjR/tasks-island_0.json,123,1,R4_fireplace_soft,turn_on,turn_on,Turn on the fireplace.,Turn on the fireplace.,on,-vocab_gap:no_ignite_action; +assume_gas_fireplace,Light the fireplace.
00023-zepmXAdrpjR/tasks-island_0.json,139,4,R4_fireplace_soft,turn_on,turn_on,Turn on the fireplace.,Turn on the fireplace.,on,-vocab_gap:no_ignite_action; +assume_gas_fireplace,Light the fireplace.
00023-zepmXAdrpjR/tasks-island_0.json,139,5,R4_appliance_clean,turn_on,turn_on,Turn on kettle.,Turn on kettle.,None,-vocab_gap:*; +idiom_ok:turn_on_appliance,Boil the kettle.
00023-zepmXAdrpjR/tasks-island_0.json,149,1,R4_appliance_clean,turn_on,turn_on,Turn on kettle.,Turn on kettle.,None,-vocab_gap:*; +idiom_ok:turn_on_appliance,Boil the kettle.
00023-zepmXAdrpjR/tasks-island_0.json,150,3,R4_fireplace_soft,turn_on,turn_on,Turn on the fireplace.,Turn on the fireplace.,on,-vocab_gap:no_ignite_action; +assume_gas_fireplace,Prepare the fireplace.
00023-zepmXAdrpjR/tasks-island_0.json,157,2,R4_roll_flag,smooth,smooth,Smooth the rug.,Smooth the rug.,None,+vocab_gap:roll,Roll up the rug.
00023-zepmXAdrpjR/tasks-island_0.json,160,2,R4_fireplace_soft,turn_on,turn_on,Turn on the fireplace.,Turn on the fireplace.,on,-vocab_gap:no_ignite_action; +assume_gas_fireplace,Light the fireplace.
00023-zepmXAdrpjR/tasks-island_0.json,164,5,R4_fireplace_soft,turn_on,turn_on,Turn on the fireplace.,Turn on the fireplace.,on,-vocab_gap:no_ignite_action; +assume_gas_fireplace,Light the fireplace.
00023-zepmXAdrpjR/tasks-island_0.json,164,7,R4_appliance_clean,turn_on,turn_on,Turn on kettle.,Turn on kettle.,None,-vocab_gap:*; +idiom_ok:turn_on_appliance,Boil water in the kettle.
00023-zepmXAdrpjR/tasks-island_0.json,168,1,R4_appliance_clean,turn_on,turn_on,Turn on the grill.,Turn on the grill.,on,-vocab_gap:*; +idiom_ok:turn_on_appliance,Prepare the grill.
00023-zepmXAdrpjR/tasks-island_0.json,169,4,F3_repair_FLAG,reposition,reposition,Reposition the kitchen cabinet.,Reposition the kitchen cabinet.,None,+vocab_gap:repair,Repair the kitchen cabinet.
00023-zepmXAdrpjR/tasks-island_0.json,173,1,R4_appliance_clean,turn_on,turn_on,Turn on oven and stove.,Turn on oven and stove.,None,-vocab_gap:*; +idiom_ok:turn_on_appliance,Preheat the oven and stove.
00023-zepmXAdrpjR/tasks-island_0.json,176,1,R4_fireplace_soft,turn_on,turn_on,Turn on the fireplace.,Turn on the fireplace.,on,-vocab_gap:no_ignite_action; +assume_gas_fireplace,Light the fireplace.
00023-zepmXAdrpjR/tasks-island_0.json,183,1,R4_appliance_clean,turn_on,turn_on,Turn on kettle.,Turn on kettle.,None,-vocab_gap:*; +idiom_ok:turn_on_appliance,Boil the kettle.
00023-zepmXAdrpjR/tasks-island_0.json,196,3,R4_appliance_clean,turn_on,turn_on,Turn on kettle.,Turn on kettle.,None,-vocab_gap:*; +idiom_ok:turn_on_appliance,Boil the kettle.
00023-zepmXAdrpjR/tasks-island_0.json,209,1,R4_appliance_clean,turn_on,turn_on,Turn on the grill.,Turn on the grill.,on,-vocab_gap:*; +idiom_ok:turn_on_appliance,Prepare the grill.
00025-ixTj1aTMup2/tasks-island_0.json,23,4,R4_appliance_clean,turn_on,turn_on,Turn on cooker.,Turn on cooker.,None,-vocab_gap:*; +idiom_ok:turn_on_appliance,Preheat the cooker.
00025-ixTj1aTMup2/tasks-island_0.json,24,4,R4_appliance_clean,turn_on,turn_on,Turn on kettle.,Turn on kettle.,None,-vocab_gap:*; +idiom_ok:turn_on_appliance,Prepare tea with the kettle.
00025-ixTj1aTMup2/tasks-island_0.json,52,3,R4_appliance_clean,turn_on,turn_on,Turn on the kettle.,Turn on the kettle.,on,-vocab_gap:*; +idiom_ok:turn_on_appliance,Turn on the kettle.
00025-ixTj1aTMup2/tasks-island_0.json,58,4,R4_appliance_clean,turn_on,turn_on,Turn on the cooker.,Turn on the cooker.,on,-vocab_gap:*; +idiom_ok:turn_on_appliance,Turn on the cooker.
00025-ixTj1aTMup2/tasks-island_0.json,63,2,R4_roll_flag,straighten,straighten,Straighten carpet.,Straighten carpet.,None,+vocab_gap:roll,Roll up the carpet.
00025-ixTj1aTMup2/tasks-island_0.json,107,2,R4_appliance_clean,turn_on,turn_on,Turn on the cooker.,Turn on the cooker.,on,-vocab_gap:*; +idiom_ok:turn_on_appliance,Turn on the cooker.
00025-ixTj1aTMup2/tasks-island_0.json,156,3,R4_appliance_clean,turn_on,turn_on,Turn on kettle.,Turn on kettle.,None,-vocab_gap:*; +idiom_ok:turn_on_appliance,Boil water in the kettle.
00025-ixTj1aTMup2/tasks-island_0.json,179,5,R4_appliance_clean,turn_on,turn_on,Turn on kettle.,Turn on kettle.,None,-vocab_gap:*; +idiom_ok:turn_on_appliance,Prepare a drink with the kettle.
00031-Wo6kuutE9i7/tasks-island_0.json,14,3,R1_light,turn_on,light,Turn on the candlestick.,Light the candlestick.,on,+vocab_extension_v1:turn_on->light; -vocab_gap:no_ignite_action,Light the candlestick.
00031-Wo6kuutE9i7/tasks-island_0.json,28,4,R4_appliance_clean,turn_on,turn_on,Turn on kettle.,Turn on kettle.,None,-vocab_gap:*; +idiom_ok:turn_on_appliance,Boil the kettle.
00031-Wo6kuutE9i7/tasks-island_0.json,42,5,R1_light,turn_on,light,Turn on the candlestick.,Light the candlestick.,on,+vocab_extension_v1:turn_on->light; -vocab_gap:no_ignite_action,Light the candlestick.
00031-Wo6kuutE9i7/tasks-island_0.json,46,3,R4_appliance_clean,turn_on,turn_on,Turn on the stovetop.,Turn on the stovetop.,on,-vocab_gap:*; +idiom_ok:turn_on_appliance,Turn on the stovetop.
00031-Wo6kuutE9i7/tasks-island_0.json,57,5,R4_appliance_clean,turn_on,turn_on,Turn on the stovetop.,Turn on the stovetop.,on,-vocab_gap:*; +idiom_ok:turn_on_appliance,Turn on the stovetop.
00031-Wo6kuutE9i7/tasks-island_0.json,59,3,R1_light,turn_on,light,Turn on the candlestick.,Light the candlestick.,on,+vocab_extension_v1:turn_on->light; -vocab_gap:no_ignite_action,Light the candlestick.
00031-Wo6kuutE9i7/tasks-island_0.json,63,1,R4_appliance_clean,turn_on,turn_on,Turn on the stovetop.,Turn on the stovetop.,on,-vocab_gap:*; +idiom_ok:turn_on_appliance,Turn on the stovetop.
00031-Wo6kuutE9i7/tasks-island_0.json,70,1,R4_appliance_clean,turn_on,turn_on,Turn on the stovetop.,Turn on the stovetop.,on,-vocab_gap:*; +idiom_ok:turn_on_appliance,Turn on the stovetop.
00031-Wo6kuutE9i7/tasks-island_0.json,73,5,R1_light,turn_on,light,Turn on the candlestick.,Light the candlestick.,on,+vocab_extension_v1:turn_on->light; -vocab_gap:no_ignite_action,Light the candlestick.
00031-Wo6kuutE9i7/tasks-island_0.json,79,4,R4_appliance_clean,turn_on,turn_on,Turn on kettle.,Turn on kettle.,None,-vocab_gap:*; +idiom_ok:turn_on_appliance,Boil water in the kettle.
00031-Wo6kuutE9i7/tasks-island_0.json,91,1,R4_appliance_clean,turn_on,turn_on,Turn on kettle.,Turn on kettle.,None,-vocab_gap:*; +idiom_ok:turn_on_appliance,Boil water in the kettle.
00031-Wo6kuutE9i7/tasks-island_0.json,91,5,R1_light,turn_on,light,Turn on the candlestick.,Light the candlestick.,on,+vocab_extension_v1:turn_on->light; -vocab_gap:no_ignite_action,Light the candlestick.
00031-Wo6kuutE9i7/tasks-island_0.json,108,3,F3_repair_REMAP,reposition,tighten,Reposition the fence.,Tighten the fence.,None,+vocab_extension_v1:repair_remap->tighten,Repair the fence.
00031-Wo6kuutE9i7/tasks-island_0.json,122,6,R1_light,turn_on,light,Turn on the candlestick.,Light the candlestick.,on,+vocab_extension_v1:turn_on->light; -vocab_gap:no_ignite_action,Light the candlestick.
00031-Wo6kuutE9i7/tasks-island_0.json,129,5,R1_light,turn_on,light,Turn on the candlestick.,Light the candlestick.,on,+vocab_extension_v1:turn_on->light; -vocab_gap:no_ignite_action,Light the candlestick.
00033-oPj9qMxrDEa/tasks-island_0.json,150,1,R2_unload,open,unload,Open washing machine.,Unload the washing machine.,None,+vocab_extension_v1:open->unload,Unload the washing machine.
00034-6imZUJGRUq4/tasks-island_0.json,10,4,R1_light,turn_on,light,Turn on the candle holder.,Light the candle holder.,on,+vocab_extension_v1:turn_on->light; -vocab_gap:no_ignite_action,Light the candle holder.
00034-6imZUJGRUq4/tasks-island_0.json,29,1,F1_brew_inspect,inspect,start_machine,Inspect the coffee_maker.,Start the coffee_maker.,None,+vocab_extension_v1:inspect->start_machine,Use the coffee maker to brew some coffee.
00034-6imZUJGRUq4/tasks-island_0.json,34,2,R4_fireplace_soft,turn_on,turn_on,Turn on the fireplace.,Turn on the fireplace.,on,-vocab_gap:no_ignite_action; +assume_gas_fireplace,Light the fireplace.
00034-6imZUJGRUq4/tasks-island_0.json,61,4,R2_unload,open,unload,Open dishwasher.,Unload the dishwasher.,None,+vocab_extension_v1:open->unload,Unload the dishwasher.
00034-6imZUJGRUq4/tasks-island_0.json,75,1,R4_fireplace_soft,turn_on,turn_on,Turn on the fireplace.,Turn on the fireplace.,on,-vocab_gap:no_ignite_action; +assume_gas_fireplace,Light the fireplace.
00034-6imZUJGRUq4/tasks-island_0.json,126,3,R4_fireplace_soft,turn_on,turn_on,Turn on the fireplace.,Turn on the fireplace.,on,-vocab_gap:no_ignite_action; +assume_gas_fireplace,Light the fireplace.
00034-6imZUJGRUq4/tasks-island_0.json,134,5,R1_light,turn_on,light,Turn on the candle holder.,Light the candle holder.,on,+vocab_extension_v1:turn_on->light; -vocab_gap:no_ignite_action,Light the candle holder.
00034-6imZUJGRUq4/tasks-island_0.json,158,1,R4_fireplace_soft,turn_on,turn_on,Turn on the fireplace.,Turn on the fireplace.,on,-vocab_gap:no_ignite_action; +assume_gas_fireplace,Light the fireplace.
00034-6imZUJGRUq4/tasks-island_0.json,158,6,R1_light,turn_on,light,Turn on the candle holder.,Light the candle holder.,in,+vocab_extension_v1:turn_on->light; -vocab_gap:no_ignite_action,Light the candles in the candle holder.
00034-6imZUJGRUq4/tasks-island_0.json,172,1,R1_light,turn_on,light,Turn on the candle holder.,Light the candle holder.,in,+vocab_extension_v1:turn_on->light; -vocab_gap:no_ignite_action,Light the candle in the candle holder.
00034-6imZUJGRUq4/tasks-island_0.json,172,2,R4_fireplace_soft,turn_on,turn_on,Turn on the fireplace.,Turn on the fireplace.,in,-vocab_gap:no_ignite_action; +assume_gas_fireplace,Start a fire in the fireplace.
00034-6imZUJGRUq4/tasks-island_0.json,206,1,R4_fireplace_soft,turn_on,turn_on,Turn on the fireplace.,Turn on the fireplace.,on,-vocab_gap:no_ignite_action; +assume_gas_fireplace,Light the fireplace.
00034-6imZUJGRUq4/tasks-island_0.json,216,2,R4_roll_flag,carry,carry,Carry the carpet.,Carry the carpet.,None,+vocab_gap:roll,Roll out the carpet.
00034-6imZUJGRUq4/tasks-island_0.json,221,4,R1_light,turn_on,light,Turn on the candle holder.,Light the candle holder.,on,+vocab_extension_v1:turn_on->light; -vocab_gap:no_ignite_action,Light the candle holder.
00034-6imZUJGRUq4/tasks-island_0.json,252,1,F1_brew_inspect,inspect,start_machine,Inspect the coffee_maker.,Start the coffee_maker.,None,+vocab_extension_v1:inspect->start_machine,Use the coffee maker to brew coffee.
00035-3XYAD64HpDr/tasks-island_1.json,2,1,R4_roll_flag,carry,carry,Carry the yoga mat.,Carry the yoga mat.,None,+vocab_gap:roll,Roll out the yoga mat.
00035-3XYAD64HpDr/tasks-island_1.json,6,3,R4_appliance_clean,turn_on,turn_on,Turn on oven and stove.,Turn on oven and stove.,None,-vocab_gap:*; +idiom_ok:turn_on_appliance,Pre-heat the oven and stove.
00035-3XYAD64HpDr/tasks-island_1.json,25,2,R4_roll_flag,smooth,smooth,Smooth the yoga mat.,Smooth the yoga mat.,None,+vocab_gap:roll,Roll up the yoga mat.
00035-3XYAD64HpDr/tasks-island_1.json,38,4,R4_appliance_clean,turn_on,turn_on,Turn on the oven and stove to cook a warm meal.,Turn on the oven and stove to cook a warm meal.,on,-vocab_gap:*; +idiom_ok:turn_on_appliance,Turn on the oven and stove to cook a warm meal.
00035-3XYAD64HpDr/tasks-island_1.json,50,1,R4_roll_flag,straighten,straighten,Straighten the yoga mat.,Straighten the yoga mat.,None,+vocab_gap:roll,Unroll the yoga mat.
00035-3XYAD64HpDr/tasks-island_1.json,63,1,R4_roll_flag,carry,carry,Carry the yoga mat.,Carry the yoga mat.,None,+vocab_gap:roll,Roll out the yoga mat.
00035-3XYAD64HpDr/tasks-island_1.json,74,3,R4_appliance_clean,turn_on,turn_on,Turn on the oven and stove.,Turn on the oven and stove.,on,-vocab_gap:*; +idiom_ok:turn_on_appliance,Turn on the oven.
00035-3XYAD64HpDr/tasks-island_1.json,75,2,R4_roll_flag,smooth,smooth,Smooth the yoga mat.,Smooth the yoga mat.,None,+vocab_gap:roll,Roll up the yoga mat.
00035-3XYAD64HpDr/tasks-island_1.json,88,2,R4_roll_flag,straighten,straighten,Straighten the yoga mat.,Straighten the yoga mat.,None,+vocab_gap:roll,Roll the yoga mat.
00035-3XYAD64HpDr/tasks-island_1.json,100,1,R4_roll_flag,straighten,straighten,Straighten the yoga mat.,Straighten the yoga mat.,None,+vocab_gap:roll,Unroll the yoga mat.
00035-3XYAD64HpDr/tasks-island_1.json,108,2,R4_roll_flag,straighten,straighten,Straighten the yoga mat.,Straighten the yoga mat.,None,+vocab_gap:roll,Unroll the yoga mat.
00035-3XYAD64HpDr/tasks-island_1.json,108,6,R4_appliance_clean,turn_off,turn_off,Turn off the oven and stove.,Turn off the oven and stove.,None,-vocab_gap:*; +idiom_ok:turn_on_appliance,Turn off the oven and stove.
00035-3XYAD64HpDr/tasks-island_1.json,115,1,R4_roll_flag,carry,carry,Carry the yoga mat.,Carry the yoga mat.,None,+vocab_gap:roll,Roll out the yoga mat.
00035-3XYAD64HpDr/tasks-island_1.json,119,5,R2_unload,open,unload,Open dishwasher.,Unload the dishwasher.,None,+vocab_extension_v1:open->unload,Unload the dishwasher.
00035-3XYAD64HpDr/tasks-island_1.json,129,6,R4_appliance_clean,turn_on,turn_on,Turn on the oven and stove.,Turn on the oven and stove.,on,-vocab_gap:*; +idiom_ok:turn_on_appliance,Turn on the oven and stove.
00043-Jfyvj3xn2aJ/tasks-island_2.json,45,1,F3_repair_FLAG,reposition,reposition,Reposition the kitchen cabinet.,Reposition the kitchen cabinet.,None,+vocab_gap:repair,Repair the kitchen cabinet.
00055-HxmXPBbFCkH/tasks-island_1.json,29,5,R4_appliance_clean,turn_on,turn_on,Turn on the stove to begin cooking.,Turn on the stove to begin cooking.,on,-vocab_gap:*; +idiom_ok:turn_on_appliance,Turn on the stove to begin cooking.
00055-HxmXPBbFCkH/tasks-island_1.json,51,2,R4_appliance_clean,turn_on,turn_on,Turn on the stove.,Turn on the stove.,on,-vocab_gap:*; +idiom_ok:turn_on_appliance,Turn on the stove.
00055-HxmXPBbFCkH/tasks-island_1.json,58,4,R4_appliance_clean,turn_on,turn_on,Turn on the stove.,Turn on the stove.,on,-vocab_gap:*; +idiom_ok:turn_on_appliance,Turn on the stove for warm appetizers.
00055-HxmXPBbFCkH/tasks-island_1.json,68,5,R4_appliance_clean,turn_on,turn_on,Turn on the stove to boil water.,Turn on the stove to boil water.,on,-vocab_gap:*; +idiom_ok:turn_on_appliance,Turn on the stove to boil water.
00055-HxmXPBbFCkH/tasks-island_1.json,91,2,R4_appliance_clean,turn_on,turn_on,Turn on the stove.,Turn on the stove.,on,-vocab_gap:*; +idiom_ok:turn_on_appliance,Prep the stove.
00057-1UnKg1rAb8A/tasks-island_0.json,58,1,R3_iron,straighten,iron,Straighten items on the ironing board.,Iron the shirt on the ironing board.,on,+vocab_extension_v1:straighten->iron,Iron the shirt on the ironing board.
00057-1UnKg1rAb8A/tasks-island_0.json,70,1,R3_iron,straighten,iron,Straighten items on the ironing board.,Iron the baby's clothes on the ironing board.,on,+vocab_extension_v1:straighten->iron,Iron the baby's clothes on the ironing board.
00057-1UnKg1rAb8A/tasks-island_1.json,11,4,R4_roll_flag,inspect,inspect,Inspect the clothes dryer.,Inspect the clothes dryer.,None,+vocab_gap:roll,Lint-roll the clothes dryer filter.
00059-kJxT5qssH4H/tasks-island_1.json,38,2,F3_repair_REMAP,reposition,tighten,Reposition the sink.,Tighten the sink.,None,+vocab_extension_v1:repair_remap->tighten,Repair the sink.
00064-gQgtJ9Stk5s/tasks-island_0.json,4,1,R4_fireplace_soft,turn_on,turn_on,Turn on the fireplace.,Turn on the fireplace.,on,-vocab_gap:no_ignite_action; +assume_gas_fireplace,Prepare the fireplace.
00064-gQgtJ9Stk5s/tasks-island_0.json,18,2,R3_iron,straighten,iron,Straighten the ironing board.,Iron on the ironing board.,on,+vocab_extension_v1:straighten->iron,Iron on the ironing board.
00064-gQgtJ9Stk5s/tasks-island_0.json,23,4,R4_fireplace_soft,turn_on,turn_on,Turn on the fireplace.,Turn on the fireplace.,on,-vocab_gap:no_ignite_action; +assume_gas_fireplace,Prepare the fireplace.
00064-gQgtJ9Stk5s/tasks-island_0.json,30,4,R4_fireplace_soft,turn_on,turn_on,Turn on the fireplace.,Turn on the fireplace.,on,-vocab_gap:no_ignite_action; +assume_gas_fireplace,Light the fireplace.
00064-gQgtJ9Stk5s/tasks-island_0.json,35,3,R4_appliance_clean,turn_on,turn_on,Turn on stovetop.,Turn on stovetop.,None,-vocab_gap:*; +idiom_ok:turn_on_appliance,Cook the meal on the stovetop.
00064-gQgtJ9Stk5s/tasks-island_0.json,51,4,R4_fireplace_soft,turn_on,turn_on,Turn on the fireplace.,Turn on the fireplace.,on,-vocab_gap:no_ignite_action; +assume_gas_fireplace,Prepare the fireplace.
00064-gQgtJ9Stk5s/tasks-island_0.json,57,5,R4_fireplace_soft,turn_on,turn_on,Turn on the fireplace to warm the room.,Turn on the fireplace to warm the room.,on,-vocab_gap:no_ignite_action; +assume_gas_fireplace,Light the fireplace to warm the room.
00064-gQgtJ9Stk5s/tasks-island_0.json,72,5,R4_fireplace_soft,turn_on,turn_on,Turn on the fireplace in the living room.,Turn on the fireplace in the living room.,in,-vocab_gap:no_ignite_action; +assume_gas_fireplace,Light the fireplace in the living room.
00064-gQgtJ9Stk5s/tasks-island_0.json,77,1,R4_appliance_clean,turn_off,turn_off,Turn off the stovetop.,Turn off the stovetop.,None,-vocab_gap:*; +idiom_ok:turn_on_appliance,Turn off the stovetop.
00064-gQgtJ9Stk5s/tasks-island_0.json,77,4,R4_fireplace_soft,turn_on,turn_on,Turn on the fireplace to set the mood.,Turn on the fireplace to set the mood.,on,-vocab_gap:no_ignite_action; +assume_gas_fireplace,Light the fireplace to set the mood.
00064-gQgtJ9Stk5s/tasks-island_1.json,62,2,R4_tune_flag,set_control,set_control,Adjust the keyboard piano.,Adjust the keyboard piano.,None,+vocab_gap:no_tune_action,Tune the keyboard piano.
00064-gQgtJ9Stk5s/tasks-island_1.json,77,2,R4_tune_flag,set_control,set_control,Adjust the keyboard piano.,Adjust the keyboard piano.,None,+vocab_gap:no_tune_action,Tune the keyboard piano.
00064-gQgtJ9Stk5s/tasks-island_1.json,89,1,R4_tune_flag,set_control,set_control,Adjust the keyboard piano.,Adjust the keyboard piano.,None,+vocab_gap:no_tune_action,Tune the keyboard piano.
00081-5biL7VEkByM/tasks-island_1.json,5,1,R4_fireplace_soft,turn_on,turn_on,Turn on the fireplace.,Turn on the fireplace.,on,-vocab_gap:no_ignite_action; +assume_gas_fireplace,Turn on the fireplace.
00081-5biL7VEkByM/tasks-island_1.json,22,1,R4_fireplace_soft,turn_on,turn_on,Turn on the fireplace.,Turn on the fireplace.,on,-vocab_gap:no_ignite_action; +assume_gas_fireplace,Turn on the fireplace.
00081-5biL7VEkByM/tasks-island_1.json,42,1,R4_fireplace_soft,turn_on,turn_on,Turn on the fireplace.,Turn on the fireplace.,on,-vocab_gap:no_ignite_action; +assume_gas_fireplace,Turn on the fireplace.
00081-5biL7VEkByM/tasks-island_1.json,71,1,R4_fireplace_soft,turn_on,turn_on,Turn on the fireplace.,Turn on the fireplace.,on,-vocab_gap:no_ignite_action; +assume_gas_fireplace,Light the fireplace.
00081-5biL7VEkByM/tasks-island_1.json,102,2,R4_fireplace_soft,turn_off,turn_off,Turn off the fireplace.,Turn off the fireplace.,None,-vocab_gap:no_ignite_action; +assume_gas_fireplace,Turn off the fireplace.
00081-5biL7VEkByM/tasks-island_1.json,138,3,R4_fireplace_soft,turn_off,turn_off,Turn off the fireplace.,Turn off the fireplace.,None,-vocab_gap:no_ignite_action; +assume_gas_fireplace,Turn off the fireplace.
00081-5biL7VEkByM/tasks-island_1.json,140,3,R4_fireplace_soft,turn_on,turn_on,Turn on the fireplace.,Turn on the fireplace.,on,-vocab_gap:no_ignite_action; +assume_gas_fireplace,Light the fireplace.
00081-5biL7VEkByM/tasks-island_1.json,163,2,R4_fireplace_soft,turn_on,turn_on,Turn on the fireplace.,Turn on the fireplace.,on,-vocab_gap:no_ignite_action; +assume_gas_fireplace,Light the fireplace.
00081-5biL7VEkByM/tasks-island_1.json,169,2,R3_iron,straighten,iron,Straighten the clothes.,Iron the clothes.,None,+vocab_extension_v1:straighten->iron,Iron the clothes.
00081-5biL7VEkByM/tasks-island_1.json,192,1,R4_fireplace_soft,turn_on,turn_on,Turn on the fireplace.,Turn on the fireplace.,on,-vocab_gap:no_ignite_action; +assume_gas_fireplace,Light the fireplace.
00081-5biL7VEkByM/tasks-island_1.json,207,5,R4_fireplace_soft,turn_off,turn_off,Turn off the fireplace.,Turn off the fireplace.,None,-vocab_gap:no_ignite_action; +assume_gas_fireplace,Turn off the fireplace.
00081-5biL7VEkByM/tasks-island_1.json,218,1,R4_fireplace_soft,turn_on,turn_on,Turn on the fireplace.,Turn on the fireplace.,on,-vocab_gap:no_ignite_action; +assume_gas_fireplace,Turn on the fireplace.
00081-5biL7VEkByM/tasks-island_1.json,228,3,R4_fireplace_soft,turn_on,turn_on,Turn on the fireplace.,Turn on the fireplace.,on,-vocab_gap:no_ignite_action; +assume_gas_fireplace,Light the fireplace.
00081-5biL7VEkByM/tasks-island_1.json,254,1,R4_fireplace_soft,turn_on,turn_on,Turn on the fireplace.,Turn on the fireplace.,on,-vocab_gap:no_ignite_action; +assume_gas_fireplace,Light the fireplace.
00087-YY8rqV6L6rf/tasks-island_2.json,4,1,R4_appliance_clean,turn_on,turn_on,Turn on the kettle.,Turn on the kettle.,on,-vocab_gap:*; +idiom_ok:turn_on_appliance,Start the kettle.
00087-YY8rqV6L6rf/tasks-island_2.json,41,1,R4_appliance_clean,turn_on,turn_on,Turn on stove.,Turn on stove.,None,-vocab_gap:*; +idiom_ok:turn_on_appliance,Preheat the stove.
00087-YY8rqV6L6rf/tasks-island_2.json,41,2,R4_appliance_clean,turn_on,turn_on,Turn on kettle.,Turn on kettle.,None,-vocab_gap:*; +idiom_ok:turn_on_appliance,Boil water in the kettle.
00087-YY8rqV6L6rf/tasks-island_2.json,45,1,R4_appliance_clean,turn_on,turn_on,Turn on the kettle.,Turn on the kettle.,on,-vocab_gap:*; +idiom_ok:turn_on_appliance,Turn on the kettle.
00087-YY8rqV6L6rf/tasks-island_2.json,49,2,R4_appliance_clean,turn_on,turn_on,Turn on the stove to cook.,Turn on the stove to cook.,on,-vocab_gap:*; +idiom_ok:turn_on_appliance,Turn on the stove to cook.
00087-YY8rqV6L6rf/tasks-island_2.json,105,6,R4_appliance_clean,turn_on,turn_on,Turn on the stove.,Turn on the stove.,on,-vocab_gap:*; +idiom_ok:turn_on_appliance,Turn on the stove.
00087-YY8rqV6L6rf/tasks-island_2.json,116,4,R4_appliance_clean,turn_on,turn_on,Turn on the kettle.,Turn on the kettle.,on,-vocab_gap:*; +idiom_ok:turn_on_appliance,Turn on the kettle.
00087-YY8rqV6L6rf/tasks-island_2.json,120,4,R4_appliance_clean,turn_on,turn_on,Turn on the kettle.,Turn on the kettle.,on,-vocab_gap:*; +idiom_ok:turn_on_appliance,Turn on the kettle.
00087-YY8rqV6L6rf/tasks-island_2.json,126,6,R4_appliance_clean,turn_on,turn_on,Turn on the kettle.,Turn on the kettle.,on,-vocab_gap:*; +idiom_ok:turn_on_appliance,Turn on the kettle.
00087-YY8rqV6L6rf/tasks-island_2.json,137,4,F3_repair_FLAG,reposition,reposition,Reposition the telephone.,Reposition the telephone.,None,+vocab_gap:repair,Repair the telephone.
00087-YY8rqV6L6rf/tasks-island_2.json,161,4,R4_appliance_clean,turn_on,turn_on,Turn on stove.,Turn on stove.,None,-vocab_gap:*; +idiom_ok:turn_on_appliance,Cook the meal on the stove.
00087-YY8rqV6L6rf/tasks-island_2.json,170,1,R4_appliance_clean,turn_on,turn_on,Turn on stove.,Turn on stove.,None,-vocab_gap:*; +idiom_ok:turn_on_appliance,Preheat the stove.
00087-YY8rqV6L6rf/tasks-island_2.json,173,1,R4_roll_flag,smooth,smooth,Smooth the mat.,Smooth the mat.,on,+vocab_gap:roll,Unroll the mat on the floor.
00096-6HRFAUDqpTb/tasks-island_0.json,100,5,R4_appliance_clean,turn_on,turn_on,Turn on the kettle.,Turn on the kettle.,on,-vocab_gap:*; +idiom_ok:turn_on_appliance,Turn on the kettle.
00096-6HRFAUDqpTb/tasks-island_0.json,107,5,R4_appliance_clean,turn_on,turn_on,Turn on the kettle.,Turn on the kettle.,on,-vocab_gap:*; +idiom_ok:turn_on_appliance,Turn on the kettle.
00096-6HRFAUDqpTb/tasks-island_0.json,122,4,R2_unload,open,unload,Open dishwasher.,Unload the dishwasher.,None,+vocab_extension_v1:open->unload,Unload the dishwasher.
00099-226REUyJh2K/tasks-island_1.json,18,1,R4_tune_flag,set_control,set_control,Adjust the piano.,Adjust the piano.,None,+vocab_gap:no_tune_action,Tune the piano.
00105-xWvSkKiWQpC/tasks-island_0.json,32,3,R4_roll_flag,straighten,straighten,Straighten banner.,Straighten banner.,None,+vocab_gap:roll,Roll up the banner.
00108-oStKKWkQ1id/tasks-island_0.json,45,2,R4_appliance_clean,turn_on,turn_on,Turn on kettle.,Turn on kettle.,None,-vocab_gap:*; +idiom_ok:turn_on_appliance,Boil water in the kettle.
00108-oStKKWkQ1id/tasks-island_0.json,80,2,R4_appliance_clean,turn_on,turn_on,Turn on the kettle.,Turn on the kettle.,on,-vocab_gap:*; +idiom_ok:turn_on_appliance,Turn on the kettle for tea.
00108-oStKKWkQ1id/tasks-island_0.json,108,3,R4_appliance_clean,turn_on,turn_on,Turn on kettle.,Turn on kettle.,None,-vocab_gap:*; +idiom_ok:turn_on_appliance,Boil the kettle.
00108-oStKKWkQ1id/tasks-island_0.json,112,4,R4_appliance_clean,turn_on,turn_on,Turn on kettle.,Turn on kettle.,None,-vocab_gap:*; +idiom_ok:turn_on_appliance,Heat the kettle.
00108-oStKKWkQ1id/tasks-island_0.json,119,5,R4_appliance_clean,turn_on,turn_on,Turn on kettle.,Turn on kettle.,None,-vocab_gap:*; +idiom_ok:turn_on_appliance,Boil water in the kettle.
00108-oStKKWkQ1id/tasks-island_0.json,123,4,R4_appliance_clean,turn_on,turn_on,Turn on kettle.,Turn on kettle.,None,-vocab_gap:*; +idiom_ok:turn_on_appliance,Boil water using the kettle.
00108-oStKKWkQ1id/tasks-island_0.json,135,4,R4_roll_flag,inspect,inspect,Inspect the clothes.,Inspect the clothes.,None,+vocab_gap:roll,Lint-roll the clothes.
00108-oStKKWkQ1id/tasks-island_0.json,170,3,R4_appliance_clean,turn_on,turn_on,Turn on kettle.,Turn on kettle.,None,-vocab_gap:*; +idiom_ok:turn_on_appliance,Boil water in the kettle.
00108-oStKKWkQ1id/tasks-island_0.json,177,1,R4_appliance_clean,turn_on,turn_on,Turn on kettle.,Turn on kettle.,None,-vocab_gap:*; +idiom_ok:turn_on_appliance,Boil water with the kettle.
00108-oStKKWkQ1id/tasks-island_0.json,191,1,R4_appliance_clean,turn_on,turn_on,Turn on kettle.,Turn on kettle.,None,-vocab_gap:*; +idiom_ok:turn_on_appliance,Boil the kettle.
00109-GTV2Y73Sn5t/tasks-island_0.json,9,4,R4_appliance_clean,turn_on,turn_on,Turn on kettle.,Turn on kettle.,None,-vocab_gap:*; +idiom_ok:turn_on_appliance,Boil water in the kettle.
00109-GTV2Y73Sn5t/tasks-island_0.json,47,3,R4_appliance_clean,turn_on,turn_on,Turn on kettle.,Turn on kettle.,None,-vocab_gap:*; +idiom_ok:turn_on_appliance,Make a hot drink with the kettle.
00109-GTV2Y73Sn5t/tasks-island_0.json,121,2,R4_roll_flag,smooth,smooth,Smooth the mat.,Smooth the mat.,None,+vocab_gap:roll,Unroll the mat.
00109-GTV2Y73Sn5t/tasks-island_0.json,128,5,R4_appliance_clean,turn_on,turn_on,Turn on kettle.,Turn on kettle.,None,-vocab_gap:*; +idiom_ok:turn_on_appliance,Boil water in the kettle.
00109-GTV2Y73Sn5t/tasks-island_0.json,133,3,R4_appliance_clean,turn_on,turn_on,Turn on kettle.,Turn on kettle.,None,-vocab_gap:*; +idiom_ok:turn_on_appliance,Boil the kettle.
00109-GTV2Y73Sn5t/tasks-island_0.json,146,4,R4_appliance_clean,turn_on,turn_on,Turn on kettle.,Turn on kettle.,None,-vocab_gap:*; +idiom_ok:turn_on_appliance,Boil the kettle.
00109-GTV2Y73Sn5t/tasks-island_0.json,151,4,R4_appliance_clean,turn_on,turn_on,Turn on the kettle.,Turn on the kettle.,on,-vocab_gap:*; +idiom_ok:turn_on_appliance,Prepare the kettle.
00135-HeSYRw7eMtG/tasks-island_0.json,0,1,R4_appliance_clean,turn_on,turn_on,Turn on stove.,Turn on stove.,None,-vocab_gap:*; +idiom_ok:turn_on_appliance,Preheat the stove.
00135-HeSYRw7eMtG/tasks-island_0.json,5,1,R4_fireplace_soft,turn_on,turn_on,Turn on the fireplace.,Turn on the fireplace.,on,-vocab_gap:no_ignite_action; +assume_gas_fireplace,Light the fireplace.
00135-HeSYRw7eMtG/tasks-island_0.json,12,1,R1_light,turn_on,light,Turn on the candle.,Light the candle.,on,+vocab_extension_v1:turn_on->light; -vocab_gap:no_ignite_action,Light the candle.
00135-HeSYRw7eMtG/tasks-island_0.json,24,3,R4_fireplace_soft,turn_on,turn_on,Turn on the fireplace.,Turn on the fireplace.,on,-vocab_gap:no_ignite_action; +assume_gas_fireplace,Light the fireplace.
00135-HeSYRw7eMtG/tasks-island_0.json,31,2,R4_appliance_clean,turn_off,turn_off,Turn off the stove.,Turn off the stove.,None,-vocab_gap:*; +idiom_ok:turn_on_appliance,Turn off the stove.
00135-HeSYRw7eMtG/tasks-island_0.json,39,1,R1_light,turn_on,light,Turn on the candle.,Light the candle.,on,+vocab_extension_v1:turn_on->light; -vocab_gap:no_ignite_action,Light the candle.
00135-HeSYRw7eMtG/tasks-island_0.json,39,2,R4_fireplace_soft,turn_on,turn_on,Turn on the fireplace.,Turn on the fireplace.,on,-vocab_gap:no_ignite_action; +assume_gas_fireplace,Turn on the fireplace.
00135-HeSYRw7eMtG/tasks-island_0.json,43,2,R4_fireplace_soft,turn_on,turn_on,Turn on the fireplace.,Turn on the fireplace.,on,-vocab_gap:no_ignite_action; +assume_gas_fireplace,Turn on the fireplace.
00135-HeSYRw7eMtG/tasks-island_0.json,72,3,R4_fireplace_soft,turn_on,turn_on,Turn on the fireplace.,Turn on the fireplace.,on,-vocab_gap:no_ignite_action; +assume_gas_fireplace,Light the fireplace.
00135-HeSYRw7eMtG/tasks-island_0.json,75,3,R1_light,turn_on,light,Turn on the candle on the mantel.,Light the candle on the mantel.,on,+vocab_extension_v1:turn_on->light; -vocab_gap:no_ignite_action,Light the candle on the mantel.
00135-HeSYRw7eMtG/tasks-island_0.json,80,2,R4_appliance_clean,turn_on,turn_on,Turn on the stove.,Turn on the stove.,on,-vocab_gap:*; +idiom_ok:turn_on_appliance,Turn on the kitchen stove.
00135-HeSYRw7eMtG/tasks-island_0.json,81,1,R4_roll_flag,carry,carry,Carry the rug.,Carry the rug.,None,+vocab_gap:roll,Roll out the rug for exercise.
00135-HeSYRw7eMtG/tasks-island_0.json,89,1,R4_fireplace_soft,turn_on,turn_on,Turn on the fireplace.,Turn on the fireplace.,on,-vocab_gap:no_ignite_action; +assume_gas_fireplace,Light the fireplace for warmth.
00135-HeSYRw7eMtG/tasks-island_0.json,98,3,R4_appliance_clean,turn_on,turn_on,Turn on stove.,Turn on stove.,None,-vocab_gap:*; +idiom_ok:turn_on_appliance,Cook on the stove.
00135-HeSYRw7eMtG/tasks-island_0.json,102,3,R4_fireplace_soft,turn_on,turn_on,Turn on the fireplace.,Turn on the fireplace.,on,-vocab_gap:no_ignite_action; +assume_gas_fireplace,Turn on the fireplace.
00135-HeSYRw7eMtG/tasks-island_0.json,102,4,F2_warm_inspect,inspect,turn_on,Inspect the toaster.,Turn on the toaster.,None,+vocab_extension_v1:inspect->turn_on,Use the toaster to warm some bread.
00135-HeSYRw7eMtG/tasks-island_0.json,106,5,R1_light,turn_on,light,Turn on the candle.,Light the candle.,on,+vocab_extension_v1:turn_on->light; -vocab_gap:no_ignite_action,Light the candle.
00135-HeSYRw7eMtG/tasks-island_0.json,109,2,R4_fireplace_soft,turn_on,turn_on,Turn on the fireplace.,Turn on the fireplace.,on,-vocab_gap:no_ignite_action; +assume_gas_fireplace,Light the fireplace.
00135-HeSYRw7eMtG/tasks-island_0.json,128,2,R4_appliance_clean,turn_on,turn_on,Turn on the stove.,Turn on the stove.,on,-vocab_gap:*; +idiom_ok:turn_on_appliance,Turn on the stove.
00135-HeSYRw7eMtG/tasks-island_0.json,130,4,R4_appliance_clean,turn_on,turn_on,Turn on stove.,Turn on stove.,None,-vocab_gap:*; +idiom_ok:turn_on_appliance,Prepare the stove for cooking.
00135-HeSYRw7eMtG/tasks-island_0.json,133,6,R4_fireplace_soft,turn_on,turn_on,Turn on the fireplace.,Turn on the fireplace.,on,-vocab_gap:no_ignite_action; +assume_gas_fireplace,Light the fireplace.
00135-HeSYRw7eMtG/tasks-island_0.json,141,1,R1_light,turn_on,light,Turn on the candle.,Light the candle.,on,+vocab_extension_v1:turn_on->light; -vocab_gap:no_ignite_action,Light the candle.
00135-HeSYRw7eMtG/tasks-island_0.json,145,5,R4_appliance_clean,turn_on,turn_on,Turn on the stove.,Turn on the stove.,on,-vocab_gap:*; +idiom_ok:turn_on_appliance,Prepare the stove.
00135-HeSYRw7eMtG/tasks-island_0.json,168,2,R4_appliance_clean,turn_off,turn_off,Turn off the stove.,Turn off the stove.,None,-vocab_gap:*; +idiom_ok:turn_on_appliance,Turn off the stove.
00135-HeSYRw7eMtG/tasks-island_0.json,171,2,R4_appliance_clean,turn_on,turn_on,Turn on the stove.,Turn on the stove.,on,-vocab_gap:*; +idiom_ok:turn_on_appliance,Turn on the stove.
00135-HeSYRw7eMtG/tasks-island_0.json,174,3,R1_light,turn_on,light,Turn on the candle.,Light the candle.,on,+vocab_extension_v1:turn_on->light; -vocab_gap:no_ignite_action,Light the candle.
00135-HeSYRw7eMtG/tasks-island_0.json,192,1,R4_fireplace_soft,turn_on,turn_on,Turn on the fireplace.,Turn on the fireplace.,on,-vocab_gap:no_ignite_action; +assume_gas_fireplace,Turn on the fireplace.
00135-HeSYRw7eMtG/tasks-island_0.json,199,3,R1_light,turn_on,light,Turn on the candle.,Light the candle.,on,+vocab_extension_v1:turn_on->light; -vocab_gap:no_ignite_action,Light the candle.
00135-HeSYRw7eMtG/tasks-island_0.json,205,1,R4_roll_flag,carry,carry,Carry the rug in the kitchen.,Carry the rug in the kitchen.,in,+vocab_gap:roll,Roll out the rug in the kitchen.
00135-HeSYRw7eMtG/tasks-island_0.json,206,7,R1_light,turn_on,light,Turn on the candle.,Light the candle.,on,+vocab_extension_v1:turn_on->light; -vocab_gap:no_ignite_action,Light the candle.
00135-HeSYRw7eMtG/tasks-island_0.json,215,5,R1_light,turn_on,light,Turn on the candle.,Light the candle.,on,+vocab_extension_v1:turn_on->light; -vocab_gap:no_ignite_action,Light the candle.
00135-HeSYRw7eMtG/tasks-island_0.json,235,1,R4_fireplace_soft,turn_on,turn_on,Turn on the fireplace.,Turn on the fireplace.,on,-vocab_gap:no_ignite_action; +assume_gas_fireplace,Ignite the fireplace.
00135-HeSYRw7eMtG/tasks-island_0.json,241,3,R1_light,turn_on,light,Turn on the candle.,Light the candle.,on,+vocab_extension_v1:turn_on->light; -vocab_gap:no_ignite_action,Light the decorative candle.
00135-HeSYRw7eMtG/tasks-island_0.json,256,2,R4_fireplace_soft,turn_on,turn_on,Turn on the fireplace.,Turn on the fireplace.,on,-vocab_gap:no_ignite_action; +assume_gas_fireplace,Light the fireplace.
00141-iigzG1rtanx/tasks-island_1.json,3,3,R4_appliance_clean,turn_on,turn_on,Turn on the oven and stove.,Turn on the oven and stove.,on,-vocab_gap:*; +idiom_ok:turn_on_appliance,Turn on the oven and stove.
00141-iigzG1rtanx/tasks-island_1.json,7,1,R4_fireplace_soft,turn_on,turn_on,Turn on the fireplace.,Turn on the fireplace.,on,-vocab_gap:no_ignite_action; +assume_gas_fireplace,Light the fireplace.
00141-iigzG1rtanx/tasks-island_1.json,19,3,R4_appliance_clean,turn_on,turn_on,Turn on oven and stove.,Turn on oven and stove.,None,-vocab_gap:*; +idiom_ok:turn_on_appliance,Preheat the oven and stove.
00141-iigzG1rtanx/tasks-island_1.json,50,3,F3_repair_FLAG,reposition,reposition,Reposition the dresser.,Reposition the dresser.,None,+vocab_gap:repair,Repair the dresser.
00141-iigzG1rtanx/tasks-island_1.json,50,5,F3_repair_FLAG,reposition,reposition,Reposition the cabinet.,Reposition the cabinet.,None,+vocab_gap:repair,Repair the cabinet.
00141-iigzG1rtanx/tasks-island_1.json,63,5,R4_fireplace_soft,turn_on,turn_on,Turn on the fireplace.,Turn on the fireplace.,on,-vocab_gap:no_ignite_action; +assume_gas_fireplace,Light the fireplace.
00141-iigzG1rtanx/tasks-island_1.json,78,5,R4_fireplace_soft,turn_on,turn_on,Turn on the fireplace.,Turn on the fireplace.,on,-vocab_gap:no_ignite_action; +assume_gas_fireplace,Light the fireplace.
00141-iigzG1rtanx/tasks-island_1.json,81,3,R4_appliance_clean,turn_on,turn_on,Turn on the oven and stove.,Turn on the oven and stove.,on,-vocab_gap:*; +idiom_ok:turn_on_appliance,Prepare the oven and stove.
00141-iigzG1rtanx/tasks-island_1.json,108,7,R4_fireplace_soft,turn_on,turn_on,Turn on the fireplace.,Turn on the fireplace.,on,-vocab_gap:no_ignite_action; +assume_gas_fireplace,Light the fireplace.
00141-iigzG1rtanx/tasks-island_1.json,118,6,R4_fireplace_soft,turn_on,turn_on,Turn on the fireplace.,Turn on the fireplace.,on,-vocab_gap:no_ignite_action; +assume_gas_fireplace,Light the fireplace.
00141-iigzG1rtanx/tasks-island_1.json,148,2,R4_fireplace_soft,turn_on,turn_on,Turn on the fireplace.,Turn on the fireplace.,on,-vocab_gap:no_ignite_action; +assume_gas_fireplace,Light the fireplace.
00143-5Kw4nGdqYtS/tasks-island_0.json,6,4,R4_fireplace_soft,turn_on,turn_on,Turn on the fireplace.,Turn on the fireplace.,on,-vocab_gap:no_ignite_action; +assume_gas_fireplace,Light the fireplace.
00143-5Kw4nGdqYtS/tasks-island_0.json,34,1,R4_fireplace_soft,turn_on,turn_on,Turn on the fireplace.,Turn on the fireplace.,on,-vocab_gap:no_ignite_action; +assume_gas_fireplace,Light the fireplace.
00143-5Kw4nGdqYtS/tasks-island_0.json,47,5,R4_fireplace_soft,turn_on,turn_on,Turn on the fireplace.,Turn on the fireplace.,on,-vocab_gap:no_ignite_action; +assume_gas_fireplace,Turn on the fireplace.
00143-5Kw4nGdqYtS/tasks-island_0.json,85,5,R4_appliance_clean,turn_on,turn_on,Turn on kettle.,Turn on kettle.,None,-vocab_gap:*; +idiom_ok:turn_on_appliance,Boil water in the kettle.
00143-5Kw4nGdqYtS/tasks-island_0.json,91,3,R4_fireplace_soft,turn_on,turn_on,Turn on the fireplace.,Turn on the fireplace.,on,-vocab_gap:no_ignite_action; +assume_gas_fireplace,Light the fireplace.
00143-5Kw4nGdqYtS/tasks-island_0.json,97,3,R4_appliance_clean,turn_on,turn_on,Turn on kettle.,Turn on kettle.,None,-vocab_gap:*; +idiom_ok:turn_on_appliance,Boil water in the kettle.
00143-5Kw4nGdqYtS/tasks-island_0.json,97,5,R4_fireplace_soft,turn_on,turn_on,Turn on the fireplace.,Turn on the fireplace.,on,-vocab_gap:no_ignite_action; +assume_gas_fireplace,Light the fireplace.
00143-5Kw4nGdqYtS/tasks-island_0.json,114,1,R4_roll_flag,carry,carry,Carry the rug.,Carry the rug.,None,+vocab_gap:roll,Roll out the rug.
00143-5Kw4nGdqYtS/tasks-island_0.json,133,5,R4_fireplace_soft,turn_on,turn_on,Turn on the fireplace.,Turn on the fireplace.,on,-vocab_gap:no_ignite_action; +assume_gas_fireplace,Light the fireplace
00143-5Kw4nGdqYtS/tasks-island_0.json,162,6,R4_appliance_clean,turn_on,turn_on,Turn on the kettle.,Turn on the kettle.,on,-vocab_gap:*; +idiom_ok:turn_on_appliance,Turn on the kettle.
00143-5Kw4nGdqYtS/tasks-island_0.json,167,6,R4_appliance_clean,turn_on,turn_on,Turn on the kettle.,Turn on the kettle.,on,-vocab_gap:*; +idiom_ok:turn_on_appliance,Turn on the kettle.
00143-5Kw4nGdqYtS/tasks-island_0.json,172,7,R4_fireplace_soft,turn_on,turn_on,Turn on the fireplace.,Turn on the fireplace.,on,-vocab_gap:no_ignite_action; +assume_gas_fireplace,Prepare the fireplace.
00143-5Kw4nGdqYtS/tasks-island_0.json,182,2,R4_fireplace_soft,turn_on,turn_on,Turn on the fireplace.,Turn on the fireplace.,on,-vocab_gap:no_ignite_action; +assume_gas_fireplace,Light the fireplace.
00143-5Kw4nGdqYtS/tasks-island_0.json,203,1,R4_appliance_clean,turn_on,turn_on,Turn on kettle.,Turn on kettle.,None,-vocab_gap:*; +idiom_ok:turn_on_appliance,Boil the kettle.
00149-UuwwmrTsfBN/tasks-island_0.json,50,3,R1_light,turn_on,light,Turn on the candle holder.,Light the candle holder.,on,+vocab_extension_v1:turn_on->light; -vocab_gap:no_ignite_action,Light the candle holder.
00149-UuwwmrTsfBN/tasks-island_0.json,68,4,R1_light,turn_on,light,Turn on the candle holder.,Light the candle holder.,on,+vocab_extension_v1:turn_on->light; -vocab_gap:no_ignite_action,Light the candle holder for ambiance.
00149-UuwwmrTsfBN/tasks-island_0.json,85,5,R1_light,turn_on,light,Turn on the candle holder.,Light the candle holder.,on,+vocab_extension_v1:turn_on->light; -vocab_gap:no_ignite_action,Light the candle holder.
00149-UuwwmrTsfBN/tasks-island_0.json,89,3,F3_repair_FLAG,reposition,reposition,Reposition the cabinet.,Reposition the cabinet.,None,+vocab_gap:repair,Repair the cabinet.
00149-UuwwmrTsfBN/tasks-island_0.json,94,3,R1_light,turn_on,light,Turn on the candle holder.,Light the candle holder.,on,+vocab_extension_v1:turn_on->light; -vocab_gap:no_ignite_action,Light the candle holder.
00149-UuwwmrTsfBN/tasks-island_0.json,120,5,R1_light,turn_on,light,Turn on the candle holder.,Light the candle holder.,on,+vocab_extension_v1:turn_on->light; -vocab_gap:no_ignite_action,Light the candle holder.
00149-UuwwmrTsfBN/tasks-island_0.json,126,5,F3_repair_FLAG,reposition,reposition,Reposition the toaster.,Reposition the toaster.,None,+vocab_gap:repair,Repair the toaster.
00149-UuwwmrTsfBN/tasks-island_0.json,134,3,R1_light,turn_on,light,Turn on the candle holder.,Light the candle holder.,on,+vocab_extension_v1:turn_on->light; -vocab_gap:no_ignite_action,Light the candle holder.
00149-UuwwmrTsfBN/tasks-island_0.json,147,4,R1_light,turn_on,light,Turn on the candle holder.,Light the candle holder.,on,+vocab_extension_v1:turn_on->light; -vocab_gap:no_ignite_action,Light the candle holder.
00149-UuwwmrTsfBN/tasks-island_2.json,36,3,R4_roll_flag,straighten,straighten,Straighten the rolled carpet.,Straighten the rolled carpet.,None,+vocab_gap:roll,Unroll the rolled carpet.
00150-LcAd9dhvVwh/tasks-island_0.json,1,2,F1_brew_inspect,inspect,start_machine,Inspect the coffee_maker.,Start the coffee_maker.,None,+vocab_extension_v1:inspect->start_machine,Use the coffee maker to brew a drink.
00150-LcAd9dhvVwh/tasks-island_0.json,3,1,R4_fireplace_soft,turn_off,turn_off,Turn off the fireplace.,Turn off the fireplace.,None,-vocab_gap:no_ignite_action; +assume_gas_fireplace,Turn off the fireplace.
00150-LcAd9dhvVwh/tasks-island_0.json,8,1,R4_fireplace_soft,turn_on,turn_on,Turn on the fireplace.,Turn on the fireplace.,on,-vocab_gap:no_ignite_action; +assume_gas_fireplace,Light the fireplace.
00150-LcAd9dhvVwh/tasks-island_0.json,24,1,R4_fireplace_soft,turn_on,turn_on,Turn on the fireplace.,Turn on the fireplace.,on,-vocab_gap:no_ignite_action; +assume_gas_fireplace,Light the fireplace.
00150-LcAd9dhvVwh/tasks-island_0.json,38,1,R4_fireplace_soft,turn_on,turn_on,Turn on the fireplace.,Turn on the fireplace.,on,-vocab_gap:no_ignite_action; +assume_gas_fireplace,Light the fireplace.
00150-LcAd9dhvVwh/tasks-island_0.json,42,2,F1_brew_inspect,inspect,start_machine,Inspect the coffee_maker.,Start the coffee_maker.,None,+vocab_extension_v1:inspect->start_machine,Use the coffee maker to brew a drink.
00150-LcAd9dhvVwh/tasks-island_0.json,47,1,R4_fireplace_soft,turn_on,turn_on,Turn on the fireplace in the living room.,Turn on the fireplace in the living room.,in,-vocab_gap:no_ignite_action; +assume_gas_fireplace,Light the fireplace in the living room.
00150-LcAd9dhvVwh/tasks-island_0.json,65,1,R4_fireplace_soft,turn_on,turn_on,Turn on the fireplace in the dining area.,Turn on the fireplace in the dining area.,in,-vocab_gap:no_ignite_action; +assume_gas_fireplace,Light the fireplace in the dining area.
00150-LcAd9dhvVwh/tasks-island_0.json,68,4,R4_fireplace_soft,turn_on,turn_on,Turn on the fireplace in the den.,Turn on the fireplace in the den.,in,-vocab_gap:no_ignite_action; +assume_gas_fireplace,Light the fireplace in the den.
00150-LcAd9dhvVwh/tasks-island_0.json,77,2,R4_fireplace_soft,turn_on,turn_on,Turn on the fireplace.,Turn on the fireplace.,on,-vocab_gap:no_ignite_action; +assume_gas_fireplace,Light the fireplace.
00150-LcAd9dhvVwh/tasks-island_0.json,86,1,R4_fireplace_soft,turn_on,turn_on,Turn on the fireplace.,Turn on the fireplace.,on,-vocab_gap:no_ignite_action; +assume_gas_fireplace,Light the fireplace.
00150-LcAd9dhvVwh/tasks-island_0.json,105,3,R4_fireplace_soft,turn_on,turn_on,Turn on the fireplace.,Turn on the fireplace.,on,-vocab_gap:no_ignite_action; +assume_gas_fireplace,Light the fireplace.
00150-LcAd9dhvVwh/tasks-island_0.json,108,2,R4_fireplace_soft,turn_on,turn_on,Turn on the fireplace.,Turn on the fireplace.,on,-vocab_gap:no_ignite_action; +assume_gas_fireplace,Light the fireplace.
00150-LcAd9dhvVwh/tasks-island_0.json,123,1,R4_fireplace_soft,turn_on,turn_on,Turn on the fireplace.,Turn on the fireplace.,on,-vocab_gap:no_ignite_action; +assume_gas_fireplace,Light the fireplace.
00150-LcAd9dhvVwh/tasks-island_0.json,131,6,R4_fireplace_soft,turn_on,turn_on,Turn on the fireplace.,Turn on the fireplace.,on,-vocab_gap:no_ignite_action; +assume_gas_fireplace,Light the fireplace.
00150-LcAd9dhvVwh/tasks-island_0.json,139,1,R4_fireplace_soft,turn_on,turn_on,Turn on the fireplace.,Turn on the fireplace.,on,-vocab_gap:no_ignite_action; +assume_gas_fireplace,Light the fireplace.
00150-LcAd9dhvVwh/tasks-island_0.json,159,1,R4_fireplace_soft,turn_on,turn_on,Turn on the fireplace.,Turn on the fireplace.,on,-vocab_gap:no_ignite_action; +assume_gas_fireplace,Light the fireplace.
00150-LcAd9dhvVwh/tasks-island_0.json,162,4,R4_fireplace_soft,turn_on,turn_on,Turn on the fireplace.,Turn on the fireplace.,on,-vocab_gap:no_ignite_action; +assume_gas_fireplace,Light the fireplace.
00150-LcAd9dhvVwh/tasks-island_0.json,179,1,R4_fireplace_soft,turn_on,turn_on,Turn on the fireplace.,Turn on the fireplace.,on,-vocab_gap:no_ignite_action; +assume_gas_fireplace,Light the fireplace.
00150-LcAd9dhvVwh/tasks-island_0.json,194,3,R2_unload,open,unload,Open dishwasher.,Unload the dishwasher.,None,+vocab_extension_v1:open->unload,Unload the dishwasher.
00150-LcAd9dhvVwh/tasks-island_0.json,207,3,R4_fireplace_soft,turn_on,turn_on,Turn on the fireplace.,Turn on the fireplace.,on,-vocab_gap:no_ignite_action; +assume_gas_fireplace,Light the fireplace.
00155-iLDo95ZbDJq/tasks-island_0.json,6,1,R4_fireplace_soft,turn_on,turn_on,Turn on the fireplace.,Turn on the fireplace.,on,-vocab_gap:no_ignite_action; +assume_gas_fireplace,Light the fireplace.
00155-iLDo95ZbDJq/tasks-island_0.json,15,2,R4_appliance_clean,turn_on,turn_on,Turn on kettle.,Turn on kettle.,None,-vocab_gap:*; +idiom_ok:turn_on_appliance,Boil the kettle for tea.
00155-iLDo95ZbDJq/tasks-island_0.json,18,3,R4_appliance_clean,turn_on,turn_on,Turn on the kettle.,Turn on the kettle.,on,-vocab_gap:*; +idiom_ok:turn_on_appliance,Turn on the kettle for a hot drink.
00155-iLDo95ZbDJq/tasks-island_0.json,32,1,R4_appliance_clean,turn_on,turn_on,Turn on kettle.,Turn on kettle.,None,-vocab_gap:*; +idiom_ok:turn_on_appliance,Boil water in the kettle.
00155-iLDo95ZbDJq/tasks-island_0.json,41,4,R4_appliance_clean,turn_on,turn_on,Turn on kettle.,Turn on kettle.,None,-vocab_gap:*; +idiom_ok:turn_on_appliance,Boil water in the kettle.
00155-iLDo95ZbDJq/tasks-island_0.json,43,2,R4_appliance_clean,turn_on,turn_on,Turn on kettle.,Turn on kettle.,None,-vocab_gap:*; +idiom_ok:turn_on_appliance,Boil water in the kettle.
00155-iLDo95ZbDJq/tasks-island_0.json,44,2,R4_fireplace_soft,turn_on,turn_on,Turn on the fireplace.,Turn on the fireplace.,on,-vocab_gap:no_ignite_action; +assume_gas_fireplace,Light the fireplace.
00155-iLDo95ZbDJq/tasks-island_0.json,53,2,R4_fireplace_soft,turn_on,turn_on,Turn on the fireplace.,Turn on the fireplace.,on,-vocab_gap:no_ignite_action; +assume_gas_fireplace,Light the fireplace.
00155-iLDo95ZbDJq/tasks-island_0.json,62,2,R4_appliance_clean,turn_on,turn_on,Turn on kettle.,Turn on kettle.,None,-vocab_gap:*; +idiom_ok:turn_on_appliance,Boil the kettle.
00155-iLDo95ZbDJq/tasks-island_0.json,79,1,R4_fireplace_soft,turn_on,turn_on,Turn on the fireplace.,Turn on the fireplace.,on,-vocab_gap:no_ignite_action; +assume_gas_fireplace,Light the fireplace.
00155-iLDo95ZbDJq/tasks-island_0.json,95,2,R4_appliance_clean,turn_on,turn_on,Turn on the kettle.,Turn on the kettle.,on,-vocab_gap:*; +idiom_ok:turn_on_appliance,Prepare the kettle.
00155-iLDo95ZbDJq/tasks-island_0.json,102,1,R4_fireplace_soft,turn_on,turn_on,Turn on the fireplace.,Turn on the fireplace.,on,-vocab_gap:no_ignite_action; +assume_gas_fireplace,Turn on the fireplace.
00155-iLDo95ZbDJq/tasks-island_0.json,102,4,R4_appliance_clean,turn_on,turn_on,Turn on kettle.,Turn on kettle.,None,-vocab_gap:*; +idiom_ok:turn_on_appliance,Heat water with the kettle.
00155-iLDo95ZbDJq/tasks-island_0.json,112,3,R4_fireplace_soft,turn_on,turn_on,Turn on the fireplace.,Turn on the fireplace.,on,-vocab_gap:no_ignite_action; +assume_gas_fireplace,Turn on the fireplace.
00155-iLDo95ZbDJq/tasks-island_0.json,131,1,R4_fireplace_soft,turn_on,turn_on,Turn on the fireplace.,Turn on the fireplace.,on,-vocab_gap:no_ignite_action; +assume_gas_fireplace,Light the fireplace.
00155-iLDo95ZbDJq/tasks-island_0.json,139,1,R4_appliance_clean,turn_on,turn_on,Turn on kettle.,Turn on kettle.,None,-vocab_gap:*; +idiom_ok:turn_on_appliance,Boil water in the kettle.
00155-iLDo95ZbDJq/tasks-island_0.json,140,1,R4_fireplace_soft,turn_on,turn_on,Turn on the fireplace.,Turn on the fireplace.,on,-vocab_gap:no_ignite_action; +assume_gas_fireplace,Light the fireplace.
00155-iLDo95ZbDJq/tasks-island_0.json,148,5,R4_appliance_clean,turn_on,turn_on,Turn on kettle.,Turn on kettle.,None,-vocab_gap:*; +idiom_ok:turn_on_appliance,Boil water in the kettle.
00155-iLDo95ZbDJq/tasks-island_0.json,150,3,R4_appliance_clean,turn_on,turn_on,Turn on kettle.,Turn on kettle.,None,-vocab_gap:*; +idiom_ok:turn_on_appliance,Make coffee using the kettle.
00155-iLDo95ZbDJq/tasks-island_0.json,154,5,R4_appliance_clean,turn_on,turn_on,Turn on kettle.,Turn on kettle.,None,-vocab_gap:*; +idiom_ok:turn_on_appliance,Boil water in the kettle.
00155-iLDo95ZbDJq/tasks-island_0.json,157,4,R2_unload,open,unload,Open dishwasher.,Unload the dishwasher.,None,+vocab_extension_v1:open->unload,Unload the dishwasher.
00155-iLDo95ZbDJq/tasks-island_0.json,158,5,R4_appliance_clean,turn_on,turn_on,Turn on kettle.,Turn on kettle.,None,-vocab_gap:*; +idiom_ok:turn_on_appliance,Prepare tea using the kettle.
00155-iLDo95ZbDJq/tasks-island_0.json,168,2,R4_fireplace_soft,turn_on,turn_on,Turn on the fireplace.,Turn on the fireplace.,on,-vocab_gap:no_ignite_action; +assume_gas_fireplace,Light the fireplace.
00155-iLDo95ZbDJq/tasks-island_0.json,170,1,R4_appliance_clean,turn_on,turn_on,Turn on the kettle.,Turn on the kettle.,on,-vocab_gap:*; +idiom_ok:turn_on_appliance,Turn on the kettle.
00164-XfUxBGTFQQb/tasks-island_0.json,19,3,R4_fireplace_soft,turn_on,turn_on,Turn on the fireplace.,Turn on the fireplace.,on,-vocab_gap:no_ignite_action; +assume_gas_fireplace,Light the fireplace.
00164-XfUxBGTFQQb/tasks-island_0.json,51,2,R4_fireplace_soft,turn_on,turn_on,Turn on the fireplace.,Turn on the fireplace.,on,-vocab_gap:no_ignite_action; +assume_gas_fireplace,Light the fireplace.
00164-XfUxBGTFQQb/tasks-island_0.json,51,3,R4_appliance_clean,turn_on,turn_on,Turn on the oven and stove to warm the area.,Turn on the oven and stove to warm the area.,on,-vocab_gap:*; +idiom_ok:turn_on_appliance,Turn on the oven and stove to warm the area.
00164-XfUxBGTFQQb/tasks-island_0.json,65,3,R4_fireplace_soft,turn_on,turn_on,Turn on the fireplace.,Turn on the fireplace.,on,-vocab_gap:no_ignite_action; +assume_gas_fireplace,Light the fireplace.
00166-RaYrxWt5pR1/tasks-island_0.json,5,1,R4_fireplace_soft,turn_on,turn_on,Turn on the fireplace.,Turn on the fireplace.,on,-vocab_gap:no_ignite_action; +assume_gas_fireplace,Light the fireplace.
00166-RaYrxWt5pR1/tasks-island_0.json,9,1,R4_fireplace_soft,turn_on,turn_on,Turn on the fireplace.,Turn on the fireplace.,on,-vocab_gap:no_ignite_action; +assume_gas_fireplace,Turn on the fireplace.
00166-RaYrxWt5pR1/tasks-island_0.json,22,1,R4_fireplace_soft,turn_on,turn_on,Turn on the fireplace.,Turn on the fireplace.,on,-vocab_gap:no_ignite_action; +assume_gas_fireplace,Light the fireplace.
00166-RaYrxWt5pR1/tasks-island_0.json,31,5,R1_light,turn_on,light,Turn on the candle.,Light the candle.,on,+vocab_extension_v1:turn_on->light; -vocab_gap:no_ignite_action,Light the candle.
00166-RaYrxWt5pR1/tasks-island_0.json,48,3,R4_fireplace_soft,turn_on,turn_on,Turn on the fireplace.,Turn on the fireplace.,on,-vocab_gap:no_ignite_action; +assume_gas_fireplace,Light the fireplace.
00166-RaYrxWt5pR1/tasks-island_0.json,60,2,R1_light,turn_on,light,Turn on the candle.,Light the candle.,on,+vocab_extension_v1:turn_on->light; -vocab_gap:no_ignite_action,Light the scented candle.
00166-RaYrxWt5pR1/tasks-island_0.json,67,1,R1_light,turn_on,light,Turn on the candle.,Light the candle.,on,+vocab_extension_v1:turn_on->light; -vocab_gap:no_ignite_action,Light the candle.
00166-RaYrxWt5pR1/tasks-island_0.json,72,5,R4_fireplace_soft,turn_on,turn_on,Turn on the fireplace.,Turn on the fireplace.,on,-vocab_gap:no_ignite_action; +assume_gas_fireplace,Light the fireplace.
00166-RaYrxWt5pR1/tasks-island_0.json,73,3,R1_light,turn_on,light,Turn on the candle.,Light the candle.,on,+vocab_extension_v1:turn_on->light; -vocab_gap:no_ignite_action,Light the candle.
00166-RaYrxWt5pR1/tasks-island_0.json,85,4,R1_light,turn_on,light,Turn on the candle.,Light the candle.,on,+vocab_extension_v1:turn_on->light; -vocab_gap:no_ignite_action,Light the candle.
00166-RaYrxWt5pR1/tasks-island_0.json,90,1,R1_light,turn_on,light,Turn on the candle.,Light the candle.,on,+vocab_extension_v1:turn_on->light; -vocab_gap:no_ignite_action,Light the candle.
00166-RaYrxWt5pR1/tasks-island_0.json,94,5,R4_fireplace_soft,turn_on,turn_on,Turn on the fireplace.,Turn on the fireplace.,on,-vocab_gap:no_ignite_action; +assume_gas_fireplace,Light the fireplace.
00166-RaYrxWt5pR1/tasks-island_0.json,107,1,R1_light,turn_on,light,Turn on the candle.,Light the candle.,on,+vocab_extension_v1:turn_on->light; -vocab_gap:no_ignite_action,Light the candle.
00166-RaYrxWt5pR1/tasks-island_0.json,111,1,R4_fireplace_soft,turn_on,turn_on,Turn on the fireplace.,Turn on the fireplace.,on,-vocab_gap:no_ignite_action; +assume_gas_fireplace,Light the fireplace.
00168-bHKTDQFJxTw/tasks-island_0.json,8,4,F3_repair_FLAG,reposition,reposition,Reposition the toilet.,Reposition the toilet.,None,+vocab_gap:repair,Repair the toilet.
00168-bHKTDQFJxTw/tasks-island_0.json,11,2,F3_repair_FLAG,reposition,reposition,Reposition the toilet.,Reposition the toilet.,None,+vocab_gap:repair,Repair the toilet.
00168-bHKTDQFJxTw/tasks-island_0.json,17,1,F3_repair_FLAG,reposition,reposition,Reposition the machine.,Reposition the machine.,None,+vocab_gap:repair,Repair the machine.
00168-bHKTDQFJxTw/tasks-island_0.json,61,6,F3_repair_FLAG,reposition,reposition,Reposition the machine.,Reposition the machine.,in,+vocab_gap:repair,Repair the machine in the restroom area.
00168-bHKTDQFJxTw/tasks-island_0.json,85,3,F3_repair_FLAG,reposition,reposition,Reposition the machine.,Reposition the machine.,None,+vocab_gap:repair,Repair the machine.
00172-bB6nKqfsb1z/tasks-island_0.json,8,1,R4_appliance_clean,turn_on,turn_on,Turn on stove.,Turn on stove.,None,-vocab_gap:*; +idiom_ok:turn_on_appliance,Boil water on the stove.
00172-bB6nKqfsb1z/tasks-island_0.json,10,1,R4_fireplace_soft,turn_on,turn_on,Turn on the fireplace.,Turn on the fireplace.,on,-vocab_gap:no_ignite_action; +assume_gas_fireplace,Turn on the fireplace.
00172-bB6nKqfsb1z/tasks-island_0.json,29,1,R4_fireplace_soft,turn_on,turn_on,Turn on the fireplace.,Turn on the fireplace.,on,-vocab_gap:no_ignite_action; +assume_gas_fireplace,Turn on the fireplace.
00172-bB6nKqfsb1z/tasks-island_0.json,34,2,R4_fireplace_soft,turn_on,turn_on,Turn on the fireplace.,Turn on the fireplace.,on,-vocab_gap:no_ignite_action; +assume_gas_fireplace,Light the fireplace.
00172-bB6nKqfsb1z/tasks-island_0.json,44,3,R4_appliance_clean,turn_on,turn_on,Turn on the stove.,Turn on the stove.,on,-vocab_gap:*; +idiom_ok:turn_on_appliance,Turn on the stove.
00172-bB6nKqfsb1z/tasks-island_0.json,51,3,R4_appliance_clean,turn_on,turn_on,Turn on the stove.,Turn on the stove.,on,-vocab_gap:*; +idiom_ok:turn_on_appliance,Turn on the stove.
00172-bB6nKqfsb1z/tasks-island_0.json,74,3,R4_appliance_clean,turn_on,turn_on,Turn on the stove.,Turn on the stove.,on,-vocab_gap:*; +idiom_ok:turn_on_appliance,Turn on the stove.
00172-bB6nKqfsb1z/tasks-island_0.json,87,1,R4_fireplace_soft,turn_on,turn_on,Turn on the fireplace.,Turn on the fireplace.,in,-vocab_gap:no_ignite_action; +assume_gas_fireplace,Start a fire in the fireplace.
00172-bB6nKqfsb1z/tasks-island_0.json,122,1,R4_fireplace_soft,turn_on,turn_on,Turn on the fireplace.,Turn on the fireplace.,on,-vocab_gap:no_ignite_action; +assume_gas_fireplace,Light the fireplace.
00172-bB6nKqfsb1z/tasks-island_0.json,131,2,R4_fireplace_soft,turn_on,turn_on,Turn on the fireplace.,Turn on the fireplace.,on,-vocab_gap:no_ignite_action; +assume_gas_fireplace,Light the fireplace.
00172-bB6nKqfsb1z/tasks-island_0.json,139,1,R4_fireplace_soft,turn_on,turn_on,Turn on the fireplace.,Turn on the fireplace.,on,-vocab_gap:no_ignite_action; +assume_gas_fireplace,Light the fireplace.
00172-bB6nKqfsb1z/tasks-island_0.json,151,2,R4_appliance_clean,turn_on,turn_on,Turn on the stove.,Turn on the stove.,on,-vocab_gap:*; +idiom_ok:turn_on_appliance,Turn on the stove.
00172-bB6nKqfsb1z/tasks-island_0.json,170,1,R4_fireplace_soft,turn_on,turn_on,Turn on the fireplace.,Turn on the fireplace.,on,-vocab_gap:no_ignite_action; +assume_gas_fireplace,Light the fireplace.
00172-bB6nKqfsb1z/tasks-island_0.json,174,2,R4_fireplace_soft,turn_on,turn_on,Turn on the fireplace.,Turn on the fireplace.,on,-vocab_gap:no_ignite_action; +assume_gas_fireplace,Light the fireplace.
00172-bB6nKqfsb1z/tasks-island_0.json,179,2,R4_appliance_clean,turn_on,turn_on,Turn on the stove.,Turn on the stove.,on,-vocab_gap:*; +idiom_ok:turn_on_appliance,Turn on the stove.
00172-bB6nKqfsb1z/tasks-island_0.json,185,6,R4_fireplace_soft,turn_on,turn_on,Turn on the fireplace.,Turn on the fireplace.,on,-vocab_gap:no_ignite_action; +assume_gas_fireplace,Light the fireplace.
00172-bB6nKqfsb1z/tasks-island_0.json,202,3,R4_fireplace_soft,turn_off,turn_off,Turn off the fireplace.,Turn off the fireplace.,None,-vocab_gap:no_ignite_action; +assume_gas_fireplace,Turn off the fireplace.
00172-bB6nKqfsb1z/tasks-island_0.json,212,2,R4_appliance_clean,turn_on,turn_on,Turn on the stove.,Turn on the stove.,on,-vocab_gap:*; +idiom_ok:turn_on_appliance,Turn on the stove.
00172-bB6nKqfsb1z/tasks-island_0.json,219,3,R4_appliance_clean,turn_on,turn_on,Turn on the stove.,Turn on the stove.,on,-vocab_gap:*; +idiom_ok:turn_on_appliance,Turn on the stove.
00172-bB6nKqfsb1z/tasks-island_0.json,223,2,R4_fireplace_soft,turn_on,turn_on,Turn on the fireplace.,Turn on the fireplace.,on,-vocab_gap:no_ignite_action; +assume_gas_fireplace,Light the fireplace.
00172-bB6nKqfsb1z/tasks-island_0.json,235,7,R4_fireplace_soft,turn_on,turn_on,Turn on the fireplace.,Turn on the fireplace.,on,-vocab_gap:no_ignite_action; +assume_gas_fireplace,Light the fireplace.
00172-bB6nKqfsb1z/tasks-island_0.json,242,5,R4_fireplace_soft,turn_on,turn_on,Turn on the fireplace.,Turn on the fireplace.,on,-vocab_gap:no_ignite_action; +assume_gas_fireplace,Light the fireplace.
00172-bB6nKqfsb1z/tasks-island_0.json,248,1,R4_fireplace_soft,turn_on,turn_on,Turn on the fireplace.,Turn on the fireplace.,on,-vocab_gap:no_ignite_action; +assume_gas_fireplace,Light the fireplace.
00172-bB6nKqfsb1z/tasks-island_0.json,255,7,R4_fireplace_soft,turn_on,turn_on,Turn on the fireplace.,Turn on the fireplace.,on,-vocab_gap:no_ignite_action; +assume_gas_fireplace,Light the fireplace.
00172-bB6nKqfsb1z/tasks-island_0.json,259,2,R4_appliance_clean,turn_on,turn_on,Turn on the stove.,Turn on the stove.,on,-vocab_gap:*; +idiom_ok:turn_on_appliance,Turn on the stove.
00172-bB6nKqfsb1z/tasks-island_0.json,261,1,R4_fireplace_soft,turn_on,turn_on,Turn on the fireplace.,Turn on the fireplace.,on,-vocab_gap:no_ignite_action; +assume_gas_fireplace,Light the fireplace.
00172-bB6nKqfsb1z/tasks-island_0.json,270,4,R4_appliance_clean,turn_on,turn_on,Turn on the stove.,Turn on the stove.,on,-vocab_gap:*; +idiom_ok:turn_on_appliance,Turn on the stove.
00172-bB6nKqfsb1z/tasks-island_0.json,272,1,R4_fireplace_soft,turn_on,turn_on,Turn on the fireplace.,Turn on the fireplace.,on,-vocab_gap:no_ignite_action; +assume_gas_fireplace,Light the fireplace.
00172-bB6nKqfsb1z/tasks-island_0.json,297,2,R4_appliance_clean,turn_on,turn_on,Turn on the stove.,Turn on the stove.,on,-vocab_gap:*; +idiom_ok:turn_on_appliance,Turn on the stove.
00172-bB6nKqfsb1z/tasks-island_0.json,299,4,R4_fireplace_soft,turn_off,turn_off,Turn off the fireplace.,Turn off the fireplace.,None,-vocab_gap:no_ignite_action; +assume_gas_fireplace,Extinguish the fireplace.
00173-qZ4B7U6XE5Y/tasks-island_0.json,16,1,R4_appliance_clean,turn_on,turn_on,Turn on kettle.,Turn on kettle.,None,-vocab_gap:*; +idiom_ok:turn_on_appliance,Boil water in the kettle.
00173-qZ4B7U6XE5Y/tasks-island_0.json,38,4,R4_roll_flag,inspect,inspect,Inspect the carpet.,Inspect the carpet.,None,+vocab_gap:roll,Roll the carpet.
00173-qZ4B7U6XE5Y/tasks-island_0.json,72,5,R4_appliance_clean,turn_on,turn_on,Turn on kettle.,Turn on kettle.,None,-vocab_gap:*; +idiom_ok:turn_on_appliance,Boil water in the kettle.
00173-qZ4B7U6XE5Y/tasks-island_0.json,81,5,R4_roll_flag,straighten,straighten,Straighten carpet.,Straighten carpet.,None,+vocab_gap:roll,Roll up the carpet.
00173-qZ4B7U6XE5Y/tasks-island_0.json,82,5,R4_appliance_clean,turn_on,turn_on,Turn on kettle.,Turn on kettle.,None,-vocab_gap:*; +idiom_ok:turn_on_appliance,Brew tea using the kettle.
00173-qZ4B7U6XE5Y/tasks-island_0.json,86,2,R4_appliance_clean,turn_on,turn_on,Turn on kettle.,Turn on kettle.,None,-vocab_gap:*; +idiom_ok:turn_on_appliance,Boil water in the kettle for tea.
00173-qZ4B7U6XE5Y/tasks-island_0.json,97,2,R4_appliance_clean,turn_on,turn_on,Turn on kettle.,Turn on kettle.,None,-vocab_gap:*; +idiom_ok:turn_on_appliance,Boil water in the kettle.
00173-qZ4B7U6XE5Y/tasks-island_0.json,100,7,R4_appliance_clean,turn_on,turn_on,Turn on kettle.,Turn on kettle.,None,-vocab_gap:*; +idiom_ok:turn_on_appliance,Boil water in the kettle.
00173-qZ4B7U6XE5Y/tasks-island_0.json,103,3,R4_appliance_clean,turn_on,turn_on,Turn on kettle.,Turn on kettle.,None,-vocab_gap:*; +idiom_ok:turn_on_appliance,Boil the kettle.
00173-qZ4B7U6XE5Y/tasks-island_0.json,109,5,R4_appliance_clean,turn_on,turn_on,Turn on kettle.,Turn on kettle.,None,-vocab_gap:*; +idiom_ok:turn_on_appliance,Boil the kettle.
00173-qZ4B7U6XE5Y/tasks-island_0.json,112,6,R4_appliance_clean,turn_on,turn_on,Turn on kettle.,Turn on kettle.,None,-vocab_gap:*; +idiom_ok:turn_on_appliance,Boil the kettle.
00173-qZ4B7U6XE5Y/tasks-island_1.json,14,2,R4_appliance_clean,turn_on,turn_on,Turn on oven and stove.,Turn on oven and stove.,None,-vocab_gap:*; +idiom_ok:turn_on_appliance,Pre-heat the oven and stove.
00177-VSxVP19Cdyw/tasks-island_0.json,15,3,R4_fireplace_soft,turn_on,turn_on,Turn on the fireplace.,Turn on the fireplace.,on,-vocab_gap:no_ignite_action; +assume_gas_fireplace,Light the fireplace
00177-VSxVP19Cdyw/tasks-island_0.json,20,2,R4_fireplace_soft,turn_on,turn_on,Turn on the fireplace.,Turn on the fireplace.,on,-vocab_gap:no_ignite_action; +assume_gas_fireplace,Light the fireplace.
00177-VSxVP19Cdyw/tasks-island_0.json,44,4,R4_fireplace_soft,turn_on,turn_on,Turn on the fireplace.,Turn on the fireplace.,on,-vocab_gap:no_ignite_action; +assume_gas_fireplace,Light the fireplace.
00177-VSxVP19Cdyw/tasks-island_0.json,63,4,R4_fireplace_soft,turn_on,turn_on,Turn on the fireplace in the lounge.,Turn on the fireplace in the lounge.,in,-vocab_gap:no_ignite_action; +assume_gas_fireplace,Light the fireplace in the lounge.
00177-VSxVP19Cdyw/tasks-island_0.json,73,4,R4_appliance_clean,turn_on,turn_on,Turn on kettle.,Turn on kettle.,None,-vocab_gap:*; +idiom_ok:turn_on_appliance,Prepare a hot drink in the kettle.
00177-VSxVP19Cdyw/tasks-island_0.json,75,4,R4_appliance_clean,turn_on,turn_on,Turn on kettle.,Turn on kettle.,None,-vocab_gap:*; +idiom_ok:turn_on_appliance,Boil water in the kettle.
00177-VSxVP19Cdyw/tasks-island_0.json,100,6,R4_fireplace_soft,turn_on,turn_on,Turn on the fireplace.,Turn on the fireplace.,on,-vocab_gap:no_ignite_action; +assume_gas_fireplace,Light the fireplace.
00177-VSxVP19Cdyw/tasks-island_0.json,104,3,R4_fireplace_soft,turn_on,turn_on,Turn on the fireplace.,Turn on the fireplace.,on,-vocab_gap:no_ignite_action; +assume_gas_fireplace,Light the fireplace.
00177-VSxVP19Cdyw/tasks-island_0.json,118,1,R2_unload,open,unload,Open washing machine.,Unload the washing machine.,None,+vocab_extension_v1:open->unload,Unload the washing machine.
00177-VSxVP19Cdyw/tasks-island_0.json,121,1,R4_appliance_clean,turn_on,turn_on,Turn on kettle.,Turn on kettle.,None,-vocab_gap:*; +idiom_ok:turn_on_appliance,Boil water in the kettle.
00177-VSxVP19Cdyw/tasks-island_0.json,144,6,R4_appliance_clean,turn_on,turn_on,Turn on kettle.,Turn on kettle.,None,-vocab_gap:*; +idiom_ok:turn_on_appliance,Boil water in the kettle.
00177-VSxVP19Cdyw/tasks-island_0.json,166,1,R4_fireplace_soft,turn_on,turn_on,Turn on the fireplace.,Turn on the fireplace.,on,-vocab_gap:no_ignite_action; +assume_gas_fireplace,Light the fireplace.
00177-VSxVP19Cdyw/tasks-island_0.json,180,4,R4_appliance_clean,turn_on,turn_on,Turn on kettle.,Turn on kettle.,None,-vocab_gap:*; +idiom_ok:turn_on_appliance,Boil water in the kettle.
00188-dQrLTxHvLXU/tasks-island_0.json,61,5,R2_unload,open,unload,Open dishwasher.,Unload the dishwasher.,None,+vocab_extension_v1:open->unload,Unload the dishwasher.
00203-VoVGtfYrpuQ/tasks-island_0.json,16,2,R2_unload,open,unload,Open dishwasher.,Unload the dishwasher.,None,+vocab_extension_v1:open->unload,Unload the dishwasher.
00203-VoVGtfYrpuQ/tasks-island_0.json,133,6,R4_appliance_clean,turn_on,turn_on,Turn on the cooker.,Turn on the cooker.,on,-vocab_gap:*; +idiom_ok:turn_on_appliance,Turn on the cooker.
00205-NEVASPhcrxR/tasks-island_1.json,95,2,R4_roll_flag,carry,carry,Carry the mat.,Carry the mat.,None,+vocab_gap:roll,Roll out the mat.
00207-FRQ75PjD278/tasks-island_0.json,18,2,R4_appliance_clean,turn_on,turn_on,Turn on the kettle.,Turn on the kettle.,on,-vocab_gap:*; +idiom_ok:turn_on_appliance,Turn on the kettle.
00207-FRQ75PjD278/tasks-island_0.json,33,1,R4_appliance_clean,turn_on,turn_on,Turn on cooker.,Turn on cooker.,None,-vocab_gap:*; +idiom_ok:turn_on_appliance,Preheat the cooker.
00207-FRQ75PjD278/tasks-island_0.json,39,3,R4_appliance_clean,turn_on,turn_on,Turn on the stovetop to cook breakfast.,Turn on the stovetop to cook breakfast.,on,-vocab_gap:*; +idiom_ok:turn_on_appliance,Turn on the stovetop to cook breakfast.
00207-FRQ75PjD278/tasks-island_0.json,47,1,R4_appliance_clean,turn_off,turn_off,Turn off the cooker.,Turn off the cooker.,None,-vocab_gap:*; +idiom_ok:turn_on_appliance,Turn off the cooker.
00207-FRQ75PjD278/tasks-island_0.json,48,3,R4_appliance_clean,turn_on,turn_on,Turn on cooker.,Turn on cooker.,None,-vocab_gap:*; +idiom_ok:turn_on_appliance,Preheat the cooker.
00207-FRQ75PjD278/tasks-island_0.json,50,1,R4_appliance_clean,turn_on,turn_on,Turn on kettle.,Turn on kettle.,None,-vocab_gap:*; +idiom_ok:turn_on_appliance,Prepare tea using the kettle.
00207-FRQ75PjD278/tasks-island_0.json,53,7,R4_appliance_clean,turn_on,turn_on,Turn on kettle.,Turn on kettle.,None,-vocab_gap:*; +idiom_ok:turn_on_appliance,Boil water in the kettle for a hot drink.
00207-FRQ75PjD278/tasks-island_0.json,56,2,R4_appliance_clean,turn_on,turn_on,Turn on the kettle.,Turn on the kettle.,on,-vocab_gap:*; +idiom_ok:turn_on_appliance,Prepare the kettle for a coffee.
00207-FRQ75PjD278/tasks-island_0.json,57,2,R4_appliance_clean,turn_on,turn_on,Turn on kettle.,Turn on kettle.,None,-vocab_gap:*; +idiom_ok:turn_on_appliance,Heat the kettle for tea.
00207-FRQ75PjD278/tasks-island_0.json,60,2,R4_appliance_clean,turn_on,turn_on,Turn on the stovetop.,Turn on the stovetop.,on,-vocab_gap:*; +idiom_ok:turn_on_appliance,Turn on the stovetop.
00207-FRQ75PjD278/tasks-island_0.json,60,3,R4_appliance_clean,turn_on,turn_on,Turn on kettle.,Turn on kettle.,None,-vocab_gap:*; +idiom_ok:turn_on_appliance,Boil the kettle.
00207-FRQ75PjD278/tasks-island_0.json,61,3,R4_appliance_clean,turn_on,turn_on,Turn on the kettle.,Turn on the kettle.,on,-vocab_gap:*; +idiom_ok:turn_on_appliance,Turn on the kettle.
00207-FRQ75PjD278/tasks-island_0.json,64,2,R4_appliance_clean,turn_on,turn_on,Turn on the cooker.,Turn on the cooker.,on,-vocab_gap:*; +idiom_ok:turn_on_appliance,Turn on the cooker.
00217-qz3829g1Lzf/tasks-island_0.json,20,4,R1_light,turn_on,light,Turn on the candle holder.,Light the candle holder.,on,+vocab_extension_v1:turn_on->light; -vocab_gap:no_ignite_action,Light the candle holder.
00217-qz3829g1Lzf/tasks-island_0.json,95,5,R1_light,turn_on,light,Turn on the candle holder.,Light the candle holder.,on,+vocab_extension_v1:turn_on->light; -vocab_gap:no_ignite_action,Light the candle holder.
00217-qz3829g1Lzf/tasks-island_0.json,126,5,R1_light,turn_on,light,Turn on the candle holder.,Light the candle holder.,on,+vocab_extension_v1:turn_on->light; -vocab_gap:no_ignite_action,Light the candle holder.
00217-qz3829g1Lzf/tasks-island_0.json,145,4,R1_light,turn_on,light,Turn on the candle holder.,Light the candle holder.,on,+vocab_extension_v1:turn_on->light; -vocab_gap:no_ignite_action,Light the candle holder.
00217-qz3829g1Lzf/tasks-island_0.json,165,4,R1_light,turn_on,light,Turn on the candle holder.,Light the candle holder.,on,+vocab_extension_v1:turn_on->light; -vocab_gap:no_ignite_action,Light the candle holder.
00222-g8Xrdbe9fir/tasks-island_0.json,22,1,R4_bathtub_clean,turn_on,turn_on,Turn on the bathtub.,Turn on the bathtub.,on,-vocab_gap:no_faucet_action; +idiom_ok:turn_on_appliance,Turn on the bathtub.
00222-g8Xrdbe9fir/tasks-island_0.json,34,3,R4_appliance_clean,turn_on,turn_on,Turn on the kettle.,Turn on the kettle.,on,-vocab_gap:*; +idiom_ok:turn_on_appliance,Turn on the kettle.
00234-nACV8wLu1u5/tasks-island_1.json,2,4,R4_fireplace_soft,turn_on,turn_on,Turn on the fireplace.,Turn on the fireplace.,on,-vocab_gap:no_ignite_action; +assume_gas_fireplace,Light the fireplace.
00234-nACV8wLu1u5/tasks-island_1.json,23,1,R4_fireplace_soft,turn_on,turn_on,Turn on the fireplace.,Turn on the fireplace.,on,-vocab_gap:no_ignite_action; +assume_gas_fireplace,Turn on the fireplace.
00234-nACV8wLu1u5/tasks-island_1.json,34,2,R4_fireplace_soft,turn_on,turn_on,Turn on the fireplace.,Turn on the fireplace.,on,-vocab_gap:no_ignite_action; +assume_gas_fireplace,Turn on the fireplace.
00234-nACV8wLu1u5/tasks-island_1.json,41,3,R4_fireplace_soft,turn_on,turn_on,Turn on the fireplace.,Turn on the fireplace.,on,-vocab_gap:no_ignite_action; +assume_gas_fireplace,Light the fireplace.
00234-nACV8wLu1u5/tasks-island_1.json,45,2,R4_fireplace_soft,turn_on,turn_on,Turn on the fireplace.,Turn on the fireplace.,on,-vocab_gap:no_ignite_action; +assume_gas_fireplace,Light the fireplace.
00234-nACV8wLu1u5/tasks-island_1.json,61,3,R4_fireplace_soft,turn_on,turn_on,Turn on the fireplace.,Turn on the fireplace.,on,-vocab_gap:no_ignite_action; +assume_gas_fireplace,Light the fireplace.
00234-nACV8wLu1u5/tasks-island_1.json,70,3,R4_fireplace_soft,turn_on,turn_on,Turn on the fireplace.,Turn on the fireplace.,on,-vocab_gap:no_ignite_action; +assume_gas_fireplace,Light the fireplace.
00234-nACV8wLu1u5/tasks-island_1.json,118,1,R4_fireplace_soft,turn_on,turn_on,Turn on the fireplace.,Turn on the fireplace.,on,-vocab_gap:no_ignite_action; +assume_gas_fireplace,Turn on the fireplace.
00234-nACV8wLu1u5/tasks-island_1.json,123,2,R4_fireplace_soft,turn_off,turn_off,Turn off the fireplace.,Turn off the fireplace.,None,-vocab_gap:no_ignite_action; +assume_gas_fireplace,Turn off the fireplace.
00234-nACV8wLu1u5/tasks-island_1.json,124,1,R2_unload,open,unload,Open dishwasher.,Unload the dishwasher.,None,+vocab_extension_v1:open->unload,Unload the dishwasher.
00234-nACV8wLu1u5/tasks-island_1.json,138,3,R4_fireplace_soft,turn_on,turn_on,Turn on the fireplace.,Turn on the fireplace.,on,-vocab_gap:no_ignite_action; +assume_gas_fireplace,Light the fireplace.
00238-j6fHrce9pHR/tasks-island_0.json,20,1,R4_bathtub_clean,turn_on,turn_on,Turn on the bathtub.,Turn on the bathtub.,on,-vocab_gap:no_faucet_action; +idiom_ok:turn_on_appliance,Turn on the bathtub.
00238-j6fHrce9pHR/tasks-island_0.json,38,2,F2_warm_inspect,inspect,turn_on,Inspect the toaster.,Turn on the toaster.,None,+vocab_extension_v1:inspect->turn_on,Use the toaster to warm up some bread.
00238-j6fHrce9pHR/tasks-island_0.json,41,4,R4_appliance_clean,turn_on,turn_on,Turn on kettle.,Turn on kettle.,None,-vocab_gap:*; +idiom_ok:turn_on_appliance,Prepare a hot drink with the kettle.
00238-j6fHrce9pHR/tasks-island_0.json,44,1,F2_warm_inspect,inspect,turn_on,Inspect the treadmill.,Turn on the treadmill.,None,+vocab_extension_v1:inspect->turn_on,Warm up using the treadmill.
00238-j6fHrce9pHR/tasks-island_0.json,69,3,F2_warm_inspect,inspect,turn_on,Inspect the kettle.,Turn on the kettle.,in,+vocab_extension_v1:inspect->turn_on,Warm up water in the kettle.
00238-j6fHrce9pHR/tasks-island_0.json,100,1,R4_bathtub_clean,turn_on,turn_on,Turn on the bathtub.,Turn on the bathtub.,on,-vocab_gap:no_faucet_action; +idiom_ok:turn_on_appliance,Turn on the bathtub.
00238-j6fHrce9pHR/tasks-island_0.json,122,1,R4_roll_flag,carry,carry,Carry the mat.,Carry the mat.,None,+vocab_gap:roll,Roll out the mat.
00238-j6fHrce9pHR/tasks-island_0.json,145,1,R4_appliance_clean,turn_on,turn_on,Turn on kettle.,Turn on kettle.,None,-vocab_gap:*; +idiom_ok:turn_on_appliance,Boil water in the kettle.
00238-j6fHrce9pHR/tasks-island_0.json,158,1,R4_appliance_clean,turn_on,turn_on,Turn on kettle.,Turn on kettle.,None,-vocab_gap:*; +idiom_ok:turn_on_appliance,Boil water in the kettle.
00238-j6fHrce9pHR/tasks-island_0.json,172,1,R4_roll_flag,smooth,smooth,Smooth the mat.,Smooth the mat.,on,+vocab_gap:roll,Unroll the mat on the floor.
00238-j6fHrce9pHR/tasks-island_0.json,329,3,R4_appliance_clean,turn_on,turn_on,Turn on kettle.,Turn on kettle.,None,-vocab_gap:*; +idiom_ok:turn_on_appliance,Boil water in the kettle for tea.
00238-j6fHrce9pHR/tasks-island_0.json,354,5,R4_roll_flag,inspect,inspect,Inspect the desk chair.,Inspect the desk chair.,in,+vocab_gap:roll,Roll the desk chair into place.
00238-j6fHrce9pHR/tasks-island_0.json,356,6,R4_appliance_clean,turn_on,turn_on,Turn on kettle.,Turn on kettle.,None,-vocab_gap:*; +idiom_ok:turn_on_appliance,Prepare iced tea in the kettle.
00238-j6fHrce9pHR/tasks-island_0.json,358,3,R4_appliance_clean,turn_on,turn_on,Turn on kettle.,Turn on kettle.,None,-vocab_gap:*; +idiom_ok:turn_on_appliance,Boil water in the kettle.
00238-j6fHrce9pHR/tasks-island_0.json,365,5,R4_appliance_clean,turn_on,turn_on,Turn on kettle.,Turn on kettle.,None,-vocab_gap:*; +idiom_ok:turn_on_appliance,Brew some tea in the kettle.
00238-j6fHrce9pHR/tasks-island_0.json,383,4,R4_appliance_clean,turn_on,turn_on,Turn on kettle.,Turn on kettle.,None,-vocab_gap:*; +idiom_ok:turn_on_appliance,Make a hot drink with the kettle.
00238-j6fHrce9pHR/tasks-island_0.json,393,1,R4_bathtub_clean,turn_on,turn_on,Turn on the bathtub.,Turn on the bathtub.,in,-vocab_gap:no_faucet_action; +idiom_ok:turn_on_appliance,Turn on the water in the bathtub.
00238-j6fHrce9pHR/tasks-island_0.json,406,5,R4_appliance_clean,turn_on,turn_on,Turn on kettle.,Turn on kettle.,None,-vocab_gap:*; +idiom_ok:turn_on_appliance,Prepare a hot drink with the kettle.
00238-j6fHrce9pHR/tasks-island_0.json,419,5,R4_appliance_clean,turn_on,turn_on,Turn on kettle.,Turn on kettle.,None,-vocab_gap:*; +idiom_ok:turn_on_appliance,Prepare tea with the kettle.
00238-j6fHrce9pHR/tasks-island_0.json,469,3,F2_warm_inspect,inspect,turn_on,Inspect the toaster.,Turn on the toaster.,None,+vocab_extension_v1:inspect->turn_on,Use the toaster to warm some bread.
00241-h6nwVLpAKQz/tasks-island_1.json,25,1,R4_fireplace_soft,turn_on,turn_on,Turn on the fireplace.,Turn on the fireplace.,on,-vocab_gap:no_ignite_action; +assume_gas_fireplace,Light the fireplace.
00241-h6nwVLpAKQz/tasks-island_1.json,42,1,R4_fireplace_soft,turn_on,turn_on,Turn on the fireplace.,Turn on the fireplace.,on,-vocab_gap:no_ignite_action; +assume_gas_fireplace,Light the fireplace.
00241-h6nwVLpAKQz/tasks-island_1.json,50,3,R4_fireplace_soft,turn_on,turn_on,Turn on the fireplace.,Turn on the fireplace.,on,-vocab_gap:no_ignite_action; +assume_gas_fireplace,Light the fireplace.
00241-h6nwVLpAKQz/tasks-island_1.json,65,1,R4_fireplace_soft,turn_on,turn_on,Turn on the fireplace.,Turn on the fireplace.,on,-vocab_gap:no_ignite_action; +assume_gas_fireplace,Light the fireplace.
00241-h6nwVLpAKQz/tasks-island_1.json,71,1,R4_fireplace_soft,turn_on,turn_on,Turn on the fireplace.,Turn on the fireplace.,on,-vocab_gap:no_ignite_action; +assume_gas_fireplace,Light the fireplace.
00245-741Fdj7NLF9/tasks-island_0.json,62,1,R3_iron,straighten,iron,Straighten items on the ironing board.,Iron clothes on the ironing board.,on,+vocab_extension_v1:straighten->iron,Iron clothes on the ironing board.
00245-741Fdj7NLF9/tasks-island_0.json,66,4,F3_repair_REMAP,reposition,tighten,Reposition the sink.,Tighten the sink.,None,+vocab_extension_v1:repair_remap->tighten,Repair the sink.
00245-741Fdj7NLF9/tasks-island_0.json,97,5,F3_repair_REMAP,reposition,tighten,Reposition the drawer.,Tighten the drawer.,None,+vocab_extension_v1:repair_remap->tighten,Repair the drawer.
00250-U3oQjwTuMX8/tasks-island_0.json,136,5,F3_repair_REMAP,reposition,tighten,Reposition the sink.,Tighten the sink.,None,+vocab_extension_v1:repair_remap->tighten,Repair the sink.
00251-wsAYBFtQaL7/tasks-island_0.json,6,3,R4_fireplace_soft,turn_on,turn_on,Turn on the fireplace.,Turn on the fireplace.,on,-vocab_gap:no_ignite_action; +assume_gas_fireplace,Light the fireplace.
00251-wsAYBFtQaL7/tasks-island_0.json,24,2,R4_fireplace_soft,turn_on,turn_on,Turn on the fireplace.,Turn on the fireplace.,on,-vocab_gap:no_ignite_action; +assume_gas_fireplace,Light the fireplace.
00251-wsAYBFtQaL7/tasks-island_0.json,54,1,R4_appliance_clean,turn_on,turn_on,Turn on kettle.,Turn on kettle.,None,-vocab_gap:*; +idiom_ok:turn_on_appliance,Make coffee with the kettle.
00251-wsAYBFtQaL7/tasks-island_0.json,64,1,R4_bathtub_clean,turn_on,turn_on,Turn on the bathtub.,Turn on the bathtub.,on,-vocab_gap:no_faucet_action; +idiom_ok:turn_on_appliance,Turn on the bathtub.
00251-wsAYBFtQaL7/tasks-island_0.json,79,1,R4_fireplace_soft,turn_on,turn_on,Turn on the fireplace.,Turn on the fireplace.,on,-vocab_gap:no_ignite_action; +assume_gas_fireplace,Light the fireplace.
00251-wsAYBFtQaL7/tasks-island_0.json,86,1,R4_appliance_clean,turn_on,turn_on,Turn on kettle.,Turn on kettle.,None,-vocab_gap:*; +idiom_ok:turn_on_appliance,Boil the kettle.
00251-wsAYBFtQaL7/tasks-island_0.json,98,2,R4_bathtub_clean,turn_on,turn_on,Turn on the bathtub.,Turn on the bathtub.,on,-vocab_gap:no_faucet_action; +idiom_ok:turn_on_appliance,Turn on the bathtub.
00251-wsAYBFtQaL7/tasks-island_0.json,100,1,R4_fireplace_soft,turn_on,turn_on,Turn on the fireplace.,Turn on the fireplace.,on,-vocab_gap:no_ignite_action; +assume_gas_fireplace,Light the fireplace.
00251-wsAYBFtQaL7/tasks-island_0.json,119,1,R4_fireplace_soft,turn_on,turn_on,Turn on the fireplace.,Turn on the fireplace.,on,-vocab_gap:no_ignite_action; +assume_gas_fireplace,Light the fireplace.
00251-wsAYBFtQaL7/tasks-island_0.json,156,1,R4_appliance_clean,turn_on,turn_on,Turn on kettle.,Turn on kettle.,None,-vocab_gap:*; +idiom_ok:turn_on_appliance,Boil water in the kettle.
00251-wsAYBFtQaL7/tasks-island_0.json,170,1,R4_fireplace_soft,turn_on,turn_on,Turn on the fireplace.,Turn on the fireplace.,on,-vocab_gap:no_ignite_action; +assume_gas_fireplace,Light the fireplace.
00251-wsAYBFtQaL7/tasks-island_0.json,203,1,R4_appliance_clean,turn_on,turn_on,Turn on the kettle.,Turn on the kettle.,on,-vocab_gap:*; +idiom_ok:turn_on_appliance,Turn on the kettle.
00251-wsAYBFtQaL7/tasks-island_0.json,221,1,R4_fireplace_soft,turn_on,turn_on,Turn on the fireplace.,Turn on the fireplace.,on,-vocab_gap:no_ignite_action; +assume_gas_fireplace,Light the fireplace.
00251-wsAYBFtQaL7/tasks-island_0.json,230,1,R4_appliance_clean,turn_on,turn_on,Turn on kettle.,Turn on kettle.,None,-vocab_gap:*; +idiom_ok:turn_on_appliance,Boil water in the kettle.
00251-wsAYBFtQaL7/tasks-island_0.json,242,2,R4_fireplace_soft,turn_on,turn_on,Turn on the fireplace.,Turn on the fireplace.,on,-vocab_gap:no_ignite_action; +assume_gas_fireplace,Light the fireplace.
00251-wsAYBFtQaL7/tasks-island_0.json,244,6,R4_appliance_clean,turn_on,turn_on,Turn on kettle.,Turn on kettle.,None,-vocab_gap:*; +idiom_ok:turn_on_appliance,Boil water in the kettle.
00251-wsAYBFtQaL7/tasks-island_0.json,277,6,R4_appliance_clean,turn_on,turn_on,Turn on the kettle.,Turn on the kettle.,on,-vocab_gap:*; +idiom_ok:turn_on_appliance,Start the kettle.
00251-wsAYBFtQaL7/tasks-island_0.json,323,1,R4_fireplace_soft,turn_on,turn_on,Turn on the fireplace.,Turn on the fireplace.,on,-vocab_gap:no_ignite_action; +assume_gas_fireplace,Turn on the fireplace.
00251-wsAYBFtQaL7/tasks-island_0.json,345,4,R4_appliance_clean,turn_on,turn_on,Turn on the kettle.,Turn on the kettle.,on,-vocab_gap:*; +idiom_ok:turn_on_appliance,Turn on the kettle.
00251-wsAYBFtQaL7/tasks-island_0.json,352,1,R4_fireplace_soft,turn_on,turn_on,Turn on the fireplace.,Turn on the fireplace.,on,-vocab_gap:no_ignite_action; +assume_gas_fireplace,Light the fireplace.
00251-wsAYBFtQaL7/tasks-island_0.json,357,1,R4_fireplace_soft,turn_on,turn_on,Turn on the fireplace.,Turn on the fireplace.,on,-vocab_gap:no_ignite_action; +assume_gas_fireplace,Light the fireplace.
00251-wsAYBFtQaL7/tasks-island_0.json,377,5,F3_repair_REMAP,reposition,tighten,Reposition the vent.,Tighten the vent.,None,+vocab_extension_v1:repair_remap->tighten,Repair the vent.
00254-YMNvYDhK8mB/tasks-island_1.json,5,1,R4_appliance_clean,turn_on,turn_on,Turn on kettle.,Turn on kettle.,None,-vocab_gap:*; +idiom_ok:turn_on_appliance,Prepare the kettle for tea.
00254-YMNvYDhK8mB/tasks-island_1.json,46,1,R4_appliance_clean,turn_on,turn_on,Turn on the kettle.,Turn on the kettle.,on,-vocab_gap:*; +idiom_ok:turn_on_appliance,Prepare the kettle.
00254-YMNvYDhK8mB/tasks-island_1.json,85,4,R4_appliance_clean,turn_off,turn_off,Turn off the kettle in the kitchen.,Turn off the kettle in the kitchen.,in,-vocab_gap:*; +idiom_ok:turn_on_appliance,Turn off the kettle in the kitchen.
00254-YMNvYDhK8mB/tasks-island_1.json,95,1,R4_appliance_clean,turn_on,turn_on,Turn on the kettle.,Turn on the kettle.,on,-vocab_gap:*; +idiom_ok:turn_on_appliance,Turn on the kettle.
00254-YMNvYDhK8mB/tasks-island_1.json,149,5,F3_repair_FLAG,reposition,reposition,Reposition the keyboard.,Reposition the keyboard.,None,+vocab_gap:repair,Repair the keyboard.
00254-YMNvYDhK8mB/tasks-island_1.json,197,1,R4_appliance_clean,turn_on,turn_on,Turn on the kettle.,Turn on the kettle.,on,-vocab_gap:*; +idiom_ok:turn_on_appliance,Start the kettle.
00255-NGyoyh91xXJ/tasks-island_0.json,29,3,R4_appliance_clean,turn_on,turn_on,Turn on the kettle.,Turn on the kettle.,on,-vocab_gap:*; +idiom_ok:turn_on_appliance,Turn on the kettle.
00255-NGyoyh91xXJ/tasks-island_0.json,31,1,F3_repair_REMAP,reposition,tighten,Reposition the ventilation.,Tighten the ventilation.,None,+vocab_extension_v1:repair_remap->tighten,Repair the ventilation.
00255-NGyoyh91xXJ/tasks-island_0.json,38,1,F3_repair_REMAP,reposition,tighten,Reposition the ventilation.,Tighten the ventilation.,None,+vocab_extension_v1:repair_remap->tighten,Repair the ventilation.
00255-NGyoyh91xXJ/tasks-island_0.json,48,2,R4_appliance_clean,turn_on,turn_on,Turn on kettle.,Turn on kettle.,None,-vocab_gap:*; +idiom_ok:turn_on_appliance,Warm up some tea with the kettle.
00255-NGyoyh91xXJ/tasks-island_0.json,54,3,F3_repair_REMAP,reposition,tighten,Reposition the cabinet door.,Tighten the cabinet door.,None,+vocab_extension_v1:repair_remap->tighten,Repair the cabinet door.
00255-NGyoyh91xXJ/tasks-island_0.json,93,6,R4_appliance_clean,turn_on,turn_on,Turn on kettle.,Turn on kettle.,None,-vocab_gap:*; +idiom_ok:turn_on_appliance,Boil water in the kettle.
00258-2Pc8W48bu21/tasks-island_0.json,5,1,R4_appliance_clean,turn_on,turn_on,Turn on kettle.,Turn on kettle.,None,-vocab_gap:*; +idiom_ok:turn_on_appliance,Boil water using the kettle.
00258-2Pc8W48bu21/tasks-island_0.json,41,4,R4_appliance_clean,turn_on,turn_on,Turn on the stove to cook.,Turn on the stove to cook.,on,-vocab_gap:*; +idiom_ok:turn_on_appliance,Turn on the stove to cook.
00258-2Pc8W48bu21/tasks-island_0.json,47,4,R2_unload,open,unload,Open clothes dryer.,Unload the clothes dryer.,None,+vocab_extension_v1:open->unload,Unload the clothes dryer.
00258-2Pc8W48bu21/tasks-island_0.json,65,2,R4_appliance_clean,turn_on,turn_on,Turn on kettle.,Turn on kettle.,None,-vocab_gap:*; +idiom_ok:turn_on_appliance,Boil water in the kettle.
00258-2Pc8W48bu21/tasks-island_0.json,156,3,R4_appliance_clean,turn_on,turn_on,Turn on the stove to cook eggs.,Turn on the stove to cook eggs.,on,-vocab_gap:*; +idiom_ok:turn_on_appliance,Turn on the stove to cook eggs.
00258-2Pc8W48bu21/tasks-island_0.json,202,5,R4_appliance_clean,turn_on,turn_on,Turn on the stove.,Turn on the stove.,on,-vocab_gap:*; +idiom_ok:turn_on_appliance,Turn on the stove.
00262-1xGrZPxG1Hz/tasks-island_1.json,31,1,R3_iron,straighten,iron,Straighten items on the iron board.,Iron the clothes on the iron board.,on,+vocab_extension_v1:straighten->iron,Iron the clothes on the iron board.
00262-1xGrZPxG1Hz/tasks-island_1.json,41,2,R4_roll_flag,carry,carry,Carry the floor mat.,Carry the floor mat.,None,+vocab_gap:roll,Roll out the floor mat.
00263-GGBvSFddQgs/tasks-island_1.json,2,4,R4_appliance_clean,turn_on,turn_on,Turn on the stovetop.,Turn on the stovetop.,on,-vocab_gap:*; +idiom_ok:turn_on_appliance,Turn on the stovetop.
00263-GGBvSFddQgs/tasks-island_2.json,1,2,R4_fireplace_soft,turn_on,turn_on,Turn on the fireplace.,Turn on the fireplace.,on,-vocab_gap:no_ignite_action; +assume_gas_fireplace,Light the fireplace.
00263-GGBvSFddQgs/tasks-island_2.json,13,1,R4_fireplace_soft,turn_on,turn_on,Turn on the fireplace.,Turn on the fireplace.,on,-vocab_gap:no_ignite_action; +assume_gas_fireplace,Turn on the fireplace.
00263-GGBvSFddQgs/tasks-island_2.json,29,1,R4_fireplace_soft,turn_on,turn_on,Turn on the fireplace.,Turn on the fireplace.,on,-vocab_gap:no_ignite_action; +assume_gas_fireplace,Light the fireplace.
00263-GGBvSFddQgs/tasks-island_2.json,53,2,R4_fireplace_soft,turn_on,turn_on,Turn on the fireplace.,Turn on the fireplace.,on,-vocab_gap:no_ignite_action; +assume_gas_fireplace,Light the fireplace.
00263-GGBvSFddQgs/tasks-island_2.json,127,6,R4_fireplace_soft,turn_on,turn_on,Turn on the fireplace.,Turn on the fireplace.,on,-vocab_gap:no_ignite_action; +assume_gas_fireplace,Light the fireplace.
00263-GGBvSFddQgs/tasks-island_2.json,136,5,R4_fireplace_soft,turn_on,turn_on,Turn on the fireplace.,Turn on the fireplace.,on,-vocab_gap:no_ignite_action; +assume_gas_fireplace,Turn on the fireplace.
00263-GGBvSFddQgs/tasks-island_2.json,145,3,R4_fireplace_soft,turn_on,turn_on,Turn on the fireplace.,Turn on the fireplace.,on,-vocab_gap:no_ignite_action; +assume_gas_fireplace,Light the fireplace.
00263-GGBvSFddQgs/tasks-island_2.json,162,6,R4_fireplace_soft,turn_on,turn_on,Turn on the fireplace.,Turn on the fireplace.,on,-vocab_gap:no_ignite_action; +assume_gas_fireplace,Light the fireplace.
00269-JNiWU5TZLtt/tasks-island_0.json,4,1,R4_appliance_clean,turn_on,turn_on,Turn on the kettle.,Turn on the kettle.,on,-vocab_gap:*; +idiom_ok:turn_on_appliance,Turn on the kettle.
00269-JNiWU5TZLtt/tasks-island_0.json,74,4,F3_repair_REMAP,reposition,tighten,Reposition the rack.,Tighten the rack.,None,+vocab_extension_v1:repair_remap->tighten,Repair the rack.
00269-JNiWU5TZLtt/tasks-island_0.json,78,2,R4_appliance_clean,turn_on,turn_on,Turn on kettle.,Turn on kettle.,None,-vocab_gap:*; +idiom_ok:turn_on_appliance,Boil the kettle.
00269-JNiWU5TZLtt/tasks-island_0.json,183,3,R4_appliance_clean,turn_on,turn_on,Turn on kettle.,Turn on kettle.,None,-vocab_gap:*; +idiom_ok:turn_on_appliance,Boil water in the kettle.
00269-JNiWU5TZLtt/tasks-island_0.json,222,3,R4_appliance_clean,turn_on,turn_on,Turn on kettle.,Turn on kettle.,None,-vocab_gap:*; +idiom_ok:turn_on_appliance,Boil the kettle.
00269-JNiWU5TZLtt/tasks-island_0.json,233,6,R4_appliance_clean,turn_on,turn_on,Turn on kettle.,Turn on kettle.,None,-vocab_gap:*; +idiom_ok:turn_on_appliance,Boil the kettle.
00269-JNiWU5TZLtt/tasks-island_0.json,238,2,R4_appliance_clean,turn_on,turn_on,Turn on kettle.,Turn on kettle.,None,-vocab_gap:*; +idiom_ok:turn_on_appliance,Boil the kettle.
00272-kA2nG18hCAr/tasks-island_0.json,22,2,F2_warm_inspect,inspect,turn_on,Inspect the toaster.,Turn on the toaster.,None,+vocab_extension_v1:inspect->turn_on,Use the toaster to warm the bread.
00272-kA2nG18hCAr/tasks-island_0.json,31,1,R4_fireplace_soft,turn_on,turn_on,Turn on the fireplace.,Turn on the fireplace.,on,-vocab_gap:no_ignite_action; +assume_gas_fireplace,Light the fireplace.
00272-kA2nG18hCAr/tasks-island_0.json,53,5,R4_fireplace_soft,turn_on,turn_on,Turn on the fireplace.,Turn on the fireplace.,in,-vocab_gap:no_ignite_action; +assume_gas_fireplace,Light the logs in the fireplace.
00272-kA2nG18hCAr/tasks-island_0.json,71,5,F3_repair_REMAP,reposition,tighten,Reposition the fireplace utensil.,Tighten the fireplace utensil.,None,+vocab_extension_v1:repair_remap->tighten,Repair the fireplace utensil handle.
00272-kA2nG18hCAr/tasks-island_0.json,72,1,R4_appliance_clean,turn_on,turn_on,Turn on kettle.,Turn on kettle.,None,-vocab_gap:*; +idiom_ok:turn_on_appliance,Boil water in the kettle.
00272-kA2nG18hCAr/tasks-island_0.json,93,2,F2_warm_inspect,inspect,turn_on,Inspect the toaster.,Turn on the toaster.,None,+vocab_extension_v1:inspect->turn_on,Use the toaster to warm the bread.
00272-kA2nG18hCAr/tasks-island_0.json,94,1,R4_appliance_clean,turn_on,turn_on,Turn on the kettle.,Turn on the kettle.,on,-vocab_gap:*; +idiom_ok:turn_on_appliance,Turn on the kettle for tea.
00272-kA2nG18hCAr/tasks-island_0.json,101,4,R4_fireplace_soft,turn_on,turn_on,Turn on the fireplace.,Turn on the fireplace.,on,-vocab_gap:no_ignite_action; +assume_gas_fireplace,Light the fireplace.
00272-kA2nG18hCAr/tasks-island_0.json,116,1,R4_fireplace_soft,turn_on,turn_on,Turn on the fireplace in the living room.,Turn on the fireplace in the living room.,in,-vocab_gap:no_ignite_action; +assume_gas_fireplace,Light the fireplace in the living room.
00272-kA2nG18hCAr/tasks-island_0.json,142,2,R4_roll_flag,carry,carry,Carry the floor mat.,Carry the floor mat.,None,+vocab_gap:roll,Roll out the floor mat.
00272-kA2nG18hCAr/tasks-island_0.json,154,3,R4_fireplace_soft,turn_on,turn_on,Turn on the fireplace.,Turn on the fireplace.,on,-vocab_gap:no_ignite_action; +assume_gas_fireplace,Light the fireplace.
00272-kA2nG18hCAr/tasks-island_0.json,160,2,R4_fireplace_soft,turn_on,turn_on,Turn on the fireplace.,Turn on the fireplace.,on,-vocab_gap:no_ignite_action; +assume_gas_fireplace,Light the fireplace.
00272-kA2nG18hCAr/tasks-island_0.json,180,6,R4_fireplace_soft,turn_on,turn_on,Turn on the fireplace.,Turn on the fireplace.,on,-vocab_gap:no_ignite_action; +assume_gas_fireplace,Light the fireplace.
00272-kA2nG18hCAr/tasks-island_0.json,194,4,R4_fireplace_soft,turn_on,turn_on,Turn on the fireplace.,Turn on the fireplace.,on,-vocab_gap:no_ignite_action; +assume_gas_fireplace,Turn on the fireplace.
00272-kA2nG18hCAr/tasks-island_0.json,216,6,R4_fireplace_soft,turn_on,turn_on,Turn on the fireplace.,Turn on the fireplace.,on,-vocab_gap:no_ignite_action; +assume_gas_fireplace,Turn on the fireplace.
00272-kA2nG18hCAr/tasks-island_0.json,224,3,R4_fireplace_soft,turn_on,turn_on,Turn on the fireplace.,Turn on the fireplace.,on,-vocab_gap:no_ignite_action; +assume_gas_fireplace,Turn on the fireplace.
00272-kA2nG18hCAr/tasks-island_0.json,234,7,R4_appliance_clean,turn_on,turn_on,Turn on the kettle.,Turn on the kettle.,on,-vocab_gap:*; +idiom_ok:turn_on_appliance,Turn on the kettle.
00272-kA2nG18hCAr/tasks-island_0.json,256,1,R4_appliance_clean,turn_on,turn_on,Turn on the kettle.,Turn on the kettle.,on,-vocab_gap:*; +idiom_ok:turn_on_appliance,Turn on the kettle.
00272-kA2nG18hCAr/tasks-island_0.json,261,4,R4_fireplace_soft,turn_on,turn_on,Turn on the fireplace.,Turn on the fireplace.,on,-vocab_gap:no_ignite_action; +assume_gas_fireplace,Light the fireplace.
00272-kA2nG18hCAr/tasks-island_1.json,4,3,R4_roll_flag,straighten,straighten,Straighten the hose.,Straighten the hose.,None,+vocab_gap:roll,Unroll the hose.
00272-kA2nG18hCAr/tasks-island_1.json,23,4,R4_roll_flag,straighten,straighten,Straighten hose.,Straighten hose.,None,+vocab_gap:roll,Roll up the hose.
00294-PPTLa8SkUfo/tasks-island_0.json,5,3,F3_repair_FLAG,reposition,reposition,Reposition the heater.,Reposition the heater.,None,+vocab_gap:repair,Repair the heater unit.
00294-PPTLa8SkUfo/tasks-island_0.json,18,1,R4_appliance_clean,turn_on,turn_on,Turn on kettle.,Turn on kettle.,None,-vocab_gap:*; +idiom_ok:turn_on_appliance,Boil water in the kettle.
00294-PPTLa8SkUfo/tasks-island_0.json,23,3,R1_light,turn_on,light,Turn on the candlestick.,Light the candlestick.,on,+vocab_extension_v1:turn_on->light; -vocab_gap:no_ignite_action,Light the candlestick.
00294-PPTLa8SkUfo/tasks-island_0.json,25,1,R4_appliance_clean,turn_on,turn_on,Turn on kettle.,Turn on kettle.,None,-vocab_gap:*; +idiom_ok:turn_on_appliance,Prepare a hot drink with the kettle.
00294-PPTLa8SkUfo/tasks-island_0.json,27,1,R4_appliance_clean,turn_on,turn_on,Turn on the stove.,Turn on the stove.,on,-vocab_gap:*; +idiom_ok:turn_on_appliance,Turn on the stove.
00294-PPTLa8SkUfo/tasks-island_0.json,34,4,R4_appliance_clean,turn_on,turn_on,Turn on kettle.,Turn on kettle.,None,-vocab_gap:*; +idiom_ok:turn_on_appliance,Boil water in the kettle.
00294-PPTLa8SkUfo/tasks-island_0.json,38,1,R2_unload,open,unload,Open dishwasher.,Unload the dishwasher.,None,+vocab_extension_v1:open->unload,Unload the dishwasher.
00294-PPTLa8SkUfo/tasks-island_0.json,48,3,R4_fireplace_soft,turn_on,turn_on,Turn on the fireplace.,Turn on the fireplace.,on,-vocab_gap:no_ignite_action; +assume_gas_fireplace,Light the fireplace.
00294-PPTLa8SkUfo/tasks-island_0.json,53,5,R1_light,turn_on,light,Turn on the candle holder.,Light the candle holder.,in,+vocab_extension_v1:turn_on->light; -vocab_gap:no_ignite_action,Light the candles in the candle holder.
00294-PPTLa8SkUfo/tasks-island_0.json,61,2,R4_appliance_clean,turn_on,turn_on,Turn on kettle.,Turn on kettle.,None,-vocab_gap:*; +idiom_ok:turn_on_appliance,Boil water in the kettle.
00294-PPTLa8SkUfo/tasks-island_0.json,66,1,R4_fireplace_soft,turn_on,turn_on,Turn on the fireplace.,Turn on the fireplace.,on,-vocab_gap:no_ignite_action; +assume_gas_fireplace,Light the fireplace.
00294-PPTLa8SkUfo/tasks-island_0.json,69,3,R4_appliance_clean,turn_off,turn_off,Turn off the stove.,Turn off the stove.,None,-vocab_gap:*; +idiom_ok:turn_on_appliance,Turn off the stove.
00294-PPTLa8SkUfo/tasks-island_0.json,69,4,R2_unload,open,unload,Open dishwasher.,Unload the dishwasher.,None,+vocab_extension_v1:open->unload,Unload the dishwasher.
00294-PPTLa8SkUfo/tasks-island_0.json,79,3,R4_appliance_clean,turn_on,turn_on,Turn on kettle.,Turn on kettle.,None,-vocab_gap:*; +idiom_ok:turn_on_appliance,Boil water in the kettle.
00294-PPTLa8SkUfo/tasks-island_0.json,83,1,R4_appliance_clean,turn_on,turn_on,Turn on kettle.,Turn on kettle.,None,-vocab_gap:*; +idiom_ok:turn_on_appliance,Boil the kettle.
00294-PPTLa8SkUfo/tasks-island_0.json,107,1,R4_fireplace_soft,turn_on,turn_on,Turn on the fireplace.,Turn on the fireplace.,on,-vocab_gap:no_ignite_action; +assume_gas_fireplace,Light the fireplace.
00294-PPTLa8SkUfo/tasks-island_0.json,114,5,R1_light,turn_on,light,Turn on the candlestick.,Light the candlestick.,on,+vocab_extension_v1:turn_on->light; -vocab_gap:no_ignite_action,Light the candlestick.
00294-PPTLa8SkUfo/tasks-island_0.json,115,2,R4_fireplace_soft,turn_on,turn_on,Turn on the fireplace.,Turn on the fireplace.,on,-vocab_gap:no_ignite_action; +assume_gas_fireplace,Light the fireplace.
00294-PPTLa8SkUfo/tasks-island_0.json,128,1,F1_brew_inspect,inspect,start_machine,Inspect the coffee_maker.,Start the coffee_maker.,None,+vocab_extension_v1:inspect->start_machine,Use the coffee maker to brew coffee.
00294-PPTLa8SkUfo/tasks-island_0.json,133,1,R1_light,turn_on,light,Turn on the candle holder in the dining area.,Light the candle holder in the dining area.,in,+vocab_extension_v1:turn_on->light; -vocab_gap:no_ignite_action,Light the candle holder in the dining area.
00294-PPTLa8SkUfo/tasks-island_0.json,138,5,R1_light,turn_on,light,Turn on the candle holder.,Light the candle holder.,on,+vocab_extension_v1:turn_on->light; -vocab_gap:no_ignite_action,Light the candle holder.
00294-PPTLa8SkUfo/tasks-island_0.json,141,2,R4_fireplace_soft,turn_on,turn_on,Turn on the fireplace.,Turn on the fireplace.,on,-vocab_gap:no_ignite_action; +assume_gas_fireplace,Light the fireplace.
00294-PPTLa8SkUfo/tasks-island_0.json,144,4,F3_repair_FLAG,reposition,reposition,Reposition the heater.,Reposition the heater.,in,+vocab_gap:repair,Repair the heater in the bedroom.
00294-PPTLa8SkUfo/tasks-island_0.json,145,1,R4_bathtub_clean,turn_on,turn_on,Turn on the bathtub.,Turn on the bathtub.,in,-vocab_gap:no_faucet_action; +idiom_ok:turn_on_appliance,Turn on the water in the bathtub.
00294-PPTLa8SkUfo/tasks-island_0.json,145,5,R1_light,turn_on,light,Turn on the candle holder.,Light the candle holder.,on,+vocab_extension_v1:turn_on->light; -vocab_gap:no_ignite_action,Light the candle holder.
00294-PPTLa8SkUfo/tasks-island_0.json,154,5,R4_fireplace_soft,turn_on,turn_on,Turn on the fireplace.,Turn on the fireplace.,on,-vocab_gap:no_ignite_action; +assume_gas_fireplace,Light the fireplace.
00294-PPTLa8SkUfo/tasks-island_0.json,156,4,R4_appliance_clean,turn_on,turn_on,Turn on the kettle.,Turn on the kettle.,on,-vocab_gap:*; +idiom_ok:turn_on_appliance,Prepare the kettle.
00294-PPTLa8SkUfo/tasks-island_0.json,166,3,F3_repair_FLAG,reposition,reposition,Reposition the heater.,Reposition the heater.,None,+vocab_gap:repair,Repair the heater.
00294-PPTLa8SkUfo/tasks-island_0.json,175,5,R4_fireplace_soft,turn_on,turn_on,Turn on the fireplace.,Turn on the fireplace.,on,-vocab_gap:no_ignite_action; +assume_gas_fireplace,Turn on the fireplace.
00294-PPTLa8SkUfo/tasks-island_0.json,178,2,R4_appliance_clean,turn_on,turn_on,Turn on the kettle.,Turn on the kettle.,on,-vocab_gap:*; +idiom_ok:turn_on_appliance,Prepare the kettle.
00294-PPTLa8SkUfo/tasks-island_0.json,181,2,R1_light,turn_on,light,Turn on the candlestick.,Light the candlestick.,on,+vocab_extension_v1:turn_on->light; -vocab_gap:no_ignite_action,Light the candlestick.
00294-PPTLa8SkUfo/tasks-island_0.json,188,1,R1_light,turn_on,light,Turn on the candlestick.,Light the candlestick.,on,+vocab_extension_v1:turn_on->light; -vocab_gap:no_ignite_action,Light the candlestick.
00294-PPTLa8SkUfo/tasks-island_0.json,194,2,R4_appliance_clean,turn_on,turn_on,Turn on the kettle.,Turn on the kettle.,on,-vocab_gap:*; +idiom_ok:turn_on_appliance,Prepare the kettle.
00294-PPTLa8SkUfo/tasks-island_0.json,256,5,R4_appliance_clean,turn_on,turn_on,Turn on the stove.,Turn on the stove.,on,-vocab_gap:*; +idiom_ok:turn_on_appliance,Prepare the stove.
00294-PPTLa8SkUfo/tasks-island_0.json,272,2,R2_unload,open,unload,Open dishwasher.,Unload the dishwasher.,None,+vocab_extension_v1:open->unload,Unload the dishwasher.
00294-PPTLa8SkUfo/tasks-island_0.json,276,6,F3_repair_REMAP,reposition,tighten,Reposition the bench.,Tighten the bench.,None,+vocab_extension_v1:repair_remap->tighten,Repair the bench.
00294-PPTLa8SkUfo/tasks-island_0.json,285,6,R1_light,turn_on,light,Turn on the candle holder.,Light the candle holder.,on,+vocab_extension_v1:turn_on->light; -vocab_gap:no_ignite_action,Light the candle holder.
00294-PPTLa8SkUfo/tasks-island_0.json,291,6,F3_repair_REMAP,reposition,tighten,Reposition the bench.,Tighten the bench.,None,+vocab_extension_v1:repair_remap->tighten,Repair the bench.
00294-PPTLa8SkUfo/tasks-island_0.json,292,2,R1_light,turn_on,light,Turn on the candlestick.,Light the candlestick.,on,+vocab_extension_v1:turn_on->light; -vocab_gap:no_ignite_action,Light the candlestick.
00299-bdp1XNEdvmW/tasks-island_0.json,55,4,F3_repair_FLAG,reposition,reposition,Reposition the cabinet.,Reposition the cabinet.,None,+vocab_gap:repair,Repair the cabinet.
00299-bdp1XNEdvmW/tasks-island_0.json,95,1,R3_iron,straighten,iron,Straighten the iron board.,Iron the clothes.,on,+vocab_extension_v1:straighten->iron,Iron the clothes.
00299-bdp1XNEdvmW/tasks-island_0.json,112,1,R3_iron,straighten,iron,Straighten items on the iron board.,Iron the work shirt on the iron board.,on,+vocab_extension_v1:straighten->iron,Iron the work shirt on the iron board.
00304-X6Pct1msZv5/tasks-island_0.json,43,1,R4_appliance_clean,turn_on,turn_on,Turn on kettle.,Turn on kettle.,None,-vocab_gap:*; +idiom_ok:turn_on_appliance,Boil water using the kettle.
00304-X6Pct1msZv5/tasks-island_0.json,57,2,R4_appliance_clean,turn_on,turn_on,Turn on kettle.,Turn on kettle.,None,-vocab_gap:*; +idiom_ok:turn_on_appliance,Boil the kettle for tea.
00304-X6Pct1msZv5/tasks-island_0.json,68,2,R4_appliance_clean,turn_on,turn_on,Turn on kettle.,Turn on kettle.,None,-vocab_gap:*; +idiom_ok:turn_on_appliance,Boil water in the kettle.
00304-X6Pct1msZv5/tasks-island_0.json,94,2,R4_appliance_clean,turn_on,turn_on,Turn on kettle.,Turn on kettle.,None,-vocab_gap:*; +idiom_ok:turn_on_appliance,Boil water using the kettle.
00304-X6Pct1msZv5/tasks-island_0.json,107,5,R4_appliance_clean,turn_on,turn_on,Turn on kettle.,Turn on kettle.,None,-vocab_gap:*; +idiom_ok:turn_on_appliance,Boil water in the kettle for tea.
00304-X6Pct1msZv5/tasks-island_0.json,110,5,F2_warm_inspect,inspect,turn_on,Inspect the oven.,Turn on the oven.,None,+vocab_extension_v1:inspect->turn_on,Use the oven to warm up food.
00304-X6Pct1msZv5/tasks-island_0.json,140,3,R3_iron,straighten,iron,Straighten the clothes.,Iron the clothes.,None,+vocab_extension_v1:straighten->iron,Iron the clothes.
00307-vDfkYo5VqEQ/tasks-island_0.json,9,2,R4_appliance_clean,turn_on,turn_on,Turn on oven and stove.,Turn on oven and stove.,None,-vocab_gap:*; +idiom_ok:turn_on_appliance,Cook on the oven and stove.
00307-vDfkYo5VqEQ/tasks-island_0.json,17,1,R4_fireplace_soft,turn_on,turn_on,Turn on the fireplace.,Turn on the fireplace.,on,-vocab_gap:no_ignite_action; +assume_gas_fireplace,Light the fireplace for a cozy atmosphere.
00307-vDfkYo5VqEQ/tasks-island_0.json,25,5,R4_fireplace_soft,turn_on,turn_on,Turn on the fireplace.,Turn on the fireplace.,on,-vocab_gap:no_ignite_action; +assume_gas_fireplace,Light the fireplace.
00307-vDfkYo5VqEQ/tasks-island_0.json,33,3,R4_appliance_clean,turn_on,turn_on,Turn on oven and stove.,Turn on oven and stove.,None,-vocab_gap:*; +idiom_ok:turn_on_appliance,Preheat the oven and stove.
00307-vDfkYo5VqEQ/tasks-island_0.json,37,1,R4_fireplace_soft,turn_on,turn_on,Turn on the fireplace.,Turn on the fireplace.,on,-vocab_gap:no_ignite_action; +assume_gas_fireplace,Start the fireplace.
00307-vDfkYo5VqEQ/tasks-island_0.json,43,1,R4_fireplace_soft,turn_on,turn_on,Turn on the fireplace.,Turn on the fireplace.,on,-vocab_gap:no_ignite_action; +assume_gas_fireplace,Turn on the fireplace.
00307-vDfkYo5VqEQ/tasks-island_0.json,52,6,R4_fireplace_soft,turn_on,turn_on,Turn on the fireplace.,Turn on the fireplace.,on,-vocab_gap:no_ignite_action; +assume_gas_fireplace,Light the fireplace.
00307-vDfkYo5VqEQ/tasks-island_0.json,59,1,R4_fireplace_soft,turn_on,turn_on,Turn on the fireplace.,Turn on the fireplace.,on,-vocab_gap:no_ignite_action; +assume_gas_fireplace,Light the fireplace.
00307-vDfkYo5VqEQ/tasks-island_0.json,65,1,R4_fireplace_soft,turn_on,turn_on,Turn on the fireplace.,Turn on the fireplace.,on,-vocab_gap:no_ignite_action; +assume_gas_fireplace,Light the fireplace.
00307-vDfkYo5VqEQ/tasks-island_0.json,73,2,R4_appliance_clean,turn_off,turn_off,Turn off the oven and stove.,Turn off the oven and stove.,None,-vocab_gap:*; +idiom_ok:turn_on_appliance,Turn off the oven and stove.
00307-vDfkYo5VqEQ/tasks-island_0.json,84,2,R2_unload,open,unload,Open dishwasher.,Unload the dishwasher.,None,+vocab_extension_v1:open->unload,Unload the dishwasher.
00307-vDfkYo5VqEQ/tasks-island_0.json,91,1,R4_fireplace_soft,turn_on,turn_on,Turn on the fireplace.,Turn on the fireplace.,on,-vocab_gap:no_ignite_action; +assume_gas_fireplace,Light the fireplace.
00307-vDfkYo5VqEQ/tasks-island_0.json,100,3,R2_unload,open,unload,Open dishwasher.,Unload the dishwasher.,None,+vocab_extension_v1:open->unload,Unload the dishwasher.
00307-vDfkYo5VqEQ/tasks-island_0.json,103,1,R4_appliance_clean,turn_on,turn_on,Turn on oven and stove.,Turn on oven and stove.,None,-vocab_gap:*; +idiom_ok:turn_on_appliance,Preheat the oven and stove.
00313-PE6kVEtrxtj/tasks-island_0.json,53,1,R4_appliance_clean,turn_on,turn_on,Turn on cooker.,Turn on cooker.,None,-vocab_gap:*; +idiom_ok:turn_on_appliance,Boil water with the cooker.
00313-PE6kVEtrxtj/tasks-island_0.json,94,4,R4_appliance_clean,turn_on,turn_on,Turn on the cooker.,Turn on the cooker.,on,-vocab_gap:*; +idiom_ok:turn_on_appliance,Turn on the cooker.
00313-PE6kVEtrxtj/tasks-island_0.json,115,4,R4_appliance_clean,turn_on,turn_on,Turn on cooker.,Turn on cooker.,None,-vocab_gap:*; +idiom_ok:turn_on_appliance,Cook on the cooker.
00313-PE6kVEtrxtj/tasks-island_0.json,115,5,R4_appliance_clean,turn_on,turn_on,Turn on the rice cooker.,Turn on the rice cooker.,on,-vocab_gap:*; +idiom_ok:turn_on_appliance,Start the rice cooker.
00313-PE6kVEtrxtj/tasks-island_0.json,148,5,R2_unload,open,unload,Open dishwasher.,Unload the dishwasher.,None,+vocab_extension_v1:open->unload,Unload the dishwasher.
00323-yHLr6bvWsVm/tasks-island_1.json,13,4,R4_fireplace_soft,turn_on,turn_on,Turn on the fireplace.,Turn on the fireplace.,on,-vocab_gap:no_ignite_action; +assume_gas_fireplace,Light the fireplace.
00323-yHLr6bvWsVm/tasks-island_1.json,26,1,R4_fireplace_soft,turn_on,turn_on,Turn on the fireplace to warm the room.,Turn on the fireplace to warm the room.,on,-vocab_gap:no_ignite_action; +assume_gas_fireplace,Turn on the fireplace to warm the room.
00323-yHLr6bvWsVm/tasks-island_1.json,44,2,R4_fireplace_soft,turn_on,turn_on,Turn on the fireplace.,Turn on the fireplace.,on,-vocab_gap:no_ignite_action; +assume_gas_fireplace,Ignite the fireplace.
00323-yHLr6bvWsVm/tasks-island_1.json,53,4,R4_fireplace_soft,turn_on,turn_on,Turn on the fireplace.,Turn on the fireplace.,on,-vocab_gap:no_ignite_action; +assume_gas_fireplace,Start the fireplace.
00323-yHLr6bvWsVm/tasks-island_1.json,63,1,R4_fireplace_soft,turn_on,turn_on,Turn on the fireplace.,Turn on the fireplace.,on,-vocab_gap:no_ignite_action; +assume_gas_fireplace,Turn on the fireplace.
00323-yHLr6bvWsVm/tasks-island_1.json,74,4,R4_fireplace_soft,turn_on,turn_on,Turn on the fireplace.,Turn on the fireplace.,on,-vocab_gap:no_ignite_action; +assume_gas_fireplace,Light the fireplace.
00323-yHLr6bvWsVm/tasks-island_1.json,75,1,R4_fireplace_soft,turn_on,turn_on,Turn on the fireplace.,Turn on the fireplace.,on,-vocab_gap:no_ignite_action; +assume_gas_fireplace,Light the fireplace.
00323-yHLr6bvWsVm/tasks-island_1.json,81,1,R4_bathtub_clean,turn_on,turn_on,Turn on the bathtub.,Turn on the bathtub.,on,-vocab_gap:no_faucet_action; +idiom_ok:turn_on_appliance,Turn on the bathtub.
00323-yHLr6bvWsVm/tasks-island_1.json,85,3,R4_fireplace_soft,turn_on,turn_on,Turn on the fireplace.,Turn on the fireplace.,on,-vocab_gap:no_ignite_action; +assume_gas_fireplace,Light the fireplace.
00323-yHLr6bvWsVm/tasks-island_1.json,107,5,R4_fireplace_soft,turn_on,turn_on,Turn on the fireplace.,Turn on the fireplace.,on,-vocab_gap:no_ignite_action; +assume_gas_fireplace,Light the fireplace.
00323-yHLr6bvWsVm/tasks-island_1.json,115,2,R4_fireplace_soft,turn_on,turn_on,Turn on the fireplace in the living room.,Turn on the fireplace in the living room.,in,-vocab_gap:no_ignite_action; +assume_gas_fireplace,Light the fireplace in the living room.
00323-yHLr6bvWsVm/tasks-island_1.json,133,2,R4_fireplace_soft,turn_on,turn_on,Turn on the fireplace.,Turn on the fireplace.,on,-vocab_gap:no_ignite_action; +assume_gas_fireplace,Light the fireplace.
00324-DoSbsoo4EAg/tasks-island_0.json,9,1,R4_appliance_clean,turn_on,turn_on,Turn on kettle.,Turn on kettle.,None,-vocab_gap:*; +idiom_ok:turn_on_appliance,Boil water in the kettle.
00324-DoSbsoo4EAg/tasks-island_0.json,18,4,R4_appliance_clean,turn_on,turn_on,Turn on kettle.,Turn on kettle.,None,-vocab_gap:*; +idiom_ok:turn_on_appliance,Boil the kettle.
00324-DoSbsoo4EAg/tasks-island_0.json,59,3,R4_appliance_clean,turn_on,turn_on,Turn on kettle.,Turn on kettle.,None,-vocab_gap:*; +idiom_ok:turn_on_appliance,Boil water in the kettle.
00324-DoSbsoo4EAg/tasks-island_0.json,77,4,R4_appliance_clean,turn_on,turn_on,Turn on kettle.,Turn on kettle.,None,-vocab_gap:*; +idiom_ok:turn_on_appliance,Boil water in the kettle for tea.
00324-DoSbsoo4EAg/tasks-island_0.json,78,4,R4_appliance_clean,turn_on,turn_on,Turn on kettle.,Turn on kettle.,None,-vocab_gap:*; +idiom_ok:turn_on_appliance,Boil water in the kettle.
00324-DoSbsoo4EAg/tasks-island_0.json,83,2,R4_appliance_clean,turn_on,turn_on,Turn on kettle.,Turn on kettle.,None,-vocab_gap:*; +idiom_ok:turn_on_appliance,Boil the kettle for some tea.
00326-u9rPN5cHWBg/tasks-island_0.json,46,4,R4_fireplace_soft,turn_on,turn_on,Turn on the fireplace.,Turn on the fireplace.,on,-vocab_gap:no_ignite_action; +assume_gas_fireplace,Light the fireplace.
00326-u9rPN5cHWBg/tasks-island_0.json,78,1,R4_fireplace_soft,turn_on,turn_on,Turn on the fireplace.,Turn on the fireplace.,on,-vocab_gap:no_ignite_action; +assume_gas_fireplace,Light the fireplace.
00326-u9rPN5cHWBg/tasks-island_0.json,86,3,R4_fireplace_soft,turn_on,turn_on,Turn on the fireplace.,Turn on the fireplace.,on,-vocab_gap:no_ignite_action; +assume_gas_fireplace,Light the fireplace.
00326-u9rPN5cHWBg/tasks-island_0.json,111,1,R4_fireplace_soft,turn_on,turn_on,Turn on the fireplace.,Turn on the fireplace.,on,-vocab_gap:no_ignite_action; +assume_gas_fireplace,Light the fireplace.
00326-u9rPN5cHWBg/tasks-island_0.json,270,2,R4_fireplace_soft,turn_on,turn_on,Turn on the fireplace.,Turn on the fireplace.,on,-vocab_gap:no_ignite_action; +assume_gas_fireplace,Light the fireplace.
00326-u9rPN5cHWBg/tasks-island_0.json,291,2,R4_fireplace_soft,turn_on,turn_on,Turn on the fireplace in the lounge.,Turn on the fireplace in the lounge.,in,-vocab_gap:no_ignite_action; +assume_gas_fireplace,Light the fireplace in the lounge.
00326-u9rPN5cHWBg/tasks-island_0.json,305,1,R4_fireplace_soft,turn_on,turn_on,Turn on the fireplace.,Turn on the fireplace.,on,-vocab_gap:no_ignite_action; +assume_gas_fireplace,Light the fireplace.
00326-u9rPN5cHWBg/tasks-island_0.json,312,1,R4_fireplace_soft,turn_on,turn_on,Turn on the fireplace.,Turn on the fireplace.,on,-vocab_gap:no_ignite_action; +assume_gas_fireplace,Light the fireplace.
00326-u9rPN5cHWBg/tasks-island_0.json,337,1,R4_fireplace_soft,turn_on,turn_on,Turn on the fireplace.,Turn on the fireplace.,on,-vocab_gap:no_ignite_action; +assume_gas_fireplace,Light the fireplace.
00326-u9rPN5cHWBg/tasks-island_0.json,344,5,R4_fireplace_soft,turn_on,turn_on,Turn on the fireplace.,Turn on the fireplace.,on,-vocab_gap:no_ignite_action; +assume_gas_fireplace,Light the fireplace.
00326-u9rPN5cHWBg/tasks-island_0.json,363,2,R4_fireplace_soft,turn_on,turn_on,Turn on the fireplace.,Turn on the fireplace.,on,-vocab_gap:no_ignite_action; +assume_gas_fireplace,Light the fireplace.
00326-u9rPN5cHWBg/tasks-island_0.json,370,2,R3_iron,straighten,iron,Straighten the jacket.,Iron the jacket.,None,+vocab_extension_v1:straighten->iron,Iron the jacket.
00327-xgLmjqzoAzF/tasks-island_0.json,16,1,R2_unload,open,unload,Open dishwasher.,Unload the dishwasher.,None,+vocab_extension_v1:open->unload,Unload the dishwasher.
00327-xgLmjqzoAzF/tasks-island_0.json,22,3,F2_warm_inspect,inspect,turn_on,Inspect the exercise machine.,Turn on the exercise machine.,on,+vocab_extension_v1:inspect->turn_on,Perform a warm-up on the exercise machine.
00327-xgLmjqzoAzF/tasks-island_0.json,23,1,R4_fireplace_soft,turn_on,turn_on,Turn on the fireplace in the lounge area.,Turn on the fireplace in the lounge area.,in,-vocab_gap:no_ignite_action; +assume_gas_fireplace,Light the fireplace in the lounge area.
00327-xgLmjqzoAzF/tasks-island_0.json,23,4,R4_appliance_clean,turn_on,turn_on,Turn on kettle.,Turn on kettle.,None,-vocab_gap:*; +idiom_ok:turn_on_appliance,Prepare a hot drink with the kettle.
00327-xgLmjqzoAzF/tasks-island_0.json,26,3,R4_fireplace_soft,turn_on,turn_on,Turn on the fireplace to warm the room.,Turn on the fireplace to warm the room.,on,-vocab_gap:no_ignite_action; +assume_gas_fireplace,Turn on the fireplace to warm the room.
00327-xgLmjqzoAzF/tasks-island_0.json,45,3,R4_fireplace_soft,turn_on,turn_on,Turn on the fireplace.,Turn on the fireplace.,on,-vocab_gap:no_ignite_action; +assume_gas_fireplace,Light up the fireplace.
00327-xgLmjqzoAzF/tasks-island_0.json,75,1,R4_appliance_clean,turn_on,turn_on,Turn on kettle.,Turn on kettle.,None,-vocab_gap:*; +idiom_ok:turn_on_appliance,Boil water in the kettle.
00327-xgLmjqzoAzF/tasks-island_0.json,107,1,R4_appliance_clean,turn_on,turn_on,Turn on kettle.,Turn on kettle.,None,-vocab_gap:*; +idiom_ok:turn_on_appliance,Boil water in the kettle.
00327-xgLmjqzoAzF/tasks-island_0.json,110,1,R4_fireplace_soft,turn_on,turn_on,Turn on the fireplace.,Turn on the fireplace.,on,-vocab_gap:no_ignite_action; +assume_gas_fireplace,Turn on the fireplace.
00327-xgLmjqzoAzF/tasks-island_0.json,143,1,R3_iron,straighten,iron,Straighten the ironing board.,Iron the clothes.,on,+vocab_extension_v1:straighten->iron,Iron the clothes.
00327-xgLmjqzoAzF/tasks-island_0.json,154,1,R2_unload,open,unload,Open dishwasher.,Unload the clean dishes from the dishwasher.,None,+vocab_extension_v1:open->unload,Unload the clean dishes from the dishwasher.
00327-xgLmjqzoAzF/tasks-island_0.json,157,6,R4_appliance_clean,turn_on,turn_on,Turn on kettle.,Turn on kettle.,None,-vocab_gap:*; +idiom_ok:turn_on_appliance,Boil water in the kettle for tea.
00327-xgLmjqzoAzF/tasks-island_0.json,174,6,R4_roll_flag,smooth,smooth,Smooth the mat.,Smooth the mat.,None,+vocab_gap:roll,Unroll the mat for yoga.
00327-xgLmjqzoAzF/tasks-island_0.json,195,1,R4_fireplace_soft,turn_on,turn_on,Turn on the fireplace.,Turn on the fireplace.,on,-vocab_gap:no_ignite_action; +assume_gas_fireplace,Light the fireplace.
00327-xgLmjqzoAzF/tasks-island_0.json,199,3,R4_fireplace_soft,turn_on,turn_on,Turn on the fireplace.,Turn on the fireplace.,on,-vocab_gap:no_ignite_action; +assume_gas_fireplace,Light the fireplace.
00327-xgLmjqzoAzF/tasks-island_0.json,216,1,R4_appliance_clean,turn_on,turn_on,Turn on kettle.,Turn on kettle.,None,-vocab_gap:*; +idiom_ok:turn_on_appliance,Boil water in the kettle.
00327-xgLmjqzoAzF/tasks-island_0.json,241,1,F1_brew_inspect,inspect,start_machine,Inspect the coffee_maker.,Start the coffee_maker.,None,+vocab_extension_v1:inspect->start_machine,Use the coffee_maker to brew coffee.
00327-xgLmjqzoAzF/tasks-island_0.json,241,4,R4_appliance_clean,turn_on,turn_on,Turn on kettle.,Turn on kettle.,None,-vocab_gap:*; +idiom_ok:turn_on_appliance,Boil the kettle for tea.
00327-xgLmjqzoAzF/tasks-island_0.json,264,3,R4_fireplace_soft,turn_on,turn_on,Turn on the fireplace.,Turn on the fireplace.,on,-vocab_gap:no_ignite_action; +assume_gas_fireplace,Light the fireplace.
00327-xgLmjqzoAzF/tasks-island_0.json,277,6,R4_appliance_clean,turn_on,turn_on,Turn on kettle.,Turn on kettle.,None,-vocab_gap:*; +idiom_ok:turn_on_appliance,Boil water in the kettle.
00327-xgLmjqzoAzF/tasks-island_0.json,287,3,R4_roll_flag,carry,carry,Carry the mat.,Carry the mat.,None,+vocab_gap:roll,Roll out the mat.
00327-xgLmjqzoAzF/tasks-island_0.json,289,4,R3_iron,straighten,iron,Straighten the ironing board.,Iron on the ironing board.,on,+vocab_extension_v1:straighten->iron,Iron on the ironing board.
00327-xgLmjqzoAzF/tasks-island_0.json,316,7,R3_iron,straighten,iron,Straighten the clothes on the board.,Iron the clothes on the board.,on,+vocab_extension_v1:straighten->iron,Iron the clothes on the board.
00330-WhNyDTnd9g5/tasks-island_0.json,11,4,R4_fireplace_soft,turn_on,turn_on,Turn on the fireplace.,Turn on the fireplace.,on,-vocab_gap:no_ignite_action; +assume_gas_fireplace,Turn on the fireplace.
00330-WhNyDTnd9g5/tasks-island_0.json,126,4,R4_fireplace_soft,turn_on,turn_on,Turn on the fireplace.,Turn on the fireplace.,on,-vocab_gap:no_ignite_action; +assume_gas_fireplace,Light the fireplace.
00330-WhNyDTnd9g5/tasks-island_0.json,146,7,R4_fireplace_soft,turn_on,turn_on,Turn on the fireplace.,Turn on the fireplace.,on,-vocab_gap:no_ignite_action; +assume_gas_fireplace,Light the fireplace.
00366-fxbzYAGkrtm/tasks-island_0.json,1,1,R4_appliance_clean,turn_on,turn_on,Turn on stove.,Turn on stove.,None,-vocab_gap:*; +idiom_ok:turn_on_appliance,Preheat the stove for cooking.
00366-fxbzYAGkrtm/tasks-island_0.json,8,2,R4_appliance_clean,turn_on,turn_on,Turn on stove.,Turn on stove.,None,-vocab_gap:*; +idiom_ok:turn_on_appliance,Boil water on the stove.
00366-fxbzYAGkrtm/tasks-island_0.json,37,5,R4_appliance_clean,turn_on,turn_on,Turn on the stove.,Turn on the stove.,on,-vocab_gap:*; +idiom_ok:turn_on_appliance,Turn on the stove.
00366-fxbzYAGkrtm/tasks-island_0.json,53,1,R4_appliance_clean,turn_on,turn_on,Turn on the stove.,Turn on the stove.,on,-vocab_gap:*; +idiom_ok:turn_on_appliance,Turn on the stove.
00366-fxbzYAGkrtm/tasks-island_0.json,150,7,R4_appliance_clean,turn_on,turn_on,Turn on the stove.,Turn on the stove.,on,-vocab_gap:*; +idiom_ok:turn_on_appliance,Turn on the stove.
00378-DqJKU7YU7dA/tasks-island_1.json,5,4,R4_appliance_clean,turn_on,turn_on,Turn on kettle.,Turn on kettle.,None,-vocab_gap:*; +idiom_ok:turn_on_appliance,Prepare a hot drink with the kettle.
00378-DqJKU7YU7dA/tasks-island_1.json,22,1,R4_appliance_clean,turn_on,turn_on,Turn on kettle.,Turn on kettle.,None,-vocab_gap:*; +idiom_ok:turn_on_appliance,Boil water in the kettle.
00378-DqJKU7YU7dA/tasks-island_1.json,35,4,R4_appliance_clean,turn_on,turn_on,Turn on kettle.,Turn on kettle.,None,-vocab_gap:*; +idiom_ok:turn_on_appliance,Boil water in the kettle.
00378-DqJKU7YU7dA/tasks-island_1.json,49,1,R1_light,turn_on,light,Turn on the fireplace sconce.,Light the fireplace sconce.,on,+vocab_extension_v1:turn_on->light; -vocab_gap:no_ignite_action,Light the fireplace sconce.
00378-DqJKU7YU7dA/tasks-island_1.json,49,3,R1_light,turn_on,light,Turn on the candle.,Light the candle.,on,+vocab_extension_v1:turn_on->light; -vocab_gap:no_ignite_action,Light a candle.
00378-DqJKU7YU7dA/tasks-island_1.json,87,4,R1_light,turn_on,light,Turn on the candle.,Light the candle.,on,+vocab_extension_v1:turn_on->light; -vocab_gap:no_ignite_action,Light the candle.
00378-DqJKU7YU7dA/tasks-island_1.json,96,4,R1_light,turn_on,light,Turn on the candle.,Light the candle.,on,+vocab_extension_v1:turn_on->light; -vocab_gap:no_ignite_action,Light the candle.
00378-DqJKU7YU7dA/tasks-island_1.json,105,5,R1_light,turn_on,light,Turn on the fireplace sconce.,Light the fireplace sconce.,on,+vocab_extension_v1:turn_on->light; -vocab_gap:no_ignite_action,Turn on the fireplace sconce for light.
00378-DqJKU7YU7dA/tasks-island_1.json,114,3,R1_light,turn_on,light,Turn on the fireplace sconce.,Light the fireplace sconce.,on,+vocab_extension_v1:turn_on->light; -vocab_gap:no_ignite_action,Light the fireplace sconce.
00378-DqJKU7YU7dA/tasks-island_1.json,135,4,R1_light,turn_on,light,Turn on the candle.,Light the candle.,on,+vocab_extension_v1:turn_on->light; -vocab_gap:no_ignite_action,Light the candle.
00378-DqJKU7YU7dA/tasks-island_1.json,150,1,R4_appliance_clean,turn_off,turn_off,Turn off the kettle.,Turn off the kettle.,None,-vocab_gap:*; +idiom_ok:turn_on_appliance,Turn off the kettle.
00378-DqJKU7YU7dA/tasks-island_1.json,154,1,R4_appliance_clean,turn_on,turn_on,Turn on kettle.,Turn on kettle.,None,-vocab_gap:*; +idiom_ok:turn_on_appliance,Boil water in the kettle.
00378-DqJKU7YU7dA/tasks-island_1.json,167,1,R4_appliance_clean,turn_off,turn_off,Turn off the kettle.,Turn off the kettle.,None,-vocab_gap:*; +idiom_ok:turn_on_appliance,Turn off the kettle.
00378-DqJKU7YU7dA/tasks-island_1.json,168,3,R1_light,turn_on,light,Turn on the fireplace sconce.,Light the fireplace sconce.,on,+vocab_extension_v1:turn_on->light; -vocab_gap:no_ignite_action,Light the fireplace sconce.
00378-DqJKU7YU7dA/tasks-island_1.json,171,1,R2_unload,open,unload,Open dishwasher.,Unload the dishwasher.,None,+vocab_extension_v1:open->unload,Unload the dishwasher.
00378-DqJKU7YU7dA/tasks-island_1.json,177,1,R4_appliance_clean,turn_on,turn_on,Turn on kettle.,Turn on kettle.,None,-vocab_gap:*; +idiom_ok:turn_on_appliance,Boil the kettle.
00378-DqJKU7YU7dA/tasks-island_1.json,190,1,R1_light,turn_on,light,Turn on the fireplace sconce.,Light the fireplace sconce.,on,+vocab_extension_v1:turn_on->light; -vocab_gap:no_ignite_action,Light the fireplace sconce.
00378-DqJKU7YU7dA/tasks-island_1.json,206,3,R2_unload,open,unload,Open dishwasher.,Unload the dishwasher.,None,+vocab_extension_v1:open->unload,Unload the dishwasher.
00378-DqJKU7YU7dA/tasks-island_1.json,221,3,R1_light,turn_on,light,Turn on the fireplace sconce.,Light the fireplace sconce.,on,+vocab_extension_v1:turn_on->light; -vocab_gap:no_ignite_action,Turn on the fireplace sconce.
00378-DqJKU7YU7dA/tasks-island_1.json,227,6,R1_light,turn_on,light,Turn on the candle.,Light the candle.,on,+vocab_extension_v1:turn_on->light; -vocab_gap:no_ignite_action,Light the candle.
00378-DqJKU7YU7dA/tasks-island_1.json,231,3,R1_light,turn_on,light,Turn on the fireplace sconce.,Light the fireplace sconce.,on,+vocab_extension_v1:turn_on->light; -vocab_gap:no_ignite_action,Light the fireplace sconce.
00378-DqJKU7YU7dA/tasks-island_1.json,250,7,R1_light,turn_on,light,Turn on the candle.,Light the candle.,on,+vocab_extension_v1:turn_on->light; -vocab_gap:no_ignite_action,Light the candle.
00378-DqJKU7YU7dA/tasks-island_1.json,260,4,R1_light,turn_on,light,Turn on the fireplace sconce.,Light the fireplace sconce.,on,+vocab_extension_v1:turn_on->light; -vocab_gap:no_ignite_action,Light the fireplace sconce.
00378-DqJKU7YU7dA/tasks-island_1.json,265,3,R1_light,turn_on,light,Turn on the candle.,Light the candle.,on,+vocab_extension_v1:turn_on->light; -vocab_gap:no_ignite_action,Light the candle.
00378-DqJKU7YU7dA/tasks-island_1.json,271,3,R1_light,turn_on,light,Turn on the fireplace sconce.,Light the fireplace sconce.,on,+vocab_extension_v1:turn_on->light; -vocab_gap:no_ignite_action,Turn on the fireplace sconce.
00378-DqJKU7YU7dA/tasks-island_1.json,271,4,R4_appliance_clean,turn_on,turn_on,Turn on kettle.,Turn on kettle.,None,-vocab_gap:*; +idiom_ok:turn_on_appliance,Make a hot drink with the kettle.
00378-DqJKU7YU7dA/tasks-island_1.json,276,2,R1_light,turn_on,light,Turn on the candle.,Light the candle.,on,+vocab_extension_v1:turn_on->light; -vocab_gap:no_ignite_action,Light the candle.
00378-DqJKU7YU7dA/tasks-island_1.json,278,1,R1_light,turn_on,light,Turn on the fireplace sconce.,Light the fireplace sconce.,on,+vocab_extension_v1:turn_on->light; -vocab_gap:no_ignite_action,Turn on the fireplace sconce.
00378-DqJKU7YU7dA/tasks-island_1.json,278,3,R1_light,turn_on,light,Turn on the candle.,Light the candle.,on,+vocab_extension_v1:turn_on->light; -vocab_gap:no_ignite_action,Light the candle.
00378-DqJKU7YU7dA/tasks-island_1.json,281,7,R1_light,turn_on,light,Turn on the candle.,Light the candle.,on,+vocab_extension_v1:turn_on->light; -vocab_gap:no_ignite_action,Light the candle.
00378-DqJKU7YU7dA/tasks-island_1.json,291,6,R1_light,turn_on,light,Turn on the candle.,Light the candle.,on,+vocab_extension_v1:turn_on->light; -vocab_gap:no_ignite_action,Light the candle.
00378-DqJKU7YU7dA/tasks-island_1.json,303,6,R1_light,turn_on,light,Turn on the candle.,Light the candle.,on,+vocab_extension_v1:turn_on->light; -vocab_gap:no_ignite_action,Light a candle.
00378-DqJKU7YU7dA/tasks-island_1.json,304,5,R1_light,turn_on,light,Turn on the fireplace sconce.,Light the fireplace sconce.,on,+vocab_extension_v1:turn_on->light; -vocab_gap:no_ignite_action,Light the fireplace sconce.
00382-S7uMvxjBVZq/tasks-island_0.json,63,1,R4_bathtub_clean,turn_on,turn_on,Turn on the bathtub.,Turn on the bathtub.,on,-vocab_gap:no_faucet_action; +idiom_ok:turn_on_appliance,Turn on the bathtub.
00382-S7uMvxjBVZq/tasks-island_0.json,71,1,R4_appliance_clean,turn_on,turn_on,Turn on kettle.,Turn on kettle.,None,-vocab_gap:*; +idiom_ok:turn_on_appliance,Boil water in the kettle.
00382-S7uMvxjBVZq/tasks-island_0.json,159,1,R4_appliance_clean,turn_on,turn_on,Turn on the kettle.,Turn on the kettle.,on,-vocab_gap:*; +idiom_ok:turn_on_appliance,Start the kettle.
00384-ceJTwFNjqCt/tasks-island_0.json,34,3,R4_roll_flag,inspect,inspect,Inspect the guitar straps.,Inspect the guitar straps.,None,+vocab_gap:roll,Neatly roll up the guitar straps.
00384-ceJTwFNjqCt/tasks-island_0.json,40,1,R4_appliance_clean,turn_on,turn_on,Turn on kettle.,Turn on kettle.,None,-vocab_gap:*; +idiom_ok:turn_on_appliance,Prepare the kettle for tea.
00384-ceJTwFNjqCt/tasks-island_0.json,147,4,R4_tune_flag,set_control,set_control,Adjust the drum for the demo.,Adjust the drum for the demo.,None,+vocab_gap:no_tune_action,Tune the drum for the demo.
00384-ceJTwFNjqCt/tasks-island_0.json,150,4,R4_tune_flag,set_control,set_control,Adjust the ukulele.,Adjust the ukulele.,None,+vocab_gap:no_tune_action,Tune the ukulele.
00384-ceJTwFNjqCt/tasks-island_0.json,154,1,R4_tune_flag,set_control,set_control,Adjust the violin for the student.,Adjust the violin for the student.,None,+vocab_gap:no_tune_action,Tune the violin for the student.
00386-b3WpMbPFB6q/tasks-island_0.json,6,2,R1_light,turn_on,light,Turn on the candle holder.,Light the candle holder.,on,+vocab_extension_v1:turn_on->light; -vocab_gap:no_ignite_action,Light the candle holder.
00386-b3WpMbPFB6q/tasks-island_0.json,32,3,R1_light,turn_on,light,Turn on the candle holder.,Light the candle holder.,on,+vocab_extension_v1:turn_on->light; -vocab_gap:no_ignite_action,Light the candle holder.
00386-b3WpMbPFB6q/tasks-island_0.json,78,4,R1_light,turn_on,light,Turn on the candle holder.,Light the candle holder.,on,+vocab_extension_v1:turn_on->light; -vocab_gap:no_ignite_action,Light the candle holder.
00386-b3WpMbPFB6q/tasks-island_0.json,201,5,R1_light,turn_on,light,Turn on the candle holder.,Light the candle holder.,in,+vocab_extension_v1:turn_on->light; -vocab_gap:no_ignite_action,Light a candle in the holder.
00386-b3WpMbPFB6q/tasks-island_0.json,247,5,R1_light,turn_on,light,Turn on the candle holder.,Light the candle holder.,in,+vocab_extension_v1:turn_on->light; -vocab_gap:no_ignite_action,Light a candle in the candle holder.
00386-b3WpMbPFB6q/tasks-island_0.json,254,4,R1_light,turn_on,light,Turn on the candle holder.,Light the candle holder.,in,+vocab_extension_v1:turn_on->light; -vocab_gap:no_ignite_action,Light a candle in the candle holder.
00388-pcpn6mFqFCg/tasks-island_2.json,2,2,R4_fireplace_soft,turn_on,turn_on,Turn on the fireplace.,Turn on the fireplace.,on,-vocab_gap:no_ignite_action; +assume_gas_fireplace,Light the fireplace.
00388-pcpn6mFqFCg/tasks-island_2.json,5,3,R4_appliance_clean,turn_on,turn_on,Turn on the stovetop.,Turn on the stovetop.,on,-vocab_gap:*; +idiom_ok:turn_on_appliance,Turn on the stovetop.
00388-pcpn6mFqFCg/tasks-island_2.json,19,3,R4_fireplace_soft,turn_on,turn_on,Turn on the fireplace.,Turn on the fireplace.,on,-vocab_gap:no_ignite_action; +assume_gas_fireplace,Light the fireplace.
00388-pcpn6mFqFCg/tasks-island_2.json,20,4,R4_appliance_clean,turn_on,turn_on,Turn on the stovetop.,Turn on the stovetop.,on,-vocab_gap:*; +idiom_ok:turn_on_appliance,Turn on the stovetop.
00388-pcpn6mFqFCg/tasks-island_2.json,29,4,R4_appliance_clean,turn_off,turn_off,Turn off the stovetop.,Turn off the stovetop.,None,-vocab_gap:*; +idiom_ok:turn_on_appliance,Turn off the stovetop.
00388-pcpn6mFqFCg/tasks-island_2.json,33,3,R4_fireplace_soft,turn_on,turn_on,Turn on the fireplace.,Turn on the fireplace.,on,-vocab_gap:no_ignite_action; +assume_gas_fireplace,Light the fireplace.
00397-ZNanfzgCdm3/tasks-island_0.json,4,3,F3_repair_REMAP,reposition,tighten,Reposition the kitchen lower cabinet.,Tighten the kitchen lower cabinet.,None,+vocab_extension_v1:repair_remap->tighten,Repair the kitchen lower cabinet.
00397-ZNanfzgCdm3/tasks-island_0.json,29,5,F3_repair_FLAG,turn_on,turn_on,Turn on the kitchen appliance.,Turn on the kitchen appliance.,on,+vocab_gap:repair,Repair the kitchen appliance.
00397-ZNanfzgCdm3/tasks-island_0.json,37,4,R4_appliance_clean,turn_on,turn_on,Turn on the kettle.,Turn on the kettle.,on,-vocab_gap:*; +idiom_ok:turn_on_appliance,Turn on the kettle.
00397-ZNanfzgCdm3/tasks-island_0.json,77,4,F3_repair_REMAP,reposition,tighten,Reposition the sink cabinet.,Tighten the sink cabinet.,None,+vocab_extension_v1:repair_remap->tighten,Repair the sink cabinet.
00404-QN2dRqwd84J/tasks-island_0.json,55,2,R4_bathtub_clean,turn_on,turn_on,Turn on the bathtub.,Turn on the bathtub.,in,-vocab_gap:no_faucet_action; +idiom_ok:turn_on_appliance,Turn on the water in the bathtub.
00404-QN2dRqwd84J/tasks-island_0.json,96,7,F2_warm_inspect,inspect,turn_on,Inspect the toaster.,Turn on the toaster.,None,+vocab_extension_v1:inspect->turn_on,Use the toaster to make a warm snack.
00407-NPHxDe6VeCc/tasks-island_1.json,5,4,R4_fireplace_soft,turn_on,turn_on,Turn on the fireplace.,Turn on the fireplace.,on,-vocab_gap:no_ignite_action; +assume_gas_fireplace,Prepare the fireplace.
00407-NPHxDe6VeCc/tasks-island_1.json,29,5,R1_light,turn_on,light,Turn on the candle on the table.,Light the candle on the table.,on,+vocab_extension_v1:turn_on->light; -vocab_gap:no_ignite_action,Light the candle on the table.
00407-NPHxDe6VeCc/tasks-island_1.json,33,2,R4_fireplace_soft,turn_on,turn_on,Turn on the fireplace.,Turn on the fireplace.,on,-vocab_gap:no_ignite_action; +assume_gas_fireplace,Light the fireplace.
00407-NPHxDe6VeCc/tasks-island_1.json,49,3,R4_fireplace_soft,turn_on,turn_on,Turn on the fireplace.,Turn on the fireplace.,on,-vocab_gap:no_ignite_action; +assume_gas_fireplace,Light the fireplace.
00407-NPHxDe6VeCc/tasks-island_1.json,59,3,R1_light,turn_on,light,Turn on the candle.,Light the candle.,on,+vocab_extension_v1:turn_on->light; -vocab_gap:no_ignite_action,Light a candle.
00407-NPHxDe6VeCc/tasks-island_1.json,82,2,R1_light,turn_on,light,Turn on the candle.,Light the candle.,on,+vocab_extension_v1:turn_on->light; -vocab_gap:no_ignite_action,Light the candle.
00407-NPHxDe6VeCc/tasks-island_1.json,90,4,R4_fireplace_soft,turn_on,turn_on,Turn on the fireplace.,Turn on the fireplace.,on,-vocab_gap:no_ignite_action; +assume_gas_fireplace,Light the fireplace.
00407-NPHxDe6VeCc/tasks-island_1.json,102,4,R1_light,turn_on,light,Turn on the candle.,Light the candle.,on,+vocab_extension_v1:turn_on->light; -vocab_gap:no_ignite_action,Light the candle.
00407-NPHxDe6VeCc/tasks-island_1.json,118,5,R1_light,turn_on,light,Turn on the candle.,Light the candle.,on,+vocab_extension_v1:turn_on->light; -vocab_gap:no_ignite_action,Light the candle.
00407-NPHxDe6VeCc/tasks-island_1.json,129,7,R1_light,turn_on,light,Turn on the candle.,Light the candle.,on,+vocab_extension_v1:turn_on->light; -vocab_gap:no_ignite_action,Light the candle.
00407-NPHxDe6VeCc/tasks-island_1.json,141,4,R1_light,turn_on,light,Turn on the candle.,Light the candle.,on,+vocab_extension_v1:turn_on->light; -vocab_gap:no_ignite_action,Light the candle.
00407-NPHxDe6VeCc/tasks-island_1.json,144,6,R1_light,turn_on,light,Turn on the candle.,Light the candle.,on,+vocab_extension_v1:turn_on->light; -vocab_gap:no_ignite_action,Light the candle.
00407-NPHxDe6VeCc/tasks-island_1.json,151,4,R1_light,turn_on,light,Turn on the candle.,Light the candle.,on,+vocab_extension_v1:turn_on->light; -vocab_gap:no_ignite_action,Light the candle.
00407-NPHxDe6VeCc/tasks-island_1.json,157,5,R1_light,turn_on,light,Turn on the candle.,Light the candle.,on,+vocab_extension_v1:turn_on->light; -vocab_gap:no_ignite_action,Light the candle.
00407-NPHxDe6VeCc/tasks-island_1.json,170,1,R4_fireplace_soft,turn_on,turn_on,Turn on the fireplace.,Turn on the fireplace.,on,-vocab_gap:no_ignite_action; +assume_gas_fireplace,Light the fireplace.
00407-NPHxDe6VeCc/tasks-island_1.json,171,4,R1_light,turn_on,light,Turn on the candle.,Light the candle.,on,+vocab_extension_v1:turn_on->light; -vocab_gap:no_ignite_action,Light the candle.
00410-v7DzfFFEpsD/tasks-island_1.json,39,1,R4_fireplace_soft,turn_on,turn_on,Turn on the fireplace.,Turn on the fireplace.,on,-vocab_gap:no_ignite_action; +assume_gas_fireplace,Light the fireplace.
00410-v7DzfFFEpsD/tasks-island_1.json,56,1,R4_fireplace_soft,turn_on,turn_on,Turn on the fireplace.,Turn on the fireplace.,on,-vocab_gap:no_ignite_action; +assume_gas_fireplace,Light the fireplace.
00410-v7DzfFFEpsD/tasks-island_1.json,77,1,R2_unload,dump,unload,Dump washer-dryer.,Unload the washer-dryer.,None,+vocab_extension_v1:dump->unload,Unload the washer-dryer.
00410-v7DzfFFEpsD/tasks-island_1.json,94,1,R4_appliance_clean,turn_on,turn_on,Turn on kettle.,Turn on kettle.,None,-vocab_gap:*; +idiom_ok:turn_on_appliance,Boil water in the kettle.
00410-v7DzfFFEpsD/tasks-island_1.json,111,1,R4_fireplace_soft,turn_on,turn_on,Turn on the fireplace.,Turn on the fireplace.,on,-vocab_gap:no_ignite_action; +assume_gas_fireplace,Light the fireplace.
00410-v7DzfFFEpsD/tasks-island_1.json,124,3,R4_roll_flag,carry,carry,Carry the rug.,Carry the rug.,None,+vocab_gap:roll,Roll out the rug.
00410-v7DzfFFEpsD/tasks-island_1.json,146,3,R1_light,turn_on,light,Turn on the candle holder.,Light the candle holder.,on,+vocab_extension_v1:turn_on->light; -vocab_gap:no_ignite_action,Light the candle holder.
00410-v7DzfFFEpsD/tasks-island_1.json,150,2,R4_appliance_clean,turn_on,turn_on,Turn on kettle.,Turn on kettle.,None,-vocab_gap:*; +idiom_ok:turn_on_appliance,Boil water in the kettle.
00410-v7DzfFFEpsD/tasks-island_1.json,154,2,R4_fireplace_soft,turn_on,turn_on,Turn on the fireplace.,Turn on the fireplace.,on,-vocab_gap:no_ignite_action; +assume_gas_fireplace,Turn on the living room fireplace.
00410-v7DzfFFEpsD/tasks-island_1.json,170,1,R4_fireplace_soft,turn_on,turn_on,Turn on fireplace.,Turn on fireplace.,None,-vocab_gap:no_ignite_action; +assume_gas_fireplace,Prepare the fireplace for a fire.
00410-v7DzfFFEpsD/tasks-island_1.json,182,4,R1_light,turn_on,light,Turn on the candle holder.,Light the candle holder.,in,+vocab_extension_v1:turn_on->light; -vocab_gap:no_ignite_action,Light a candle in the candle holder.
00410-v7DzfFFEpsD/tasks-island_1.json,202,1,R2_unload,open,unload,Open dishwasher.,Unload the dishwasher.,None,+vocab_extension_v1:open->unload,Unload the dishwasher.
00410-v7DzfFFEpsD/tasks-island_1.json,203,3,R4_fireplace_soft,turn_off,turn_off,Turn off the fireplace.,Turn off the fireplace.,None,-vocab_gap:no_ignite_action; +assume_gas_fireplace,Turn off the fireplace.
00410-v7DzfFFEpsD/tasks-island_1.json,211,2,R1_light,turn_on,light,Turn on the candle holder.,Light the candle holder.,on,+vocab_extension_v1:turn_on->light; -vocab_gap:no_ignite_action,Light the candle holder.
00410-v7DzfFFEpsD/tasks-island_1.json,212,2,R4_fireplace_soft,turn_off,turn_off,Turn off the fireplace.,Turn off the fireplace.,None,-vocab_gap:no_ignite_action; +assume_gas_fireplace,Turn off the fireplace.
00410-v7DzfFFEpsD/tasks-island_1.json,221,3,R4_fireplace_soft,turn_on,turn_on,Turn on the fireplace.,Turn on the fireplace.,on,-vocab_gap:no_ignite_action; +assume_gas_fireplace,Light the fireplace.
00410-v7DzfFFEpsD/tasks-island_1.json,231,2,R4_fireplace_soft,turn_off,turn_off,Turn off the fireplace.,Turn off the fireplace.,None,-vocab_gap:no_ignite_action; +assume_gas_fireplace,Turn off the fireplace.
00410-v7DzfFFEpsD/tasks-island_1.json,235,3,R4_fireplace_soft,turn_off,turn_off,Turn off the fireplace.,Turn off the fireplace.,None,-vocab_gap:no_ignite_action; +assume_gas_fireplace,Turn off the fireplace.
00410-v7DzfFFEpsD/tasks-island_1.json,258,7,R1_light,turn_on,light,Turn on the candle holder.,Light the candle holder.,on,+vocab_extension_v1:turn_on->light; -vocab_gap:no_ignite_action,Light the candle holder.
00414-77mMEyxhs44/tasks-island_1.json,8,2,F2_warm_inspect,inspect,turn_on,Inspect the toaster.,Turn on the toaster.,None,+vocab_extension_v1:inspect->turn_on,Use the toaster to warm the bread.
00414-77mMEyxhs44/tasks-island_1.json,20,1,R4_appliance_clean,turn_on,turn_on,Turn on the stove.,Turn on the stove.,on,-vocab_gap:*; +idiom_ok:turn_on_appliance,Turn on the stove.
00414-77mMEyxhs44/tasks-island_1.json,30,5,R4_appliance_clean,turn_on,turn_on,Turn on the stove.,Turn on the stove.,on,-vocab_gap:*; +idiom_ok:turn_on_appliance,Turn on the stove.
00414-77mMEyxhs44/tasks-island_1.json,70,4,R4_appliance_clean,turn_on,turn_on,Turn on the stove.,Turn on the stove.,on,-vocab_gap:*; +idiom_ok:turn_on_appliance,Turn on the stove.
00414-77mMEyxhs44/tasks-island_1.json,80,4,R4_appliance_clean,turn_off,turn_off,Turn off the stove.,Turn off the stove.,None,-vocab_gap:*; +idiom_ok:turn_on_appliance,Turn off the stove.
00414-77mMEyxhs44/tasks-island_1.json,95,5,R4_appliance_clean,turn_on,turn_on,Turn on the stove.,Turn on the stove.,on,-vocab_gap:*; +idiom_ok:turn_on_appliance,Light the stove.
00414-77mMEyxhs44/tasks-island_1.json,137,6,R4_appliance_clean,turn_on,turn_on,Turn on the stove.,Turn on the stove.,on,-vocab_gap:*; +idiom_ok:turn_on_appliance,Switch on the stove
00414-77mMEyxhs44/tasks-island_2.json,1,2,R4_fireplace_soft,turn_on,turn_on,Turn on the fireplace.,Turn on the fireplace.,on,-vocab_gap:no_ignite_action; +assume_gas_fireplace,Light the fireplace.
00414-77mMEyxhs44/tasks-island_2.json,5,1,R4_fireplace_soft,turn_on,turn_on,Turn on the fireplace.,Turn on the fireplace.,on,-vocab_gap:no_ignite_action; +assume_gas_fireplace,Ignite the fireplace.
00414-77mMEyxhs44/tasks-island_2.json,6,2,R4_fireplace_soft,turn_on,turn_on,Turn on the fireplace to provide some natural light.,Turn on the fireplace to provide some natural light.,on,-vocab_gap:no_ignite_action; +assume_gas_fireplace,Start the fireplace to provide some natural light.
00414-77mMEyxhs44/tasks-island_2.json,11,2,R4_fireplace_soft,turn_on,turn_on,Turn on the fireplace.,Turn on the fireplace.,on,-vocab_gap:no_ignite_action; +assume_gas_fireplace,Turn on the fireplace.
00414-77mMEyxhs44/tasks-island_2.json,13,3,R4_fireplace_soft,turn_on,turn_on,Turn on the fireplace.,Turn on the fireplace.,on,-vocab_gap:no_ignite_action; +assume_gas_fireplace,Prepare the fireplace.
00414-77mMEyxhs44/tasks-island_2.json,16,5,R4_fireplace_soft,turn_on,turn_on,Turn on the fireplace.,Turn on the fireplace.,on,-vocab_gap:no_ignite_action; +assume_gas_fireplace,Light the fireplace.
00417-nGhNxKrgBPb/tasks-island_0.json,8,1,R1_light,turn_on,light,Turn on the candle.,Light the candle.,on,+vocab_extension_v1:turn_on->light; -vocab_gap:no_ignite_action,Light the candle.
00417-nGhNxKrgBPb/tasks-island_0.json,24,4,R1_light,turn_on,light,Turn on the candle.,Light the candle.,on,+vocab_extension_v1:turn_on->light; -vocab_gap:no_ignite_action,Light the candle.
00417-nGhNxKrgBPb/tasks-island_0.json,62,3,R1_light,turn_on,light,Turn on the candle.,Light the candle.,on,+vocab_extension_v1:turn_on->light; -vocab_gap:no_ignite_action,Light the candle.
00417-nGhNxKrgBPb/tasks-island_0.json,91,2,R2_unload,open,unload,Open dishwasher.,Unload the dishwasher.,None,+vocab_extension_v1:open->unload,Unload the dishwasher.
00417-nGhNxKrgBPb/tasks-island_0.json,94,4,R1_light,turn_on,light,Turn on the candle.,Light the candle.,on,+vocab_extension_v1:turn_on->light; -vocab_gap:no_ignite_action,Light the candle.
00417-nGhNxKrgBPb/tasks-island_0.json,105,5,R1_light,turn_on,light,Turn on the candle.,Light the candle.,on,+vocab_extension_v1:turn_on->light; -vocab_gap:no_ignite_action,Light the candle.
00417-nGhNxKrgBPb/tasks-island_0.json,127,3,R1_light,turn_on,light,Turn on the candle.,Light the candle.,on,+vocab_extension_v1:turn_on->light; -vocab_gap:no_ignite_action,Light the candle.
00417-nGhNxKrgBPb/tasks-island_0.json,139,5,R1_light,turn_on,light,Turn on the candle.,Light the candle.,on,+vocab_extension_v1:turn_on->light; -vocab_gap:no_ignite_action,Light the candle.
00417-nGhNxKrgBPb/tasks-island_0.json,142,3,R1_light,turn_on,light,Turn on the candle.,Light the candle.,on,+vocab_extension_v1:turn_on->light; -vocab_gap:no_ignite_action,Light the candle for a pleasant scent.
00422-8wJuSPJ9FXG/tasks-island_0.json,9,2,R4_fireplace_soft,turn_on,turn_on,Turn on the fireplace.,Turn on the fireplace.,on,-vocab_gap:no_ignite_action; +assume_gas_fireplace,Light the fireplace.
00422-8wJuSPJ9FXG/tasks-island_0.json,24,2,R4_fireplace_soft,turn_on,turn_on,Turn on the fireplace.,Turn on the fireplace.,on,-vocab_gap:no_ignite_action; +assume_gas_fireplace,Light the fireplace.
00422-8wJuSPJ9FXG/tasks-island_0.json,35,2,R4_appliance_clean,turn_on,turn_on,Turn on kettle.,Turn on kettle.,None,-vocab_gap:*; +idiom_ok:turn_on_appliance,Boil water using the kettle.
00422-8wJuSPJ9FXG/tasks-island_0.json,46,1,R4_fireplace_soft,turn_on,turn_on,Turn on the fireplace.,Turn on the fireplace.,on,-vocab_gap:no_ignite_action; +assume_gas_fireplace,Light the fireplace.
00422-8wJuSPJ9FXG/tasks-island_0.json,61,3,R4_appliance_clean,turn_on,turn_on,Turn on kettle.,Turn on kettle.,None,-vocab_gap:*; +idiom_ok:turn_on_appliance,Prepare a hot drink using the kettle.
00422-8wJuSPJ9FXG/tasks-island_0.json,67,2,R4_fireplace_soft,turn_on,turn_on,Turn on the fireplace.,Turn on the fireplace.,on,-vocab_gap:no_ignite_action; +assume_gas_fireplace,Light the fireplace.
00422-8wJuSPJ9FXG/tasks-island_0.json,67,6,R4_appliance_clean,turn_on,turn_on,Turn on kettle.,Turn on kettle.,None,-vocab_gap:*; +idiom_ok:turn_on_appliance,Prepare a hot drink with the kettle.
00422-8wJuSPJ9FXG/tasks-island_0.json,78,1,R4_fireplace_soft,turn_on,turn_on,Turn on the fireplace.,Turn on the fireplace.,on,-vocab_gap:no_ignite_action; +assume_gas_fireplace,Light the fireplace.
00422-8wJuSPJ9FXG/tasks-island_0.json,97,2,R4_fireplace_soft,turn_on,turn_on,Turn on the fireplace.,Turn on the fireplace.,on,-vocab_gap:no_ignite_action; +assume_gas_fireplace,Turn on the fireplace.
00422-8wJuSPJ9FXG/tasks-island_0.json,127,6,R4_appliance_clean,turn_on,turn_on,Turn on kettle.,Turn on kettle.,None,-vocab_gap:*; +idiom_ok:turn_on_appliance,Boil water in the kettle.
00434-L5QEsaVqwrY/tasks-island_0.json,0,2,R4_fireplace_soft,turn_on,turn_on,Turn on the fireplace.,Turn on the fireplace.,on,-vocab_gap:no_ignite_action; +assume_gas_fireplace,Light the fireplace.
00434-L5QEsaVqwrY/tasks-island_0.json,17,3,F3_repair_REMAP,reposition,tighten,Reposition the sink.,Tighten the sink.,None,+vocab_extension_v1:repair_remap->tighten,Repair the sink.
00434-L5QEsaVqwrY/tasks-island_0.json,46,1,R4_bathtub_clean,turn_on,turn_on,Turn on the bathtub.,Turn on the bathtub.,on,-vocab_gap:no_faucet_action; +idiom_ok:turn_on_appliance,Turn on the bathtub.
00434-L5QEsaVqwrY/tasks-island_0.json,49,2,R4_fireplace_soft,turn_on,turn_on,Turn on the fireplace.,Turn on the fireplace.,on,-vocab_gap:no_ignite_action; +assume_gas_fireplace,Turn on the fireplace.
00434-L5QEsaVqwrY/tasks-island_0.json,75,1,R4_bathtub_clean,turn_on,turn_on,Turn on the bathtub.,Turn on the bathtub.,on,-vocab_gap:no_faucet_action; +idiom_ok:turn_on_appliance,Turn on the bathtub.
00434-L5QEsaVqwrY/tasks-island_0.json,85,4,R4_appliance_clean,turn_on,turn_on,Turn on the grill on the patio.,Turn on the grill on the patio.,on,-vocab_gap:*; +idiom_ok:turn_on_appliance,Prepare the grill on the patio.
00434-L5QEsaVqwrY/tasks-island_0.json,113,1,R2_unload,open,unload,Open dishwasher.,Unload the clean dishes from the dishwasher.,None,+vocab_extension_v1:open->unload,Unload the clean dishes from the dishwasher.
00434-L5QEsaVqwrY/tasks-island_0.json,123,4,R4_fireplace_soft,turn_on,turn_on,Turn on the fireplace.,Turn on the fireplace.,on,-vocab_gap:no_ignite_action; +assume_gas_fireplace,Light the fireplace.
00434-L5QEsaVqwrY/tasks-island_0.json,128,3,R4_fireplace_soft,turn_on,turn_on,Turn on the fireplace in the sitting room.,Turn on the fireplace in the sitting room.,in,-vocab_gap:no_ignite_action; +assume_gas_fireplace,Light the fireplace in the sitting room.
00434-L5QEsaVqwrY/tasks-island_0.json,173,5,R4_fireplace_soft,turn_on,turn_on,Turn on the fireplace.,Turn on the fireplace.,on,-vocab_gap:no_ignite_action; +assume_gas_fireplace,Light the fireplace.
00434-L5QEsaVqwrY/tasks-island_0.json,275,5,R4_fireplace_soft,turn_on,turn_on,Turn on the fireplace.,Turn on the fireplace.,on,-vocab_gap:no_ignite_action; +assume_gas_fireplace,Light the fireplace.
00434-L5QEsaVqwrY/tasks-island_0.json,286,7,R4_fireplace_soft,turn_on,turn_on,Turn on the fireplace.,Turn on the fireplace.,on,-vocab_gap:no_ignite_action; +assume_gas_fireplace,Light the fireplace.
00434-L5QEsaVqwrY/tasks-island_0.json,365,3,F3_repair_REMAP,reposition,tighten,Reposition the sink.,Tighten the sink.,None,+vocab_extension_v1:repair_remap->tighten,Repair the sink pipes.
00434-L5QEsaVqwrY/tasks-island_0.json,371,1,R4_fireplace_soft,turn_on,turn_on,Turn on the fireplace.,Turn on the fireplace.,on,-vocab_gap:no_ignite_action; +assume_gas_fireplace,Light the fireplace.
00434-L5QEsaVqwrY/tasks-island_0.json,380,1,R4_fireplace_soft,turn_on,turn_on,Turn on the fireplace.,Turn on the fireplace.,on,-vocab_gap:no_ignite_action; +assume_gas_fireplace,Light the fireplace.
00434-L5QEsaVqwrY/tasks-island_0.json,391,1,R4_appliance_clean,turn_on,turn_on,Turn on the grill on the patio.,Turn on the grill on the patio.,on,-vocab_gap:*; +idiom_ok:turn_on_appliance,Prepare the grill on the patio.
00434-L5QEsaVqwrY/tasks-island_0.json,393,1,R4_fireplace_soft,turn_on,turn_on,Turn on the fireplace to warm up the room.,Turn on the fireplace to warm up the room.,on,-vocab_gap:no_ignite_action; +assume_gas_fireplace,Light the fireplace to warm up the room.
00434-L5QEsaVqwrY/tasks-island_0.json,427,1,R4_fireplace_soft,turn_on,turn_on,Turn on the fireplace.,Turn on the fireplace.,on,-vocab_gap:no_ignite_action; +assume_gas_fireplace,Light the fireplace.
00434-L5QEsaVqwrY/tasks-island_0.json,433,3,F3_repair_REMAP,reposition,tighten,Reposition the copier machine.,Tighten the copier machine.,None,+vocab_extension_v1:repair_remap->tighten,Repair the copier machine.
00434-L5QEsaVqwrY/tasks-island_0.json,453,3,R4_appliance_clean,turn_on,turn_on,Turn on grill.,Turn on grill.,None,-vocab_gap:*; +idiom_ok:turn_on_appliance,Prepare the grill for cooking.
00440-wPLokgvCnuk/tasks-island_0.json,39,3,R4_appliance_clean,turn_on,turn_on,Turn on the cooker.,Turn on the cooker.,on,-vocab_gap:*; +idiom_ok:turn_on_appliance,Turn on the cooker.
00444-sX9xad6ULKc/tasks-island_0.json,17,1,R4_fireplace_soft,turn_on,turn_on,Turn on the fireplace.,Turn on the fireplace.,on,-vocab_gap:no_ignite_action; +assume_gas_fireplace,Light the fireplace.
00444-sX9xad6ULKc/tasks-island_0.json,28,2,R4_appliance_clean,turn_on,turn_on,Turn on kettle.,Turn on kettle.,None,-vocab_gap:*; +idiom_ok:turn_on_appliance,Boil the kettle.
00444-sX9xad6ULKc/tasks-island_0.json,31,4,R4_fireplace_soft,turn_on,turn_on,Turn on the fireplace.,Turn on the fireplace.,on,-vocab_gap:no_ignite_action; +assume_gas_fireplace,Light the fireplace.
00444-sX9xad6ULKc/tasks-island_0.json,35,3,R4_fireplace_soft,turn_on,turn_on,Turn on the fireplace.,Turn on the fireplace.,on,-vocab_gap:no_ignite_action; +assume_gas_fireplace,Light the fireplace.
00444-sX9xad6ULKc/tasks-island_0.json,59,1,R4_fireplace_soft,turn_on,turn_on,Turn on the fireplace.,Turn on the fireplace.,on,-vocab_gap:no_ignite_action; +assume_gas_fireplace,Light the fireplace.
00444-sX9xad6ULKc/tasks-island_0.json,85,4,R4_appliance_clean,turn_on,turn_on,Turn on kettle.,Turn on kettle.,None,-vocab_gap:*; +idiom_ok:turn_on_appliance,Boil water in the kettle.
00444-sX9xad6ULKc/tasks-island_0.json,89,2,R4_fireplace_soft,turn_on,turn_on,Turn on the fireplace.,Turn on the fireplace.,on,-vocab_gap:no_ignite_action; +assume_gas_fireplace,Light the fireplace.
00444-sX9xad6ULKc/tasks-island_0.json,92,1,R4_fireplace_soft,turn_on,turn_on,Turn on the fireplace.,Turn on the fireplace.,on,-vocab_gap:no_ignite_action; +assume_gas_fireplace,Turn on the fireplace.
00444-sX9xad6ULKc/tasks-island_0.json,116,5,R4_fireplace_soft,turn_on,turn_on,Turn on the fireplace.,Turn on the fireplace.,on,-vocab_gap:no_ignite_action; +assume_gas_fireplace,Light the fireplace.
00444-sX9xad6ULKc/tasks-island_0.json,119,5,R4_appliance_clean,turn_on,turn_on,Turn on kettle.,Turn on kettle.,None,-vocab_gap:*; +idiom_ok:turn_on_appliance,Boil the kettle.
00444-sX9xad6ULKc/tasks-island_0.json,129,3,R4_fireplace_soft,turn_on,turn_on,Turn on the fireplace.,Turn on the fireplace.,on,-vocab_gap:no_ignite_action; +assume_gas_fireplace,Turn on the fireplace for ambiance.
00444-sX9xad6ULKc/tasks-island_0.json,137,1,R4_fireplace_soft,turn_on,turn_on,Turn on the fireplace.,Turn on the fireplace.,on,-vocab_gap:no_ignite_action; +assume_gas_fireplace,Turn on the fireplace.
00444-sX9xad6ULKc/tasks-island_0.json,137,5,R4_appliance_clean,turn_on,turn_on,Turn on kettle.,Turn on kettle.,None,-vocab_gap:*; +idiom_ok:turn_on_appliance,Boil water in the kettle.
00444-sX9xad6ULKc/tasks-island_0.json,154,1,R4_appliance_clean,turn_on,turn_on,Turn on kettle.,Turn on kettle.,None,-vocab_gap:*; +idiom_ok:turn_on_appliance,Boil water in the kettle.
00475-g7hUFVNac26/tasks-island_0.json,7,1,R4_appliance_clean,turn_on,turn_on,Turn on kettle.,Turn on kettle.,None,-vocab_gap:*; +idiom_ok:turn_on_appliance,Boil water in the kettle.
00475-g7hUFVNac26/tasks-island_0.json,20,1,R4_fireplace_soft,turn_on,turn_on,Turn on the fireplace.,Turn on the fireplace.,on,-vocab_gap:no_ignite_action; +assume_gas_fireplace,Light the fireplace.
00475-g7hUFVNac26/tasks-island_0.json,41,1,R4_fireplace_soft,turn_on,turn_on,Turn on the fireplace.,Turn on the fireplace.,on,-vocab_gap:no_ignite_action; +assume_gas_fireplace,Light the fireplace.
00475-g7hUFVNac26/tasks-island_0.json,43,1,R4_fireplace_soft,turn_on,turn_on,Turn on the fireplace to warm up the room.,Turn on the fireplace to warm up the room.,on,-vocab_gap:no_ignite_action; +assume_gas_fireplace,Light the fireplace to warm up the room.
00475-g7hUFVNac26/tasks-island_0.json,43,4,R4_appliance_clean,turn_on,turn_on,Turn on kettle.,Turn on kettle.,None,-vocab_gap:*; +idiom_ok:turn_on_appliance,Make a hot tea using the kettle.
00475-g7hUFVNac26/tasks-island_0.json,58,1,R4_fireplace_soft,turn_on,turn_on,Turn on the fireplace to create a cozy mood.,Turn on the fireplace to create a cozy mood.,on,-vocab_gap:no_ignite_action; +assume_gas_fireplace,Light the fireplace to create a cozy mood.
00475-g7hUFVNac26/tasks-island_0.json,116,1,R4_fireplace_soft,turn_on,turn_on,Turn on the fireplace.,Turn on the fireplace.,on,-vocab_gap:no_ignite_action; +assume_gas_fireplace,Light the fireplace.
00475-g7hUFVNac26/tasks-island_0.json,131,1,R4_fireplace_soft,turn_on,turn_on,Turn on the fireplace.,Turn on the fireplace.,on,-vocab_gap:no_ignite_action; +assume_gas_fireplace,Light the fireplace
00475-g7hUFVNac26/tasks-island_0.json,142,4,R4_fireplace_soft,turn_on,turn_on,Turn on the fireplace.,Turn on the fireplace.,on,-vocab_gap:no_ignite_action; +assume_gas_fireplace,Light the fireplace
00475-g7hUFVNac26/tasks-island_0.json,154,5,R4_fireplace_soft,turn_on,turn_on,Turn on the fireplace.,Turn on the fireplace.,on,-vocab_gap:no_ignite_action; +assume_gas_fireplace,Light the fireplace
00475-g7hUFVNac26/tasks-island_0.json,163,1,R4_fireplace_soft,turn_on,turn_on,Turn on the fireplace.,Turn on the fireplace.,on,-vocab_gap:no_ignite_action; +assume_gas_fireplace,Light the fireplace
00475-g7hUFVNac26/tasks-island_0.json,170,4,R4_appliance_clean,turn_on,turn_on,Turn on the kettle.,Turn on the kettle.,on,-vocab_gap:*; +idiom_ok:turn_on_appliance,Turn on the kettle
00475-g7hUFVNac26/tasks-island_0.json,184,1,R4_fireplace_soft,turn_on,turn_on,Turn on the fireplace.,Turn on the fireplace.,on,-vocab_gap:no_ignite_action; +assume_gas_fireplace,Light the fireplace.
00475-g7hUFVNac26/tasks-island_0.json,197,1,R4_fireplace_soft,turn_on,turn_on,Turn on the fireplace.,Turn on the fireplace.,on,-vocab_gap:no_ignite_action; +assume_gas_fireplace,Light the fireplace.
00475-g7hUFVNac26/tasks-island_0.json,203,6,R4_appliance_clean,turn_on,turn_on,Turn on kettle.,Turn on kettle.,None,-vocab_gap:*; +idiom_ok:turn_on_appliance,Boil water in the kettle.
00475-g7hUFVNac26/tasks-island_0.json,213,5,R4_fireplace_soft,turn_on,turn_on,Turn on the fireplace.,Turn on the fireplace.,on,-vocab_gap:no_ignite_action; +assume_gas_fireplace,Light the fireplace.
00475-g7hUFVNac26/tasks-island_0.json,220,5,R4_appliance_clean,turn_on,turn_on,Turn on kettle.,Turn on kettle.,None,-vocab_gap:*; +idiom_ok:turn_on_appliance,Boil the kettle.
00475-g7hUFVNac26/tasks-island_0.json,291,1,R4_fireplace_soft,turn_on,turn_on,Turn on the fireplace.,Turn on the fireplace.,on,-vocab_gap:no_ignite_action; +assume_gas_fireplace,Light the fireplace.
00475-g7hUFVNac26/tasks-island_0.json,302,1,R4_appliance_clean,turn_on,turn_on,Turn on kettle.,Turn on kettle.,None,-vocab_gap:*; +idiom_ok:turn_on_appliance,Boil the kettle.
00475-g7hUFVNac26/tasks-island_0.json,308,1,R4_fireplace_soft,turn_on,turn_on,Turn on the fireplace.,Turn on the fireplace.,on,-vocab_gap:no_ignite_action; +assume_gas_fireplace,Light the fireplace.
00475-g7hUFVNac26/tasks-island_0.json,319,1,R4_appliance_clean,turn_on,turn_on,Turn on kettle.,Turn on kettle.,None,-vocab_gap:*; +idiom_ok:turn_on_appliance,Boil the kettle.
00475-g7hUFVNac26/tasks-island_0.json,341,1,R4_fireplace_soft,turn_on,turn_on,Turn on the fireplace.,Turn on the fireplace.,on,-vocab_gap:no_ignite_action; +assume_gas_fireplace,Light the fireplace.
00475-g7hUFVNac26/tasks-island_0.json,344,6,R4_appliance_clean,turn_on,turn_on,Turn on kettle.,Turn on kettle.,None,-vocab_gap:*; +idiom_ok:turn_on_appliance,Heat the kettle.
00475-g7hUFVNac26/tasks-island_0.json,359,1,R4_fireplace_soft,turn_on,turn_on,Turn on the fireplace.,Turn on the fireplace.,on,-vocab_gap:no_ignite_action; +assume_gas_fireplace,Light the fireplace.
00475-g7hUFVNac26/tasks-island_0.json,390,1,R4_fireplace_soft,turn_on,turn_on,Turn on the fireplace.,Turn on the fireplace.,on,-vocab_gap:no_ignite_action; +assume_gas_fireplace,Light the fireplace.
00475-g7hUFVNac26/tasks-island_0.json,403,2,R4_fireplace_soft,turn_on,turn_on,Turn on the fireplace.,Turn on the fireplace.,on,-vocab_gap:no_ignite_action; +assume_gas_fireplace,Light the fireplace.
00475-g7hUFVNac26/tasks-island_0.json,429,3,R4_appliance_clean,turn_on,turn_on,Turn on kettle.,Turn on kettle.,None,-vocab_gap:*; +idiom_ok:turn_on_appliance,Boil water in the kettle.
00475-g7hUFVNac26/tasks-island_0.json,435,1,R4_fireplace_soft,turn_on,turn_on,Turn on the fireplace.,Turn on the fireplace.,on,-vocab_gap:no_ignite_action; +assume_gas_fireplace,Light the fireplace.
00475-g7hUFVNac26/tasks-island_0.json,437,3,R4_appliance_clean,turn_on,turn_on,Turn on kettle.,Turn on kettle.,None,-vocab_gap:*; +idiom_ok:turn_on_appliance,Boil water in the kettle.
00475-g7hUFVNac26/tasks-island_0.json,458,1,R4_fireplace_soft,turn_on,turn_on,Turn on the fireplace.,Turn on the fireplace.,in,-vocab_gap:no_ignite_action; +assume_gas_fireplace,Light a fire in the fireplace.
00475-g7hUFVNac26/tasks-island_0.json,467,4,R4_roll_flag,smooth,smooth,Smooth the mat.,Smooth the mat.,on,+vocab_gap:roll,Unroll the mat on the floor.
00475-g7hUFVNac26/tasks-island_0.json,492,6,R4_appliance_clean,turn_on,turn_on,Turn on the kettle.,Turn on the kettle.,on,-vocab_gap:*; +idiom_ok:turn_on_appliance,Turn on the kettle for tea.
00475-g7hUFVNac26/tasks-island_0.json,502,3,R4_roll_flag,smooth,smooth,Smooth the mat.,Smooth the mat.,None,+vocab_gap:roll,Roll up the mat.
00475-g7hUFVNac26/tasks-island_0.json,513,6,R4_appliance_clean,turn_on,turn_on,Turn on the kettle.,Turn on the kettle.,on,-vocab_gap:*; +idiom_ok:turn_on_appliance,Turn on the kettle.
00475-g7hUFVNac26/tasks-island_0.json,524,3,R4_fireplace_soft,turn_on,turn_on,Turn on the fireplace.,Turn on the fireplace.,on,-vocab_gap:no_ignite_action; +assume_gas_fireplace,Turn on the fireplace.
00475-g7hUFVNac26/tasks-island_0.json,529,1,R4_fireplace_soft,turn_on,turn_on,Turn on the fireplace.,Turn on the fireplace.,on,-vocab_gap:no_ignite_action; +assume_gas_fireplace,Turn on the fireplace.
00475-g7hUFVNac26/tasks-island_0.json,544,5,R4_fireplace_soft,turn_on,turn_on,Turn on the fireplace.,Turn on the fireplace.,on,-vocab_gap:no_ignite_action; +assume_gas_fireplace,Turn on the fireplace.
00476-NtnvZSMK3en/tasks-island_0.json,11,1,R4_roll_flag,straighten,straighten,Straighten the exercise mat roll.,Straighten the exercise mat roll.,None,+vocab_gap:roll,Unroll the exercise mat roll.
00476-NtnvZSMK3en/tasks-island_0.json,40,1,R4_roll_flag,carry,carry,Carry the exercise mat roll.,Carry the exercise mat roll.,None,+vocab_gap:roll,Roll out the exercise mat roll.
00476-NtnvZSMK3en/tasks-island_0.json,68,1,R4_roll_flag,carry,carry,Carry the exercise mat roll.,Carry the exercise mat roll.,None,+vocab_gap:roll,Roll out the exercise mat roll.
00476-NtnvZSMK3en/tasks-island_0.json,93,1,R4_roll_flag,carry,carry,Carry the exercise mat roll.,Carry the exercise mat roll.,None,+vocab_gap:roll,Roll out the exercise mat roll.
00476-NtnvZSMK3en/tasks-island_0.json,114,1,R4_roll_flag,carry,carry,Carry the exercise mat roll.,Carry the exercise mat roll.,None,+vocab_gap:roll,Roll out the exercise mat roll.
00476-NtnvZSMK3en/tasks-island_0.json,134,1,R4_roll_flag,straighten,straighten,Straighten the exercise mat roll.,Straighten the exercise mat roll.,None,+vocab_gap:roll,Unroll the exercise mat roll.
00487-erXNfWVjqZ8/tasks-island_0.json,19,1,R4_fireplace_soft,turn_on,turn_on,Turn on the fireplace.,Turn on the fireplace.,on,-vocab_gap:no_ignite_action; +assume_gas_fireplace,Light the fireplace.
00487-erXNfWVjqZ8/tasks-island_0.json,35,3,R4_fireplace_soft,turn_on,turn_on,Turn on the fireplace.,Turn on the fireplace.,on,-vocab_gap:no_ignite_action; +assume_gas_fireplace,Prepare the fireplace.
00487-erXNfWVjqZ8/tasks-island_0.json,60,3,R4_fireplace_soft,turn_on,turn_on,Turn on the fireplace.,Turn on the fireplace.,on,-vocab_gap:no_ignite_action; +assume_gas_fireplace,Light the fireplace.
00487-erXNfWVjqZ8/tasks-island_0.json,78,3,R4_fireplace_soft,turn_on,turn_on,Turn on the fireplace.,Turn on the fireplace.,on,-vocab_gap:no_ignite_action; +assume_gas_fireplace,Light the fireplace.
00487-erXNfWVjqZ8/tasks-island_0.json,92,3,R4_fireplace_soft,turn_on,turn_on,Turn on the fireplace.,Turn on the fireplace.,on,-vocab_gap:no_ignite_action; +assume_gas_fireplace,Light the fireplace.
00487-erXNfWVjqZ8/tasks-island_0.json,174,7,R4_fireplace_soft,turn_on,turn_on,Turn on the fireplace.,Turn on the fireplace.,on,-vocab_gap:no_ignite_action; +assume_gas_fireplace,Light the fireplace for ambiance.
00487-erXNfWVjqZ8/tasks-island_0.json,184,2,R4_fireplace_soft,turn_off,turn_off,Turn off the fireplace.,Turn off the fireplace.,None,-vocab_gap:no_ignite_action; +assume_gas_fireplace,Extinguish the fireplace.
00487-erXNfWVjqZ8/tasks-island_0.json,192,6,F3_repair_FLAG,turn_on,turn_on,Turn on the dishwasher.,Turn on the dishwasher.,on,+vocab_gap:repair,Repair the dishwasher.
00487-erXNfWVjqZ8/tasks-island_0.json,199,1,R4_fireplace_soft,turn_on,turn_on,Turn on the fireplace.,Turn on the fireplace.,on,-vocab_gap:no_ignite_action; +assume_gas_fireplace,Light the fireplace.
00495-CQWES1bawee/tasks-island_0.json,32,2,R4_fireplace_soft,turn_on,turn_on,Turn on the fireplace.,Turn on the fireplace.,on,-vocab_gap:no_ignite_action; +assume_gas_fireplace,Light the fireplace.
00495-CQWES1bawee/tasks-island_0.json,41,2,R4_roll_flag,carry,carry,Carry the mat.,Carry the mat.,None,+vocab_gap:roll,Roll out the mat.
00495-CQWES1bawee/tasks-island_0.json,88,3,F2_warm_inspect,inspect,cover,Inspect the blanket.,Cover with the blanket.,None,+vocab_extension_v1:inspect->cover,Pull over the blanket to stay warm.
00495-CQWES1bawee/tasks-island_0.json,97,1,R4_roll_flag,carry,carry,Carry the mat.,Carry the mat.,None,+vocab_gap:roll,Roll out the mat for yoga.
00495-CQWES1bawee/tasks-island_0.json,108,4,R4_fireplace_soft,turn_on,turn_on,Turn on the fireplace.,Turn on the fireplace.,on,-vocab_gap:no_ignite_action; +assume_gas_fireplace,Light the fireplace.
00495-CQWES1bawee/tasks-island_0.json,111,3,F3_repair_REMAP,reposition,tighten,Reposition the sink.,Tighten the sink.,None,+vocab_extension_v1:repair_remap->tighten,Repair the sink connection.
00495-CQWES1bawee/tasks-island_0.json,140,5,R4_fireplace_soft,turn_on,turn_on,Turn on the fireplace.,Turn on the fireplace.,on,-vocab_gap:no_ignite_action; +assume_gas_fireplace,Light the fireplace.
00495-CQWES1bawee/tasks-island_0.json,184,4,R4_fireplace_soft,turn_on,turn_on,Turn on the fireplace.,Turn on the fireplace.,on,-vocab_gap:no_ignite_action; +assume_gas_fireplace,Light the fireplace for extra warmth.
00495-CQWES1bawee/tasks-island_0.json,211,3,R4_fireplace_soft,turn_on,turn_on,Turn on the fireplace.,Turn on the fireplace.,on,-vocab_gap:no_ignite_action; +assume_gas_fireplace,Start the fireplace.
00495-CQWES1bawee/tasks-island_0.json,220,4,R4_fireplace_soft,turn_on,turn_on,Turn on the fireplace.,Turn on the fireplace.,on,-vocab_gap:no_ignite_action; +assume_gas_fireplace,Light the fireplace.
00495-CQWES1bawee/tasks-island_0.json,231,1,R4_fireplace_soft,turn_on,turn_on,Turn on the fireplace.,Turn on the fireplace.,on,-vocab_gap:no_ignite_action; +assume_gas_fireplace,Light the fireplace.
00495-CQWES1bawee/tasks-island_0.json,257,4,R4_fireplace_soft,turn_on,turn_on,Turn on the fireplace.,Turn on the fireplace.,on,-vocab_gap:no_ignite_action; +assume_gas_fireplace,Light the fireplace.
00495-CQWES1bawee/tasks-island_0.json,260,5,R3_iron,straighten,iron,Straighten the ironing board.,Iron on the ironing board.,on,+vocab_extension_v1:straighten->iron,Iron on the ironing board.
00495-CQWES1bawee/tasks-island_0.json,289,4,R4_fireplace_soft,turn_on,turn_on,Turn on the fireplace.,Turn on the fireplace.,on,-vocab_gap:no_ignite_action; +assume_gas_fireplace,Light the fireplace.
00495-CQWES1bawee/tasks-island_0.json,301,1,R2_unload,open,unload,Open dishwasher.,Unload the dishwasher.,None,+vocab_extension_v1:open->unload,Unload the dishwasher.
00506-QVAA6zecMHu/tasks-island_0.json,17,2,R4_appliance_clean,turn_on,turn_on,Turn on the stove to cook.,Turn on the stove to cook.,on,-vocab_gap:*; +idiom_ok:turn_on_appliance,Turn on the stove to cook.
00506-QVAA6zecMHu/tasks-island_0.json,22,2,R4_appliance_clean,turn_on,turn_on,Turn on stove.,Turn on stove.,None,-vocab_gap:*; +idiom_ok:turn_on_appliance,Preheat the stove.
00506-QVAA6zecMHu/tasks-island_0.json,24,3,R4_appliance_clean,turn_on,turn_on,Turn on stove.,Turn on stove.,None,-vocab_gap:*; +idiom_ok:turn_on_appliance,Boil water on the stove.
00506-QVAA6zecMHu/tasks-island_0.json,31,5,R4_appliance_clean,turn_on,turn_on,Turn on stove.,Turn on stove.,None,-vocab_gap:*; +idiom_ok:turn_on_appliance,Heat some soup on the stove.
00506-QVAA6zecMHu/tasks-island_0.json,36,2,R4_appliance_clean,turn_on,turn_on,Turn on stove.,Turn on stove.,None,-vocab_gap:*; +idiom_ok:turn_on_appliance,Preheat the stove.
00508-4vwGX7U38Ux/tasks-island_0.json,30,2,R4_appliance_clean,turn_on,turn_on,Turn on the stove.,Turn on the stove.,on,-vocab_gap:*; +idiom_ok:turn_on_appliance,Turn on the stove.
00525-iKFn6fzyRqs/tasks-island_0.json,9,4,R1_light,turn_on,light,Turn on the candle.,Light the candle.,on,+vocab_extension_v1:turn_on->light; -vocab_gap:no_ignite_action,Light the candle.
00525-iKFn6fzyRqs/tasks-island_0.json,38,4,R4_fireplace_soft,turn_on,turn_on,Turn on the fireplace.,Turn on the fireplace.,on,-vocab_gap:no_ignite_action; +assume_gas_fireplace,Light the fireplace.
00525-iKFn6fzyRqs/tasks-island_0.json,65,1,R4_fireplace_soft,turn_on,turn_on,Turn on the fireplace.,Turn on the fireplace.,on,-vocab_gap:no_ignite_action; +assume_gas_fireplace,Light the fireplace.
00525-iKFn6fzyRqs/tasks-island_0.json,69,5,R1_light,turn_on,light,Turn on the candle.,Light the candle.,on,+vocab_extension_v1:turn_on->light; -vocab_gap:no_ignite_action,Light the decorative candle.
00525-iKFn6fzyRqs/tasks-island_0.json,79,2,R1_light,turn_on,light,Turn on the candle.,Light the candle.,on,+vocab_extension_v1:turn_on->light; -vocab_gap:no_ignite_action,Light the candle.
00525-iKFn6fzyRqs/tasks-island_0.json,94,4,R1_light,turn_on,light,Turn on the candle.,Light the candle.,on,+vocab_extension_v1:turn_on->light; -vocab_gap:no_ignite_action,Light the candle.
00525-iKFn6fzyRqs/tasks-island_0.json,99,2,R1_light,turn_on,light,Turn on the candle.,Light the candle.,on,+vocab_extension_v1:turn_on->light; -vocab_gap:no_ignite_action,Light the candle.
00525-iKFn6fzyRqs/tasks-island_0.json,101,2,R4_fireplace_soft,turn_on,turn_on,Turn on the fireplace.,Turn on the fireplace.,on,-vocab_gap:no_ignite_action; +assume_gas_fireplace,Light the fireplace.
00525-iKFn6fzyRqs/tasks-island_0.json,113,2,R1_light,turn_on,light,Turn on the candle.,Light the candle.,on,+vocab_extension_v1:turn_on->light; -vocab_gap:no_ignite_action,Light the candle.
00525-iKFn6fzyRqs/tasks-island_0.json,118,1,R1_light,turn_on,light,Turn on the candle.,Light the candle.,on,+vocab_extension_v1:turn_on->light; -vocab_gap:no_ignite_action,Light the candle.
00525-iKFn6fzyRqs/tasks-island_0.json,130,5,R1_light,turn_on,light,Turn on the candle.,Light the candle.,on,+vocab_extension_v1:turn_on->light; -vocab_gap:no_ignite_action,Light the candle.
00525-iKFn6fzyRqs/tasks-island_0.json,134,1,R2_unload,open,unload,Open dishwasher.,Unload the dishwasher.,None,+vocab_extension_v1:open->unload,Unload the dishwasher.
00525-iKFn6fzyRqs/tasks-island_0.json,143,1,R1_light,turn_on,light,Turn on the candle.,Light the candle.,on,+vocab_extension_v1:turn_on->light; -vocab_gap:no_ignite_action,Light the candle.
00525-iKFn6fzyRqs/tasks-island_0.json,157,6,R1_light,turn_on,light,Turn on the candle.,Light the candle.,on,+vocab_extension_v1:turn_on->light; -vocab_gap:no_ignite_action,Light the candle.
00525-iKFn6fzyRqs/tasks-island_0.json,160,3,R4_appliance_clean,turn_on,turn_on,Turn on stove.,Turn on stove.,None,-vocab_gap:*; +idiom_ok:turn_on_appliance,Preheat the stove.
00525-iKFn6fzyRqs/tasks-island_0.json,172,1,R1_light,turn_on,light,Turn on the candle.,Light the candle.,on,+vocab_extension_v1:turn_on->light; -vocab_gap:no_ignite_action,Light the candle.
00525-iKFn6fzyRqs/tasks-island_0.json,179,3,R2_unload,open,unload,Open clothes dryer.,Unload the clothes dryer.,None,+vocab_extension_v1:open->unload,Unload the clothes dryer.
00525-iKFn6fzyRqs/tasks-island_0.json,187,1,R1_light,turn_on,light,Turn on the candle.,Light the candle.,on,+vocab_extension_v1:turn_on->light; -vocab_gap:no_ignite_action,Light the candle.
00525-iKFn6fzyRqs/tasks-island_0.json,193,5,R1_light,turn_on,light,Turn on the candle.,Light the candle.,on,+vocab_extension_v1:turn_on->light; -vocab_gap:no_ignite_action,Light the candle.
00525-iKFn6fzyRqs/tasks-island_0.json,195,2,R4_fireplace_soft,turn_on,turn_on,Turn on the fireplace.,Turn on the fireplace.,on,-vocab_gap:no_ignite_action; +assume_gas_fireplace,Light the fireplace.
00525-iKFn6fzyRqs/tasks-island_0.json,207,2,R4_appliance_clean,turn_on,turn_on,Turn on stove.,Turn on stove.,None,-vocab_gap:*; +idiom_ok:turn_on_appliance,Preheat the stove.
00529-W9YAR9qcuvN/tasks-island_0.json,6,2,R4_appliance_clean,turn_on,turn_on,Turn on the stove.,Turn on the stove.,on,-vocab_gap:*; +idiom_ok:turn_on_appliance,Turn on the stove.
00534-DBBESbk4Y3k/tasks-island_0.json,3,1,R4_fireplace_soft,turn_on,turn_on,Turn on the fireplace.,Turn on the fireplace.,on,-vocab_gap:no_ignite_action; +assume_gas_fireplace,Light the fireplace.
00534-DBBESbk4Y3k/tasks-island_0.json,6,1,R4_appliance_clean,turn_on,turn_on,Turn on the kettle.,Turn on the kettle.,on,-vocab_gap:*; +idiom_ok:turn_on_appliance,Turn on the kettle.
00534-DBBESbk4Y3k/tasks-island_0.json,11,4,R4_fireplace_soft,turn_on,turn_on,Turn on fireplace.,Turn on fireplace.,None,-vocab_gap:no_ignite_action; +assume_gas_fireplace,Warm the fireplace.
00534-DBBESbk4Y3k/tasks-island_0.json,16,1,R4_fireplace_soft,turn_on,turn_on,Turn on the fireplace.,Turn on the fireplace.,on,-vocab_gap:no_ignite_action; +assume_gas_fireplace,Light the fireplace.
00534-DBBESbk4Y3k/tasks-island_0.json,16,5,R4_appliance_clean,turn_on,turn_on,Turn on kettle.,Turn on kettle.,None,-vocab_gap:*; +idiom_ok:turn_on_appliance,Boil water in the kettle for tea.
00534-DBBESbk4Y3k/tasks-island_0.json,37,4,R2_unload,open,unload,Open dishwasher.,Unload the dishwasher.,None,+vocab_extension_v1:open->unload,Unload the dishwasher.
00534-DBBESbk4Y3k/tasks-island_0.json,46,2,F1_brew_inspect,inspect,start_machine,Inspect the coffee_maker.,Start the coffee_maker.,None,+vocab_extension_v1:inspect->start_machine,Use the coffee maker to brew a fresh pot.
00534-DBBESbk4Y3k/tasks-island_0.json,56,1,R4_appliance_clean,turn_on,turn_on,Turn on kettle.,Turn on kettle.,None,-vocab_gap:*; +idiom_ok:turn_on_appliance,Boil water in the kettle.
00534-DBBESbk4Y3k/tasks-island_0.json,64,5,R4_fireplace_soft,turn_on,turn_on,Turn on the fireplace.,Turn on the fireplace.,on,-vocab_gap:no_ignite_action; +assume_gas_fireplace,Light the fireplace.
00534-DBBESbk4Y3k/tasks-island_0.json,73,1,R2_unload,open,unload,Open dishwasher.,Unload the dishwasher.,None,+vocab_extension_v1:open->unload,Unload the dishwasher.
00534-DBBESbk4Y3k/tasks-island_0.json,77,2,R4_appliance_clean,turn_on,turn_on,Turn on kettle.,Turn on kettle.,None,-vocab_gap:*; +idiom_ok:turn_on_appliance,Boil water in the kettle.
00534-DBBESbk4Y3k/tasks-island_0.json,78,1,R4_fireplace_soft,turn_on,turn_on,Turn on the fireplace.,Turn on the fireplace.,on,-vocab_gap:no_ignite_action; +assume_gas_fireplace,Light the fireplace.
00534-DBBESbk4Y3k/tasks-island_0.json,78,4,R4_appliance_clean,turn_on,turn_on,Turn on kettle.,Turn on kettle.,None,-vocab_gap:*; +idiom_ok:turn_on_appliance,Make tea with the kettle.
00534-DBBESbk4Y3k/tasks-island_0.json,80,2,F1_brew_inspect,inspect,start_machine,Inspect the coffee_maker.,Start the coffee_maker.,None,+vocab_extension_v1:inspect->start_machine,Use the coffee maker to brew a fresh pot.
00534-DBBESbk4Y3k/tasks-island_0.json,89,1,F1_brew_inspect,inspect,start_machine,Inspect the coffee_maker.,Start the coffee_maker.,None,+vocab_extension_v1:inspect->start_machine,Use the coffee maker to brew a cup.
00534-DBBESbk4Y3k/tasks-island_0.json,100,3,R4_fireplace_soft,turn_on,turn_on,Turn on the fireplace.,Turn on the fireplace.,on,-vocab_gap:no_ignite_action; +assume_gas_fireplace,Light the fireplace.
00534-DBBESbk4Y3k/tasks-island_0.json,100,6,R4_appliance_clean,turn_on,turn_on,Turn on the kettle.,Turn on the kettle.,on,-vocab_gap:*; +idiom_ok:turn_on_appliance,Turn on the kettle for a hot drink.
00534-DBBESbk4Y3k/tasks-island_0.json,111,5,R4_fireplace_soft,turn_off,turn_off,Turn off the fireplace.,Turn off the fireplace.,None,-vocab_gap:no_ignite_action; +assume_gas_fireplace,Turn off the fireplace.
00537-oahi4u45xMf/tasks-island_0.json,7,1,R4_fireplace_soft,turn_on,turn_on,Turn on the fireplace.,Turn on the fireplace.,on,-vocab_gap:no_ignite_action; +assume_gas_fireplace,Light the fireplace.
00537-oahi4u45xMf/tasks-island_0.json,17,1,R4_fireplace_soft,turn_on,turn_on,Turn on the fireplace.,Turn on the fireplace.,in,-vocab_gap:no_ignite_action; +assume_gas_fireplace,Start a fire in the fireplace.
00537-oahi4u45xMf/tasks-island_0.json,33,3,R4_fireplace_soft,turn_on,turn_on,Turn on the fireplace to warm the room.,Turn on the fireplace to warm the room.,on,-vocab_gap:no_ignite_action; +assume_gas_fireplace,Light the fireplace to warm the room.
00537-oahi4u45xMf/tasks-island_0.json,36,1,F1_brew_inspect,inspect,start_machine,Inspect the appliance.,Start the coffee machine.,None,+vocab_extension_v1:inspect->start_machine,Brew a fresh pot of coffee with the appliance.
00537-oahi4u45xMf/tasks-island_0.json,40,1,R4_roll_flag,smooth,smooth,Smooth the mat.,Smooth the mat.,None,+vocab_gap:roll,Roll up the play mat.
00537-oahi4u45xMf/tasks-island_0.json,41,2,R2_unload,open,unload,Open dishwasher.,Unload the clean dishes from the dishwasher.,None,+vocab_extension_v1:open->unload,Unload the clean dishes from the dishwasher.
00538-3CBBjsNkhqW/tasks-island_0.json,4,2,R4_fireplace_soft,turn_off,turn_off,Turn off the fireplace.,Turn off the fireplace.,None,-vocab_gap:no_ignite_action; +assume_gas_fireplace,Extinguish the fireplace.
00538-3CBBjsNkhqW/tasks-island_0.json,18,2,R4_fireplace_soft,turn_on,turn_on,Turn on the fireplace.,Turn on the fireplace.,on,-vocab_gap:no_ignite_action; +assume_gas_fireplace,Light the fireplace.
00538-3CBBjsNkhqW/tasks-island_0.json,20,1,R4_appliance_clean,turn_on,turn_on,Turn on kettle.,Turn on kettle.,None,-vocab_gap:*; +idiom_ok:turn_on_appliance,Boil water in the kettle.
00538-3CBBjsNkhqW/tasks-island_0.json,29,2,R4_fireplace_soft,turn_on,turn_on,Turn on the fireplace.,Turn on the fireplace.,on,-vocab_gap:no_ignite_action; +assume_gas_fireplace,Light the fireplace.
00538-3CBBjsNkhqW/tasks-island_0.json,51,2,R4_fireplace_soft,turn_on,turn_on,Turn on the fireplace.,Turn on the fireplace.,on,-vocab_gap:no_ignite_action; +assume_gas_fireplace,Turn on the fireplace.
00538-3CBBjsNkhqW/tasks-island_0.json,79,1,R4_fireplace_soft,turn_on,turn_on,Turn on the fireplace.,Turn on the fireplace.,on,-vocab_gap:no_ignite_action; +assume_gas_fireplace,Light the fireplace.
00538-3CBBjsNkhqW/tasks-island_0.json,117,2,R4_roll_flag,smooth,smooth,Smooth the rug.,Smooth the rug.,None,+vocab_gap:roll,Roll up the rug.
00538-3CBBjsNkhqW/tasks-island_0.json,135,2,R4_roll_flag,straighten,straighten,Straighten the rug.,Straighten the rug.,None,+vocab_gap:roll,Roll the rug.
00538-3CBBjsNkhqW/tasks-island_0.json,153,3,R4_fireplace_soft,turn_on,turn_on,Turn on the fireplace.,Turn on the fireplace.,on,-vocab_gap:no_ignite_action; +assume_gas_fireplace,Light the fireplace.
00538-3CBBjsNkhqW/tasks-island_0.json,264,3,R4_fireplace_soft,turn_on,turn_on,Turn on the fireplace.,Turn on the fireplace.,on,-vocab_gap:no_ignite_action; +assume_gas_fireplace,Turn on the fireplace.
00538-3CBBjsNkhqW/tasks-island_0.json,277,7,R4_fireplace_soft,turn_on,turn_on,Turn on the fireplace.,Turn on the fireplace.,on,-vocab_gap:no_ignite_action; +assume_gas_fireplace,Turn on the fireplace.
00538-3CBBjsNkhqW/tasks-island_0.json,289,3,R4_fireplace_soft,turn_on,turn_on,Turn on the fireplace.,Turn on the fireplace.,on,-vocab_gap:no_ignite_action; +assume_gas_fireplace,Turn on the fireplace.
00538-3CBBjsNkhqW/tasks-island_0.json,298,1,R4_fireplace_soft,turn_on,turn_on,Turn on the fireplace.,Turn on the fireplace.,on,-vocab_gap:no_ignite_action; +assume_gas_fireplace,Turn on the fireplace.
00538-3CBBjsNkhqW/tasks-island_0.json,311,1,R4_fireplace_soft,turn_on,turn_on,Turn on the fireplace.,Turn on the fireplace.,on,-vocab_gap:no_ignite_action; +assume_gas_fireplace,Light the fireplace.
00539-zUG6FL9TYeR/tasks-island_0.json,3,2,R4_appliance_clean,turn_on,turn_on,Turn on oven and stove.,Turn on oven and stove.,None,-vocab_gap:*; +idiom_ok:turn_on_appliance,Pre-heat the oven and stove.
00539-zUG6FL9TYeR/tasks-island_0.json,37,5,R4_appliance_clean,turn_on,turn_on,Turn on oven and stove.,Turn on oven and stove.,None,-vocab_gap:*; +idiom_ok:turn_on_appliance,Preheat the oven and stove.
00539-zUG6FL9TYeR/tasks-island_0.json,67,3,R4_appliance_clean,turn_on,turn_on,Turn on the oven and stove.,Turn on the oven and stove.,on,-vocab_gap:*; +idiom_ok:turn_on_appliance,Turn on the oven and stove.
00539-zUG6FL9TYeR/tasks-island_0.json,75,4,R4_appliance_clean,turn_on,turn_on,Turn on the oven and stove.,Turn on the oven and stove.,on,-vocab_gap:*; +idiom_ok:turn_on_appliance,Turn on the oven and stove.
00539-zUG6FL9TYeR/tasks-island_0.json,84,2,R4_appliance_clean,turn_on,turn_on,Turn on the oven and stove.,Turn on the oven and stove.,on,-vocab_gap:*; +idiom_ok:turn_on_appliance,Turn on the oven and stove.
00539-zUG6FL9TYeR/tasks-island_0.json,97,2,R4_appliance_clean,turn_on,turn_on,Turn on the oven and stove.,Turn on the oven and stove.,on,-vocab_gap:*; +idiom_ok:turn_on_appliance,Turn on the oven and stove.
00539-zUG6FL9TYeR/tasks-island_0.json,101,3,R4_appliance_clean,turn_on,turn_on,Turn on the oven and stove.,Turn on the oven and stove.,on,-vocab_gap:*; +idiom_ok:turn_on_appliance,Prepare the oven and stove.
00539-zUG6FL9TYeR/tasks-island_0.json,139,5,R4_appliance_clean,turn_on,turn_on,Turn on the oven and stove.,Turn on the oven and stove.,on,-vocab_gap:*; +idiom_ok:turn_on_appliance,Turn on the oven and stove.
00541-FnDDfrBZPhh/tasks-island_0.json,0,3,R4_appliance_clean,turn_on,turn_on,Turn on kettle.,Turn on kettle.,None,-vocab_gap:*; +idiom_ok:turn_on_appliance,Prepare the kettle for tea.
00541-FnDDfrBZPhh/tasks-island_0.json,23,1,R4_appliance_clean,turn_on,turn_on,Turn on kettle.,Turn on kettle.,None,-vocab_gap:*; +idiom_ok:turn_on_appliance,Boil the kettle.
00541-FnDDfrBZPhh/tasks-island_0.json,131,6,R4_appliance_clean,turn_on,turn_on,Turn on kettle.,Turn on kettle.,None,-vocab_gap:*; +idiom_ok:turn_on_appliance,Prepare the kettle for making tea.
00541-FnDDfrBZPhh/tasks-island_0.json,140,1,R4_appliance_clean,turn_on,turn_on,Turn on kettle.,Turn on kettle.,None,-vocab_gap:*; +idiom_ok:turn_on_appliance,Prepare some tea using the kettle.
00541-FnDDfrBZPhh/tasks-island_0.json,149,5,R4_appliance_clean,turn_on,turn_on,Turn on kettle.,Turn on kettle.,None,-vocab_gap:*; +idiom_ok:turn_on_appliance,Prepare a warm drink in the kettle.
00546-nS8T59Aw3sf/tasks-island_2.json,1,3,R4_appliance_clean,turn_on,turn_on,Turn on the cooker.,Turn on the cooker.,on,-vocab_gap:*; +idiom_ok:turn_on_appliance,Turn on the cooker.
00546-nS8T59Aw3sf/tasks-island_2.json,7,4,R4_appliance_clean,turn_on,turn_on,Turn on the cooker.,Turn on the cooker.,on,-vocab_gap:*; +idiom_ok:turn_on_appliance,Turn on the cooker.
00546-nS8T59Aw3sf/tasks-island_2.json,22,3,R4_fireplace_soft,turn_on,turn_on,Turn on the fireplace.,Turn on the fireplace.,on,-vocab_gap:no_ignite_action; +assume_gas_fireplace,Light the fireplace.
00546-nS8T59Aw3sf/tasks-island_2.json,26,2,R4_fireplace_soft,turn_on,turn_on,Turn on the fireplace.,Turn on the fireplace.,on,-vocab_gap:no_ignite_action; +assume_gas_fireplace,Light the fireplace.
00546-nS8T59Aw3sf/tasks-island_2.json,29,5,R4_appliance_clean,turn_on,turn_on,Turn on the cooker.,Turn on the cooker.,on,-vocab_gap:*; +idiom_ok:turn_on_appliance,Turn on the cooker.
00546-nS8T59Aw3sf/tasks-island_2.json,35,2,R4_fireplace_soft,turn_on,turn_on,Turn on the fireplace.,Turn on the fireplace.,on,-vocab_gap:no_ignite_action; +assume_gas_fireplace,Light the fireplace.
00546-nS8T59Aw3sf/tasks-island_2.json,37,4,R4_appliance_clean,turn_on,turn_on,Turn on cooker.,Turn on cooker.,None,-vocab_gap:*; +idiom_ok:turn_on_appliance,Preheat the cooker.
00546-nS8T59Aw3sf/tasks-island_2.json,40,1,R4_fireplace_soft,turn_on,turn_on,Turn on the fireplace.,Turn on the fireplace.,on,-vocab_gap:no_ignite_action; +assume_gas_fireplace,Light the fireplace.
00547-9h5JJxM6E5S/tasks-island_0.json,6,1,R4_appliance_clean,turn_on,turn_on,Turn on kettle.,Turn on kettle.,None,-vocab_gap:*; +idiom_ok:turn_on_appliance,Boil water in the kettle.
00547-9h5JJxM6E5S/tasks-island_0.json,13,1,R4_fireplace_soft,turn_on,turn_on,Turn on the fireplace.,Turn on the fireplace.,on,-vocab_gap:no_ignite_action; +assume_gas_fireplace,Light the fireplace.
00547-9h5JJxM6E5S/tasks-island_0.json,29,2,R4_appliance_clean,turn_on,turn_on,Turn on the cooker.,Turn on the cooker.,on,-vocab_gap:*; +idiom_ok:turn_on_appliance,Turn on the cooker.
00547-9h5JJxM6E5S/tasks-island_0.json,38,1,R4_fireplace_soft,turn_on,turn_on,Turn on the fireplace.,Turn on the fireplace.,on,-vocab_gap:no_ignite_action; +assume_gas_fireplace,Light the fireplace.
00547-9h5JJxM6E5S/tasks-island_0.json,39,3,R4_appliance_clean,turn_on,turn_on,Turn on the kettle.,Turn on the kettle.,on,-vocab_gap:*; +idiom_ok:turn_on_appliance,Turn on the kettle.
00547-9h5JJxM6E5S/tasks-island_0.json,56,4,R4_appliance_clean,turn_on,turn_on,Turn on the cooker.,Turn on the cooker.,on,-vocab_gap:*; +idiom_ok:turn_on_appliance,Turn on the cooker.
00547-9h5JJxM6E5S/tasks-island_0.json,63,5,R1_light,turn_on,light,Turn on the candle holder.,Light the candle holder.,on,+vocab_extension_v1:turn_on->light; -vocab_gap:no_ignite_action,Light the candle holder.
00547-9h5JJxM6E5S/tasks-island_0.json,67,3,R4_tune_flag,set_control,set_control,Adjust the radio.,Adjust the radio.,None,+vocab_gap:no_tune_action,Tune the radio.
00547-9h5JJxM6E5S/tasks-island_0.json,70,2,R4_appliance_clean,turn_on,turn_on,Turn on kettle.,Turn on kettle.,None,-vocab_gap:*; +idiom_ok:turn_on_appliance,Boil water in the kettle.
00547-9h5JJxM6E5S/tasks-island_0.json,73,1,R1_light,turn_on,light,Turn on the candle holder.,Light the candle holder.,on,+vocab_extension_v1:turn_on->light; -vocab_gap:no_ignite_action,Light the candle holder.
00547-9h5JJxM6E5S/tasks-island_0.json,78,3,R4_appliance_clean,turn_on,turn_on,Turn on kettle.,Turn on kettle.,None,-vocab_gap:*; +idiom_ok:turn_on_appliance,Boil water in the kettle.
00547-9h5JJxM6E5S/tasks-island_0.json,81,1,R4_appliance_clean,turn_on,turn_on,Turn on the kettle.,Turn on the kettle.,on,-vocab_gap:*; +idiom_ok:turn_on_appliance,Turn on the kettle.
00547-9h5JJxM6E5S/tasks-island_0.json,93,3,R4_fireplace_soft,turn_on,turn_on,Turn on the fireplace.,Turn on the fireplace.,on,-vocab_gap:no_ignite_action; +assume_gas_fireplace,Light the fireplace.
00547-9h5JJxM6E5S/tasks-island_0.json,98,2,R4_appliance_clean,turn_on,turn_on,Turn on the kettle.,Turn on the kettle.,on,-vocab_gap:*; +idiom_ok:turn_on_appliance,Turn on the kettle.
00547-9h5JJxM6E5S/tasks-island_0.json,101,1,R4_appliance_clean,turn_on,turn_on,Turn on kettle.,Turn on kettle.,None,-vocab_gap:*; +idiom_ok:turn_on_appliance,Boil water in the kettle.
00547-9h5JJxM6E5S/tasks-island_0.json,117,3,R4_fireplace_soft,turn_on,turn_on,Turn on the fireplace.,Turn on the fireplace.,on,-vocab_gap:no_ignite_action; +assume_gas_fireplace,Light the fireplace.
00547-9h5JJxM6E5S/tasks-island_0.json,123,1,R1_light,turn_on,light,Turn on the candle holder.,Light the candle holder.,on,+vocab_extension_v1:turn_on->light; -vocab_gap:no_ignite_action,Light the candle holder.
00547-9h5JJxM6E5S/tasks-island_0.json,128,1,R4_appliance_clean,turn_on,turn_on,Turn on kettle.,Turn on kettle.,None,-vocab_gap:*; +idiom_ok:turn_on_appliance,Boil the kettle.
00547-9h5JJxM6E5S/tasks-island_0.json,135,5,R4_fireplace_soft,turn_on,turn_on,Turn on the fireplace.,Turn on the fireplace.,on,-vocab_gap:no_ignite_action; +assume_gas_fireplace,Light the fireplace.
00547-9h5JJxM6E5S/tasks-island_0.json,139,2,R1_light,turn_on,light,Turn on the candle holder.,Light the candle holder.,on,+vocab_extension_v1:turn_on->light; -vocab_gap:no_ignite_action,Turn on the candle holder.
00547-9h5JJxM6E5S/tasks-island_0.json,152,3,R4_appliance_clean,turn_on,turn_on,Turn on the cooker.,Turn on the cooker.,on,-vocab_gap:*; +idiom_ok:turn_on_appliance,Turn on the cooker.
00547-9h5JJxM6E5S/tasks-island_0.json,197,4,R4_fireplace_soft,turn_on,turn_on,Turn on the fireplace.,Turn on the fireplace.,on,-vocab_gap:no_ignite_action; +assume_gas_fireplace,Turn on the fireplace.
00547-9h5JJxM6E5S/tasks-island_0.json,197,5,R4_appliance_clean,turn_on,turn_on,Turn on the kettle.,Turn on the kettle.,on,-vocab_gap:*; +idiom_ok:turn_on_appliance,Prepare the kettle.
00557-fRZhp6vWGw7/tasks-island_1.json,17,1,R4_fireplace_soft,turn_on,turn_on,Turn on the fireplace.,Turn on the fireplace.,on,-vocab_gap:no_ignite_action; +assume_gas_fireplace,Light the fireplace.
00557-fRZhp6vWGw7/tasks-island_1.json,58,2,R4_appliance_clean,turn_on,turn_on,Turn on the stove.,Turn on the stove.,on,-vocab_gap:*; +idiom_ok:turn_on_appliance,Turn on the stove.
00557-fRZhp6vWGw7/tasks-island_1.json,68,1,R4_fireplace_soft,turn_on,turn_on,Turn on the fireplace.,Turn on the fireplace.,on,-vocab_gap:no_ignite_action; +assume_gas_fireplace,Light the fireplace.
00557-fRZhp6vWGw7/tasks-island_1.json,86,1,R4_fireplace_soft,turn_on,turn_on,Turn on the fireplace.,Turn on the fireplace.,on,-vocab_gap:no_ignite_action; +assume_gas_fireplace,Light the fireplace.
00557-fRZhp6vWGw7/tasks-island_1.json,87,3,R4_appliance_clean,turn_on,turn_on,Turn on the stove.,Turn on the stove.,on,-vocab_gap:*; +idiom_ok:turn_on_appliance,Turn on the stove.
00557-fRZhp6vWGw7/tasks-island_1.json,109,1,R4_fireplace_soft,turn_on,turn_on,Turn on the fireplace.,Turn on the fireplace.,on,-vocab_gap:no_ignite_action; +assume_gas_fireplace,Turn on the fireplace.
00557-fRZhp6vWGw7/tasks-island_1.json,116,4,R4_appliance_clean,turn_on,turn_on,Turn on the stove.,Turn on the stove.,on,-vocab_gap:*; +idiom_ok:turn_on_appliance,Turn on the stove.
00557-fRZhp6vWGw7/tasks-island_1.json,123,2,R4_fireplace_soft,turn_on,turn_on,Turn on the fireplace.,Turn on the fireplace.,on,-vocab_gap:no_ignite_action; +assume_gas_fireplace,Turn on the fireplace.
00557-fRZhp6vWGw7/tasks-island_1.json,174,3,R4_appliance_clean,turn_on,turn_on,Turn on the stove.,Turn on the stove.,on,-vocab_gap:*; +idiom_ok:turn_on_appliance,Turn on the stove.
00557-fRZhp6vWGw7/tasks-island_1.json,187,2,R4_appliance_clean,turn_on,turn_on,Turn on the stove.,Turn on the stove.,on,-vocab_gap:*; +idiom_ok:turn_on_appliance,Turn on the stove.
00557-fRZhp6vWGw7/tasks-island_1.json,192,3,R4_fireplace_soft,turn_off,turn_off,Turn off the fireplace.,Turn off the fireplace.,None,-vocab_gap:no_ignite_action; +assume_gas_fireplace,Extinguish the fireplace.
00557-fRZhp6vWGw7/tasks-island_1.json,194,1,R4_appliance_clean,turn_on,turn_on,Turn on the stove.,Turn on the stove.,on,-vocab_gap:*; +idiom_ok:turn_on_appliance,Ignite the stove.
00557-fRZhp6vWGw7/tasks-island_1.json,202,2,R4_appliance_clean,turn_on,turn_on,Turn on the stove.,Turn on the stove.,on,-vocab_gap:*; +idiom_ok:turn_on_appliance,Turn on the stove for cooking.
00557-fRZhp6vWGw7/tasks-island_1.json,225,1,R4_fireplace_soft,turn_on,turn_on,Turn on the fireplace.,Turn on the fireplace.,on,-vocab_gap:no_ignite_action; +assume_gas_fireplace,Light the fireplace.
00560-gjhYih4upQ9/tasks-island_0.json,5,2,R4_appliance_clean,turn_on,turn_on,Turn on kettle.,Turn on kettle.,None,-vocab_gap:*; +idiom_ok:turn_on_appliance,Boil water in the kettle.
00560-gjhYih4upQ9/tasks-island_0.json,20,1,R4_appliance_clean,turn_on,turn_on,Turn on oven and stove.,Turn on oven and stove.,None,-vocab_gap:*; +idiom_ok:turn_on_appliance,Preheat the oven and stove.
00560-gjhYih4upQ9/tasks-island_0.json,52,4,F2_warm_inspect,inspect,turn_on,Inspect the toaster.,Turn on the toaster.,None,+vocab_extension_v1:inspect->turn_on,Use the toaster to warm some bread.
00560-gjhYih4upQ9/tasks-island_0.json,60,1,R4_appliance_clean,turn_on,turn_on,Turn on oven and stove.,Turn on oven and stove.,None,-vocab_gap:*; +idiom_ok:turn_on_appliance,Preheat the stove oven.
00560-gjhYih4upQ9/tasks-island_0.json,64,3,R4_appliance_clean,turn_on,turn_on,Turn on the kettle.,Turn on the kettle.,on,-vocab_gap:*; +idiom_ok:turn_on_appliance,Turn on the kettle.
00560-gjhYih4upQ9/tasks-island_0.json,73,1,R4_appliance_clean,turn_on,turn_on,Turn on oven and stove.,Turn on oven and stove.,None,-vocab_gap:*; +idiom_ok:turn_on_appliance,Cook a meal on the stove.
00560-gjhYih4upQ9/tasks-island_0.json,75,2,R4_appliance_clean,turn_on,turn_on,Turn on oven and stove.,Turn on oven and stove.,None,-vocab_gap:*; +idiom_ok:turn_on_appliance,Preheat the oven and stove.
00560-gjhYih4upQ9/tasks-island_0.json,82,1,R4_appliance_clean,turn_on,turn_on,Turn on kettle.,Turn on kettle.,None,-vocab_gap:*; +idiom_ok:turn_on_appliance,Boil water in the kettle.
00560-gjhYih4upQ9/tasks-island_0.json,96,1,R4_appliance_clean,turn_on,turn_on,Turn on kettle.,Turn on kettle.,None,-vocab_gap:*; +idiom_ok:turn_on_appliance,Prepare tea with the kettle.
00560-gjhYih4upQ9/tasks-island_0.json,102,4,R4_appliance_clean,turn_on,turn_on,Turn on kettle.,Turn on kettle.,None,-vocab_gap:*; +idiom_ok:turn_on_appliance,Boil water in the kettle.
00560-gjhYih4upQ9/tasks-island_0.json,110,1,R4_appliance_clean,turn_on,turn_on,Turn on kettle.,Turn on kettle.,None,-vocab_gap:*; +idiom_ok:turn_on_appliance,Boil water in the kettle.
00560-gjhYih4upQ9/tasks-island_0.json,121,2,R4_appliance_clean,turn_on,turn_on,Turn on oven and stove.,Turn on oven and stove.,None,-vocab_gap:*; +idiom_ok:turn_on_appliance,Pre-heat the oven and stove.
00560-gjhYih4upQ9/tasks-island_0.json,122,4,R4_appliance_clean,turn_on,turn_on,Turn on the kettle.,Turn on the kettle.,on,-vocab_gap:*; +idiom_ok:turn_on_appliance,Turn on the kettle.
00560-gjhYih4upQ9/tasks-island_0.json,147,1,R4_appliance_clean,turn_on,turn_on,Turn on oven and stove.,Turn on oven and stove.,None,-vocab_gap:*; +idiom_ok:turn_on_appliance,Pre-heat the oven and stove.
00560-gjhYih4upQ9/tasks-island_0.json,151,7,R4_appliance_clean,turn_on,turn_on,Turn on oven and stove.,Turn on oven and stove.,None,-vocab_gap:*; +idiom_ok:turn_on_appliance,Preheat the oven and stove for baking.
00560-gjhYih4upQ9/tasks-island_0.json,159,5,R4_appliance_clean,turn_on,turn_on,Turn on kettle.,Turn on kettle.,None,-vocab_gap:*; +idiom_ok:turn_on_appliance,Boil water in the kettle.
00560-gjhYih4upQ9/tasks-island_0.json,162,2,R4_appliance_clean,turn_on,turn_on,Turn on the oven and stove.,Turn on the oven and stove.,on,-vocab_gap:*; +idiom_ok:turn_on_appliance,Start cooking on the oven and stove.
00560-gjhYih4upQ9/tasks-island_0.json,168,3,R4_appliance_clean,turn_on,turn_on,Turn on kettle.,Turn on kettle.,None,-vocab_gap:*; +idiom_ok:turn_on_appliance,Boil water in the kettle.
00560-gjhYih4upQ9/tasks-island_0.json,178,1,R2_unload,open,unload,Open dishwasher.,Unload the dishwasher.,None,+vocab_extension_v1:open->unload,Unload the dishwasher.
00569-YJDUB7hWg9h/tasks-island_0.json,2,3,F3_repair_REMAP,reposition,tighten,Reposition the bath cabinet.,Tighten the bath cabinet.,on,+vocab_extension_v1:repair_remap->tighten,Repair the hinge on the bath cabinet.
00569-YJDUB7hWg9h/tasks-island_0.json,9,4,R2_unload,open,unload,Open dishwasher.,Unload the dishwasher.,None,+vocab_extension_v1:open->unload,Unload the dishwasher.
00569-YJDUB7hWg9h/tasks-island_0.json,18,4,R4_appliance_clean,turn_on,turn_on,Turn on the stove.,Turn on the stove.,on,-vocab_gap:*; +idiom_ok:turn_on_appliance,Turn on the stove.
00569-YJDUB7hWg9h/tasks-island_0.json,28,2,R4_fireplace_soft,turn_on,turn_on,Turn on the fireplace.,Turn on the fireplace.,on,-vocab_gap:no_ignite_action; +assume_gas_fireplace,Light the fireplace.
00569-YJDUB7hWg9h/tasks-island_0.json,33,2,R4_appliance_clean,turn_on,turn_on,Turn on the oven and stove.,Turn on the oven and stove.,on,-vocab_gap:*; +idiom_ok:turn_on_appliance,Turn on the oven and stove.
00569-YJDUB7hWg9h/tasks-island_0.json,37,2,R4_fireplace_soft,turn_on,turn_on,Turn on the fireplace.,Turn on the fireplace.,on,-vocab_gap:no_ignite_action; +assume_gas_fireplace,Light the fireplace.
00569-YJDUB7hWg9h/tasks-island_0.json,40,2,R4_appliance_clean,turn_on,turn_on,Turn on the stove.,Turn on the stove.,on,-vocab_gap:*; +idiom_ok:turn_on_appliance,Turn on the stove.
00569-YJDUB7hWg9h/tasks-island_0.json,55,6,R4_fireplace_soft,turn_on,turn_on,Turn on the fireplace.,Turn on the fireplace.,on,-vocab_gap:no_ignite_action; +assume_gas_fireplace,Light the fireplace.
00569-YJDUB7hWg9h/tasks-island_0.json,58,2,R4_appliance_clean,turn_on,turn_on,Turn on oven and stove.,Turn on oven and stove.,None,-vocab_gap:*; +idiom_ok:turn_on_appliance,Preheat the oven and stove.
00569-YJDUB7hWg9h/tasks-island_0.json,78,6,R4_fireplace_soft,turn_on,turn_on,Turn on the fireplace.,Turn on the fireplace.,on,-vocab_gap:no_ignite_action; +assume_gas_fireplace,Light the fireplace.
00569-YJDUB7hWg9h/tasks-island_0.json,83,6,R4_tune_flag,set_control,set_control,Adjust the piano.,Adjust the piano.,None,+vocab_gap:no_tune_action,Tune the piano.
00569-YJDUB7hWg9h/tasks-island_0.json,89,3,R4_fireplace_soft,turn_on,turn_on,Turn on the fireplace.,Turn on the fireplace.,on,-vocab_gap:no_ignite_action; +assume_gas_fireplace,Light the fireplace.
00582-TYDavTf8oyy/tasks-island_0.json,10,3,R1_light,turn_on,light,Turn on the candle holder.,Light the candle holder.,on,+vocab_extension_v1:turn_on->light; -vocab_gap:no_ignite_action,Light the candle holder.
00582-TYDavTf8oyy/tasks-island_0.json,21,3,R1_light,turn_on,light,Turn on the candle holder.,Light the candle holder.,on,+vocab_extension_v1:turn_on->light; -vocab_gap:no_ignite_action,Light the candle holder.
00582-TYDavTf8oyy/tasks-island_0.json,113,2,R4_fireplace_soft,turn_on,turn_on,Turn on the fireplace.,Turn on the fireplace.,on,-vocab_gap:no_ignite_action; +assume_gas_fireplace,Light the fireplace.
00582-TYDavTf8oyy/tasks-island_0.json,129,3,R4_fireplace_soft,turn_on,turn_on,Turn on the fireplace.,Turn on the fireplace.,on,-vocab_gap:no_ignite_action; +assume_gas_fireplace,Light the fireplace.
00591-JptJPosx1Z6/tasks-island_0.json,4,1,R4_fireplace_soft,turn_on,turn_on,Turn on the fireplace.,Turn on the fireplace.,on,-vocab_gap:no_ignite_action; +assume_gas_fireplace,Light the fireplace.
00591-JptJPosx1Z6/tasks-island_0.json,23,1,R4_fireplace_soft,turn_on,turn_on,Turn on the fireplace.,Turn on the fireplace.,on,-vocab_gap:no_ignite_action; +assume_gas_fireplace,Light the fireplace.
00591-JptJPosx1Z6/tasks-island_0.json,27,1,R4_fireplace_soft,turn_on,turn_on,Turn on the fireplace.,Turn on the fireplace.,on,-vocab_gap:no_ignite_action; +assume_gas_fireplace,Light the fireplace.
00591-JptJPosx1Z6/tasks-island_0.json,34,1,R4_fireplace_soft,turn_on,turn_on,Turn on the fireplace.,Turn on the fireplace.,in,-vocab_gap:no_ignite_action; +assume_gas_fireplace,Start a fire in the fireplace.
00591-JptJPosx1Z6/tasks-island_0.json,41,1,R4_fireplace_soft,turn_on,turn_on,Turn on the fireplace.,Turn on the fireplace.,on,-vocab_gap:no_ignite_action; +assume_gas_fireplace,Light the fireplace.
00591-JptJPosx1Z6/tasks-island_0.json,61,1,R4_fireplace_soft,turn_on,turn_on,Turn on the fireplace.,Turn on the fireplace.,on,-vocab_gap:no_ignite_action; +assume_gas_fireplace,Light the fireplace.
00591-JptJPosx1Z6/tasks-island_0.json,74,1,R4_fireplace_soft,turn_on,turn_on,Turn on the fireplace.,Turn on the fireplace.,on,-vocab_gap:no_ignite_action; +assume_gas_fireplace,Light the fireplace.
00591-JptJPosx1Z6/tasks-island_0.json,122,1,R4_fireplace_soft,turn_on,turn_on,Turn on the fireplace.,Turn on the fireplace.,on,-vocab_gap:no_ignite_action; +assume_gas_fireplace,Turn on the fireplace.
00591-JptJPosx1Z6/tasks-island_0.json,193,2,R4_fireplace_soft,turn_on,turn_on,Turn on the fireplace.,Turn on the fireplace.,on,-vocab_gap:no_ignite_action; +assume_gas_fireplace,Light the fireplace.
00591-JptJPosx1Z6/tasks-island_0.json,210,1,R4_fireplace_soft,turn_on,turn_on,Turn on the fireplace.,Turn on the fireplace.,on,-vocab_gap:no_ignite_action; +assume_gas_fireplace,Light the fireplace.
00591-JptJPosx1Z6/tasks-island_0.json,237,1,R4_fireplace_soft,turn_on,turn_on,Turn on the fireplace.,Turn on the fireplace.,on,-vocab_gap:no_ignite_action; +assume_gas_fireplace,Light the fireplace.
00591-JptJPosx1Z6/tasks-island_0.json,250,2,R4_fireplace_soft,turn_on,turn_on,Turn on the fireplace.,Turn on the fireplace.,on,-vocab_gap:no_ignite_action; +assume_gas_fireplace,Light the fireplace.
00591-JptJPosx1Z6/tasks-island_0.json,271,4,R4_fireplace_soft,turn_on,turn_on,Turn on the fireplace.,Turn on the fireplace.,on,-vocab_gap:no_ignite_action; +assume_gas_fireplace,Light the fireplace.
00591-JptJPosx1Z6/tasks-island_0.json,285,7,F3_repair_FLAG,turn_on,turn_on,Turn on the kitchen appliance.,Turn on the kitchen appliance.,on,+vocab_gap:repair,Repair the kitchen appliance.
00591-JptJPosx1Z6/tasks-island_0.json,293,2,R4_fireplace_soft,turn_on,turn_on,Turn on the fireplace.,Turn on the fireplace.,on,-vocab_gap:no_ignite_action; +assume_gas_fireplace,Light the fireplace.
00591-JptJPosx1Z6/tasks-island_0.json,306,2,R4_fireplace_soft,turn_on,turn_on,Turn on the fireplace.,Turn on the fireplace.,on,-vocab_gap:no_ignite_action; +assume_gas_fireplace,Light the fireplace.
00591-JptJPosx1Z6/tasks-island_0.json,308,6,F3_repair_FLAG,turn_on,turn_on,Turn on the kitchen appliance.,Turn on the kitchen appliance.,on,+vocab_gap:repair,Repair the kitchen appliance.
00591-JptJPosx1Z6/tasks-island_0.json,318,2,R4_fireplace_soft,turn_on,turn_on,Turn on the fireplace.,Turn on the fireplace.,on,-vocab_gap:no_ignite_action; +assume_gas_fireplace,Light the fireplace.
00591-JptJPosx1Z6/tasks-island_0.json,328,1,R4_fireplace_soft,turn_on,turn_on,Turn on the fireplace.,Turn on the fireplace.,on,-vocab_gap:no_ignite_action; +assume_gas_fireplace,Light the fireplace.
00591-JptJPosx1Z6/tasks-island_0.json,353,1,R4_fireplace_soft,turn_on,turn_on,Turn on the fireplace.,Turn on the fireplace.,on,-vocab_gap:no_ignite_action; +assume_gas_fireplace,Light the fireplace.
00591-JptJPosx1Z6/tasks-island_0.json,367,1,R3_iron,straighten,iron,Straighten the clothes.,Iron the clothes.,None,+vocab_extension_v1:straighten->iron,Iron the clothes.
00591-JptJPosx1Z6/tasks-island_0.json,370,2,R4_fireplace_soft,turn_on,turn_on,Turn on the fireplace.,Turn on the fireplace.,on,-vocab_gap:no_ignite_action; +assume_gas_fireplace,Light the fireplace.
00592-CthA7sQNTPK/tasks-island_0.json,0,3,R4_appliance_clean,turn_on,turn_on,Turn on oven and stove.,Turn on oven and stove.,None,-vocab_gap:*; +idiom_ok:turn_on_appliance,Heat the food using the oven and stove.
00592-CthA7sQNTPK/tasks-island_0.json,15,3,R4_appliance_clean,turn_on,turn_on,Turn on oven and stove.,Turn on oven and stove.,None,-vocab_gap:*; +idiom_ok:turn_on_appliance,Preheat the oven and stove.
00598-mt9H8KcxRKD/tasks-island_0.json,6,2,R4_appliance_clean,turn_on,turn_on,Turn on the kettle.,Turn on the kettle.,on,-vocab_gap:*; +idiom_ok:turn_on_appliance,Turn on the kettle.
00598-mt9H8KcxRKD/tasks-island_0.json,14,1,R4_appliance_clean,turn_on,turn_on,Turn on kettle.,Turn on kettle.,None,-vocab_gap:*; +idiom_ok:turn_on_appliance,Boil the kettle.
00598-mt9H8KcxRKD/tasks-island_0.json,22,1,R4_appliance_clean,turn_on,turn_on,Turn on the kettle.,Turn on the kettle.,on,-vocab_gap:*; +idiom_ok:turn_on_appliance,Turn on the kettle.
00598-mt9H8KcxRKD/tasks-island_0.json,34,1,R4_appliance_clean,turn_on,turn_on,Turn on kettle.,Turn on kettle.,None,-vocab_gap:*; +idiom_ok:turn_on_appliance,Boil the kettle.
00598-mt9H8KcxRKD/tasks-island_0.json,80,1,R4_appliance_clean,turn_on,turn_on,Turn on kettle.,Turn on kettle.,None,-vocab_gap:*; +idiom_ok:turn_on_appliance,Boil water in the kettle.
00598-mt9H8KcxRKD/tasks-island_0.json,105,3,R4_appliance_clean,turn_on,turn_on,Turn on kettle.,Turn on kettle.,None,-vocab_gap:*; +idiom_ok:turn_on_appliance,Boil water in the kettle.
00598-mt9H8KcxRKD/tasks-island_0.json,121,1,R4_appliance_clean,turn_on,turn_on,Turn on kettle.,Turn on kettle.,None,-vocab_gap:*; +idiom_ok:turn_on_appliance,Boil water in the kettle.
00598-mt9H8KcxRKD/tasks-island_0.json,130,2,R4_appliance_clean,turn_on,turn_on,Turn on kettle.,Turn on kettle.,None,-vocab_gap:*; +idiom_ok:turn_on_appliance,Boil water in the kettle.
00598-mt9H8KcxRKD/tasks-island_0.json,140,3,R4_appliance_clean,turn_on,turn_on,Turn on kettle.,Turn on kettle.,None,-vocab_gap:*; +idiom_ok:turn_on_appliance,Boil water in the kettle.
00598-mt9H8KcxRKD/tasks-island_0.json,161,3,R4_appliance_clean,turn_on,turn_on,Turn on kettle.,Turn on kettle.,None,-vocab_gap:*; +idiom_ok:turn_on_appliance,Boil water in the kettle.
00598-mt9H8KcxRKD/tasks-island_0.json,222,7,R4_appliance_clean,turn_on,turn_on,Turn on kettle.,Turn on kettle.,None,-vocab_gap:*; +idiom_ok:turn_on_appliance,Boil the kettle.
00598-mt9H8KcxRKD/tasks-island_0.json,244,2,R4_appliance_clean,turn_on,turn_on,Turn on kettle.,Turn on kettle.,None,-vocab_gap:*; +idiom_ok:turn_on_appliance,Boil the kettle.
00598-mt9H8KcxRKD/tasks-island_0.json,254,5,R4_appliance_clean,turn_on,turn_on,Turn on kettle.,Turn on kettle.,None,-vocab_gap:*; +idiom_ok:turn_on_appliance,Boil the kettle.
00598-mt9H8KcxRKD/tasks-island_0.json,277,3,R4_appliance_clean,turn_on,turn_on,Turn on kettle.,Turn on kettle.,None,-vocab_gap:*; +idiom_ok:turn_on_appliance,Boil the kettle.
00598-mt9H8KcxRKD/tasks-island_0.json,283,2,R4_appliance_clean,turn_on,turn_on,Turn on kettle.,Turn on kettle.,None,-vocab_gap:*; +idiom_ok:turn_on_appliance,Boil the kettle.
00598-mt9H8KcxRKD/tasks-island_0.json,285,3,R4_appliance_clean,turn_on,turn_on,Turn on kettle.,Turn on kettle.,None,-vocab_gap:*; +idiom_ok:turn_on_appliance,Boil the kettle.
00598-mt9H8KcxRKD/tasks-island_0.json,304,2,R4_appliance_clean,turn_on,turn_on,Turn on kettle.,Turn on kettle.,None,-vocab_gap:*; +idiom_ok:turn_on_appliance,Boil the kettle for oatmeal.
00598-mt9H8KcxRKD/tasks-island_0.json,328,1,R4_appliance_clean,turn_on,turn_on,Turn on kettle.,Turn on kettle.,None,-vocab_gap:*; +idiom_ok:turn_on_appliance,Boil the kettle.
00606-W16Bm4ysK8v/tasks-island_0.json,8,3,R4_appliance_clean,turn_on,turn_on,Turn on kettle.,Turn on kettle.,None,-vocab_gap:*; +idiom_ok:turn_on_appliance,Boil some water using the kettle.
00606-W16Bm4ysK8v/tasks-island_0.json,21,1,R4_appliance_clean,turn_on,turn_on,Turn on kettle.,Turn on kettle.,None,-vocab_gap:*; +idiom_ok:turn_on_appliance,Boil water in the kettle.
00606-W16Bm4ysK8v/tasks-island_0.json,33,5,R2_unload,open,unload,Open dishwasher.,Unload the dishwasher.,None,+vocab_extension_v1:open->unload,Unload the dishwasher.
00606-W16Bm4ysK8v/tasks-island_0.json,43,1,R4_fireplace_soft,turn_on,turn_on,Turn on the fireplace.,Turn on the fireplace.,on,-vocab_gap:no_ignite_action; +assume_gas_fireplace,Light the fireplace.
00606-W16Bm4ysK8v/tasks-island_0.json,62,3,R4_appliance_clean,turn_on,turn_on,Turn on kettle.,Turn on kettle.,None,-vocab_gap:*; +idiom_ok:turn_on_appliance,Boil water using the kettle.
00606-W16Bm4ysK8v/tasks-island_0.json,73,2,R4_fireplace_soft,turn_on,turn_on,Turn on the fireplace.,Turn on the fireplace.,in,-vocab_gap:no_ignite_action; +assume_gas_fireplace,Light a fire in the fireplace.
00606-W16Bm4ysK8v/tasks-island_0.json,79,1,R4_roll_flag,carry,carry,Carry the rug.,Carry the rug.,None,+vocab_gap:roll,Roll out the rug for a workout space.
00606-W16Bm4ysK8v/tasks-island_0.json,85,4,R4_appliance_clean,turn_on,turn_on,Turn on kettle.,Turn on kettle.,None,-vocab_gap:*; +idiom_ok:turn_on_appliance,Boil water using the kettle.
00606-W16Bm4ysK8v/tasks-island_0.json,92,5,R4_appliance_clean,turn_on,turn_on,Turn on kettle.,Turn on kettle.,None,-vocab_gap:*; +idiom_ok:turn_on_appliance,Prepare tea using the kettle.
00606-W16Bm4ysK8v/tasks-island_0.json,106,5,R4_fireplace_soft,turn_on,turn_on,Turn on the fireplace.,Turn on the fireplace.,in,-vocab_gap:no_ignite_action; +assume_gas_fireplace,Light a fire in the fireplace.
00606-W16Bm4ysK8v/tasks-island_0.json,114,4,R4_appliance_clean,turn_on,turn_on,Turn on kettle.,Turn on kettle.,None,-vocab_gap:*; +idiom_ok:turn_on_appliance,Boil water in the kettle.
00606-W16Bm4ysK8v/tasks-island_0.json,120,1,R4_roll_flag,carry,carry,Carry the rug.,Carry the rug.,None,+vocab_gap:roll,Roll out the rug.
00606-W16Bm4ysK8v/tasks-island_0.json,125,4,R4_appliance_clean,turn_on,turn_on,Turn on kettle.,Turn on kettle.,None,-vocab_gap:*; +idiom_ok:turn_on_appliance,Boil water in the kettle.
00606-W16Bm4ysK8v/tasks-island_0.json,138,4,R4_appliance_clean,turn_on,turn_on,Turn on kettle.,Turn on kettle.,None,-vocab_gap:*; +idiom_ok:turn_on_appliance,Boil water in the kettle.
00606-W16Bm4ysK8v/tasks-island_0.json,138,7,R4_fireplace_soft,turn_on,turn_on,Turn on the fireplace.,Turn on the fireplace.,on,-vocab_gap:no_ignite_action; +assume_gas_fireplace,Light the fireplace.
00606-W16Bm4ysK8v/tasks-island_0.json,148,3,R2_unload,open,unload,Open clothes dryer.,Unload the clothes dryer.,None,+vocab_extension_v1:open->unload,Unload the clothes dryer.
00606-W16Bm4ysK8v/tasks-island_0.json,151,2,R2_unload,open,unload,Open dishwasher.,Unload the dishwasher.,None,+vocab_extension_v1:open->unload,Unload the dishwasher.
00606-W16Bm4ysK8v/tasks-island_0.json,160,1,R4_appliance_clean,turn_on,turn_on,Turn on kettle.,Turn on kettle.,None,-vocab_gap:*; +idiom_ok:turn_on_appliance,Boil water in the kettle.
00619-R9fYpvCUkV7/tasks-island_1.json,8,4,R4_roll_flag,smooth,smooth,Smooth the gym mat.,Smooth the gym mat.,None,+vocab_gap:roll,Roll up the gym mat.
00619-R9fYpvCUkV7/tasks-island_1.json,17,3,R4_roll_flag,carry,carry,Carry the gym mat.,Carry the gym mat.,None,+vocab_gap:roll,Roll out the gym mat.
00619-R9fYpvCUkV7/tasks-island_1.json,21,4,R4_roll_flag,carry,carry,Carry the gym mat.,Carry the gym mat.,None,+vocab_gap:roll,Roll out the gym mat.
00626-XiJhRLvpKpX/tasks-island_0.json,493,7,F3_repair_FLAG,turn_on,turn_on,Turn on the wall lamp.,Turn on the wall lamp.,on,+vocab_gap:repair,Repair the wall lamp.
00626-XiJhRLvpKpX/tasks-island_0.json,522,3,F3_repair_FLAG,reposition,reposition,Reposition the cabinet.,Reposition the cabinet.,None,+vocab_gap:repair,Repair the cabinet.
00626-XiJhRLvpKpX/tasks-island_0.json,570,4,R4_roll_flag,inspect,inspect,Inspect the exercise ball.,Inspect the exercise ball.,None,+vocab_gap:roll,Roll the exercise ball to the corner.
00643-ggNAcMh8JPT/tasks-island_0.json,34,1,R4_roll_flag,smooth,smooth,Smooth the mat.,Smooth the mat.,None,+vocab_gap:roll,Unroll the mat.
00643-ggNAcMh8JPT/tasks-island_1.json,20,4,R4_roll_flag,inspect,inspect,Inspect the exercise ball.,Inspect the exercise ball.,None,+vocab_gap:roll,Roll the exercise ball.
00643-ggNAcMh8JPT/tasks-island_1.json,37,5,R4_roll_flag,inspect,inspect,Inspect the exercise ball.,Inspect the exercise ball.,None,+vocab_gap:roll,Roll the exercise ball.
00643-ggNAcMh8JPT/tasks-island_1.json,42,4,R4_roll_flag,straighten,straighten,Straighten carpet.,Straighten carpet.,None,+vocab_gap:roll,Roll up the carpet.
00643-ggNAcMh8JPT/tasks-island_1.json,67,5,F3_repair_REMAP,reposition,tighten,Reposition the sink.,Tighten the sink.,None,+vocab_extension_v1:repair_remap->tighten,Repair the sink drain.
00643-ggNAcMh8JPT/tasks-island_1.json,83,5,F3_repair_FLAG,turn_on,turn_on,Turn on the appliance.,Turn on the appliance.,on,+vocab_gap:repair,Repair the appliance.
00643-ggNAcMh8JPT/tasks-island_1.json,90,1,R3_iron,straighten,iron,Straighten the robe.,Iron the robe.,None,+vocab_extension_v1:straighten->iron,Iron the robe.
00643-ggNAcMh8JPT/tasks-island_1.json,97,5,R4_roll_flag,carry,carry,Carry the mat.,Carry the mat.,None,+vocab_gap:roll,Roll out the mat.
00657-TSJmdttd2GV/tasks-island_2.json,47,1,R4_roll_flag,smooth,smooth,Smooth the carpet.,Smooth the carpet.,None,+vocab_gap:roll,Unroll the carpet.
00657-TSJmdttd2GV/tasks-island_2.json,48,5,F3_repair_REMAP,reposition,align,Reposition the mirror.,Align the mirror.,None,+vocab_extension_v1:repair_remap->align,Repair the mirror.
00662-aRKASs4e8j1/tasks-island_0.json,41,2,F3_repair_FLAG,reposition,reposition,Reposition the tap.,Reposition the tap.,None,+vocab_gap:repair,Repair the tap.
00662-aRKASs4e8j1/tasks-island_0.json,56,1,F3_repair_REMAP,reposition,align,Reposition the coat rack.,Align the coat rack.,None,+vocab_extension_v1:repair_remap->align,Repair the coat rack.
00662-aRKASs4e8j1/tasks-island_0.json,65,3,F3_repair_FLAG,reposition,reposition,Reposition the tap.,Reposition the tap.,None,+vocab_gap:repair,Repair the tap.
00662-aRKASs4e8j1/tasks-island_0.json,70,5,F3_repair_REMAP,reposition,align,Reposition the light fixture.,Align the light fixture.,None,+vocab_extension_v1:repair_remap->align,Repair the light fixture.
00662-aRKASs4e8j1/tasks-island_0.json,79,6,F3_repair_FLAG,turn_on,turn_on,Turn on the printer.,Turn on the printer.,on,+vocab_gap:repair,Repair the printer.
00664-u5atqC7vRCY/tasks-island_0.json,15,2,R4_roll_flag,carry,carry,Carry the rug.,Carry the rug.,None,+vocab_gap:roll,Roll out the rug for a flat surface.
00664-u5atqC7vRCY/tasks-island_0.json,20,1,F1_brew_inspect,inspect,start_machine,Inspect the coffee_maker.,Start the coffee_maker.,None,+vocab_extension_v1:inspect->start_machine,Use the coffee maker to brew a drink.
00664-u5atqC7vRCY/tasks-island_0.json,61,1,R4_appliance_clean,turn_on,turn_on,Turn on stove.,Turn on stove.,None,-vocab_gap:*; +idiom_ok:turn_on_appliance,Preheat the stove.
00664-u5atqC7vRCY/tasks-island_0.json,77,2,F1_brew_inspect,inspect,start_machine,Inspect the coffee_maker.,Start the coffee_maker.,None,+vocab_extension_v1:inspect->start_machine,Use the coffee maker to brew a cup.
00664-u5atqC7vRCY/tasks-island_0.json,122,3,R4_appliance_clean,turn_on,turn_on,Turn on the stove to begin cooking.,Turn on the stove to begin cooking.,on,-vocab_gap:*; +idiom_ok:turn_on_appliance,Turn on the stove to begin cooking.
00664-u5atqC7vRCY/tasks-island_0.json,136,5,R4_appliance_clean,turn_on,turn_on,Turn on the stove.,Turn on the stove.,on,-vocab_gap:*; +idiom_ok:turn_on_appliance,Turn on the stove for eggs.
00664-u5atqC7vRCY/tasks-island_0.json,148,2,F2_warm_inspect,inspect,turn_on,Inspect the toaster.,Turn on the toaster.,None,+vocab_extension_v1:inspect->turn_on,Use the toaster to warm up bread.
00664-u5atqC7vRCY/tasks-island_0.json,148,3,R4_appliance_clean,turn_on,turn_on,Turn on the stove to cook.,Turn on the stove to cook.,on,-vocab_gap:*; +idiom_ok:turn_on_appliance,Turn on the stove to cook.
00680-YmWinf3mhb5/tasks-island_0.json,16,3,R4_appliance_clean,turn_on,turn_on,Turn on oven and stove.,Turn on oven and stove.,None,-vocab_gap:*; +idiom_ok:turn_on_appliance,Preheat the oven and stove.
00680-YmWinf3mhb5/tasks-island_0.json,32,1,R4_appliance_clean,turn_on,turn_on,Turn on oven and stove.,Turn on oven and stove.,None,-vocab_gap:*; +idiom_ok:turn_on_appliance,Preheat the oven and stove.
00680-YmWinf3mhb5/tasks-island_0.json,33,4,R4_appliance_clean,turn_on,turn_on,Turn on oven and stove.,Turn on oven and stove.,None,-vocab_gap:*; +idiom_ok:turn_on_appliance,Warm up some broth on the oven and stove.
00680-YmWinf3mhb5/tasks-island_0.json,39,1,R4_roll_flag,carry,carry,Carry the rug.,Carry the rug.,None,+vocab_gap:roll,Roll out the rug for yoga.
00680-YmWinf3mhb5/tasks-island_0.json,54,1,R4_appliance_clean,turn_on,turn_on,Turn on the oven and stove.,Turn on the oven and stove.,on,-vocab_gap:*; +idiom_ok:turn_on_appliance,Turn on the oven and stove.
00680-YmWinf3mhb5/tasks-island_0.json,68,2,R4_appliance_clean,turn_on,turn_on,Turn on the oven and stove.,Turn on the oven and stove.,on,-vocab_gap:*; +idiom_ok:turn_on_appliance,Turn on the oven and stove.
00685-ENiCjXWB6aQ/tasks-island_3.json,9,5,R4_bathtub_clean,turn_on,turn_on,Turn on the bathtub.,Turn on the bathtub.,in,-vocab_gap:no_faucet_action; +idiom_ok:turn_on_appliance,Turn on the water in the bathtub.
00685-ENiCjXWB6aQ/tasks-island_3.json,33,3,F3_repair_REMAP,reposition,tighten,Reposition the cabinet drawer.,Tighten the cabinet drawer.,None,+vocab_extension_v1:repair_remap->tighten,Repair the cabinet drawer track.
00688-SgkmkWjjmDJ/tasks-island_0.json,30,3,R4_appliance_clean,turn_on,turn_on,Turn on the oven and stove.,Turn on the oven and stove.,on,-vocab_gap:*; +idiom_ok:turn_on_appliance,Turn on the oven and stove.
00688-SgkmkWjjmDJ/tasks-island_0.json,47,2,R1_light,turn_on,light,Turn on the candlestick in the living room.,Light the candlestick in the living room.,in,+vocab_extension_v1:turn_on->light; -vocab_gap:no_ignite_action,Light the candlestick in the living room.
00688-SgkmkWjjmDJ/tasks-island_0.json,68,4,R4_appliance_clean,turn_on,turn_on,Turn on the oven and stove.,Turn on the oven and stove.,on,-vocab_gap:*; +idiom_ok:turn_on_appliance,Turn on the oven and stove.
00688-SgkmkWjjmDJ/tasks-island_0.json,95,4,R4_appliance_clean,turn_on,turn_on,Turn on the oven and stove.,Turn on the oven and stove.,on,-vocab_gap:*; +idiom_ok:turn_on_appliance,Turn on the oven and stove.
00688-SgkmkWjjmDJ/tasks-island_0.json,103,5,R4_appliance_clean,turn_off,turn_off,Turn off the oven and stove.,Turn off the oven and stove.,None,-vocab_gap:*; +idiom_ok:turn_on_appliance,Turn off the oven and stove.
00688-SgkmkWjjmDJ/tasks-island_0.json,108,5,R4_appliance_clean,turn_on,turn_on,Turn on the oven and stove.,Turn on the oven and stove.,on,-vocab_gap:*; +idiom_ok:turn_on_appliance,Turn on the oven and stove.
00712-HZ2iMMBsBQ9/tasks-island_0.json,97,6,R2_unload,open,unload,Open dishwasher.,Unload the dishwasher.,None,+vocab_extension_v1:open->unload,Unload the dishwasher.
00720-8B43pG641ff/tasks-island_0.json,30,4,R4_roll_flag,smooth,smooth,Smooth the rug.,Smooth the rug.,None,+vocab_gap:roll,Roll up the rug.
00720-8B43pG641ff/tasks-island_0.json,43,4,R1_light,turn_on,light,Turn on the candle.,Light the candle.,on,+vocab_extension_v1:turn_on->light; -vocab_gap:no_ignite_action,Light the candle
00720-8B43pG641ff/tasks-island_0.json,65,3,R1_light,turn_on,light,Turn on the candle.,Light the candle.,on,+vocab_extension_v1:turn_on->light; -vocab_gap:no_ignite_action,Light the candle.
00720-8B43pG641ff/tasks-island_0.json,88,5,R1_light,turn_on,light,Turn on the candle on the hearth.,Light the candle on the hearth.,on,+vocab_extension_v1:turn_on->light; -vocab_gap:no_ignite_action,Light the candle on the hearth.
00720-8B43pG641ff/tasks-island_0.json,119,1,R1_light,turn_on,light,Turn on the candle.,Light the candle.,on,+vocab_extension_v1:turn_on->light; -vocab_gap:no_ignite_action,Light the candle.
00720-8B43pG641ff/tasks-island_0.json,167,3,R1_light,turn_on,light,Turn on the candle.,Light the candle.,on,+vocab_extension_v1:turn_on->light; -vocab_gap:no_ignite_action,Light the candle.
00720-8B43pG641ff/tasks-island_1.json,15,2,R4_roll_flag,carry,carry,Carry the mat.,Carry the mat.,None,+vocab_gap:roll,Roll out the mat.
00720-8B43pG641ff/tasks-island_1.json,41,4,R4_roll_flag,smooth,smooth,Smooth the mat.,Smooth the mat.,None,+vocab_gap:roll,Roll up the mat.
00723-hWDDQnSDMXb/tasks-island_1.json,1,4,R1_light,turn_on,light,Turn on the candle.,Light the candle.,on,+vocab_extension_v1:turn_on->light; -vocab_gap:no_ignite_action,Light the candle.
00723-hWDDQnSDMXb/tasks-island_1.json,27,2,R1_light,turn_on,light,Turn on the candle.,Light the candle.,on,+vocab_extension_v1:turn_on->light; -vocab_gap:no_ignite_action,Light the candle.
00723-hWDDQnSDMXb/tasks-island_1.json,32,4,R4_fireplace_soft,turn_on,turn_on,Turn on the fireplace.,Turn on the fireplace.,on,-vocab_gap:no_ignite_action; +assume_gas_fireplace,Light the fireplace.
00723-hWDDQnSDMXb/tasks-island_1.json,45,3,R1_light,turn_on,light,Turn on the candle.,Light the candle.,on,+vocab_extension_v1:turn_on->light; -vocab_gap:no_ignite_action,Light the candle.
00723-hWDDQnSDMXb/tasks-island_1.json,60,3,R1_light,turn_on,light,Turn on the candle.,Light the candle.,on,+vocab_extension_v1:turn_on->light; -vocab_gap:no_ignite_action,Light the candle.
00723-hWDDQnSDMXb/tasks-island_1.json,65,3,R4_fireplace_soft,turn_on,turn_on,Turn on the fireplace.,Turn on the fireplace.,on,-vocab_gap:no_ignite_action; +assume_gas_fireplace,Light the fireplace.
00723-hWDDQnSDMXb/tasks-island_1.json,85,1,R4_fireplace_soft,turn_on,turn_on,Turn on the fireplace.,Turn on the fireplace.,on,-vocab_gap:no_ignite_action; +assume_gas_fireplace,Light the fireplace.
00723-hWDDQnSDMXb/tasks-island_1.json,88,6,R4_fireplace_soft,turn_on,turn_on,Turn on the fireplace.,Turn on the fireplace.,on,-vocab_gap:no_ignite_action; +assume_gas_fireplace,Light the fireplace.
00723-hWDDQnSDMXb/tasks-island_1.json,95,6,R1_light,turn_on,light,Turn on the candle on the table.,Light the candle on the table.,on,+vocab_extension_v1:turn_on->light; -vocab_gap:no_ignite_action,Light the candle on the table.
00723-hWDDQnSDMXb/tasks-island_1.json,106,3,R4_fireplace_soft,turn_on,turn_on,Turn on the fireplace.,Turn on the fireplace.,on,-vocab_gap:no_ignite_action; +assume_gas_fireplace,Light the fireplace.
00723-hWDDQnSDMXb/tasks-island_1.json,111,3,R1_light,turn_on,light,Turn on the candle.,Light the candle.,on,+vocab_extension_v1:turn_on->light; -vocab_gap:no_ignite_action,Light the candle.
00723-hWDDQnSDMXb/tasks-island_1.json,120,4,R4_fireplace_soft,turn_on,turn_on,Turn on the fireplace.,Turn on the fireplace.,on,-vocab_gap:no_ignite_action; +assume_gas_fireplace,Prepare the fireplace.
00723-hWDDQnSDMXb/tasks-island_1.json,131,2,R1_light,turn_on,light,Turn on the candle.,Light the candle.,on,+vocab_extension_v1:turn_on->light; -vocab_gap:no_ignite_action,Light a decorative candle.
00723-hWDDQnSDMXb/tasks-island_1.json,143,6,R4_fireplace_soft,turn_on,turn_on,Turn on fireplace.,Turn on fireplace.,None,-vocab_gap:no_ignite_action; +assume_gas_fireplace,Prepare the fireplace for use.
00723-hWDDQnSDMXb/tasks-island_1.json,147,1,R4_fireplace_soft,turn_on,turn_on,Turn on the fireplace.,Turn on the fireplace.,on,-vocab_gap:no_ignite_action; +assume_gas_fireplace,Light the fireplace.
00723-hWDDQnSDMXb/tasks-island_1.json,162,5,R1_light,turn_on,light,Turn on the candle.,Light the candle.,on,+vocab_extension_v1:turn_on->light; -vocab_gap:no_ignite_action,Light the candle.
00723-hWDDQnSDMXb/tasks-island_1.json,170,5,R4_fireplace_soft,turn_on,turn_on,Turn on the fireplace.,Turn on the fireplace.,on,-vocab_gap:no_ignite_action; +assume_gas_fireplace,Light the fireplace.
00723-hWDDQnSDMXb/tasks-island_1.json,178,3,R1_light,turn_on,light,Turn on the candle.,Light the candle.,on,+vocab_extension_v1:turn_on->light; -vocab_gap:no_ignite_action,Light the candle.
00723-hWDDQnSDMXb/tasks-island_1.json,187,1,R2_unload,open,unload,Open dishwasher.,Unload the dishwasher.,None,+vocab_extension_v1:open->unload,Unload the dishwasher.
00723-hWDDQnSDMXb/tasks-island_1.json,189,3,R1_light,turn_on,light,Turn on the candle.,Light the candle.,on,+vocab_extension_v1:turn_on->light; -vocab_gap:no_ignite_action,Light the candle.
00723-hWDDQnSDMXb/tasks-island_1.json,192,3,R1_light,turn_on,light,Turn on the candle.,Light the candle.,on,+vocab_extension_v1:turn_on->light; -vocab_gap:no_ignite_action,Light the candle.
00732-Z2DQddYp1fn/tasks-island_0.json,8,3,R4_roll_flag,carry,carry,Carry the yoga mat.,Carry the yoga mat.,None,+vocab_gap:roll,Roll out the yoga mat.
00732-Z2DQddYp1fn/tasks-island_0.json,17,2,R4_roll_flag,straighten,straighten,Straighten carpet.,Straighten carpet.,None,+vocab_gap:roll,Roll up the carpet.
00732-Z2DQddYp1fn/tasks-island_0.json,28,2,R4_roll_flag,carry,carry,Carry the yoga mat.,Carry the yoga mat.,None,+vocab_gap:roll,Roll out the yoga mat.
00732-Z2DQddYp1fn/tasks-island_0.json,31,2,R4_roll_flag,smooth,smooth,Smooth the yoga mat.,Smooth the yoga mat.,None,+vocab_gap:roll,Roll up the yoga mat.
00732-Z2DQddYp1fn/tasks-island_0.json,34,5,R4_appliance_clean,turn_on,turn_on,Turn on kettle.,Turn on kettle.,None,-vocab_gap:*; +idiom_ok:turn_on_appliance,Boil water in the kettle.
00732-Z2DQddYp1fn/tasks-island_0.json,42,2,R4_roll_flag,smooth,smooth,Smooth the yoga mat.,Smooth the yoga mat.,None,+vocab_gap:roll,Roll up the yoga mat.
00732-Z2DQddYp1fn/tasks-island_0.json,51,2,R4_roll_flag,carry,carry,Carry the yoga mat.,Carry the yoga mat.,None,+vocab_gap:roll,Roll out the yoga mat.
00732-Z2DQddYp1fn/tasks-island_0.json,61,3,R4_appliance_clean,turn_on,turn_on,Turn on kettle.,Turn on kettle.,None,-vocab_gap:*; +idiom_ok:turn_on_appliance,Boil the kettle.
00732-Z2DQddYp1fn/tasks-island_0.json,82,6,R4_appliance_clean,turn_on,turn_on,Turn on kettle.,Turn on kettle.,None,-vocab_gap:*; +idiom_ok:turn_on_appliance,Make tea with the kettle.
00732-Z2DQddYp1fn/tasks-island_0.json,86,2,R4_appliance_clean,turn_on,turn_on,Turn on kettle.,Turn on kettle.,None,-vocab_gap:*; +idiom_ok:turn_on_appliance,Boil the kettle.
00732-Z2DQddYp1fn/tasks-island_0.json,91,1,R4_appliance_clean,turn_on,turn_on,Turn on kettle.,Turn on kettle.,None,-vocab_gap:*; +idiom_ok:turn_on_appliance,Boil water in the kettle.
00732-Z2DQddYp1fn/tasks-island_0.json,107,6,R4_appliance_clean,turn_on,turn_on,Turn on the kettle.,Turn on the kettle.,on,-vocab_gap:*; +idiom_ok:turn_on_appliance,Prepare the kettle.
00732-Z2DQddYp1fn/tasks-island_0.json,112,2,R4_roll_flag,straighten,straighten,Straighten the yoga mat.,Straighten the yoga mat.,None,+vocab_gap:roll,Unroll the yoga mat.
00732-Z2DQddYp1fn/tasks-island_0.json,118,7,R4_appliance_clean,turn_on,turn_on,Turn on the kettle.,Turn on the kettle.,on,-vocab_gap:*; +idiom_ok:turn_on_appliance,Prepare the kettle.
00732-Z2DQddYp1fn/tasks-island_0.json,134,2,R4_roll_flag,carry,carry,Carry the yoga mat.,Carry the yoga mat.,None,+vocab_gap:roll,Roll out the yoga mat.
00732-Z2DQddYp1fn/tasks-island_0.json,152,3,R4_appliance_clean,turn_on,turn_on,Turn on kettle.,Turn on kettle.,None,-vocab_gap:*; +idiom_ok:turn_on_appliance,Boil the kettle.
00733-GtM3JtRvvvR/tasks-island_0.json,90,5,F3_repair_REMAP,reposition,tighten,Reposition the wash cabinet.,Tighten the wash cabinet.,None,+vocab_extension_v1:repair_remap->tighten,Repair the wash cabinet.
00738-GPyDUnjwZQy/tasks-island_0.json,28,1,R4_appliance_clean,turn_on,turn_on,Turn on the kettle.,Turn on the kettle.,on,-vocab_gap:*; +idiom_ok:turn_on_appliance,Turn on the kettle.
00738-GPyDUnjwZQy/tasks-island_0.json,36,2,R4_appliance_clean,turn_on,turn_on,Turn on kettle.,Turn on kettle.,None,-vocab_gap:*; +idiom_ok:turn_on_appliance,Boil water in the kettle.
00741-w8GiikYuFRk/tasks-island_0.json,15,2,R1_light,turn_on,light,Turn on the candle holder.,Light the candle holder.,on,+vocab_extension_v1:turn_on->light; -vocab_gap:no_ignite_action,Turn on the candle holder for ambiance.
00741-w8GiikYuFRk/tasks-island_0.json,38,3,R4_appliance_clean,turn_on,turn_on,Turn on the stove.,Turn on the stove.,on,-vocab_gap:*; +idiom_ok:turn_on_appliance,Turn on the stove for heat.
00741-w8GiikYuFRk/tasks-island_0.json,38,5,R1_light,turn_on,light,Turn on the fireplace sconce.,Light the fireplace sconce.,on,+vocab_extension_v1:turn_on->light; -vocab_gap:no_ignite_action,Light the fireplace sconce.
00741-w8GiikYuFRk/tasks-island_0.json,92,6,R4_appliance_clean,turn_off,turn_off,Turn off the stove.,Turn off the stove.,None,-vocab_gap:*; +idiom_ok:turn_on_appliance,Turn off the stove.
00741-w8GiikYuFRk/tasks-island_0.json,99,3,R4_appliance_clean,turn_on,turn_on,Turn on the stove.,Turn on the stove.,on,-vocab_gap:*; +idiom_ok:turn_on_appliance,Light the stove.
00741-w8GiikYuFRk/tasks-island_0.json,111,6,R4_appliance_clean,turn_off,turn_off,Turn off the stove.,Turn off the stove.,None,-vocab_gap:*; +idiom_ok:turn_on_appliance,Turn off the stove.
00741-w8GiikYuFRk/tasks-island_0.json,121,5,R4_appliance_clean,turn_off,turn_off,Turn off the stove.,Turn off the stove.,None,-vocab_gap:*; +idiom_ok:turn_on_appliance,Turn off the stove.
00741-w8GiikYuFRk/tasks-island_0.json,148,3,R4_appliance_clean,turn_on,turn_on,Turn on stove.,Turn on stove.,None,-vocab_gap:*; +idiom_ok:turn_on_appliance,Preheat the stove to bake treats.
00741-w8GiikYuFRk/tasks-island_0.json,162,1,R4_appliance_clean,turn_on,turn_on,Turn on the stove.,Turn on the stove.,on,-vocab_gap:*; +idiom_ok:turn_on_appliance,Turn on the stove for warmth.
00741-w8GiikYuFRk/tasks-island_0.json,162,3,R4_roll_flag,carry,carry,Carry the rug.,Carry the rug.,None,+vocab_gap:roll,Roll out the rug.
00741-w8GiikYuFRk/tasks-island_0.json,172,3,R4_appliance_clean,turn_on,turn_on,Turn on the stove.,Turn on the stove.,on,-vocab_gap:*; +idiom_ok:turn_on_appliance,Turn on the stove.
00741-w8GiikYuFRk/tasks-island_0.json,181,2,R4_appliance_clean,turn_on,turn_on,Turn on the stove.,Turn on the stove.,on,-vocab_gap:*; +idiom_ok:turn_on_appliance,Turn on the stove.
00741-w8GiikYuFRk/tasks-island_1.json,33,1,R4_appliance_clean,turn_on,turn_on,Turn on the stove.,Turn on the stove.,on,-vocab_gap:*; +idiom_ok:turn_on_appliance,Prepare the stove.
00744-1S7LAXRdDqK/tasks-island_0.json,10,1,R4_fireplace_soft,turn_on,turn_on,Turn on the fireplace.,Turn on the fireplace.,on,-vocab_gap:no_ignite_action; +assume_gas_fireplace,Light the fireplace.
00744-1S7LAXRdDqK/tasks-island_0.json,27,3,R4_appliance_clean,turn_on,turn_on,Turn on kettle.,Turn on kettle.,None,-vocab_gap:*; +idiom_ok:turn_on_appliance,Boil water in the kettle.
00744-1S7LAXRdDqK/tasks-island_0.json,35,2,R4_fireplace_soft,turn_on,turn_on,Turn on the fireplace.,Turn on the fireplace.,on,-vocab_gap:no_ignite_action; +assume_gas_fireplace,Light the fireplace.
00744-1S7LAXRdDqK/tasks-island_0.json,35,5,R1_light,turn_on,light,Turn on the candle on the table.,Light the candle on the table.,on,+vocab_extension_v1:turn_on->light; -vocab_gap:no_ignite_action,Light the candle on the table.
00744-1S7LAXRdDqK/tasks-island_0.json,46,1,R4_appliance_clean,turn_on,turn_on,Turn on kettle.,Turn on kettle.,None,-vocab_gap:*; +idiom_ok:turn_on_appliance,Boil water in the kettle.
00744-1S7LAXRdDqK/tasks-island_0.json,58,2,R4_appliance_clean,turn_on,turn_on,Turn on kettle.,Turn on kettle.,None,-vocab_gap:*; +idiom_ok:turn_on_appliance,Boil water with the kettle for tea.
00744-1S7LAXRdDqK/tasks-island_0.json,69,6,R1_light,turn_on,light,Turn on the candle.,Light the candle.,on,+vocab_extension_v1:turn_on->light; -vocab_gap:no_ignite_action,Light the candle.
00744-1S7LAXRdDqK/tasks-island_0.json,73,3,R4_fireplace_soft,turn_on,turn_on,Turn on the fireplace.,Turn on the fireplace.,on,-vocab_gap:no_ignite_action; +assume_gas_fireplace,Light the fireplace.
00744-1S7LAXRdDqK/tasks-island_0.json,80,2,R1_light,turn_on,light,Turn on the candle.,Light the candle.,on,+vocab_extension_v1:turn_on->light; -vocab_gap:no_ignite_action,Light the candle.
00744-1S7LAXRdDqK/tasks-island_0.json,101,4,R4_appliance_clean,turn_on,turn_on,Turn on kettle.,Turn on kettle.,None,-vocab_gap:*; +idiom_ok:turn_on_appliance,Boil water in the kettle.
00744-1S7LAXRdDqK/tasks-island_0.json,102,3,R1_light,turn_on,light,Turn on the candle.,Light the candle.,on,+vocab_extension_v1:turn_on->light; -vocab_gap:no_ignite_action,Light the candle for better lighting.
00744-1S7LAXRdDqK/tasks-island_0.json,120,4,R1_light,turn_on,light,Turn on the candle.,Light the candle.,on,+vocab_extension_v1:turn_on->light; -vocab_gap:no_ignite_action,Light the candle.
00746-RTV2n6fXB2w/tasks-island_0.json,4,2,R4_appliance_clean,turn_on,turn_on,Turn on the stove.,Turn on the stove.,on,-vocab_gap:*; +idiom_ok:turn_on_appliance,Turn on the stove.
00746-RTV2n6fXB2w/tasks-island_0.json,9,3,R4_fireplace_soft,turn_on,turn_on,Turn on the fireplace.,Turn on the fireplace.,on,-vocab_gap:no_ignite_action; +assume_gas_fireplace,Light the fireplace.
00746-RTV2n6fXB2w/tasks-island_0.json,13,3,R4_fireplace_soft,turn_off,turn_off,Turn off the fireplace.,Turn off the fireplace.,None,-vocab_gap:no_ignite_action; +assume_gas_fireplace,Turn off the fireplace.
00746-RTV2n6fXB2w/tasks-island_0.json,18,5,R4_appliance_clean,turn_off,turn_off,Turn off the stove.,Turn off the stove.,None,-vocab_gap:*; +idiom_ok:turn_on_appliance,Turn off the stove.
00746-RTV2n6fXB2w/tasks-island_0.json,49,3,R4_fireplace_soft,turn_on,turn_on,Turn on the fireplace.,Turn on the fireplace.,on,-vocab_gap:no_ignite_action; +assume_gas_fireplace,Turn on the fireplace.
00746-RTV2n6fXB2w/tasks-island_0.json,56,4,R4_fireplace_soft,turn_on,turn_on,Turn on the fireplace to create ambiance.,Turn on the fireplace to create ambiance.,on,-vocab_gap:no_ignite_action; +assume_gas_fireplace,Light the fireplace to create ambiance.
00746-RTV2n6fXB2w/tasks-island_0.json,59,3,R3_iron,straighten,iron,Straighten the iron.,Iron the clothes with the iron.,None,+vocab_extension_v1:straighten->iron,Iron the clothes with the iron.
00746-RTV2n6fXB2w/tasks-island_0.json,63,2,R4_tune_flag,set_control,set_control,Adjust the violin.,Adjust the violin.,None,+vocab_gap:no_tune_action,Tune the violin.
00746-RTV2n6fXB2w/tasks-island_0.json,66,5,R4_fireplace_soft,turn_on,turn_on,Turn on the fireplace.,Turn on the fireplace.,on,-vocab_gap:no_ignite_action; +assume_gas_fireplace,Turn on the fireplace for warmth.
00746-RTV2n6fXB2w/tasks-island_0.json,70,3,R3_iron,straighten,iron,Straighten the iron.,Iron the shirt using the iron.,None,+vocab_extension_v1:straighten->iron,Iron the shirt using the iron.
00746-RTV2n6fXB2w/tasks-island_0.json,73,4,R4_appliance_clean,turn_on,turn_on,Turn on stove.,Turn on stove.,None,-vocab_gap:*; +idiom_ok:turn_on_appliance,Preheat the stove.
00746-RTV2n6fXB2w/tasks-island_0.json,75,3,R4_tune_flag,set_control,set_control,Adjust the violin.,Adjust the violin.,None,+vocab_gap:no_tune_action,Tune the violin.
00746-RTV2n6fXB2w/tasks-island_0.json,78,5,R4_fireplace_soft,turn_on,turn_on,Turn on the fireplace.,Turn on the fireplace.,on,-vocab_gap:no_ignite_action; +assume_gas_fireplace,Prepare the fireplace.
00746-RTV2n6fXB2w/tasks-island_0.json,81,2,R4_tune_flag,set_control,set_control,Adjust the violin.,Adjust the violin.,None,+vocab_gap:no_tune_action,Tune the violin.
00746-RTV2n6fXB2w/tasks-island_0.json,89,4,R4_fireplace_soft,turn_on,turn_on,Turn on the fireplace.,Turn on the fireplace.,on,-vocab_gap:no_ignite_action; +assume_gas_fireplace,Light the fireplace.
00746-RTV2n6fXB2w/tasks-island_0.json,96,4,R4_appliance_clean,turn_on,turn_on,Turn on the stove.,Turn on the stove.,on,-vocab_gap:*; +idiom_ok:turn_on_appliance,Turn on the stove.
00746-RTV2n6fXB2w/tasks-island_0.json,99,3,R4_tune_flag,set_control,set_control,Adjust the violin.,Adjust the violin.,None,+vocab_gap:no_tune_action,Tune the violin.
00746-RTV2n6fXB2w/tasks-island_0.json,99,4,R4_fireplace_soft,turn_on,turn_on,Turn on the fireplace.,Turn on the fireplace.,on,-vocab_gap:no_ignite_action; +assume_gas_fireplace,Light the fireplace.
00750-E1NrAhMoqvB/tasks-island_0.json,0,4,R4_fireplace_soft,turn_on,turn_on,Turn on the fireplace in the living room.,Turn on the fireplace in the living room.,in,-vocab_gap:no_ignite_action; +assume_gas_fireplace,Start the fireplace in the living room.
00750-E1NrAhMoqvB/tasks-island_0.json,42,1,R4_fireplace_soft,turn_on,turn_on,Turn on the fireplace.,Turn on the fireplace.,on,-vocab_gap:no_ignite_action; +assume_gas_fireplace,Light the fireplace.
00750-E1NrAhMoqvB/tasks-island_0.json,70,1,R4_fireplace_soft,turn_on,turn_on,Turn on the fireplace.,Turn on the fireplace.,on,-vocab_gap:no_ignite_action; +assume_gas_fireplace,Light the fireplace.
00750-E1NrAhMoqvB/tasks-island_0.json,109,2,R2_unload,open,unload,Open dishwasher.,Unload the dishwasher.,None,+vocab_extension_v1:open->unload,Unload the dishwasher.
00750-E1NrAhMoqvB/tasks-island_0.json,122,3,R4_roll_flag,carry,carry,Carry the floor mat.,Carry the floor mat.,None,+vocab_gap:roll,Roll out the floor mat.
00750-E1NrAhMoqvB/tasks-island_0.json,139,4,R4_fireplace_soft,turn_on,turn_on,Turn on the fireplace.,Turn on the fireplace.,on,-vocab_gap:no_ignite_action; +assume_gas_fireplace,Light the fireplace.
00750-E1NrAhMoqvB/tasks-island_0.json,169,1,R4_fireplace_soft,turn_on,turn_on,Turn on the fireplace.,Turn on the fireplace.,on,-vocab_gap:no_ignite_action; +assume_gas_fireplace,Light the fireplace.
00750-E1NrAhMoqvB/tasks-island_0.json,196,1,R4_fireplace_soft,turn_on,turn_on,Turn on the fireplace.,Turn on the fireplace.,on,-vocab_gap:no_ignite_action; +assume_gas_fireplace,Light the fireplace.
00750-E1NrAhMoqvB/tasks-island_0.json,202,5,R2_unload,open,unload,Open dishwasher.,Unload the dishwasher.,None,+vocab_extension_v1:open->unload,Unload the dishwasher.
00750-E1NrAhMoqvB/tasks-island_0.json,222,1,R4_fireplace_soft,turn_on,turn_on,Turn on the fireplace.,Turn on the fireplace.,on,-vocab_gap:no_ignite_action; +assume_gas_fireplace,Light the fireplace.
00758-HfMobPm86Xn/tasks-island_0.json,13,1,R4_appliance_clean,turn_on,turn_on,Turn on cooker.,Turn on cooker.,None,-vocab_gap:*; +idiom_ok:turn_on_appliance,Preheat the cooker.
00758-HfMobPm86Xn/tasks-island_0.json,20,2,R2_unload,open,unload,Open dishwasher.,Unload the dishwasher.,None,+vocab_extension_v1:open->unload,Unload the dishwasher.
00758-HfMobPm86Xn/tasks-island_0.json,30,2,R4_appliance_clean,turn_on,turn_on,Turn on cooker.,Turn on cooker.,None,-vocab_gap:*; +idiom_ok:turn_on_appliance,Preheat the cooker.
00758-HfMobPm86Xn/tasks-island_0.json,63,1,R4_fireplace_soft,turn_on,turn_on,Turn on the fireplace in the living room.,Turn on the fireplace in the living room.,in,-vocab_gap:no_ignite_action; +assume_gas_fireplace,Light the fireplace in the living room.
00758-HfMobPm86Xn/tasks-island_0.json,74,4,R4_fireplace_soft,turn_on,turn_on,Turn on the fireplace.,Turn on the fireplace.,on,-vocab_gap:no_ignite_action; +assume_gas_fireplace,Light the living room fireplace.
00758-HfMobPm86Xn/tasks-island_0.json,76,2,R4_appliance_clean,turn_on,turn_on,Turn on the cooker.,Turn on the cooker.,on,-vocab_gap:*; +idiom_ok:turn_on_appliance,Turn on the cooker.
00758-HfMobPm86Xn/tasks-island_0.json,80,3,R4_appliance_clean,turn_on,turn_on,Turn on the cooker.,Turn on the cooker.,on,-vocab_gap:*; +idiom_ok:turn_on_appliance,Turn on the cooker.
00758-HfMobPm86Xn/tasks-island_0.json,85,3,R4_appliance_clean,turn_on,turn_on,Turn on the cooker.,Turn on the cooker.,on,-vocab_gap:*; +idiom_ok:turn_on_appliance,Turn on the cooker.
00758-HfMobPm86Xn/tasks-island_0.json,98,3,R4_fireplace_soft,turn_on,turn_on,Turn on the fireplace.,Turn on the fireplace.,on,-vocab_gap:no_ignite_action; +assume_gas_fireplace,Light the fireplace.
00758-HfMobPm86Xn/tasks-island_0.json,113,1,R4_appliance_clean,turn_on,turn_on,Turn on cooker.,Turn on cooker.,None,-vocab_gap:*; +idiom_ok:turn_on_appliance,Preheat the cooker.
00758-HfMobPm86Xn/tasks-island_0.json,118,1,R3_iron,straighten,iron,Straighten items on the wash cabinet.,Iron the shirt on the wash cabinet.,on,+vocab_extension_v1:straighten->iron,Iron the shirt on the wash cabinet.
00758-HfMobPm86Xn/tasks-island_0.json,131,1,R4_appliance_clean,turn_on,turn_on,Turn on kettle.,Turn on kettle.,None,-vocab_gap:*; +idiom_ok:turn_on_appliance,Boil water in the kettle.
00758-HfMobPm86Xn/tasks-island_0.json,135,2,R4_fireplace_soft,turn_on,turn_on,Turn on the fireplace.,Turn on the fireplace.,on,-vocab_gap:no_ignite_action; +assume_gas_fireplace,Light the fireplace.
00758-HfMobPm86Xn/tasks-island_0.json,146,5,F3_repair_REMAP,reposition,tighten,Reposition the locker.,Tighten the locker.,None,+vocab_extension_v1:repair_remap->tighten,Repair the locker handle.
00758-HfMobPm86Xn/tasks-island_0.json,147,1,R4_appliance_clean,turn_on,turn_on,Turn on cooker.,Turn on cooker.,None,-vocab_gap:*; +idiom_ok:turn_on_appliance,Preheat the cooker.
00758-HfMobPm86Xn/tasks-island_0.json,150,1,R4_appliance_clean,turn_on,turn_on,Turn on kettle.,Turn on kettle.,None,-vocab_gap:*; +idiom_ok:turn_on_appliance,Boil water in the kettle.
00758-HfMobPm86Xn/tasks-island_0.json,169,1,R4_appliance_clean,turn_on,turn_on,Turn on kettle.,Turn on kettle.,None,-vocab_gap:*; +idiom_ok:turn_on_appliance,Boil the kettle.
00758-HfMobPm86Xn/tasks-island_0.json,171,1,R4_fireplace_soft,turn_on,turn_on,Turn on the fireplace.,Turn on the fireplace.,on,-vocab_gap:no_ignite_action; +assume_gas_fireplace,Light the fireplace.
00758-HfMobPm86Xn/tasks-island_0.json,184,1,R4_appliance_clean,turn_on,turn_on,Turn on kettle.,Turn on kettle.,None,-vocab_gap:*; +idiom_ok:turn_on_appliance,Boil water in the kettle.
00758-HfMobPm86Xn/tasks-island_0.json,184,3,R2_unload,open,unload,Open dishwasher.,Unload the dishwasher.,None,+vocab_extension_v1:open->unload,Unload the dishwasher.
00758-HfMobPm86Xn/tasks-island_0.json,203,5,R4_appliance_clean,turn_on,turn_on,Turn on cooker.,Turn on cooker.,None,-vocab_gap:*; +idiom_ok:turn_on_appliance,Preheat the cooker.
00758-HfMobPm86Xn/tasks-island_0.json,213,5,R4_appliance_clean,turn_on,turn_on,Turn on kettle.,Turn on kettle.,None,-vocab_gap:*; +idiom_ok:turn_on_appliance,Boil the kettle.
00758-HfMobPm86Xn/tasks-island_0.json,216,5,R2_unload,open,unload,Open dishwasher.,Unload the dishwasher.,None,+vocab_extension_v1:open->unload,Unload the dishwasher.
00758-HfMobPm86Xn/tasks-island_0.json,218,3,R4_appliance_clean,turn_on,turn_on,Turn on the cooker.,Turn on the cooker.,on,-vocab_gap:*; +idiom_ok:turn_on_appliance,Turn on the cooker.
00758-HfMobPm86Xn/tasks-island_0.json,223,1,R4_fireplace_soft,turn_on,turn_on,Turn on the fireplace in the living room.,Turn on the fireplace in the living room.,in,-vocab_gap:no_ignite_action; +assume_gas_fireplace,Prepare the fireplace in the living room.
00758-HfMobPm86Xn/tasks-island_0.json,233,3,R4_appliance_clean,turn_on,turn_on,Turn on kettle.,Turn on kettle.,None,-vocab_gap:*; +idiom_ok:turn_on_appliance,Boil the kettle.
00758-HfMobPm86Xn/tasks-island_0.json,239,6,R4_appliance_clean,turn_on,turn_on,Turn on cooker.,Turn on cooker.,None,-vocab_gap:*; +idiom_ok:turn_on_appliance,Preheat the cooker.
00758-HfMobPm86Xn/tasks-island_0.json,252,2,R4_appliance_clean,turn_on,turn_on,Turn on cooker.,Turn on cooker.,None,-vocab_gap:*; +idiom_ok:turn_on_appliance,Preheat the cooker.
00758-HfMobPm86Xn/tasks-island_0.json,257,1,R4_fireplace_soft,turn_on,turn_on,Turn on the fireplace.,Turn on the fireplace.,on,-vocab_gap:no_ignite_action; +assume_gas_fireplace,Light the fireplace.
00758-HfMobPm86Xn/tasks-island_0.json,266,3,R4_appliance_clean,turn_on,turn_on,Turn on the cooker.,Turn on the cooker.,on,-vocab_gap:*; +idiom_ok:turn_on_appliance,Turn on the cooker.
00758-HfMobPm86Xn/tasks-island_0.json,268,1,R4_fireplace_soft,turn_on,turn_on,Turn on the fireplace.,Turn on the fireplace.,on,-vocab_gap:no_ignite_action; +assume_gas_fireplace,Light the fireplace.
00758-HfMobPm86Xn/tasks-island_0.json,285,4,R4_fireplace_soft,turn_on,turn_on,Turn on the fireplace.,Turn on the fireplace.,on,-vocab_gap:no_ignite_action; +assume_gas_fireplace,Turn on the fireplace.
00758-HfMobPm86Xn/tasks-island_0.json,303,1,R4_appliance_clean,turn_on,turn_on,Turn on the cooker.,Turn on the cooker.,on,-vocab_gap:*; +idiom_ok:turn_on_appliance,Turn on the cooker.
00758-HfMobPm86Xn/tasks-island_0.json,304,3,R4_fireplace_soft,turn_on,turn_on,Turn on the fireplace in the lounge.,Turn on the fireplace in the lounge.,in,-vocab_gap:no_ignite_action; +assume_gas_fireplace,Light the fireplace in the lounge.
00758-HfMobPm86Xn/tasks-island_0.json,311,2,R4_appliance_clean,turn_on,turn_on,Turn on cooker.,Turn on cooker.,None,-vocab_gap:*; +idiom_ok:turn_on_appliance,Preheat the cooker for meal preparation.
00800-TEEsavR23oF/tasks-island_0.json,46,1,R3_iron,straighten,iron,Straighten the iron board.,Iron the clothes.,on,+vocab_extension_v1:straighten->iron,Iron the clothes.
00800-TEEsavR23oF/tasks-island_0.json,58,1,R2_unload,open,unload,Open dishwasher.,Unload the dishwasher.,None,+vocab_extension_v1:open->unload,Unload the dishwasher.
00802-wcojb4TFT35/tasks-island_1.json,21,4,R4_roll_flag,inspect,inspect,Inspect the bicycle.,Inspect the bicycle.,None,+vocab_gap:roll,Roll the bicycle away.
00802-wcojb4TFT35/tasks-island_1.json,31,7,R4_roll_flag,inspect,inspect,Inspect the bag.,Inspect the bag.,None,+vocab_gap:roll,Roll the bag.
00802-wcojb4TFT35/tasks-island_1.json,36,3,R4_roll_flag,inspect,inspect,Inspect the bags.,Inspect the bags.,None,+vocab_gap:roll,Roll the bags.
00802-wcojb4TFT35/tasks-island_2.json,2,2,R4_appliance_clean,turn_on,turn_on,Turn on the kettle.,Turn on the kettle.,on,-vocab_gap:*; +idiom_ok:turn_on_appliance,Turn on the kettle.
00802-wcojb4TFT35/tasks-island_2.json,14,2,R4_appliance_clean,turn_on,turn_on,Turn on the kettle.,Turn on the kettle.,on,-vocab_gap:*; +idiom_ok:turn_on_appliance,Turn on the kettle.
00802-wcojb4TFT35/tasks-island_2.json,25,1,R4_fireplace_soft,turn_on,turn_on,Turn on the fireplace.,Turn on the fireplace.,on,-vocab_gap:no_ignite_action; +assume_gas_fireplace,Light the fireplace.
00802-wcojb4TFT35/tasks-island_2.json,36,1,R4_appliance_clean,turn_on,turn_on,Turn on kettle.,Turn on kettle.,None,-vocab_gap:*; +idiom_ok:turn_on_appliance,Boil the kettle.
00802-wcojb4TFT35/tasks-island_2.json,37,1,R4_fireplace_soft,turn_on,turn_on,Turn on the fireplace.,Turn on the fireplace.,on,-vocab_gap:no_ignite_action; +assume_gas_fireplace,Light the fireplace.
00802-wcojb4TFT35/tasks-island_2.json,44,2,R4_appliance_clean,turn_off,turn_off,Turn off the kettle.,Turn off the kettle.,None,-vocab_gap:*; +idiom_ok:turn_on_appliance,Turn off the kettle.
00802-wcojb4TFT35/tasks-island_2.json,50,1,R4_fireplace_soft,turn_on,turn_on,Turn on the fireplace.,Turn on the fireplace.,on,-vocab_gap:no_ignite_action; +assume_gas_fireplace,Light the fireplace.
00802-wcojb4TFT35/tasks-island_2.json,50,4,R4_appliance_clean,turn_on,turn_on,Turn on kettle.,Turn on kettle.,None,-vocab_gap:*; +idiom_ok:turn_on_appliance,Make a hot drink with the kettle.
00802-wcojb4TFT35/tasks-island_2.json,51,3,R4_appliance_clean,turn_on,turn_on,Turn on kettle.,Turn on kettle.,None,-vocab_gap:*; +idiom_ok:turn_on_appliance,Boil water in the kettle.
00802-wcojb4TFT35/tasks-island_2.json,61,2,R4_appliance_clean,turn_on,turn_on,Turn on kettle.,Turn on kettle.,None,-vocab_gap:*; +idiom_ok:turn_on_appliance,Make coffee with the kettle.
00802-wcojb4TFT35/tasks-island_2.json,67,1,R4_fireplace_soft,turn_on,turn_on,Turn on the fireplace.,Turn on the fireplace.,on,-vocab_gap:no_ignite_action; +assume_gas_fireplace,Light the fireplace.
00802-wcojb4TFT35/tasks-island_2.json,68,5,R4_appliance_clean,turn_on,turn_on,Turn on kettle.,Turn on kettle.,None,-vocab_gap:*; +idiom_ok:turn_on_appliance,Prepare some tea with the kettle.
00802-wcojb4TFT35/tasks-island_2.json,70,5,R4_appliance_clean,turn_on,turn_on,Turn on kettle.,Turn on kettle.,None,-vocab_gap:*; +idiom_ok:turn_on_appliance,Boil water in the kettle for coffee.
00802-wcojb4TFT35/tasks-island_2.json,72,1,R4_fireplace_soft,turn_on,turn_on,Turn on the fireplace.,Turn on the fireplace.,on,-vocab_gap:no_ignite_action; +assume_gas_fireplace,Turn on the fireplace.
00802-wcojb4TFT35/tasks-island_2.json,77,1,R4_appliance_clean,turn_on,turn_on,Turn on kettle.,Turn on kettle.,None,-vocab_gap:*; +idiom_ok:turn_on_appliance,Boil water in the kettle.
00802-wcojb4TFT35/tasks-island_2.json,80,4,R4_appliance_clean,turn_on,turn_on,Turn on kettle.,Turn on kettle.,None,-vocab_gap:*; +idiom_ok:turn_on_appliance,Boil water in the kettle for tea.
00802-wcojb4TFT35/tasks-island_2.json,87,4,F2_warm_inspect,inspect,turn_on,Inspect the kettle.,Turn on the kettle.,None,+vocab_extension_v1:inspect->turn_on,Use the kettle to warm some water for sensitive plants.
00802-wcojb4TFT35/tasks-island_2.json,98,7,R2_unload,open,unload,Open dishwasher.,Unload the dishwasher.,None,+vocab_extension_v1:open->unload,Unload the dishwasher.
00808-y9hTuugGdiq/tasks-island_0.json,2,2,R4_fireplace_soft,turn_on,turn_on,Turn on the fireplace.,Turn on the fireplace.,on,-vocab_gap:no_ignite_action; +assume_gas_fireplace,Light the fireplace.
00808-y9hTuugGdiq/tasks-island_0.json,26,1,R4_fireplace_soft,turn_on,turn_on,Turn on the fireplace.,Turn on the fireplace.,on,-vocab_gap:no_ignite_action; +assume_gas_fireplace,Light the fireplace.
00808-y9hTuugGdiq/tasks-island_0.json,79,1,R4_roll_flag,carry,carry,Carry the rug.,Carry the rug.,None,+vocab_gap:roll,Roll out the rug.
00808-y9hTuugGdiq/tasks-island_0.json,88,2,R3_iron,smooth,iron,Smooth the bed.,Iron on the bed.,on,+vocab_extension_v1:smooth->iron,Iron on the bed.
00808-y9hTuugGdiq/tasks-island_1.json,7,1,R4_fireplace_soft,turn_on,turn_on,Turn on the fireplace.,Turn on the fireplace.,on,-vocab_gap:no_ignite_action; +assume_gas_fireplace,Turn on the fireplace.
00808-y9hTuugGdiq/tasks-island_1.json,24,2,R4_fireplace_soft,turn_on,turn_on,Turn on the fireplace.,Turn on the fireplace.,on,-vocab_gap:no_ignite_action; +assume_gas_fireplace,Turn on the fireplace.
00808-y9hTuugGdiq/tasks-island_1.json,50,6,R4_fireplace_soft,turn_on,turn_on,Turn on the fireplace.,Turn on the fireplace.,on,-vocab_gap:no_ignite_action; +assume_gas_fireplace,Light the fireplace.
00810-CrMo8WxCyVb/tasks-island_0.json,7,2,R4_fireplace_soft,turn_on,turn_on,Turn on the fireplace.,Turn on the fireplace.,on,-vocab_gap:no_ignite_action; +assume_gas_fireplace,Turn on the fireplace.
00810-CrMo8WxCyVb/tasks-island_0.json,7,3,R1_light,turn_on,light,Turn on the candlestick.,Light the candlestick.,on,+vocab_extension_v1:turn_on->light; -vocab_gap:no_ignite_action,Light the candlestick.
00810-CrMo8WxCyVb/tasks-island_0.json,21,4,R4_fireplace_soft,turn_on,turn_on,Turn on the fireplace.,Turn on the fireplace.,on,-vocab_gap:no_ignite_action; +assume_gas_fireplace,Light the fireplace.
00810-CrMo8WxCyVb/tasks-island_0.json,48,3,R4_fireplace_soft,turn_on,turn_on,Turn on the fireplace.,Turn on the fireplace.,on,-vocab_gap:no_ignite_action; +assume_gas_fireplace,Light the fireplace.
00810-CrMo8WxCyVb/tasks-island_0.json,72,5,R1_light,turn_on,light,Turn on the candlestick.,Light the candlestick.,on,+vocab_extension_v1:turn_on->light; -vocab_gap:no_ignite_action,Light the candlestick for ambiance.
00810-CrMo8WxCyVb/tasks-island_0.json,75,1,R4_appliance_clean,turn_on,turn_on,Turn on oven and stove.,Turn on oven and stove.,None,-vocab_gap:*; +idiom_ok:turn_on_appliance,Preheat the oven and stove.
00810-CrMo8WxCyVb/tasks-island_0.json,78,3,F3_repair_REMAP,reposition,tighten,Reposition the sink.,Tighten the sink.,None,+vocab_extension_v1:repair_remap->tighten,Repair the sink.
00810-CrMo8WxCyVb/tasks-island_0.json,91,1,R4_fireplace_soft,turn_on,turn_on,Turn on the fireplace.,Turn on the fireplace.,on,-vocab_gap:no_ignite_action; +assume_gas_fireplace,Light the fireplace.
00810-CrMo8WxCyVb/tasks-island_0.json,102,4,R4_fireplace_soft,turn_on,turn_on,Turn on the fireplace.,Turn on the fireplace.,on,-vocab_gap:no_ignite_action; +assume_gas_fireplace,Turn on the fireplace.
00810-CrMo8WxCyVb/tasks-island_0.json,102,5,R1_light,turn_on,light,Turn on the candlestick.,Light the candlestick.,on,+vocab_extension_v1:turn_on->light; -vocab_gap:no_ignite_action,Light the candlestick.
00810-CrMo8WxCyVb/tasks-island_0.json,108,2,R4_fireplace_soft,turn_on,turn_on,Turn on the fireplace.,Turn on the fireplace.,on,-vocab_gap:no_ignite_action; +assume_gas_fireplace,Turn on the fireplace.
00810-CrMo8WxCyVb/tasks-island_0.json,110,5,F3_repair_FLAG,turn_on,turn_on,Turn on the lamp.,Turn on the lamp.,on,+vocab_gap:repair,Repair the lamp.
00810-CrMo8WxCyVb/tasks-island_0.json,117,3,F3_repair_FLAG,reposition,reposition,Reposition the cabinet.,Reposition the cabinet.,None,+vocab_gap:repair,Repair the cabinet.
00810-CrMo8WxCyVb/tasks-island_0.json,119,3,R1_light,turn_on,light,Turn on the candlestick.,Light the candlestick.,on,+vocab_extension_v1:turn_on->light; -vocab_gap:no_ignite_action,Light the candlestick.
00810-CrMo8WxCyVb/tasks-island_0.json,119,5,R4_fireplace_soft,turn_on,turn_on,Turn on the fireplace.,Turn on the fireplace.,on,-vocab_gap:no_ignite_action; +assume_gas_fireplace,Turn on the fireplace.
00810-CrMo8WxCyVb/tasks-island_0.json,134,5,F3_repair_REMAP,reposition,tighten,Reposition the cabinet.,Tighten the cabinet.,on,+vocab_extension_v1:repair_remap->tighten,Repair the hinge on the cabinet.
00810-CrMo8WxCyVb/tasks-island_0.json,150,6,R4_appliance_clean,turn_on,turn_on,Turn on oven and stove.,Turn on oven and stove.,None,-vocab_gap:*; +idiom_ok:turn_on_appliance,Preheat the oven and stove.
00810-CrMo8WxCyVb/tasks-island_0.json,155,1,R1_light,turn_on,light,Turn on the candlestick.,Light the candlestick.,on,+vocab_extension_v1:turn_on->light; -vocab_gap:no_ignite_action,Light the candlestick.
00810-CrMo8WxCyVb/tasks-island_0.json,157,1,R4_fireplace_soft,turn_on,turn_on,Turn on the fireplace.,Turn on the fireplace.,on,-vocab_gap:no_ignite_action; +assume_gas_fireplace,Light the fireplace.
00810-CrMo8WxCyVb/tasks-island_0.json,171,4,R1_light,turn_on,light,Turn on the candlestick.,Light the candlestick.,on,+vocab_extension_v1:turn_on->light; -vocab_gap:no_ignite_action,Light the candlestick.
00810-CrMo8WxCyVb/tasks-island_0.json,172,3,F3_repair_REMAP,reposition,tighten,Reposition the bench.,Tighten the bench.,None,+vocab_extension_v1:repair_remap->tighten,Repair the bench.
00810-CrMo8WxCyVb/tasks-island_0.json,180,6,R4_fireplace_soft,turn_on,turn_on,Turn on the fireplace.,Turn on the fireplace.,on,-vocab_gap:no_ignite_action; +assume_gas_fireplace,Light the fireplace.
00810-CrMo8WxCyVb/tasks-island_0.json,196,3,R4_fireplace_soft,turn_on,turn_on,Turn on the fireplace.,Turn on the fireplace.,on,-vocab_gap:no_ignite_action; +assume_gas_fireplace,Light the fireplace.
00813-svBbv1Pavdk/tasks-island_0.json,46,5,R4_appliance_clean,turn_on,turn_on,Turn on stove.,Turn on stove.,None,-vocab_gap:*; +idiom_ok:turn_on_appliance,Preheat the stove.
00813-svBbv1Pavdk/tasks-island_0.json,57,1,R4_appliance_clean,turn_off,turn_off,Turn off the stove.,Turn off the stove.,None,-vocab_gap:*; +idiom_ok:turn_on_appliance,Turn off the stove.
00813-svBbv1Pavdk/tasks-island_0.json,70,4,R4_appliance_clean,turn_on,turn_on,Turn on the stove.,Turn on the stove.,on,-vocab_gap:*; +idiom_ok:turn_on_appliance,Prepare the stove.
00813-svBbv1Pavdk/tasks-island_0.json,96,4,R4_appliance_clean,turn_on,turn_on,Turn on the stove.,Turn on the stove.,on,-vocab_gap:*; +idiom_ok:turn_on_appliance,Turn on the stove.
00813-svBbv1Pavdk/tasks-island_0.json,103,6,R4_appliance_clean,turn_on,turn_on,Turn on the stove.,Turn on the stove.,on,-vocab_gap:*; +idiom_ok:turn_on_appliance,Turn on the stove.
00813-svBbv1Pavdk/tasks-island_0.json,109,1,R4_appliance_clean,turn_on,turn_on,Turn on stove.,Turn on stove.,None,-vocab_gap:*; +idiom_ok:turn_on_appliance,Boil water on the stove.
00814-p53SfW6mjZe/tasks-island_0.json,21,1,R4_fireplace_soft,turn_on,turn_on,Turn on the fireplace.,Turn on the fireplace.,on,-vocab_gap:no_ignite_action; +assume_gas_fireplace,Light the fireplace.
00814-p53SfW6mjZe/tasks-island_0.json,69,2,R4_fireplace_soft,turn_on,turn_on,Turn on the fireplace.,Turn on the fireplace.,on,-vocab_gap:no_ignite_action; +assume_gas_fireplace,Light the fireplace.
00814-p53SfW6mjZe/tasks-island_0.json,86,1,R4_roll_flag,carry,carry,Carry the mat.,Carry the mat.,None,+vocab_gap:roll,Roll out the mat.
00814-p53SfW6mjZe/tasks-island_0.json,103,4,R4_roll_flag,smooth,smooth,Smooth the mat.,Smooth the mat.,None,+vocab_gap:roll,Roll up the mat on the floor.
00814-p53SfW6mjZe/tasks-island_0.json,105,4,F3_repair_REMAP,reposition,tighten,Reposition the sink.,Tighten the sink.,in,+vocab_extension_v1:repair_remap->tighten,Repair the sink in the kitchen.
00814-p53SfW6mjZe/tasks-island_0.json,156,6,R4_fireplace_soft,turn_on,turn_on,Turn on the fireplace.,Turn on the fireplace.,on,-vocab_gap:no_ignite_action; +assume_gas_fireplace,Tend to the fireplace.
00814-p53SfW6mjZe/tasks-island_0.json,170,2,R4_fireplace_soft,turn_on,turn_on,Turn on the fireplace.,Turn on the fireplace.,on,-vocab_gap:no_ignite_action; +assume_gas_fireplace,Light the fireplace.
00814-p53SfW6mjZe/tasks-island_0.json,175,1,R4_fireplace_soft,turn_on,turn_on,Turn on the fireplace.,Turn on the fireplace.,in,-vocab_gap:no_ignite_action; +assume_gas_fireplace,Light a fire in the fireplace.
00814-p53SfW6mjZe/tasks-island_0.json,189,5,R4_fireplace_soft,turn_on,turn_on,Turn on the fireplace.,Turn on the fireplace.,on,-vocab_gap:no_ignite_action; +assume_gas_fireplace,Light the fireplace for ambiance.
00814-p53SfW6mjZe/tasks-island_0.json,220,1,R4_roll_flag,carry,carry,Carry the mat.,Carry the mat.,None,+vocab_gap:roll,Roll out the mat.
00814-p53SfW6mjZe/tasks-island_0.json,228,2,R4_fireplace_soft,turn_on,turn_on,Turn on the fireplace.,Turn on the fireplace.,on,-vocab_gap:no_ignite_action; +assume_gas_fireplace,Light the fireplace.
00814-p53SfW6mjZe/tasks-island_0.json,230,1,R4_fireplace_soft,turn_on,turn_on,Turn on the fireplace.,Turn on the fireplace.,on,-vocab_gap:no_ignite_action; +assume_gas_fireplace,Light the fireplace.
00814-p53SfW6mjZe/tasks-island_0.json,254,1,R4_fireplace_soft,turn_on,turn_on,Turn on the fireplace.,Turn on the fireplace.,on,-vocab_gap:no_ignite_action; +assume_gas_fireplace,Light the fireplace.
00814-p53SfW6mjZe/tasks-island_0.json,280,1,R4_fireplace_soft,turn_on,turn_on,Turn on the fireplace.,Turn on the fireplace.,on,-vocab_gap:no_ignite_action; +assume_gas_fireplace,Light the fireplace.
00814-p53SfW6mjZe/tasks-island_0.json,305,1,R4_roll_flag,carry,carry,Carry the mat.,Carry the mat.,None,+vocab_gap:roll,Roll out the mat for stretching.
00815-h1zeeAwLh9Z/tasks-island_0.json,19,4,F3_repair_FLAG,reposition,reposition,Reposition the piano.,Reposition the piano.,None,+vocab_gap:repair,Repair the piano.
00815-h1zeeAwLh9Z/tasks-island_0.json,32,5,R4_appliance_clean,turn_on,turn_on,Turn on the oven and stove to boil water.,Turn on the oven and stove to boil water.,on,-vocab_gap:*; +idiom_ok:turn_on_appliance,Turn on the oven and stove to boil water.
00815-h1zeeAwLh9Z/tasks-island_0.json,35,3,R4_appliance_clean,turn_on,turn_on,Turn on oven and stove.,Turn on oven and stove.,None,-vocab_gap:*; +idiom_ok:turn_on_appliance,Pre-heat the oven and stove.
00815-h1zeeAwLh9Z/tasks-island_0.json,36,5,R4_fireplace_soft,turn_on,turn_on,Turn on the fireplace.,Turn on the fireplace.,on,-vocab_gap:no_ignite_action; +assume_gas_fireplace,Light the fireplace.
00815-h1zeeAwLh9Z/tasks-island_0.json,45,5,R4_fireplace_soft,turn_on,turn_on,Turn on the fireplace.,Turn on the fireplace.,on,-vocab_gap:no_ignite_action; +assume_gas_fireplace,Light the fireplace.
00815-h1zeeAwLh9Z/tasks-island_0.json,54,2,R4_appliance_clean,turn_on,turn_on,Turn on oven and stove.,Turn on oven and stove.,None,-vocab_gap:*; +idiom_ok:turn_on_appliance,Pre-heat the oven and stove.
00815-h1zeeAwLh9Z/tasks-island_0.json,60,1,R4_fireplace_soft,turn_on,turn_on,Turn on the fireplace.,Turn on the fireplace.,on,-vocab_gap:no_ignite_action; +assume_gas_fireplace,Light the fireplace.
00815-h1zeeAwLh9Z/tasks-island_0.json,65,2,R4_appliance_clean,turn_on,turn_on,Turn on oven and stove.,Turn on oven and stove.,None,-vocab_gap:*; +idiom_ok:turn_on_appliance,Boil water on the oven and stove.
00815-h1zeeAwLh9Z/tasks-island_0.json,73,1,R4_fireplace_soft,turn_on,turn_on,Turn on the fireplace.,Turn on the fireplace.,on,-vocab_gap:no_ignite_action; +assume_gas_fireplace,Light the fireplace.
00815-h1zeeAwLh9Z/tasks-island_0.json,82,1,R4_appliance_clean,turn_on,turn_on,Turn on oven and stove.,Turn on oven and stove.,None,-vocab_gap:*; +idiom_ok:turn_on_appliance,Preheat the oven and stove.
00815-h1zeeAwLh9Z/tasks-island_0.json,84,1,R4_fireplace_soft,turn_on,turn_on,Turn on the fireplace.,Turn on the fireplace.,on,-vocab_gap:no_ignite_action; +assume_gas_fireplace,Light the fireplace.
00815-h1zeeAwLh9Z/tasks-island_0.json,88,6,R4_fireplace_soft,turn_on,turn_on,Turn on the fireplace.,Turn on the fireplace.,on,-vocab_gap:no_ignite_action; +assume_gas_fireplace,Light the fireplace.
00815-h1zeeAwLh9Z/tasks-island_0.json,108,1,R4_fireplace_soft,turn_on,turn_on,Turn on the fireplace.,Turn on the fireplace.,on,-vocab_gap:no_ignite_action; +assume_gas_fireplace,Light the fireplace.
00815-h1zeeAwLh9Z/tasks-island_0.json,120,2,R4_fireplace_soft,turn_on,turn_on,Turn on the fireplace.,Turn on the fireplace.,on,-vocab_gap:no_ignite_action; +assume_gas_fireplace,Light the fireplace.
00815-h1zeeAwLh9Z/tasks-island_0.json,127,5,R4_fireplace_soft,turn_on,turn_on,Turn on the fireplace.,Turn on the fireplace.,on,-vocab_gap:no_ignite_action; +assume_gas_fireplace,Light the fireplace.
00820-mL8ThkuaVTM/tasks-island_0.json,3,2,R4_fireplace_soft,turn_on,turn_on,Turn on the fireplace.,Turn on the fireplace.,on,-vocab_gap:no_ignite_action; +assume_gas_fireplace,Prepare the fireplace.
00820-mL8ThkuaVTM/tasks-island_0.json,17,1,R3_iron,straighten,iron,Straighten the bathrobe.,Iron the bathrobe.,None,+vocab_extension_v1:straighten->iron,Iron the bathrobe.
00820-mL8ThkuaVTM/tasks-island_0.json,25,4,R4_fireplace_soft,turn_on,turn_on,Turn on the fireplace.,Turn on the fireplace.,on,-vocab_gap:no_ignite_action; +assume_gas_fireplace,Start the fireplace.
00820-mL8ThkuaVTM/tasks-island_0.json,31,5,R4_fireplace_soft,turn_on,turn_on,Turn on the fireplace.,Turn on the fireplace.,on,-vocab_gap:no_ignite_action; +assume_gas_fireplace,Light the fireplace.
00820-mL8ThkuaVTM/tasks-island_0.json,41,3,R4_fireplace_soft,turn_on,turn_on,Turn on the fireplace.,Turn on the fireplace.,on,-vocab_gap:no_ignite_action; +assume_gas_fireplace,Light the fireplace.
00820-mL8ThkuaVTM/tasks-island_0.json,55,4,R4_fireplace_soft,turn_on,turn_on,Turn on the fireplace.,Turn on the fireplace.,on,-vocab_gap:no_ignite_action; +assume_gas_fireplace,Light the fireplace.
00820-mL8ThkuaVTM/tasks-island_0.json,79,4,R4_fireplace_soft,turn_on,turn_on,Turn on the fireplace.,Turn on the fireplace.,on,-vocab_gap:no_ignite_action; +assume_gas_fireplace,Turn on the fireplace.
00820-mL8ThkuaVTM/tasks-island_0.json,84,2,R4_fireplace_soft,turn_on,turn_on,Turn on the fireplace.,Turn on the fireplace.,on,-vocab_gap:no_ignite_action; +assume_gas_fireplace,Prepare the fireplace.
00820-mL8ThkuaVTM/tasks-island_0.json,91,6,R4_fireplace_soft,turn_on,turn_on,Turn on the fireplace.,Turn on the fireplace.,on,-vocab_gap:no_ignite_action; +assume_gas_fireplace,Light the fireplace.
00821-eF36g7L6Z9M/tasks-island_0.json,162,1,R4_appliance_clean,turn_on,turn_on,Turn on kettle.,Turn on kettle.,None,-vocab_gap:*; +idiom_ok:turn_on_appliance,Boil water in the kettle.
00821-eF36g7L6Z9M/tasks-island_0.json,188,2,R4_appliance_clean,turn_on,turn_on,Turn on kettle.,Turn on kettle.,None,-vocab_gap:*; +idiom_ok:turn_on_appliance,Boil the kettle.
00823-7MXmsvcQjpJ/tasks-island_0.json,10,3,R4_appliance_clean,turn_on,turn_on,Turn on the stove.,Turn on the stove.,on,-vocab_gap:*; +idiom_ok:turn_on_appliance,Turn on the stove.
00823-7MXmsvcQjpJ/tasks-island_0.json,43,5,R4_fireplace_soft,turn_on,turn_on,Turn on the fireplace.,Turn on the fireplace.,on,-vocab_gap:no_ignite_action; +assume_gas_fireplace,Light the fireplace.
00823-7MXmsvcQjpJ/tasks-island_0.json,70,4,R4_appliance_clean,turn_on,turn_on,Turn on the stove.,Turn on the stove.,on,-vocab_gap:*; +idiom_ok:turn_on_appliance,Prepare the stove.
00823-7MXmsvcQjpJ/tasks-island_0.json,78,1,R4_fireplace_soft,turn_on,turn_on,Turn on the fireplace.,Turn on the fireplace.,on,-vocab_gap:no_ignite_action; +assume_gas_fireplace,Light the fireplace.
00823-7MXmsvcQjpJ/tasks-island_0.json,88,3,R4_appliance_clean,turn_on,turn_on,Turn on the stove.,Turn on the stove.,on,-vocab_gap:*; +idiom_ok:turn_on_appliance,Turn on the stove.
00823-7MXmsvcQjpJ/tasks-island_0.json,91,2,R4_fireplace_soft,turn_on,turn_on,Turn on the fireplace.,Turn on the fireplace.,on,-vocab_gap:no_ignite_action; +assume_gas_fireplace,Light the fireplace.
00823-7MXmsvcQjpJ/tasks-island_0.json,103,3,R4_appliance_clean,turn_on,turn_on,Turn on the stove.,Turn on the stove.,on,-vocab_gap:*; +idiom_ok:turn_on_appliance,Turn on the stove.
00823-7MXmsvcQjpJ/tasks-island_0.json,115,4,R4_appliance_clean,turn_off,turn_off,Turn off the stove.,Turn off the stove.,None,-vocab_gap:*; +idiom_ok:turn_on_appliance,Turn off the stove.
00823-7MXmsvcQjpJ/tasks-island_0.json,123,2,R4_fireplace_soft,turn_on,turn_on,Turn on the fireplace.,Turn on the fireplace.,on,-vocab_gap:no_ignite_action; +assume_gas_fireplace,Light the fireplace.
00823-7MXmsvcQjpJ/tasks-island_0.json,140,2,R2_unload,open,unload,Open dishwasher.,Unload the dishwasher.,None,+vocab_extension_v1:open->unload,Unload the dishwasher.
00823-7MXmsvcQjpJ/tasks-island_0.json,178,1,R4_appliance_clean,turn_off,turn_off,Turn off the stove.,Turn off the stove.,None,-vocab_gap:*; +idiom_ok:turn_on_appliance,Turn off the stove.
00824-Dd4bFSTQ8gi/tasks-island_0.json,12,3,R4_appliance_clean,turn_on,turn_on,Turn on kettle.,Turn on kettle.,None,-vocab_gap:*; +idiom_ok:turn_on_appliance,Heat the kettle.
00824-Dd4bFSTQ8gi/tasks-island_0.json,48,3,R4_fireplace_soft,turn_on,turn_on,Turn on the fireplace.,Turn on the fireplace.,on,-vocab_gap:no_ignite_action; +assume_gas_fireplace,Turn on the fireplace.
00824-Dd4bFSTQ8gi/tasks-island_0.json,54,4,R4_fireplace_soft,turn_on,turn_on,Turn on the fireplace.,Turn on the fireplace.,on,-vocab_gap:no_ignite_action; +assume_gas_fireplace,Turn on the fireplace.
00824-Dd4bFSTQ8gi/tasks-island_0.json,61,5,R4_fireplace_soft,turn_on,turn_on,Turn on the fireplace.,Turn on the fireplace.,on,-vocab_gap:no_ignite_action; +assume_gas_fireplace,Turn on the fireplace.
00824-Dd4bFSTQ8gi/tasks-island_0.json,66,1,R4_fireplace_soft,turn_on,turn_on,Turn on the fireplace.,Turn on the fireplace.,on,-vocab_gap:no_ignite_action; +assume_gas_fireplace,Light the fireplace.
00824-Dd4bFSTQ8gi/tasks-island_0.json,73,2,R4_fireplace_soft,turn_on,turn_on,Turn on the fireplace.,Turn on the fireplace.,on,-vocab_gap:no_ignite_action; +assume_gas_fireplace,Turn on the fireplace.
00824-Dd4bFSTQ8gi/tasks-island_0.json,75,1,R4_fireplace_soft,turn_on,turn_on,Turn on the fireplace.,Turn on the fireplace.,on,-vocab_gap:no_ignite_action; +assume_gas_fireplace,Turn on the fireplace.
00824-Dd4bFSTQ8gi/tasks-island_0.json,84,2,R4_fireplace_soft,turn_on,turn_on,Turn on the fireplace.,Turn on the fireplace.,on,-vocab_gap:no_ignite_action; +assume_gas_fireplace,Light the fireplace.
00824-Dd4bFSTQ8gi/tasks-island_0.json,97,2,R4_fireplace_soft,turn_on,turn_on,Turn on the fireplace.,Turn on the fireplace.,on,-vocab_gap:no_ignite_action; +assume_gas_fireplace,Light the fireplace.
00824-Dd4bFSTQ8gi/tasks-island_0.json,101,1,R4_roll_flag,carry,carry,Carry the rug.,Carry the rug.,None,+vocab_gap:roll,Roll out the rug.
00824-Dd4bFSTQ8gi/tasks-island_0.json,102,4,R4_appliance_clean,turn_on,turn_on,Turn on the kettle.,Turn on the kettle.,on,-vocab_gap:*; +idiom_ok:turn_on_appliance,Prepare the kettle.
00824-Dd4bFSTQ8gi/tasks-island_0.json,113,2,R4_fireplace_soft,turn_on,turn_on,Turn on the fireplace.,Turn on the fireplace.,on,-vocab_gap:no_ignite_action; +assume_gas_fireplace,Light the fireplace.
00827-BAbdmeyTvMZ/tasks-island_0.json,6,4,R4_fireplace_soft,turn_off,turn_off,Turn off the fireplace.,Turn off the fireplace.,None,-vocab_gap:no_ignite_action; +assume_gas_fireplace,Turn off the fireplace.
00827-BAbdmeyTvMZ/tasks-island_0.json,15,2,R4_fireplace_soft,turn_on,turn_on,Turn on the fireplace in the living area.,Turn on the fireplace in the living area.,in,-vocab_gap:no_ignite_action; +assume_gas_fireplace,Light the fireplace in the living area.
00827-BAbdmeyTvMZ/tasks-island_0.json,33,2,R4_fireplace_soft,turn_on,turn_on,Turn on the fireplace.,Turn on the fireplace.,on,-vocab_gap:no_ignite_action; +assume_gas_fireplace,Light the fireplace.
00827-BAbdmeyTvMZ/tasks-island_0.json,56,1,R4_fireplace_soft,turn_on,turn_on,Turn on the fireplace.,Turn on the fireplace.,on,-vocab_gap:no_ignite_action; +assume_gas_fireplace,Light the fireplace.
00827-BAbdmeyTvMZ/tasks-island_0.json,69,6,R4_fireplace_soft,turn_on,turn_on,Turn on the fireplace.,Turn on the fireplace.,on,-vocab_gap:no_ignite_action; +assume_gas_fireplace,Turn on the fireplace.
00827-BAbdmeyTvMZ/tasks-island_0.json,75,2,R4_fireplace_soft,turn_on,turn_on,Turn on the fireplace.,Turn on the fireplace.,on,-vocab_gap:no_ignite_action; +assume_gas_fireplace,Light the fireplace.
00831-yr17PDCnDDW/tasks-island_1.json,106,1,F1_brew_inspect,inspect,start_machine,Inspect the coffee_maker.,Start the coffee_maker.,None,+vocab_extension_v1:inspect->start_machine,Use the coffee maker to brew fresh coffee.
00832-qyAac8rV8Zk/tasks-island_0.json,14,5,R4_roll_flag,smooth,smooth,Smooth the mat.,Smooth the mat.,None,+vocab_gap:roll,Roll up the mat.
00832-qyAac8rV8Zk/tasks-island_1.json,4,1,R4_fireplace_soft,turn_on,turn_on,Turn on the fireplace.,Turn on the fireplace.,on,-vocab_gap:no_ignite_action; +assume_gas_fireplace,Prepare the fireplace.
00832-qyAac8rV8Zk/tasks-island_1.json,35,2,R4_appliance_clean,turn_on,turn_on,Turn on kettle.,Turn on kettle.,None,-vocab_gap:*; +idiom_ok:turn_on_appliance,Boil water in the kettle.
00832-qyAac8rV8Zk/tasks-island_1.json,35,3,R4_fireplace_soft,turn_on,turn_on,Turn on the fireplace.,Turn on the fireplace.,on,-vocab_gap:no_ignite_action; +assume_gas_fireplace,Light the fireplace.
00832-qyAac8rV8Zk/tasks-island_1.json,45,5,R4_fireplace_soft,turn_on,turn_on,Turn on the fireplace.,Turn on the fireplace.,on,-vocab_gap:no_ignite_action; +assume_gas_fireplace,Light the fireplace.
00832-qyAac8rV8Zk/tasks-island_1.json,53,2,R4_appliance_clean,turn_on,turn_on,Turn on kettle.,Turn on kettle.,None,-vocab_gap:*; +idiom_ok:turn_on_appliance,Boil water in the kettle in the kitchen.
00832-qyAac8rV8Zk/tasks-island_1.json,60,1,R4_fireplace_soft,turn_on,turn_on,Turn on the fireplace.,Turn on the fireplace.,on,-vocab_gap:no_ignite_action; +assume_gas_fireplace,Light the fireplace.
00832-qyAac8rV8Zk/tasks-island_1.json,81,4,R4_fireplace_soft,turn_on,turn_on,Turn on the fireplace.,Turn on the fireplace.,on,-vocab_gap:no_ignite_action; +assume_gas_fireplace,Light the fireplace.
00832-qyAac8rV8Zk/tasks-island_1.json,89,1,R4_fireplace_soft,turn_on,turn_on,Turn on the fireplace.,Turn on the fireplace.,on,-vocab_gap:no_ignite_action; +assume_gas_fireplace,Turn on the fireplace.
00832-qyAac8rV8Zk/tasks-island_1.json,108,6,R4_fireplace_soft,turn_on,turn_on,Turn on the fireplace.,Turn on the fireplace.,on,-vocab_gap:no_ignite_action; +assume_gas_fireplace,Light the fireplace
00832-qyAac8rV8Zk/tasks-island_1.json,120,1,R4_fireplace_soft,turn_on,turn_on,Turn on the fireplace.,Turn on the fireplace.,on,-vocab_gap:no_ignite_action; +assume_gas_fireplace,Light the fireplace
00835-q3zU7Yy5E5s/tasks-island_1.json,0,1,R4_fireplace_soft,turn_on,turn_on,Turn on the fireplace.,Turn on the fireplace.,on,-vocab_gap:no_ignite_action; +assume_gas_fireplace,Light the fireplace.
00835-q3zU7Yy5E5s/tasks-island_1.json,3,1,R4_fireplace_soft,turn_off,turn_off,Turn off the fireplace.,Turn off the fireplace.,None,-vocab_gap:no_ignite_action; +assume_gas_fireplace,Extinguish the fireplace.
00835-q3zU7Yy5E5s/tasks-island_1.json,11,2,R4_appliance_clean,turn_on,turn_on,Turn on the oven and stove.,Turn on the oven and stove.,on,-vocab_gap:*; +idiom_ok:turn_on_appliance,Turn on the oven and stove.
00835-q3zU7Yy5E5s/tasks-island_1.json,12,1,R4_fireplace_soft,turn_on,turn_on,Turn on the fireplace.,Turn on the fireplace.,on,-vocab_gap:no_ignite_action; +assume_gas_fireplace,Light the fireplace.
00835-q3zU7Yy5E5s/tasks-island_1.json,31,1,R4_fireplace_soft,turn_on,turn_on,Turn on the fireplace.,Turn on the fireplace.,on,-vocab_gap:no_ignite_action; +assume_gas_fireplace,Light the fireplace.
00835-q3zU7Yy5E5s/tasks-island_1.json,39,2,R4_fireplace_soft,turn_on,turn_on,Turn on the fireplace.,Turn on the fireplace.,on,-vocab_gap:no_ignite_action; +assume_gas_fireplace,Light the fireplace.
00835-q3zU7Yy5E5s/tasks-island_1.json,43,1,R4_roll_flag,straighten,straighten,Straighten the rug.,Straighten the rug.,None,+vocab_gap:roll,Roll the rug.
00835-q3zU7Yy5E5s/tasks-island_1.json,46,5,R4_appliance_clean,turn_on,turn_on,Turn on the oven and stove.,Turn on the oven and stove.,on,-vocab_gap:*; +idiom_ok:turn_on_appliance,Turn on the oven and stove.
00835-q3zU7Yy5E5s/tasks-island_1.json,47,4,R4_fireplace_soft,turn_on,turn_on,Turn on the fireplace.,Turn on the fireplace.,on,-vocab_gap:no_ignite_action; +assume_gas_fireplace,Light the fireplace.
00835-q3zU7Yy5E5s/tasks-island_1.json,48,2,R4_appliance_clean,turn_on,turn_on,Turn on the oven and stove.,Turn on the oven and stove.,on,-vocab_gap:*; +idiom_ok:turn_on_appliance,Turn on the oven and stove.
00839-zt1RVoi7PcG/tasks-island_0.json,7,2,R4_fireplace_soft,turn_on,turn_on,Turn on the fireplace.,Turn on the fireplace.,on,-vocab_gap:no_ignite_action; +assume_gas_fireplace,Light the fireplace.
00839-zt1RVoi7PcG/tasks-island_0.json,28,3,R4_fireplace_soft,turn_on,turn_on,Turn on the fireplace.,Turn on the fireplace.,on,-vocab_gap:no_ignite_action; +assume_gas_fireplace,Turn on the fireplace.
00839-zt1RVoi7PcG/tasks-island_0.json,36,4,R4_appliance_clean,turn_on,turn_on,Turn on the stove.,Turn on the stove.,on,-vocab_gap:*; +idiom_ok:turn_on_appliance,Turn on the stove.
00839-zt1RVoi7PcG/tasks-island_0.json,54,1,R4_fireplace_soft,turn_on,turn_on,Turn on the fireplace.,Turn on the fireplace.,on,-vocab_gap:no_ignite_action; +assume_gas_fireplace,Light the fireplace.
00839-zt1RVoi7PcG/tasks-island_0.json,55,4,R4_fireplace_soft,turn_on,turn_on,Turn on the fireplace.,Turn on the fireplace.,on,-vocab_gap:no_ignite_action; +assume_gas_fireplace,Turn on the fireplace.
00839-zt1RVoi7PcG/tasks-island_0.json,72,1,R4_fireplace_soft,turn_on,turn_on,Turn on the fireplace.,Turn on the fireplace.,on,-vocab_gap:no_ignite_action; +assume_gas_fireplace,Turn on the fireplace.
00839-zt1RVoi7PcG/tasks-island_0.json,75,2,R4_appliance_clean,turn_on,turn_on,Turn on the stove.,Turn on the stove.,on,-vocab_gap:*; +idiom_ok:turn_on_appliance,Turn on the stove.
00839-zt1RVoi7PcG/tasks-island_0.json,80,1,R4_fireplace_soft,turn_on,turn_on,Turn on the fireplace.,Turn on the fireplace.,on,-vocab_gap:no_ignite_action; +assume_gas_fireplace,Turn on the fireplace.
00839-zt1RVoi7PcG/tasks-island_0.json,95,2,R4_fireplace_soft,turn_on,turn_on,Turn on the fireplace to warm the room.,Turn on the fireplace to warm the room.,on,-vocab_gap:no_ignite_action; +assume_gas_fireplace,Light the fireplace to warm the room.
00839-zt1RVoi7PcG/tasks-island_0.json,117,5,F3_repair_FLAG,reposition,reposition,Reposition the fireplace.,Reposition the fireplace.,in,+vocab_gap:repair,Repair the fireplace in the lounge.
00839-zt1RVoi7PcG/tasks-island_0.json,123,3,R4_appliance_clean,turn_on,turn_on,Turn on stove.,Turn on stove.,None,-vocab_gap:*; +idiom_ok:turn_on_appliance,Preheat the stove.
00839-zt1RVoi7PcG/tasks-island_0.json,133,4,R4_fireplace_soft,turn_on,turn_on,Turn on the fireplace.,Turn on the fireplace.,on,-vocab_gap:no_ignite_action; +assume_gas_fireplace,Turn on the fireplace.
00839-zt1RVoi7PcG/tasks-island_0.json,139,1,R4_fireplace_soft,turn_on,turn_on,Turn on the fireplace.,Turn on the fireplace.,on,-vocab_gap:no_ignite_action; +assume_gas_fireplace,Turn on the fireplace.
00839-zt1RVoi7PcG/tasks-island_0.json,141,4,R4_fireplace_soft,turn_on,turn_on,Turn on the fireplace.,Turn on the fireplace.,on,-vocab_gap:no_ignite_action; +assume_gas_fireplace,Turn on the fireplace.
00839-zt1RVoi7PcG/tasks-island_0.json,149,2,R4_appliance_clean,turn_on,turn_on,Turn on stove.,Turn on stove.,None,-vocab_gap:*; +idiom_ok:turn_on_appliance,Preheat the stove.
00839-zt1RVoi7PcG/tasks-island_0.json,153,2,R4_fireplace_soft,turn_on,turn_on,Turn on the fireplace.,Turn on the fireplace.,on,-vocab_gap:no_ignite_action; +assume_gas_fireplace,Light the fireplace.
00839-zt1RVoi7PcG/tasks-island_0.json,163,4,R4_roll_flag,inspect,inspect,Inspect the computer chair.,Inspect the computer chair.,in,+vocab_gap:roll,Roll the computer chair into place.
00839-zt1RVoi7PcG/tasks-island_0.json,174,3,R4_fireplace_soft,turn_on,turn_on,Turn on the fireplace.,Turn on the fireplace.,on,-vocab_gap:no_ignite_action; +assume_gas_fireplace,Light the fireplace.
00839-zt1RVoi7PcG/tasks-island_0.json,199,7,R4_fireplace_soft,turn_on,turn_on,Turn on the fireplace.,Turn on the fireplace.,on,-vocab_gap:no_ignite_action; +assume_gas_fireplace,Light the fireplace.
00839-zt1RVoi7PcG/tasks-island_0.json,205,4,R4_fireplace_soft,turn_on,turn_on,Turn on the fireplace.,Turn on the fireplace.,on,-vocab_gap:no_ignite_action; +assume_gas_fireplace,Light the fireplace.
00839-zt1RVoi7PcG/tasks-island_0.json,205,6,R4_appliance_clean,turn_on,turn_on,Turn on stove.,Turn on stove.,None,-vocab_gap:*; +idiom_ok:turn_on_appliance,Boil water on the stove.
00839-zt1RVoi7PcG/tasks-island_0.json,214,7,R4_appliance_clean,turn_on,turn_on,Turn on the stove.,Turn on the stove.,on,-vocab_gap:*; +idiom_ok:turn_on_appliance,Turn on the stove.
00839-zt1RVoi7PcG/tasks-island_0.json,225,2,R4_fireplace_soft,turn_on,turn_on,Turn on the fireplace.,Turn on the fireplace.,on,-vocab_gap:no_ignite_action; +assume_gas_fireplace,Light the fireplace.
00843-DYehNKdT76V/tasks-island_0.json,14,3,R4_appliance_clean,turn_on,turn_on,Turn on kettle.,Turn on kettle.,None,-vocab_gap:*; +idiom_ok:turn_on_appliance,Boil the kettle.
00843-DYehNKdT76V/tasks-island_0.json,19,2,R4_appliance_clean,turn_on,turn_on,Turn on kettle.,Turn on kettle.,None,-vocab_gap:*; +idiom_ok:turn_on_appliance,Boil water using the kettle.
00843-DYehNKdT76V/tasks-island_0.json,23,4,R4_appliance_clean,turn_on,turn_on,Turn on kettle.,Turn on kettle.,None,-vocab_gap:*; +idiom_ok:turn_on_appliance,Boil water in the kettle.
00843-DYehNKdT76V/tasks-island_0.json,32,5,R4_appliance_clean,turn_on,turn_on,Turn on kettle.,Turn on kettle.,None,-vocab_gap:*; +idiom_ok:turn_on_appliance,Boil water in the kettle.
00843-DYehNKdT76V/tasks-island_0.json,35,1,R4_appliance_clean,turn_on,turn_on,Turn on kettle.,Turn on kettle.,None,-vocab_gap:*; +idiom_ok:turn_on_appliance,Boil water in the kettle.
00843-DYehNKdT76V/tasks-island_0.json,38,1,R4_appliance_clean,turn_on,turn_on,Turn on kettle.,Turn on kettle.,None,-vocab_gap:*; +idiom_ok:turn_on_appliance,Prepare hot tea with the kettle.
00843-DYehNKdT76V/tasks-island_0.json,42,4,R4_appliance_clean,turn_on,turn_on,Turn on kettle.,Turn on kettle.,None,-vocab_gap:*; +idiom_ok:turn_on_appliance,Brew some tea with the kettle.
00843-DYehNKdT76V/tasks-island_0.json,43,1,R4_appliance_clean,turn_on,turn_on,Turn on the kettle.,Turn on the kettle.,on,-vocab_gap:*; +idiom_ok:turn_on_appliance,Start the kettle for coffee.
00843-DYehNKdT76V/tasks-island_0.json,46,1,R4_appliance_clean,turn_on,turn_on,Turn on kettle.,Turn on kettle.,None,-vocab_gap:*; +idiom_ok:turn_on_appliance,Boil water for soup with the kettle.
00843-DYehNKdT76V/tasks-island_0.json,47,4,R4_appliance_clean,turn_on,turn_on,Turn on kettle.,Turn on kettle.,None,-vocab_gap:*; +idiom_ok:turn_on_appliance,Make coffee with the kettle.
00843-DYehNKdT76V/tasks-island_0.json,49,4,R4_appliance_clean,turn_on,turn_on,Turn on kettle.,Turn on kettle.,None,-vocab_gap:*; +idiom_ok:turn_on_appliance,Make a pre-workout drink with the kettle.
00844-q5QZSEeHe5g/tasks-island_0.json,4,4,R4_fireplace_soft,turn_on,turn_on,Turn on the fireplace.,Turn on the fireplace.,on,-vocab_gap:no_ignite_action; +assume_gas_fireplace,Light the fireplace.
00844-q5QZSEeHe5g/tasks-island_0.json,35,1,R4_roll_flag,straighten,straighten,Straighten the exercise mat.,Straighten the exercise mat.,None,+vocab_gap:roll,Unroll the exercise mat.
00844-q5QZSEeHe5g/tasks-island_0.json,38,1,R4_fireplace_soft,turn_on,turn_on,Turn on the fireplace.,Turn on the fireplace.,in,-vocab_gap:no_ignite_action; +assume_gas_fireplace,Start a fire in the fireplace.
00844-q5QZSEeHe5g/tasks-island_0.json,62,5,R4_fireplace_soft,turn_on,turn_on,Turn on the fireplace in the living room.,Turn on the fireplace in the living room.,in,-vocab_gap:no_ignite_action; +assume_gas_fireplace,Light the fireplace in the living room.
00844-q5QZSEeHe5g/tasks-island_0.json,94,5,R4_fireplace_soft,turn_on,turn_on,Turn on the fireplace.,Turn on the fireplace.,on,-vocab_gap:no_ignite_action; +assume_gas_fireplace,Light the fireplace.
00844-q5QZSEeHe5g/tasks-island_0.json,115,3,R4_fireplace_soft,turn_on,turn_on,Turn on the fireplace.,Turn on the fireplace.,on,-vocab_gap:no_ignite_action; +assume_gas_fireplace,Light the fireplace.
00844-q5QZSEeHe5g/tasks-island_0.json,116,4,R4_roll_flag,carry,carry,Carry the exercise mat.,Carry the exercise mat.,None,+vocab_gap:roll,Roll out the exercise mat.
00844-q5QZSEeHe5g/tasks-island_0.json,135,4,R4_roll_flag,carry,carry,Carry the exercise mat.,Carry the exercise mat.,None,+vocab_gap:roll,Roll out the exercise mat.
00844-q5QZSEeHe5g/tasks-island_0.json,137,5,R4_fireplace_soft,turn_on,turn_on,Turn on the fireplace.,Turn on the fireplace.,on,-vocab_gap:no_ignite_action; +assume_gas_fireplace,Light the fireplace.
00844-q5QZSEeHe5g/tasks-island_0.json,149,4,R4_roll_flag,carry,carry,Carry the exercise mat.,Carry the exercise mat.,None,+vocab_gap:roll,Roll out the exercise mat.
00844-q5QZSEeHe5g/tasks-island_0.json,159,1,R4_roll_flag,carry,carry,Carry the exercise mat.,Carry the exercise mat.,None,+vocab_gap:roll,Roll out the exercise mat.
00844-q5QZSEeHe5g/tasks-island_0.json,177,2,R4_roll_flag,smooth,smooth,Smooth the exercise mat.,Smooth the exercise mat.,None,+vocab_gap:roll,Roll up the exercise mat.
00844-q5QZSEeHe5g/tasks-island_0.json,181,6,R4_fireplace_soft,turn_on,turn_on,Turn on the fireplace.,Turn on the fireplace.,on,-vocab_gap:no_ignite_action; +assume_gas_fireplace,Light the fireplace.
00844-q5QZSEeHe5g/tasks-island_0.json,201,4,R4_fireplace_soft,turn_on,turn_on,Turn on the fireplace.,Turn on the fireplace.,on,-vocab_gap:no_ignite_action; +assume_gas_fireplace,Turn on the fireplace.
00844-q5QZSEeHe5g/tasks-island_0.json,227,3,R4_fireplace_soft,turn_on,turn_on,Turn on the fireplace.,Turn on the fireplace.,on,-vocab_gap:no_ignite_action; +assume_gas_fireplace,Ignite the fireplace.
00844-q5QZSEeHe5g/tasks-island_0.json,228,1,R4_roll_flag,carry,carry,Carry the exercise mat.,Carry the exercise mat.,None,+vocab_gap:roll,Roll out the exercise mat.
00844-q5QZSEeHe5g/tasks-island_5.json,9,2,R4_roll_flag,smooth,smooth,Smooth the training mat.,Smooth the training mat.,None,+vocab_gap:roll,Roll up the training mat.
00844-q5QZSEeHe5g/tasks-island_5.json,15,3,R4_roll_flag,straighten,straighten,Straighten the training mat.,Straighten the training mat.,None,+vocab_gap:roll,Unroll the training mat.
00844-q5QZSEeHe5g/tasks-island_5.json,42,4,R4_roll_flag,carry,carry,Carry the training mat.,Carry the training mat.,None,+vocab_gap:roll,Roll out the training mat.
00847-bCPU9suPUw9/tasks-island_1.json,45,2,R4_bathtub_clean,turn_on,turn_on,Turn on the bathtub.,Turn on the bathtub.,on,-vocab_gap:no_faucet_action; +idiom_ok:turn_on_appliance,Turn on the bathtub faucet.
00848-ziup5kvtCCR/tasks-island_0.json,6,2,R4_fireplace_soft,turn_on,turn_on,Turn on the fireplace.,Turn on the fireplace.,on,-vocab_gap:no_ignite_action; +assume_gas_fireplace,Turn on the fireplace.
00848-ziup5kvtCCR/tasks-island_0.json,23,3,R4_appliance_clean,turn_on,turn_on,Turn on the kettle.,Turn on the kettle.,on,-vocab_gap:*; +idiom_ok:turn_on_appliance,Turn on the kettle.
00848-ziup5kvtCCR/tasks-island_0.json,33,1,R4_fireplace_soft,turn_on,turn_on,Turn on the fireplace in the living room.,Turn on the fireplace in the living room.,in,-vocab_gap:no_ignite_action; +assume_gas_fireplace,Light the fireplace in the living room.
00848-ziup5kvtCCR/tasks-island_0.json,45,1,R4_fireplace_soft,turn_on,turn_on,Turn on the fireplace.,Turn on the fireplace.,on,-vocab_gap:no_ignite_action; +assume_gas_fireplace,Light the fireplace.
00848-ziup5kvtCCR/tasks-island_0.json,51,1,F1_brew_inspect,inspect,start_machine,Inspect the coffee maker.,Start the coffee maker.,None,+vocab_extension_v1:inspect->start_machine,Use the coffee maker to brew coffee.
00848-ziup5kvtCCR/tasks-island_0.json,54,1,R4_fireplace_soft,turn_on,turn_on,Turn on the fireplace.,Turn on the fireplace.,on,-vocab_gap:no_ignite_action; +assume_gas_fireplace,Light the fireplace for a cozy mood.
00848-ziup5kvtCCR/tasks-island_0.json,63,2,R4_fireplace_soft,turn_on,turn_on,Turn on the fireplace.,Turn on the fireplace.,on,-vocab_gap:no_ignite_action; +assume_gas_fireplace,Light the fireplace.
00848-ziup5kvtCCR/tasks-island_0.json,83,1,R2_unload,dump,unload,Dump washer-dryer.,Unload the washer-dryer.,None,+vocab_extension_v1:dump->unload,Unload the washer-dryer.
00848-ziup5kvtCCR/tasks-island_0.json,98,2,R4_fireplace_soft,turn_on,turn_on,Turn on the fireplace.,Turn on the fireplace.,on,-vocab_gap:no_ignite_action; +assume_gas_fireplace,Start the fireplace.
00848-ziup5kvtCCR/tasks-island_0.json,114,2,R4_fireplace_soft,turn_on,turn_on,Turn on the fireplace.,Turn on the fireplace.,on,-vocab_gap:no_ignite_action; +assume_gas_fireplace,Light the fireplace.
00848-ziup5kvtCCR/tasks-island_0.json,119,2,R4_fireplace_soft,turn_on,turn_on,Turn on the fireplace.,Turn on the fireplace.,on,-vocab_gap:no_ignite_action; +assume_gas_fireplace,Start the fireplace.
00849-a8BtkwhxdRV/tasks-island_0.json,34,7,R4_appliance_clean,turn_on,turn_on,Turn on the kettle.,Turn on the kettle.,on,-vocab_gap:*; +idiom_ok:turn_on_appliance,Turn on the kettle.
00853-5cdEh9F2hJL/tasks-island_0.json,15,2,R4_fireplace_soft,turn_on,turn_on,Turn on the fireplace.,Turn on the fireplace.,on,-vocab_gap:no_ignite_action; +assume_gas_fireplace,Light the fireplace.
00853-5cdEh9F2hJL/tasks-island_0.json,19,3,R4_fireplace_soft,turn_on,turn_on,Turn on the fireplace.,Turn on the fireplace.,on,-vocab_gap:no_ignite_action; +assume_gas_fireplace,Light the fireplace.
00853-5cdEh9F2hJL/tasks-island_0.json,31,2,R4_roll_flag,carry,carry,Carry the rug.,Carry the rug.,None,+vocab_gap:roll,Roll out the rug for stretching.
00853-5cdEh9F2hJL/tasks-island_0.json,32,2,R2_unload,open,unload,Open dishwasher.,Unload the clean dishes from the dishwasher.,None,+vocab_extension_v1:open->unload,Unload the clean dishes from the dishwasher.
00853-5cdEh9F2hJL/tasks-island_0.json,101,1,R4_fireplace_soft,turn_on,turn_on,Turn on the fireplace.,Turn on the fireplace.,on,-vocab_gap:no_ignite_action; +assume_gas_fireplace,Light the fireplace.
00853-5cdEh9F2hJL/tasks-island_0.json,102,1,R3_iron,straighten,iron,Straighten the hanging clothes.,Iron the hanging clothes.,None,+vocab_extension_v1:straighten->iron,Iron the hanging clothes.
00853-5cdEh9F2hJL/tasks-island_0.json,122,1,R4_fireplace_soft,turn_on,turn_on,Turn on the fireplace.,Turn on the fireplace.,on,-vocab_gap:no_ignite_action; +assume_gas_fireplace,Light the fireplace.
00853-5cdEh9F2hJL/tasks-island_0.json,144,6,R4_fireplace_soft,turn_on,turn_on,Turn on the fireplace.,Turn on the fireplace.,on,-vocab_gap:no_ignite_action; +assume_gas_fireplace,Light the fireplace.
00853-5cdEh9F2hJL/tasks-island_0.json,173,6,R4_fireplace_soft,turn_on,turn_on,Turn on the fireplace.,Turn on the fireplace.,on,-vocab_gap:no_ignite_action; +assume_gas_fireplace,Ignite the fireplace.
00862-LT9Jq6dN3Ea/tasks-island_0.json,6,4,R4_fireplace_soft,turn_on,turn_on,Turn on the fireplace.,Turn on the fireplace.,on,-vocab_gap:no_ignite_action; +assume_gas_fireplace,Light the fireplace.
00862-LT9Jq6dN3Ea/tasks-island_0.json,51,1,R4_fireplace_soft,turn_on,turn_on,Turn on the fireplace.,Turn on the fireplace.,on,-vocab_gap:no_ignite_action; +assume_gas_fireplace,Light the fireplace.
00862-LT9Jq6dN3Ea/tasks-island_0.json,65,1,R4_fireplace_soft,turn_on,turn_on,Turn on the fireplace.,Turn on the fireplace.,on,-vocab_gap:no_ignite_action; +assume_gas_fireplace,Turn on the fireplace.
00862-LT9Jq6dN3Ea/tasks-island_0.json,84,2,F3_repair_FLAG,turn_on,turn_on,Turn on the lamp.,Turn on the lamp.,on,+vocab_gap:repair,Repair the lamp.
00862-LT9Jq6dN3Ea/tasks-island_0.json,207,1,R4_fireplace_soft,turn_on,turn_on,Turn on the fireplace to warm up the room.,Turn on the fireplace to warm up the room.,on,-vocab_gap:no_ignite_action; +assume_gas_fireplace,Light the fireplace to warm up the room.
00862-LT9Jq6dN3Ea/tasks-island_0.json,287,1,R4_fireplace_soft,turn_on,turn_on,Turn on the fireplace.,Turn on the fireplace.,on,-vocab_gap:no_ignite_action; +assume_gas_fireplace,Light the fireplace.
00862-LT9Jq6dN3Ea/tasks-island_0.json,321,1,R4_fireplace_soft,turn_on,turn_on,Turn on the fireplace.,Turn on the fireplace.,on,-vocab_gap:no_ignite_action; +assume_gas_fireplace,Turn on the fireplace.
00869-MHPLjHsuG27/tasks-island_1.json,3,3,R4_appliance_clean,turn_on,turn_on,Turn on stove.,Turn on stove.,None,-vocab_gap:*; +idiom_ok:turn_on_appliance,Pre-heat the stove.
00869-MHPLjHsuG27/tasks-island_1.json,9,3,R4_appliance_clean,turn_on,turn_on,Turn on stove.,Turn on stove.,None,-vocab_gap:*; +idiom_ok:turn_on_appliance,Boil water on the stove.
00869-MHPLjHsuG27/tasks-island_1.json,24,2,R4_appliance_clean,turn_on,turn_on,Turn on the stove.,Turn on the stove.,on,-vocab_gap:*; +idiom_ok:turn_on_appliance,Turn on the stove.
00869-MHPLjHsuG27/tasks-island_1.json,31,6,R4_appliance_clean,turn_on,turn_on,Turn on the stove.,Turn on the stove.,on,-vocab_gap:*; +idiom_ok:turn_on_appliance,Turn on the stove.
00869-MHPLjHsuG27/tasks-island_1.json,43,3,R4_appliance_clean,turn_on,turn_on,Turn on stove.,Turn on stove.,None,-vocab_gap:*; +idiom_ok:turn_on_appliance,Prepare the mixture on the stove.
00869-MHPLjHsuG27/tasks-island_1.json,51,2,R4_appliance_clean,turn_on,turn_on,Turn on stove.,Turn on stove.,None,-vocab_gap:*; +idiom_ok:turn_on_appliance,Boil water on the stove for tea.
00871-VBzV5z6i1WS/tasks-island_0.json,2,2,R4_appliance_clean,turn_on,turn_on,Turn on the kettle to make tea.,Turn on the kettle to make tea.,on,-vocab_gap:*; +idiom_ok:turn_on_appliance,Turn on the kettle to make tea.
00873-bxsVRursffK/tasks-island_0.json,47,5,R1_light,turn_on,light,Turn on the candle holder.,Light the candle holder.,on,+vocab_extension_v1:turn_on->light; -vocab_gap:no_ignite_action,Light the candle holder for atmosphere.
00873-bxsVRursffK/tasks-island_0.json,87,2,R1_light,turn_on,light,Turn on the candle holder.,Light the candle holder.,on,+vocab_extension_v1:turn_on->light; -vocab_gap:no_ignite_action,Light the candle holder.
00873-bxsVRursffK/tasks-island_0.json,106,1,R4_fireplace_soft,turn_on,turn_on,Turn on the fireplace.,Turn on the fireplace.,on,-vocab_gap:no_ignite_action; +assume_gas_fireplace,Light the fireplace.
00873-bxsVRursffK/tasks-island_0.json,108,5,R2_unload,open,unload,Open dishwasher.,Unload the dishwasher.,None,+vocab_extension_v1:open->unload,Unload the dishwasher.
00873-bxsVRursffK/tasks-island_0.json,129,6,R1_light,turn_on,light,Turn on the candle holder.,Light the candle holder.,on,+vocab_extension_v1:turn_on->light; -vocab_gap:no_ignite_action,Light the candle holder.
00876-mv2HUxq3B53/tasks-island_0.json,35,1,F1_brew_inspect,inspect,start_machine,Inspect the coffee_maker.,Start the coffee_maker.,None,+vocab_extension_v1:inspect->start_machine,Use the coffee maker to brew coffee.
00876-mv2HUxq3B53/tasks-island_0.json,122,3,F1_brew_inspect,inspect,start_machine,Inspect the coffee_maker.,Start the coffee_maker.,None,+vocab_extension_v1:inspect->start_machine,Use the coffee maker for a fresh brew.
00876-mv2HUxq3B53/tasks-island_0.json,129,3,R2_unload,open,unload,Open dishwasher.,Unload the dishwasher.,None,+vocab_extension_v1:open->unload,Unload the dishwasher.
00876-mv2HUxq3B53/tasks-island_0.json,155,4,R4_appliance_clean,turn_on,turn_on,Turn on kettle.,Turn on kettle.,None,-vocab_gap:*; +idiom_ok:turn_on_appliance,Heat the kettle.
00876-mv2HUxq3B53/tasks-island_0.json,174,4,R4_appliance_clean,turn_on,turn_on,Turn on kettle.,Turn on kettle.,None,-vocab_gap:*; +idiom_ok:turn_on_appliance,Heat the kettle.
00876-mv2HUxq3B53/tasks-island_0.json,186,6,F3_repair_REMAP,reposition,tighten,Reposition the support beam.,Tighten the support beam.,None,+vocab_extension_v1:repair_remap->tighten,Repair the support beam.
00878-XB4GS9ShBRE/tasks-island_0.json,26,2,F1_brew_inspect,inspect,start_machine,Inspect the coffee_maker.,Start the coffee_maker.,None,+vocab_extension_v1:inspect->start_machine,Use the coffee maker to brew coffee.
00878-XB4GS9ShBRE/tasks-island_0.json,59,2,R2_unload,open,unload,Open dishwasher.,Unload the dishwasher.,None,+vocab_extension_v1:open->unload,Unload the dishwasher.
00878-XB4GS9ShBRE/tasks-island_0.json,78,5,R2_unload,open,unload,Open dishwasher.,Unload the dishwasher.,None,+vocab_extension_v1:open->unload,Unload the dishwasher.
00880-Nfvxx8J5NCo/tasks-island_0.json,39,4,R3_iron,straighten,iron,Straighten items on the ironing board.,Iron a shirt on the ironing board.,on,+vocab_extension_v1:straighten->iron,Iron a shirt on the ironing board.
00880-Nfvxx8J5NCo/tasks-island_0.json,55,6,R3_iron,straighten,iron,Straighten items on the ironing board.,Iron a shirt on the ironing board.,on,+vocab_extension_v1:straighten->iron,Iron a shirt on the ironing board.
00890-6s7QHgap2fW/tasks-island_0.json,26,1,R4_appliance_clean,turn_on,turn_on,Turn on kettle.,Turn on kettle.,None,-vocab_gap:*; +idiom_ok:turn_on_appliance,Boil the kettle.
00890-6s7QHgap2fW/tasks-island_0.json,121,4,R4_appliance_clean,turn_on,turn_on,Turn on kettle.,Turn on kettle.,None,-vocab_gap:*; +idiom_ok:turn_on_appliance,Prepare a hot drink with the kettle.
00890-6s7QHgap2fW/tasks-island_0.json,122,6,R2_unload,open,unload,Open dishwasher.,Unload the dishwasher.,None,+vocab_extension_v1:open->unload,Unload the dishwasher.
00890-6s7QHgap2fW/tasks-island_0.json,135,4,R3_iron,smooth,iron,Smooth the curtain.,Iron the curtain for the nursery.,None,+vocab_extension_v1:smooth->iron,Iron the curtain for the nursery.
00890-6s7QHgap2fW/tasks-island_0.json,193,6,R4_appliance_clean,turn_on,turn_on,Turn on kettle.,Turn on kettle.,None,-vocab_gap:*; +idiom_ok:turn_on_appliance,Boil water in the kettle.
00891-cvZr5TUy5C5/tasks-island_0.json,4,1,R4_fireplace_soft,turn_on,turn_on,Turn on the fireplace.,Turn on the fireplace.,on,-vocab_gap:no_ignite_action; +assume_gas_fireplace,Light the fireplace.
00891-cvZr5TUy5C5/tasks-island_0.json,27,3,R4_fireplace_soft,turn_on,turn_on,Turn on the fireplace in the lounge.,Turn on the fireplace in the lounge.,in,-vocab_gap:no_ignite_action; +assume_gas_fireplace,Light the fireplace in the lounge.
00891-cvZr5TUy5C5/tasks-island_0.json,64,1,R2_unload,open,unload,Open dishwasher.,Unload the dishwasher.,None,+vocab_extension_v1:open->unload,Unload the dishwasher.
00891-cvZr5TUy5C5/tasks-island_0.json,106,3,R1_light,turn_on,light,Turn on the candle holder.,Light the candle holder.,on,+vocab_extension_v1:turn_on->light; -vocab_gap:no_ignite_action,Light a candle holder.
00891-cvZr5TUy5C5/tasks-island_0.json,121,3,F3_repair_FLAG,turn_on,turn_on,Turn on the printer.,Turn on the printer.,on,+vocab_gap:repair,Repair the printer.
00891-cvZr5TUy5C5/tasks-island_0.json,141,5,R4_fireplace_soft,turn_on,turn_on,Turn on the fireplace.,Turn on the fireplace.,on,-vocab_gap:no_ignite_action; +assume_gas_fireplace,Light the fireplace.
00891-cvZr5TUy5C5/tasks-island_0.json,143,1,R4_fireplace_soft,turn_on,turn_on,Turn on the fireplace.,Turn on the fireplace.,on,-vocab_gap:no_ignite_action; +assume_gas_fireplace,Light the fireplace.
00891-cvZr5TUy5C5/tasks-island_0.json,150,5,R4_fireplace_soft,turn_on,turn_on,Turn on the fireplace.,Turn on the fireplace.,on,-vocab_gap:no_ignite_action; +assume_gas_fireplace,Light the fireplace.
00891-cvZr5TUy5C5/tasks-island_0.json,166,5,R4_fireplace_soft,turn_on,turn_on,Turn on the fireplace.,Turn on the fireplace.,on,-vocab_gap:no_ignite_action; +assume_gas_fireplace,Turn on the fireplace.
00891-cvZr5TUy5C5/tasks-island_0.json,167,3,F3_repair_FLAG,reposition,reposition,Reposition the cabinet.,Reposition the cabinet.,None,+vocab_gap:repair,Repair the cabinet door.
00891-cvZr5TUy5C5/tasks-island_0.json,213,6,EXTRA_patient_drift,store,store,Store the box.,Store the iron in the storage box.,in,+vocab_extension_v1:patient_drift_fix,Store the iron in the storage box.
00894-HY1NcmCgn3n/tasks-island_0.json,3,1,R1_light,turn_on,light,Turn on the candlestick.,Light the candlestick.,on,+vocab_extension_v1:turn_on->light; -vocab_gap:no_ignite_action,Light the candlestick.
00894-HY1NcmCgn3n/tasks-island_0.json,10,2,R1_light,turn_on,light,Turn on the candlestick.,Light the candlestick.,on,+vocab_extension_v1:turn_on->light; -vocab_gap:no_ignite_action,Light the candlestick.
00894-HY1NcmCgn3n/tasks-island_0.json,34,4,R1_light,turn_on,light,Turn on the candlestick.,Light the candlestick.,on,+vocab_extension_v1:turn_on->light; -vocab_gap:no_ignite_action,Light the candlestick.
00894-HY1NcmCgn3n/tasks-island_0.json,49,4,R1_light,turn_on,light,Turn on the candlestick.,Light the candlestick.,on,+vocab_extension_v1:turn_on->light; -vocab_gap:no_ignite_action,Light the candlestick.
