rule,file,task_idx,step_id,step,status,old_action,new_action,old_text,new_text,old_relation,new_relation,marker,remove_tag,note
G2,00006-HkseAnWCgqk/tasks-island_2.json,23,1,Arrange the dining table.,OK,place_on,straighten,Place dining table on surface.,Straighten the dining table.,on,,;referent_grounding_v1:G2,,X=dining table
G2,00006-HkseAnWCgqk/tasks-island_2.json,40,3,Arrange the bottles of wine.,OK,place_on,straighten,Place bottles of wine on surface.,Straighten the bottles of wine.,on,,;referent_grounding_v1:G2,,X=bottles of wine
G1,00006-HkseAnWCgqk/tasks-island_4.json,4,1,Put the books back in the book rack.,OK,place_on,place_in,Place items on the book rack.,Place the books in the book rack.,on,in,;referent_grounding_v1:G1,,X=books|Y=book rack
G3,00006-HkseAnWCgqk/tasks-island_4.json,8,5,Place the phone in the suitcase side pocket.,OK,place_in,place_in,Place items in the cellular_telephone.,Place the phone in the cellular_telephone.,in,in,;referent_grounding_v1:G3,,NP=phone
G1,00006-HkseAnWCgqk/tasks-island_4.json,9,4,Organize the items on the shelf.,OK,place_on,place_on,Place shelf on surface.,Place the items on the shelf.,on,on,;referent_grounding_v1:G1,,X=items|Y=shelf
G1,00006-HkseAnWCgqk/tasks-island_4.json,9,5,Arrange the books in the book rack.,OK,place_in,place_in,Place book rack in receptacle.,Place the books in the book rack.,in,in,;referent_grounding_v1:G1,,X=books|Y=book rack
G3,00006-HkseAnWCgqk/tasks-island_4.json,11,4,Put the phone into the backpack.,OK,place_in,place_in,Place items in the cellular_telephone.,Place the phone in the cellular_telephone.,in,in,;referent_grounding_v1:G3,,NP=phone
G1,00006-HkseAnWCgqk/tasks-island_4.json,16,2,Position the lamp on the desk.,OK,place_on,place_on,Place lamp on surface.,Place the lamp on the desk.,on,on,;referent_grounding_v1:G1,,X=lamp|Y=desk
G2,00006-HkseAnWCgqk/tasks-island_4.json,16,4,Arrange the books neatly.,OK,place_on,straighten,Place book on surface.,Straighten the books.,on,,;referent_grounding_v1:G2,,X=books
G3,00006-HkseAnWCgqk/tasks-island_4.json,16,5,Place the phone on the table.,OK,place_on,place_on,Place items on the cellular_telephone.,Place the phone on the cellular_telephone.,on,on,;referent_grounding_v1:G3,,NP=phone
G3,00006-HkseAnWCgqk/tasks-island_4.json,18,3,Put the books away in the cabinet.,OK,store,store,Store items in the cabinet.,Store the books in the cabinet.,in,in,;referent_grounding_v1:G3,,NP=books
G1,00006-HkseAnWCgqk/tasks-island_4.json,25,1,Arrange the books on the book rack.,OK,place_on,place_on,Place book rack on surface.,Place the books on the book rack.,on,on,;referent_grounding_v1:G1,,X=books|Y=book rack
G2,00006-HkseAnWCgqk/tasks-island_4.json,26,4,Arrange the shelf.,OK,place_on,straighten,Place shelf on surface.,Straighten the shelf.,on,,;referent_grounding_v1:G2,,X=shelf
G1,00006-HkseAnWCgqk/tasks-island_4.json,31,4,Organize items on the shelf.,OK,place_on,place_on,Place shelf on surface.,Place the items on the shelf.,on,on,;referent_grounding_v1:G1,,X=items|Y=shelf
G2,00006-HkseAnWCgqk/tasks-island_4.json,33,5,Arrange the shelf.,OK,place_on,straighten,Place shelf on surface.,Straighten the shelf.,on,,;referent_grounding_v1:G2,,X=shelf
G1,00009-vLpv2VX547B/tasks-island_0.json,0,3,Arrange the books on the bookshelf in the study.,OK,place_in,place_on,Place bookshelf in receptacle.,Place the books on the bookshelf.,in,on,;referent_grounding_v1:G1,,X=books|Y=bookshelf
G1,00009-vLpv2VX547B/tasks-island_0.json,1,4,Set the plate on the table.,OK,place_on,place_on,Place plate on surface.,Place the plate on the table.,on,on,;referent_grounding_v1:G1,,X=plate|Y=table
G1,00009-vLpv2VX547B/tasks-island_0.json,11,4,Arrange the flower in the vase.,OK,place_in,place_in,Place flower in receptacle.,Place the flower in the vase.,in,in,;referent_grounding_v1:G1,,X=flower|Y=vase
G1,00009-vLpv2VX547B/tasks-island_0.json,30,3,Arrange the books on the bookshelf.,OK,place_on,place_on,Place bookshelf on surface.,Place the books on the bookshelf.,on,on,;referent_grounding_v1:G1,,X=books|Y=bookshelf
G2,00009-vLpv2VX547B/tasks-island_0.json,32,4,Arrange the drum set.,OK,place_on,straighten,Place drum on surface.,Straighten the drum set.,on,,;referent_grounding_v1:G2,,X=drum set
G2,00009-vLpv2VX547B/tasks-island_0.json,34,4,Position the mouse.,OK,place_on,reposition,Place mouse on surface.,Reposition the mouse.,on,,;referent_grounding_v1:G2,,X=mouse
G3,00009-vLpv2VX547B/tasks-island_0.json,37,3,Fluff the pillows on the couch.,OK,fluff,fluff,Fluff items on the couch.,Fluff the pillows on the couch.,on,on,;referent_grounding_v1:G3,,NP=pillows
G2,00009-vLpv2VX547B/tasks-island_0.json,40,3,Arrange the flower.,OK,place_on,straighten,Place flower on surface.,Straighten the flower.,on,,;referent_grounding_v1:G2,,X=flower
G2,00009-vLpv2VX547B/tasks-island_0.json,56,4,Position the mouse.,OK,place_on,reposition,Place mouse on surface.,Reposition the mouse.,on,,;referent_grounding_v1:G2,,X=mouse
G1,00009-vLpv2VX547B/tasks-island_0.json,101,4,Arrange the books on the bookshelf.,OK,place_on,place_on,Place bookshelf on surface.,Place the books on the bookshelf.,on,on,;referent_grounding_v1:G1,,X=books|Y=bookshelf
G1,00009-vLpv2VX547B/tasks-island_0.json,105,2,Set the tray on the table.,OK,place_on,place_on,Place tray on surface.,Place the tray on the table.,on,on,;referent_grounding_v1:G1,,X=tray|Y=table
G2,00009-vLpv2VX547B/tasks-island_0.json,112,5,Arrange the hanger.,OK,place_on,straighten,Place hanger on surface.,Straighten the hanger.,on,,;referent_grounding_v1:G2,,X=hanger
G2,00009-vLpv2VX547B/tasks-island_0.json,117,3,Set the plate.,OK,place_on,straighten,Place plate on surface.,Straighten the plate.,on,,;referent_grounding_v1:G2,,X=plate
G2,00009-vLpv2VX547B/tasks-island_0.json,125,4,Arrange the flower stand.,OK,place_on,straighten,Place flower stand on surface.,Straighten the flower stand.,on,,;referent_grounding_v1:G2,,X=flower stand
G2,00009-vLpv2VX547B/tasks-island_0.json,134,2,Arrange the speaker.,OK,place_on,straighten,Place speaker on surface.,Straighten the speaker.,on,,;referent_grounding_v1:G2,,X=speaker
G1,00009-vLpv2VX547B/tasks-island_0.json,134,3,Sort the books on the bookshelf.,OK,place_on,place_on,Place bookshelf on surface.,Place the books on the bookshelf.,on,on,;referent_grounding_v1:G1,,X=books|Y=bookshelf
G1,00009-vLpv2VX547B/tasks-island_0.json,142,3,Organize the clutter on the stand.,OK,place_on,place_on,Place stand on surface.,Place the clutter on the stand.,on,on,;referent_grounding_v1:G1,,X=clutter|Y=stand
G1,00009-vLpv2VX547B/tasks-island_0.json,147,5,Arrange the book on the bookshelf.,OK,place_on,place_on,Place book on surface.,Place the book on the bookshelf.,on,on,;referent_grounding_v1:G1,,X=book|Y=bookshelf
G2,00009-vLpv2VX547B/tasks-island_0.json,151,2,Arrange the ornament.,OK,place_on,straighten,Place ornament on surface.,Straighten the ornament.,on,,;referent_grounding_v1:G2,,X=ornament
G1,00009-vLpv2VX547B/tasks-island_0.json,151,3,Set the flowerpot near the window.,OK,place_on,place_on,Place flowerpot on surface.,Place the flowerpot near the window.,on,at,;referent_grounding_v1:G1,,X=flowerpot|Y=window
G2,00009-vLpv2VX547B/tasks-island_0.json,161,4,Arrange the guitar.,OK,place_on,straighten,Place guitar on surface.,Straighten the guitar.,on,,;referent_grounding_v1:G2,,X=guitar
G2,00009-vLpv2VX547B/tasks-island_0.json,168,2,Arrange the guitar.,OK,place_on,straighten,Place guitar on surface.,Straighten the guitar.,on,,;referent_grounding_v1:G2,,X=guitar
G3,00009-vLpv2VX547B/tasks-island_0.json,170,3,Fluff the pillow on the couch.,OK,fluff,fluff,Fluff items on the couch.,Fluff the pillow on the couch.,on,on,;referent_grounding_v1:G3,,NP=pillow
G1,00009-vLpv2VX547B/tasks-island_0.json,173,3,Organize the book in the bookshelf.,OK,place_in,place_in,Place bookshelf in receptacle.,Place the book in the bookshelf.,in,in,;referent_grounding_v1:G1,,X=book|Y=bookshelf
G1,00009-vLpv2VX547B/tasks-island_0.json,185,4,Organize the brushes on the tray.,OK,place_on,place_on,Place tray on surface.,Place the brushes on the tray.,on,on,;referent_grounding_v1:G1,,X=brushes|Y=tray
G3,00009-vLpv2VX547B/tasks-island_0.json,202,6,Put away the coffee beans in the kitchen cabinet.,OK,store,store,Store items in the kitchen cabinet.,Store the coffee beans in the kitchen cabinet.,in,in,;referent_grounding_v1:G3,,NP=coffee beans
G1,00009-vLpv2VX547B/tasks-island_0.json,214,5,Organize the tools in the storage cabinet.,OK,place_in,place_in,Place storage cabinet in receptacle.,Place the tools in the storage cabinet.,in,in,;referent_grounding_v1:G1,,X=tools|Y=storage cabinet
G1,00009-vLpv2VX547B/tasks-island_0.json,215,6,Organize the files in the cabinet.,OK,place_in,place_in,Place cabinet in receptacle.,Place the files in the cabinet.,in,in,;referent_grounding_v1:G1,,X=files|Y=cabinet
G1,00009-vLpv2VX547B/tasks-island_0.json,217,5,Set the plate on the table.,OK,place_on,place_on,Place plate on surface.,Place the plate on the table.,on,on,;referent_grounding_v1:G1,,X=plate|Y=table
G1,00009-vLpv2VX547B/tasks-island_0.json,241,2,Sort the clothes in the box.,OK,place_in,place_in,Place box in receptacle.,Place the clothes in the box.,in,in,;referent_grounding_v1:G1,,X=clothes|Y=box
G1,00009-vLpv2VX547B/tasks-island_0.json,245,4,Arrange the ornament on the shelf.,OK,place_on,place_on,Place ornament on surface.,Place the ornament on the shelf.,on,on,;referent_grounding_v1:G1,,X=ornament|Y=shelf
G1,00009-vLpv2VX547B/tasks-island_0.json,251,7,Organize the books on the bookshelf.,OK,place_on,place_on,Place bookshelf on surface.,Place the books on the bookshelf.,on,on,;referent_grounding_v1:G1,,X=books|Y=bookshelf
G2,00009-vLpv2VX547B/tasks-island_0.json,255,3,Set the toaster for a snack.,OK,place_on,straighten,Place toaster on surface.,Straighten the toaster.,on,,;referent_grounding_v1:G2,,X=toaster
G2,00009-vLpv2VX547B/tasks-island_0.json,258,7,Set the camera for a photo.,OK,place_on,straighten,Place camera on surface.,Straighten the camera.,on,,;referent_grounding_v1:G2,,X=camera
G2,00009-vLpv2VX547B/tasks-island_0.json,260,3,Arrange the shelf.,OK,place_on,straighten,Place shelf on surface.,Straighten the shelf.,on,,;referent_grounding_v1:G2,,X=shelf
G2,00009-vLpv2VX547B/tasks-island_0.json,263,4,Set the toaster for bread.,OK,place_on,straighten,Place toaster on surface.,Straighten the toaster.,on,,;referent_grounding_v1:G2,,X=toaster
G2,00009-vLpv2VX547B/tasks-island_0.json,272,5,Arrange the bookshelf.,OK,place_on,straighten,Place bookshelf on surface.,Straighten the bookshelf.,on,,;referent_grounding_v1:G2,,X=bookshelf
G1,00009-vLpv2VX547B/tasks-island_0.json,275,1,Set the plate on the table.,OK,place_on,place_on,Place plate on surface.,Place the plate on the table.,on,on,;referent_grounding_v1:G1,,X=plate|Y=table
G1,00016-qk9eeNeR4vw/tasks-island_1.json,5,1,Organize the books on the shelf.,OK,place_on,place_on,Place shelf on surface.,Place the books on the shelf.,on,on,;referent_grounding_v1:G1,,X=books|Y=shelf
G2,00016-qk9eeNeR4vw/tasks-island_1.json,7,2,Arrange the patio chair.,OK,place_on,straighten,Place patio chair on surface.,Straighten the patio chair.,on,,;referent_grounding_v1:G2,,X=patio chair
G1,00016-qk9eeNeR4vw/tasks-island_1.json,21,3,Arrange the flowers in the vase.,OK,place_in,place_in,Place flower in receptacle.,Place the flowers in the vase.,in,in,;referent_grounding_v1:G1,,X=flowers|Y=vase
G1,00016-qk9eeNeR4vw/tasks-island_1.json,21,4,Set the decorative bowl on the table.,OK,place_on,place_on,Place decorative bowl on surface.,Place the decorative bowl on the table.,on,on,;referent_grounding_v1:G1,,X=decorative bowl|Y=table
G2,00016-qk9eeNeR4vw/tasks-island_1.json,27,2,Arrange the sofa seat.,OK,place_on,straighten,Place sofa seat on surface.,Straighten the sofa seat.,on,,;referent_grounding_v1:G2,,X=sofa seat
G2,00016-qk9eeNeR4vw/tasks-island_1.json,32,2,Arrange the patio chairs.,OK,place_on,straighten,Place patio chair on surface.,Straighten the patio chairs.,on,,;referent_grounding_v1:G2,,X=patio chairs
G1,00016-qk9eeNeR4vw/tasks-island_1.json,41,5,Organize items on the shelf.,OK,place_on,place_on,Place shelf on surface.,Place the items on the shelf.,on,on,;referent_grounding_v1:G1,,X=items|Y=shelf
G2,00016-qk9eeNeR4vw/tasks-island_1.json,42,2,Arrange the patio chair for seating.,OK,place_on,straighten,Place patio chair on surface.,Straighten the patio chair.,on,,;referent_grounding_v1:G2,,X=patio chair
G2,00016-qk9eeNeR4vw/tasks-island_1.json,49,2,Arrange items inside the cabinet.,OK,place_in,straighten,Place cabinet in receptacle.,Straighten the items inside the cabinet.,in,,;referent_grounding_v1:G2,,X=items inside the cabinet
G1,00016-qk9eeNeR4vw/tasks-island_1.json,50,2,Organize the books on the shelf.,OK,place_in,place_on,Place shelf in receptacle.,Place the books on the shelf.,in,on,;referent_grounding_v1:G1,,X=books|Y=shelf
G2,00016-qk9eeNeR4vw/tasks-island_1.json,57,5,Arrange the vase centerpiece.,OK,place_on,straighten,Place vase on surface.,Straighten the vase centerpiece.,on,,;referent_grounding_v1:G2,,X=vase centerpiece
G2,00016-qk9eeNeR4vw/tasks-island_1.json,76,4,Set the tray.,OK,place_on,straighten,Place tray on surface.,Straighten the tray.,on,,;referent_grounding_v1:G2,,X=tray
G2,00016-qk9eeNeR4vw/tasks-island_1.json,78,3,Arrange the patio chair.,OK,place_on,straighten,Place patio chair on surface.,Straighten the patio chair.,on,,;referent_grounding_v1:G2,,X=patio chair
G1,00016-qk9eeNeR4vw/tasks-island_1.json,83,1,Organize the books on the shelf.,OK,place_on,place_on,Place shelf on surface.,Place the books on the shelf.,on,on,;referent_grounding_v1:G1,,X=books|Y=shelf
G2,00016-qk9eeNeR4vw/tasks-island_1.json,84,3,Arrange the patio chair.,OK,place_on,straighten,Place patio chair on surface.,Straighten the patio chair.,on,,;referent_grounding_v1:G2,,X=patio chair
G4,00016-qk9eeNeR4vw/tasks-island_1.json,92,2,Fill it at the sink.,RESOLVED,fill,fill,Use the sink to fill a container.,Fill the cup at the sink.,at,at,;referent_grounding_v1:G4,,vessel=cup
G4,00016-qk9eeNeR4vw/tasks-island_1.json,93,2,Fill it with water at the tap.,RESOLVED,fill,fill,Use the tap to fill a container.,Fill the vase at the tap.,at,at,;referent_grounding_v1:G4,,vessel=vase
G1,00016-qk9eeNeR4vw/tasks-island_1.json,96,3,Organize the documents on the shelf.,OK,place_on,place_on,Place shelf on surface.,Place the documents on the shelf.,on,on,;referent_grounding_v1:G1,,X=documents|Y=shelf
G2,00016-qk9eeNeR4vw/tasks-island_1.json,101,6,Arrange the boxes.,OK,place_on,straighten,Place box on surface.,Straighten the boxes.,on,,;referent_grounding_v1:G2,,X=boxes
G2,00016-qk9eeNeR4vw/tasks-island_1.json,103,5,Arrange the patio chairs.,OK,place_on,straighten,Place patio chair on surface.,Straighten the patio chairs.,on,,;referent_grounding_v1:G2,,X=patio chairs
G2,00016-qk9eeNeR4vw/tasks-island_1.json,105,4,Arrange the patio chairs.,OK,place_on,straighten,Place patio chair on surface.,Straighten the patio chairs.,on,,;referent_grounding_v1:G2,,X=patio chairs
G2,00016-qk9eeNeR4vw/tasks-island_1.json,110,4,Set the tray with drinks.,OK,place_on,straighten,Place tray on surface.,Straighten the tray.,on,,;referent_grounding_v1:G2,,X=tray
G2,00016-qk9eeNeR4vw/tasks-island_1.json,114,4,Arrange the vase.,OK,place_on,straighten,Place vase on surface.,Straighten the vase.,on,,;referent_grounding_v1:G2,,X=vase
G2,00016-qk9eeNeR4vw/tasks-island_1.json,115,7,Arrange the closet mirror wall.,OK,place_on,straighten,Place closet mirror wall on surface.,Straighten the closet mirror wall.,on,,;referent_grounding_v1:G2,,X=closet mirror wall
G2,00016-qk9eeNeR4vw/tasks-island_1.json,117,5,Arrange the sofa seat.,OK,place_on,straighten,Place sofa seat on surface.,Straighten the sofa seat.,on,,;referent_grounding_v1:G2,,X=sofa seat
G2,00016-qk9eeNeR4vw/tasks-island_1.json,123,2,Arrange the patio chair.,OK,place_on,straighten,Place patio chair on surface.,Straighten the patio chair.,on,,;referent_grounding_v1:G2,,X=patio chair
G2,00016-qk9eeNeR4vw/tasks-island_1.json,124,2,Set the toaster.,OK,place_in,straighten,Place toaster in receptacle.,Straighten the toaster.,in,,;referent_grounding_v1:G2,,X=toaster
G2,00016-qk9eeNeR4vw/tasks-island_1.json,126,2,Arrange the speaker.,OK,place_on,straighten,Place speaker on surface.,Straighten the speaker.,on,,;referent_grounding_v1:G2,,X=speaker
G2,00016-qk9eeNeR4vw/tasks-island_1.json,126,6,Position the sofa seat.,OK,place_on,reposition,Place sofa seat on surface.,Reposition the sofa seat.,on,,;referent_grounding_v1:G2,,X=sofa seat
G2,00016-qk9eeNeR4vw/tasks-island_1.json,136,5,Arrange the patio chair.,OK,place_on,straighten,Place patio chair on surface.,Straighten the patio chair.,on,,;referent_grounding_v1:G2,,X=patio chair
G1,00016-qk9eeNeR4vw/tasks-island_1.json,142,4,Set the flower vase on the small table.,OK,place_on,place_on,Place flower vase on surface.,Place the flower vase on the small table.,on,on,;referent_grounding_v1:G1,,X=flower vase|Y=small table
G1,00016-qk9eeNeR4vw/tasks-island_1.json,144,4,Organize items in the basket.,OK,place_in,place_in,Place basket in receptacle.,Place the items in the basket.,in,in,;referent_grounding_v1:G1,,X=items|Y=basket
G2,00016-qk9eeNeR4vw/tasks-island_1.json,145,2,Arrange the patio chair for guests.,OK,place_on,straighten,Place patio chair on surface.,Straighten the patio chair.,on,,;referent_grounding_v1:G2,,X=patio chair
G1,00016-qk9eeNeR4vw/tasks-island_1.json,150,5,Arrange the book on the nightstand.,OK,place_on,place_on,Place book on surface.,Place the book on the nightstand.,on,on,;referent_grounding_v1:G1,,X=book|Y=nightstand
G1,00017-oEPjPNSPmzL/tasks-island_1.json,13,2,Sort items into the basket.,OK,place_in,place_in,Place basket in receptacle.,Place the items into the basket.,in,in,;referent_grounding_v1:G1,,X=items|Y=basket
G2,00017-oEPjPNSPmzL/tasks-island_1.json,32,3,Arrange the rack.,OK,place_on,straighten,Place rack on surface.,Straighten the rack.,on,,;referent_grounding_v1:G2,,X=rack
G1,00017-oEPjPNSPmzL/tasks-island_1.json,34,2,Set the cup on the desk.,OK,place_in,place_on,Place cup in receptacle.,Place the cup on the desk.,in,on,;referent_grounding_v1:G1,,X=cup|Y=desk
G2,00017-oEPjPNSPmzL/tasks-island_1.json,41,3,Position the camera.,OK,place_on,reposition,Place camera on surface.,Reposition the camera.,on,,;referent_grounding_v1:G2,,X=camera
G2,00017-oEPjPNSPmzL/tasks-island_1.json,68,5,Set the camera.,OK,place_on,straighten,Place camera on surface.,Straighten the camera.,on,,;referent_grounding_v1:G2,,X=camera
G2,00017-oEPjPNSPmzL/tasks-island_1.json,84,7,Arrange the toothbrush.,OK,place_on,straighten,Place toothbrush on surface.,Straighten the toothbrush.,on,,;referent_grounding_v1:G2,,X=toothbrush
G1,00020-XYyR54sxe6b/tasks-island_0.json,1,3,Set the cup on the table.,OK,place_on,place_on,Place cup on surface.,Place the cup on the table.,on,on,;referent_grounding_v1:G1,,X=cup|Y=table
G1,00020-XYyR54sxe6b/tasks-island_0.json,10,2,Arrange the pillows on the sofa seat.,OK,place_on,place_on,Place sofa seat on surface.,Place the pillows on the sofa seat.,on,on,;referent_grounding_v1:G1,,X=pillows|Y=sofa seat
G2,00020-XYyR54sxe6b/tasks-island_0.json,13,3,Arrange the shelf.,OK,place_on,straighten,Place shelf on surface.,Straighten the shelf.,on,,;referent_grounding_v1:G2,,X=shelf
G1,00020-XYyR54sxe6b/tasks-island_0.json,14,2,Set the plate on the table.,OK,place_on,place_on,Place plate on surface.,Place the plate on the table.,on,on,;referent_grounding_v1:G1,,X=plate|Y=table
G1,00020-XYyR54sxe6b/tasks-island_0.json,50,4,Set the tray on the bedroom cabinet.,OK,place_on,place_on,Place cabinet on surface.,Place the tray on the bedroom cabinet.,on,on,;referent_grounding_v1:G1,,X=tray|Y=bedroom cabinet
G2,00020-XYyR54sxe6b/tasks-island_0.json,52,2,Arrange the plate from the living area.,OK,place_on,straighten,Place plate on surface.,Straighten the plate.,on,,;referent_grounding_v1:G2,,X=plate
G1,00020-XYyR54sxe6b/tasks-island_0.json,52,3,Set the cup on the dining table.,OK,place_on,place_on,Place cup on surface.,Place the cup on the dining table.,on,on,;referent_grounding_v1:G1,,X=cup|Y=dining table
G2,00020-XYyR54sxe6b/tasks-island_0.json,61,6,Arrange the sofa seat.,OK,place_on,straighten,Place sofa seat on surface.,Straighten the sofa seat.,on,,;referent_grounding_v1:G2,,X=sofa seat
G2,00020-XYyR54sxe6b/tasks-island_0.json,86,3,Arrange the sofa seat.,OK,place_in,straighten,Place sofa seat in receptacle.,Straighten the sofa seat.,in,,;referent_grounding_v1:G2,,X=sofa seat
G1,00020-XYyR54sxe6b/tasks-island_0.json,92,3,Organize the clothes in the wardrobe.,OK,place_in,place_in,Place wardrobe in receptacle.,Place the clothes in the wardrobe.,in,in,;referent_grounding_v1:G1,,X=clothes|Y=wardrobe
G1,00020-XYyR54sxe6b/tasks-island_0.json,95,2,Arrange the sofa seat in the living room.,OK,place_in,place_in,Place sofa seat in receptacle.,Place the sofa seat in the living room.,in,in,;referent_grounding_v1:G1,,X=sofa seat|Y=living room
G1,00020-XYyR54sxe6b/tasks-island_0.json,95,3,Set the plate on the table.,OK,place_on,place_on,Place plate on surface.,Place the plate on the table.,on,on,;referent_grounding_v1:G1,,X=plate|Y=table
G1,00020-XYyR54sxe6b/tasks-island_0.json,98,5,Set the flower vase on the dining table.,OK,place_on,place_on,Place flower vase on surface.,Place the flower vase on the dining table.,on,on,;referent_grounding_v1:G1,,X=flower vase|Y=dining table
G1,00020-XYyR54sxe6b/tasks-island_0.json,103,6,Set the cup on the table.,OK,place_on,place_on,Place cup on surface.,Place the cup on the table.,on,on,;referent_grounding_v1:G1,,X=cup|Y=table
G2,00020-XYyR54sxe6b/tasks-island_0.json,108,3,Arrange the sofa seat cushions.,OK,place_on,straighten,Place sofa seat on surface.,Straighten the sofa seat cushions.,on,,;referent_grounding_v1:G2,,X=sofa seat cushions
G1,00020-XYyR54sxe6b/tasks-island_0.json,109,4,Organize the items on the shelf.,OK,place_on,place_on,Place shelf on surface.,Place the items on the shelf.,on,on,;referent_grounding_v1:G1,,X=items|Y=shelf
G2,00022-gmuS7Wgsbrx/tasks-island_0.json,3,3,Arrange the sofa seat.,OK,place_on,straighten,Place sofa seat on surface.,Straighten the sofa seat.,on,,;referent_grounding_v1:G2,,X=sofa seat
G2,00022-gmuS7Wgsbrx/tasks-island_0.json,13,3,Set the pitcher down.,OK,place_on,straighten,Place pitcher on surface.,Straighten the pitcher.,on,,;referent_grounding_v1:G2,,X=pitcher
G2,00022-gmuS7Wgsbrx/tasks-island_0.json,16,2,Arrange the sofa seat.,OK,place_on,straighten,Place sofa seat on surface.,Straighten the sofa seat.,on,,;referent_grounding_v1:G2,,X=sofa seat
G2,00022-gmuS7Wgsbrx/tasks-island_0.json,49,3,Arrange the sofa seat.,OK,place_on,straighten,Place sofa seat on surface.,Straighten the sofa seat.,on,,;referent_grounding_v1:G2,,X=sofa seat
G2,00022-gmuS7Wgsbrx/tasks-island_0.json,50,3,Reposition the flowerpot.,OK,place_on,reposition,Place flowerpot on surface.,Reposition the flowerpot.,on,,;referent_grounding_v1:G2,,X=flowerpot
G2,00022-gmuS7Wgsbrx/tasks-island_0.json,84,4,Arrange the shampoo.,OK,place_on,straighten,Place shampoo on surface.,Straighten the shampoo.,on,,;referent_grounding_v1:G2,,X=shampoo
G2,00022-gmuS7Wgsbrx/tasks-island_0.json,88,1,Arrange the sofa seat.,OK,place_on,straighten,Place sofa seat on surface.,Straighten the sofa seat.,on,,;referent_grounding_v1:G2,,X=sofa seat
G2,00022-gmuS7Wgsbrx/tasks-island_0.json,100,5,Arrange the flowerpot.,OK,place_on,straighten,Place flowerpot on surface.,Straighten the flowerpot.,on,,;referent_grounding_v1:G2,,X=flowerpot
G2,00022-gmuS7Wgsbrx/tasks-island_0.json,106,4,Arrange the basket of something.,OK,place_on,straighten,Place basket of something on surface.,Straighten the basket of something.,on,,;referent_grounding_v1:G2,,X=basket of something
G2,00022-gmuS7Wgsbrx/tasks-island_0.json,109,5,Arrange the clothes.,OK,place_on,straighten,Place clothes on surface.,Straighten the clothes.,on,,;referent_grounding_v1:G2,,X=clothes
G2,00022-gmuS7Wgsbrx/tasks-island_0.json,123,3,Arrange the shampoo.,OK,place_on,straighten,Place shampoo on surface.,Straighten the shampoo.,on,,;referent_grounding_v1:G2,,X=shampoo
G1,00022-gmuS7Wgsbrx/tasks-island_0.json,135,5,Arrange the decoration in the lounge.,OK,place_in,place_in,Place decoration in receptacle.,Place the decoration in the lounge.,in,in,;referent_grounding_v1:G1,,X=decoration|Y=lounge
G2,00022-gmuS7Wgsbrx/tasks-island_0.json,141,5,Display the flower vase.,OK,place_on,straighten,Place flower vase on surface.,Straighten the flower vase.,on,,;referent_grounding_v1:G2,,X=flower vase
G2,00022-gmuS7Wgsbrx/tasks-island_0.json,153,3,Arrange the flower vase.,OK,place_on,straighten,Place flower vase on surface.,Straighten the flower vase.,on,,;referent_grounding_v1:G2,,X=flower vase
G2,00022-gmuS7Wgsbrx/tasks-island_0.json,177,5,Arrange the clothes.,OK,place_on,straighten,Place clothes on surface.,Straighten the clothes.,on,,;referent_grounding_v1:G2,,X=clothes
G2,00022-gmuS7Wgsbrx/tasks-island_0.json,194,3,Arrange the sofa seat.,OK,place_on,straighten,Place sofa seat on surface.,Straighten the sofa seat.,on,,;referent_grounding_v1:G2,,X=sofa seat
G1,00022-gmuS7Wgsbrx/tasks-island_0.json,207,3,Arrange the flowerpot in the corner.,OK,place_in,place_in,Place flowerpot in receptacle.,Place the flowerpot in the corner.,in,in,;referent_grounding_v1:G1,,X=flowerpot|Y=corner
G1,00022-gmuS7Wgsbrx/tasks-island_0.json,216,3,Arrange flowers in the flower vase.,OK,place_in,place_in,Place flower vase in receptacle.,Place the flowers in the flower vase.,in,in,;referent_grounding_v1:G1,,X=flowers|Y=flower vase
G1,00022-gmuS7Wgsbrx/tasks-island_0.json,219,2,Arrange items in the kitchen lower cabinet.,OK,place_in,place_in,Place kitchen lower cabinet in receptacle.,Place the items in the kitchen lower cabinet.,in,in,;referent_grounding_v1:G1,,X=items|Y=kitchen lower cabinet
G1,00022-gmuS7Wgsbrx/tasks-island_0.json,219,6,Set the pitcher on the counter.,OK,place_on,place_on,Place pitcher on surface.,Place the pitcher on the counter.,on,on,;referent_grounding_v1:G1,,X=pitcher|Y=counter
G1,00022-gmuS7Wgsbrx/tasks-island_0.json,222,3,Organize clothes in the cabinet.,OK,place_in,place_in,Place cabinet in receptacle.,Place the clothes in the cabinet.,in,in,;referent_grounding_v1:G1,,X=clothes|Y=cabinet
G2,00022-gmuS7Wgsbrx/tasks-island_0.json,224,4,Arrange the sofa seat.,OK,place_on,straighten,Place sofa seat on surface.,Straighten the sofa seat.,on,,;referent_grounding_v1:G2,,X=sofa seat
G1,00022-gmuS7Wgsbrx/tasks-island_0.json,231,1,Tidy the items in the case.,OK,place_in,place_in,Place case in receptacle.,Place the items in the case.,in,in,;referent_grounding_v1:G1,,X=items|Y=case
G2,00022-gmuS7Wgsbrx/tasks-island_0.json,231,3,Arrange the cabinet contents.,OK,place_on,straighten,Place cabinet on surface.,Straighten the cabinet contents.,on,,;referent_grounding_v1:G2,,X=cabinet contents
G2,00022-gmuS7Wgsbrx/tasks-island_0.json,243,2,Arrange the monitor.,OK,place_on,straighten,Place monitor on surface.,Straighten the monitor.,on,,;referent_grounding_v1:G2,,X=monitor
G3,00022-gmuS7Wgsbrx/tasks-island_0.json,245,7,Place a book on the rack.,OK,place_on,place_on,Place items on the book rack.,Place the book on the book rack.,on,on,;referent_grounding_v1:G3,,NP=book
G2,00022-gmuS7Wgsbrx/tasks-island_0.json,267,3,Arrange the sofa seat.,OK,place_on,straighten,Place sofa seat on surface.,Straighten the sofa seat.,on,,;referent_grounding_v1:G2,,X=sofa seat
G2,00022-gmuS7Wgsbrx/tasks-island_0.json,279,6,Arrange the shampoo.,OK,place_on,straighten,Place shampoo on surface.,Straighten the shampoo.,on,,;referent_grounding_v1:G2,,X=shampoo
G2,00022-gmuS7Wgsbrx/tasks-island_0.json,282,2,Position the mouse.,OK,place_on,reposition,Place mouse on surface.,Reposition the mouse.,on,,;referent_grounding_v1:G2,,X=mouse
G2,00022-gmuS7Wgsbrx/tasks-island_0.json,282,5,Arrange the sofa seat.,OK,place_on,straighten,Place sofa seat on surface.,Straighten the sofa seat.,on,,;referent_grounding_v1:G2,,X=sofa seat
G2,00022-gmuS7Wgsbrx/tasks-island_0.json,283,6,Position the monitor.,OK,place_on,reposition,Place monitor on surface.,Reposition the monitor.,on,,;referent_grounding_v1:G2,,X=monitor
G2,00022-gmuS7Wgsbrx/tasks-island_0.json,285,3,Arrange the flower vase.,OK,place_on,straighten,Place flower vase on surface.,Straighten the flower vase.,on,,;referent_grounding_v1:G2,,X=flower vase
G2,00022-gmuS7Wgsbrx/tasks-island_0.json,294,5,Arrange the basket of something.,OK,place_on,straighten,Place basket of something on surface.,Straighten the basket of something.,on,,;referent_grounding_v1:G2,,X=basket of something
G2,00022-gmuS7Wgsbrx/tasks-island_0.json,295,1,Position the computer.,OK,place_on,reposition,Place computer on surface.,Reposition the computer.,on,,;referent_grounding_v1:G2,,X=computer
G2,00022-gmuS7Wgsbrx/tasks-island_0.json,297,2,Position the lamp.,OK,place_on,reposition,Place lamp on surface.,Reposition the lamp.,on,,;referent_grounding_v1:G2,,X=lamp
G2,00022-gmuS7Wgsbrx/tasks-island_0.json,299,5,Position the monitor.,OK,place_on,reposition,Place monitor on surface.,Reposition the monitor.,on,,;referent_grounding_v1:G2,,X=monitor
G2,00022-gmuS7Wgsbrx/tasks-island_0.json,304,4,Set the knife.,OK,place_on,straighten,Place knife on surface.,Straighten the knife.,on,,;referent_grounding_v1:G2,,X=knife
G2,00022-gmuS7Wgsbrx/tasks-island_0.json,308,7,Arrange the flower vase.,OK,place_on,straighten,Place flower vase on surface.,Straighten the flower vase.,on,,;referent_grounding_v1:G2,,X=flower vase
G2,00022-gmuS7Wgsbrx/tasks-island_0.json,313,1,Arrange the flower vase.,OK,place_on,straighten,Place flower vase on surface.,Straighten the flower vase.,on,,;referent_grounding_v1:G2,,X=flower vase
G2,00022-gmuS7Wgsbrx/tasks-island_0.json,316,1,Position the mouse.,OK,place_on,reposition,Place mouse on surface.,Reposition the mouse.,on,,;referent_grounding_v1:G2,,X=mouse
G2,00022-gmuS7Wgsbrx/tasks-island_0.json,317,7,Arrange the sofa seat.,OK,place_on,straighten,Place sofa seat on surface.,Straighten the sofa seat.,on,,;referent_grounding_v1:G2,,X=sofa seat
G1,00022-gmuS7Wgsbrx/tasks-island_0.json,336,4,Organize items in the dresser.,OK,place_in,place_in,Place dresser in receptacle.,Place the items in the dresser.,in,in,;referent_grounding_v1:G1,,X=items|Y=dresser
G2,00022-gmuS7Wgsbrx/tasks-island_0.json,338,1,Reposition the flowerpot.,OK,place_on,reposition,Place flowerpot on surface.,Reposition the flowerpot.,on,,;referent_grounding_v1:G2,,X=flowerpot
G1,00022-gmuS7Wgsbrx/tasks-island_0.json,341,4,Rearrange the decoration on the shelf.,OK,place_on,place_on,Place decoration on surface.,Place the decoration on the shelf.,on,on,;referent_grounding_v1:G1,,X=decoration|Y=shelf
G1,00022-gmuS7Wgsbrx/tasks-island_0.json,351,4,Organize papers in the cabinet.,OK,place_in,place_in,Place cabinet in receptacle.,Place the papers in the cabinet.,in,in,;referent_grounding_v1:G1,,X=papers|Y=cabinet
G2,00022-gmuS7Wgsbrx/tasks-island_0.json,374,1,Arrange the sofa seat.,OK,place_on,straighten,Place sofa seat on surface.,Straighten the sofa seat.,on,,;referent_grounding_v1:G2,,X=sofa seat
G2,00022-gmuS7Wgsbrx/tasks-island_0.json,377,7,Arrange the plush toy.,OK,place_in,straighten,Place plush toy in receptacle.,Straighten the plush toy.,in,,;referent_grounding_v1:G2,,X=plush toy
G2,00022-gmuS7Wgsbrx/tasks-island_0.json,381,5,Arrange the sofa seat.,OK,place_in,straighten,Place sofa seat in receptacle.,Straighten the sofa seat.,in,,;referent_grounding_v1:G2,,X=sofa seat
G2,00022-gmuS7Wgsbrx/tasks-island_0.json,386,5,Set the bed table.,OK,place_on,straighten,Place bed table on surface.,Straighten the bed table.,on,,;referent_grounding_v1:G2,,X=bed table
G3,00022-gmuS7Wgsbrx/tasks-island_0.json,386,6,Put the book on the rack.,OK,place_on,place_on,Place items on the book rack.,Place the book on the book rack.,on,on,;referent_grounding_v1:G3,,NP=book
G1,00022-gmuS7Wgsbrx/tasks-island_0.json,390,6,Arrange books on the book rack.,OK,place_on,place_on,Place book rack on surface.,Place the books on the book rack.,on,on,;referent_grounding_v1:G1,,X=books|Y=book rack
G2,00022-gmuS7Wgsbrx/tasks-island_0.json,393,1,Arrange the sofa seat.,OK,place_on,straighten,Place sofa seat on surface.,Straighten the sofa seat.,on,,;referent_grounding_v1:G2,,X=sofa seat
G2,00022-gmuS7Wgsbrx/tasks-island_0.json,402,4,Arrange the sofa seat.,OK,place_on,straighten,Place sofa seat on surface.,Straighten the sofa seat.,on,,;referent_grounding_v1:G2,,X=sofa seat
G3,00023-zepmXAdrpjR/tasks-island_0.json,2,1,Put away food in the refrigerator.,OK,store,store,Store items in the refrigerator.,Store the food in the refrigerator.,in,in,;referent_grounding_v1:G3,,NP=food
G2,00023-zepmXAdrpjR/tasks-island_0.json,48,3,Set the plate.,OK,place_on,straighten,Place plate on surface.,Straighten the plate.,on,,;referent_grounding_v1:G2,,X=plate
G2,00023-zepmXAdrpjR/tasks-island_0.json,51,3,Set the tray.,OK,place_on,straighten,Place tray on surface.,Straighten the tray.,on,,;referent_grounding_v1:G2,,X=tray
G2,00023-zepmXAdrpjR/tasks-island_0.json,53,3,Arrange the folding chair.,OK,place_on,straighten,Place folding chair on surface.,Straighten the folding chair.,on,,;referent_grounding_v1:G2,,X=folding chair
G2,00023-zepmXAdrpjR/tasks-island_0.json,62,2,Arrange the folding chair.,OK,place_on,straighten,Place folding chair on surface.,Straighten the folding chair.,on,,;referent_grounding_v1:G2,,X=folding chair
G2,00023-zepmXAdrpjR/tasks-island_0.json,70,2,Arrange the shelf.,OK,place_on,straighten,Place shelf on surface.,Straighten the shelf.,on,,;referent_grounding_v1:G2,,X=shelf
G2,00023-zepmXAdrpjR/tasks-island_0.json,81,4,Arrange the l-shaped sofa.,OK,place_on,straighten,Place l-shaped sofa on surface.,Straighten the l-shaped sofa.,on,,;referent_grounding_v1:G2,,X=l-shaped sofa
G2,00023-zepmXAdrpjR/tasks-island_0.json,86,4,Set the toaster for a snack.,OK,place_on,straighten,Place toaster on surface.,Straighten the toaster.,on,,;referent_grounding_v1:G2,,X=toaster
G2,00023-zepmXAdrpjR/tasks-island_0.json,99,3,Arrange the bath towel.,OK,place_on,straighten,Place bath towel on surface.,Straighten the bath towel.,on,,;referent_grounding_v1:G2,,X=bath towel
G2,00023-zepmXAdrpjR/tasks-island_0.json,117,4,Set the plate.,OK,place_on,straighten,Place plate on surface.,Straighten the plate.,on,,;referent_grounding_v1:G2,,X=plate
G2,00023-zepmXAdrpjR/tasks-island_0.json,131,5,Arrange the rack.,OK,place_on,straighten,Place rack on surface.,Straighten the rack.,on,,;referent_grounding_v1:G2,,X=rack
G2,00023-zepmXAdrpjR/tasks-island_0.json,136,6,Arrange the l-shaped sofa.,OK,place_on,straighten,Place l-shaped sofa on surface.,Straighten the l-shaped sofa.,on,,;referent_grounding_v1:G2,,X=l-shaped sofa
G2,00023-zepmXAdrpjR/tasks-island_0.json,137,4,Arrange the folding chair.,OK,place_on,straighten,Place folding chair on surface.,Straighten the folding chair.,on,,;referent_grounding_v1:G2,,X=folding chair
G2,00023-zepmXAdrpjR/tasks-island_0.json,149,3,Set the tray.,OK,place_on,straighten,Place tray on surface.,Straighten the tray.,on,,;referent_grounding_v1:G2,,X=tray
G2,00023-zepmXAdrpjR/tasks-island_0.json,152,6,Position the lamp.,OK,place_on,reposition,Place lamp on surface.,Reposition the lamp.,on,,;referent_grounding_v1:G2,,X=lamp
G2,00023-zepmXAdrpjR/tasks-island_0.json,161,3,Arrange the bag.,OK,place_on,straighten,Place bag on surface.,Straighten the bag.,on,,;referent_grounding_v1:G2,,X=bag
G4,00023-zepmXAdrpjR/tasks-island_0.json,170,2,Fill it from the sink.,RESOLVED,fill,fill,Use the sink to fill a container.,Fill the pitcher at the sink.,,,;referent_grounding_v1:G4,,vessel=pitcher
G2,00023-zepmXAdrpjR/tasks-island_0.json,180,4,Arrange the rack.,OK,place_on,straighten,Place rack on surface.,Straighten the rack.,on,,;referent_grounding_v1:G2,,X=rack
G2,00023-zepmXAdrpjR/tasks-island_0.json,190,6,Arrange the l-shaped sofa.,OK,place_on,straighten,Place l-shaped sofa on surface.,Straighten the l-shaped sofa.,on,,;referent_grounding_v1:G2,,X=l-shaped sofa
G2,00023-zepmXAdrpjR/tasks-island_0.json,194,2,Arrange the l-shaped sofa.,OK,place_in,straighten,Place l-shaped sofa in receptacle.,Straighten the l-shaped sofa.,in,,;referent_grounding_v1:G2,,X=l-shaped sofa
G2,00023-zepmXAdrpjR/tasks-island_0.json,197,2,Arrange the folding chair.,OK,place_on,straighten,Place folding chair on surface.,Straighten the folding chair.,on,,;referent_grounding_v1:G2,,X=folding chair
G2,00023-zepmXAdrpjR/tasks-island_0.json,203,2,Set the plate.,OK,place_on,straighten,Place plate on surface.,Straighten the plate.,on,,;referent_grounding_v1:G2,,X=plate
G2,00023-zepmXAdrpjR/tasks-island_0.json,207,4,Arrange the l-shaped sofa.,OK,place_on,straighten,Place l-shaped sofa on surface.,Straighten the l-shaped sofa.,on,,;referent_grounding_v1:G2,,X=l-shaped sofa
G2,00023-zepmXAdrpjR/tasks-island_0.json,208,3,Arrange the shelf.,OK,place_on,straighten,Place shelf on surface.,Straighten the shelf.,on,,;referent_grounding_v1:G2,,X=shelf
G1,00025-ixTj1aTMup2/tasks-island_0.json,1,2,Set out the shampoo on the ledge.,OK,place_on,place_on,Place shampoo on surface.,Place the shampoo on the ledge.,on,on,;referent_grounding_v1:G1,,X=shampoo|Y=ledge
G2,00025-ixTj1aTMup2/tasks-island_0.json,5,3,Position the camera for the meeting.,OK,place_on,reposition,Place camera on surface.,Reposition the camera.,on,,;referent_grounding_v1:G2,,X=camera
G2,00025-ixTj1aTMup2/tasks-island_0.json,9,2,Arrange the newspaper neatly.,OK,place_on,straighten,Place newspaper on surface.,Straighten the newspaper.,on,,;referent_grounding_v1:G2,,X=newspaper
G1,00025-ixTj1aTMup2/tasks-island_0.json,14,3,Arrange the items on the shelf.,OK,place_on,place_on,Place shelf on surface.,Place the items on the shelf.,on,on,;referent_grounding_v1:G1,,X=items|Y=shelf
G2,00025-ixTj1aTMup2/tasks-island_0.json,25,3,Arrange the shampoo bottle.,OK,place_on,straighten,Place shampoo on surface.,Straighten the shampoo bottle.,on,,;referent_grounding_v1:G2,,X=shampoo bottle
G1,00025-ixTj1aTMup2/tasks-island_0.json,27,4,Set the cup on the table.,OK,place_on,place_on,Place cup on surface.,Place the cup on the table.,on,on,;referent_grounding_v1:G1,,X=cup|Y=table
G2,00025-ixTj1aTMup2/tasks-island_0.json,29,3,Rearrange the kitchen cabinet.,OK,place_on,straighten,Place kitchen cabinet on surface.,Straighten the kitchen cabinet.,on,,;referent_grounding_v1:G2,,X=kitchen cabinet
G2,00025-ixTj1aTMup2/tasks-island_0.json,42,3,Set the cup down.,OK,place_on,straighten,Place cup on surface.,Straighten the cup.,on,,;referent_grounding_v1:G2,,X=cup
G1,00025-ixTj1aTMup2/tasks-island_0.json,53,2,Set the plate on the table.,OK,place_on,place_on,Place plate on surface.,Place the plate on the table.,on,on,;referent_grounding_v1:G1,,X=plate|Y=table
G2,00025-ixTj1aTMup2/tasks-island_0.json,58,5,Set the toaster.,OK,place_on,straighten,Place toaster on surface.,Straighten the toaster.,on,,;referent_grounding_v1:G2,,X=toaster
G2,00025-ixTj1aTMup2/tasks-island_0.json,69,5,Set the toaster.,OK,place_on,straighten,Place toaster on surface.,Straighten the toaster.,on,,;referent_grounding_v1:G2,,X=toaster
G1,00025-ixTj1aTMup2/tasks-island_0.json,76,4,Set a bottle of wine on the counter.,OK,place_on,place_on,Place wine bottle on surface.,Place the bottle of wine on the counter.,on,on,;referent_grounding_v1:G1,,X=bottle of wine|Y=counter
G2,00025-ixTj1aTMup2/tasks-island_0.json,76,5,Arrange a plate for serving.,OK,place_on,straighten,Place plate on surface.,Straighten the plate.,on,,;referent_grounding_v1:G2,,X=plate
G2,00025-ixTj1aTMup2/tasks-island_0.json,77,5,Reposition the flowerpot.,OK,place_in,reposition,Place flowerpot in receptacle.,Reposition the flowerpot.,in,,;referent_grounding_v1:G2,,X=flowerpot
G4,00025-ixTj1aTMup2/tasks-island_0.json,93,4,Fill a pitcher at the sink.,RESOLVED,fill,fill,Use the sink to fill a container.,Fill the vase at the sink.,at,at,;referent_grounding_v1:G4,,vessel=vase
G2,00025-ixTj1aTMup2/tasks-island_0.json,96,5,Set aside the plate.,OK,place_on,straighten,Place plate on surface.,Straighten the aside the plate.,on,,;referent_grounding_v1:G2,,X=aside the plate
G2,00025-ixTj1aTMup2/tasks-island_0.json,106,3,Reposition the plant.,OK,place_on,reposition,Place plant on surface.,Reposition the plant.,on,,;referent_grounding_v1:G2,,X=plant
G3,00025-ixTj1aTMup2/tasks-island_0.json,111,5,Put the toaster away in the kitchen cabinet.,OK,store,store,Store items in the kitchen cabinet.,Store the toaster in the kitchen cabinet.,in,in,;referent_grounding_v1:G3,,NP=toaster
G3,00025-ixTj1aTMup2/tasks-island_0.json,116,4,Put away the bread in the kitchen cabinet.,OK,store,store,Store items in the kitchen cabinet.,Store the bread in the kitchen cabinet.,in,in,;referent_grounding_v1:G3,,NP=bread
G2,00025-ixTj1aTMup2/tasks-island_0.json,126,4,Arrange the vase.,OK,place_on,straighten,Place vase on surface.,Straighten the vase.,on,,;referent_grounding_v1:G2,,X=vase
G1,00025-ixTj1aTMup2/tasks-island_0.json,127,6,Arrange the brochure in the bedroom.,OK,place_in,place_in,Place brochure in receptacle.,Place the brochure in the bedroom.,in,in,;referent_grounding_v1:G1,,X=brochure|Y=bedroom
G2,00025-ixTj1aTMup2/tasks-island_0.json,139,2,Arrange the box.,OK,place_on,straighten,Place box on surface.,Straighten the box.,on,,;referent_grounding_v1:G2,,X=box
G2,00025-ixTj1aTMup2/tasks-island_0.json,145,4,Set the plate.,OK,place_on,straighten,Place plate on surface.,Straighten the plate.,on,,;referent_grounding_v1:G2,,X=plate
G2,00025-ixTj1aTMup2/tasks-island_0.json,157,5,Set the cup.,OK,place_in,straighten,Place cup in receptacle.,Straighten the cup.,in,,;referent_grounding_v1:G2,,X=cup
G2,00025-ixTj1aTMup2/tasks-island_0.json,163,4,Set the cup.,OK,place_on,straighten,Place cup on surface.,Straighten the cup.,on,,;referent_grounding_v1:G2,,X=cup
G1,00025-ixTj1aTMup2/tasks-island_0.json,176,7,Set the camera on the desk.,OK,place_on,place_on,Place camera on surface.,Place the camera on the desk.,on,on,;referent_grounding_v1:G1,,X=camera|Y=desk
G2,00025-ixTj1aTMup2/tasks-island_0.json,191,2,Arrange the vase.,OK,place_on,straighten,Place vase on surface.,Straighten the vase.,on,,;referent_grounding_v1:G2,,X=vase
G2,00031-Wo6kuutE9i7/tasks-island_0.json,7,4,Arrange the flower vase.,OK,place_on,straighten,Place flower vase on surface.,Straighten the flower vase.,on,,;referent_grounding_v1:G2,,X=flower vase
G2,00031-Wo6kuutE9i7/tasks-island_0.json,16,3,Arrange the flower vase.,OK,place_on,straighten,Place flower vase on surface.,Straighten the flower vase.,on,,;referent_grounding_v1:G2,,X=flower vase
G1,00031-Wo6kuutE9i7/tasks-island_0.json,25,2,Arrange the plate on the table.,OK,place_on,place_on,Place plate on surface.,Place the plate on the table.,on,on,;referent_grounding_v1:G1,,X=plate|Y=table
G1,00031-Wo6kuutE9i7/tasks-island_0.json,39,4,Set a plate on the dining table.,OK,place_on,place_on,Place plate on surface.,Place the plate on the dining table.,on,on,;referent_grounding_v1:G1,,X=plate|Y=dining table
G1,00031-Wo6kuutE9i7/tasks-island_0.json,50,5,Set the plate on the table.,OK,place_on,place_on,Place plate on surface.,Place the plate on the table.,on,on,;referent_grounding_v1:G1,,X=plate|Y=table
G2,00031-Wo6kuutE9i7/tasks-island_0.json,70,4,Set the plate.,OK,place_on,straighten,Place plate on surface.,Straighten the plate.,on,,;referent_grounding_v1:G2,,X=plate
G1,00031-Wo6kuutE9i7/tasks-island_0.json,76,1,Organize the items in the cabinet.,OK,place_in,place_in,Place cabinet in receptacle.,Place the items in the cabinet.,in,in,;referent_grounding_v1:G1,,X=items|Y=cabinet
G1,00031-Wo6kuutE9i7/tasks-island_0.json,78,5,Organize books in the cabinet.,OK,place_in,place_in,Place cabinet in receptacle.,Place the books in the cabinet.,in,in,;referent_grounding_v1:G1,,X=books|Y=cabinet
G1,00031-Wo6kuutE9i7/tasks-island_0.json,80,4,Arrange the vase on the patio.,OK,place_in,place_on,Place vase in receptacle.,Place the vase on the patio.,in,on,;referent_grounding_v1:G1,,X=vase|Y=patio
G1,00031-Wo6kuutE9i7/tasks-island_0.json,90,4,Arrange the flowers in the flower vase.,OK,place_in,place_in,Place flower vase in receptacle.,Place the flowers in the flower vase.,in,in,;referent_grounding_v1:G1,,X=flowers|Y=flower vase
G1,00031-Wo6kuutE9i7/tasks-island_0.json,93,6,Arrange the plate on the table.,OK,place_on,place_on,Place plate on surface.,Place the plate on the table.,on,on,;referent_grounding_v1:G1,,X=plate|Y=table
G2,00031-Wo6kuutE9i7/tasks-island_0.json,110,3,Arrange the flower vase.,OK,place_on,straighten,Place flower vase on surface.,Straighten the flower vase.,on,,;referent_grounding_v1:G2,,X=flower vase
G2,00031-Wo6kuutE9i7/tasks-island_0.json,110,5,Set the plate.,OK,place_on,straighten,Place plate on surface.,Straighten the plate.,on,,;referent_grounding_v1:G2,,X=plate
G2,00031-Wo6kuutE9i7/tasks-island_0.json,131,4,Set the plate.,OK,place_on,straighten,Place plate on surface.,Straighten the plate.,on,,;referent_grounding_v1:G2,,X=plate
G2,00031-Wo6kuutE9i7/tasks-island_0.json,132,3,Arrange the flower vase.,OK,place_on,straighten,Place flower vase on surface.,Straighten the flower vase.,on,,;referent_grounding_v1:G2,,X=flower vase
G2,00031-Wo6kuutE9i7/tasks-island_0.json,132,5,Set the plate.,OK,place_on,straighten,Place plate on surface.,Straighten the plate.,on,,;referent_grounding_v1:G2,,X=plate
G2,00031-Wo6kuutE9i7/tasks-island_0.json,136,6,Arrange the flower vase.,OK,place_on,straighten,Place flower vase on surface.,Straighten the flower vase.,on,,;referent_grounding_v1:G2,,X=flower vase
G1,00033-oPj9qMxrDEa/tasks-island_0.json,2,2,Organize papers near the printer.,OK,place_in,place_on,Place printer in receptacle.,Place the papers near the printer.,in,at,;referent_grounding_v1:G1,,X=papers|Y=printer
G2,00033-oPj9qMxrDEa/tasks-island_0.json,10,4,Arrange the cabinet.,OK,place_on,straighten,Place cabinet on surface.,Straighten the cabinet.,on,,;referent_grounding_v1:G2,,X=cabinet
G3,00033-oPj9qMxrDEa/tasks-island_0.json,18,3,Fluff the pillow on the armchair.,OK,fluff,fluff,Fluff items on the armchair.,Fluff the pillow on the armchair.,on,on,;referent_grounding_v1:G3,,NP=pillow
G4,00033-oPj9qMxrDEa/tasks-island_0.json,39,2,Fill it at the sink.,RESOLVED,fill,fill,Use the sink to fill a container.,Fill the cup at the sink.,at,at,;referent_grounding_v1:G4,,vessel=cup
G2,00033-oPj9qMxrDEa/tasks-island_0.json,44,5,Arrange the wardrobe.,OK,place_on,straighten,Place wardrobe on surface.,Straighten the wardrobe.,on,,;referent_grounding_v1:G2,,X=wardrobe
G2,00033-oPj9qMxrDEa/tasks-island_0.json,52,2,Position the monitor.,OK,place_on,reposition,Place monitor on surface.,Reposition the monitor.,on,,;referent_grounding_v1:G2,,X=monitor
G2,00033-oPj9qMxrDEa/tasks-island_0.json,53,3,Arrange the wardrobe.,OK,place_on,straighten,Place wardrobe on surface.,Straighten the wardrobe.,on,,;referent_grounding_v1:G2,,X=wardrobe
G2,00033-oPj9qMxrDEa/tasks-island_0.json,55,3,Set the plate.,OK,place_on,straighten,Place plate on surface.,Straighten the plate.,on,,;referent_grounding_v1:G2,,X=plate
G1,00033-oPj9qMxrDEa/tasks-island_0.json,59,1,Sort the items in the cabinet.,OK,place_in,place_in,Place cabinet in receptacle.,Place the items in the cabinet.,in,in,;referent_grounding_v1:G1,,X=items|Y=cabinet
G1,00033-oPj9qMxrDEa/tasks-island_0.json,66,5,Set the cup on the table.,OK,place_on,place_on,Place cup on surface.,Place the cup on the table.,on,on,;referent_grounding_v1:G1,,X=cup|Y=table
G2,00033-oPj9qMxrDEa/tasks-island_0.json,69,4,Position the keyboard.,OK,place_on,reposition,Place keyboard on surface.,Reposition the keyboard.,on,,;referent_grounding_v1:G2,,X=keyboard
G2,00033-oPj9qMxrDEa/tasks-island_0.json,78,6,Set the tray.,OK,place_on,straighten,Place tray on surface.,Straighten the tray.,on,,;referent_grounding_v1:G2,,X=tray
G4,00033-oPj9qMxrDEa/tasks-island_0.json,80,2,Fill it at the sink.,RESOLVED,fill,fill,Use the sink to fill a container.,Fill the cup at the sink.,at,at,;referent_grounding_v1:G4,,vessel=cup
G2,00033-oPj9qMxrDEa/tasks-island_0.json,81,2,Arrange the shelf.,OK,place_on,straighten,Place shelf on surface.,Straighten the shelf.,on,,;referent_grounding_v1:G2,,X=shelf
G1,00033-oPj9qMxrDEa/tasks-island_0.json,81,5,Sort items on the rack.,OK,place_on,place_on,Place rack on surface.,Place the items on the rack.,on,on,;referent_grounding_v1:G1,,X=items|Y=rack
G3,00033-oPj9qMxrDEa/tasks-island_0.json,81,6,Stack plates in the dishwasher.,OK,place_in,place_in,Place items in the dishwasher.,Place the plates in the dishwasher.,in,in,;referent_grounding_v1:G3,,NP=plates
G2,00033-oPj9qMxrDEa/tasks-island_0.json,83,2,Arrange the figurine.,OK,place_on,straighten,Place figurine on surface.,Straighten the figurine.,on,,;referent_grounding_v1:G2,,X=figurine
G2,00033-oPj9qMxrDEa/tasks-island_0.json,83,4,Position the stuffed animal.,OK,place_on,reposition,Place stuffed animal on surface.,Reposition the stuffed animal.,on,,;referent_grounding_v1:G2,,X=stuffed animal
G2,00033-oPj9qMxrDEa/tasks-island_0.json,94,4,Arrange the towel.,OK,place_on,straighten,Place towel on surface.,Straighten the towel.,on,,;referent_grounding_v1:G2,,X=towel
G2,00033-oPj9qMxrDEa/tasks-island_0.json,96,4,Set the tray.,OK,place_on,straighten,Place tray on surface.,Straighten the tray.,on,,;referent_grounding_v1:G2,,X=tray
G2,00033-oPj9qMxrDEa/tasks-island_0.json,105,2,Arrange the wood.,OK,place_in,straighten,Place wood in receptacle.,Straighten the wood.,in,,;referent_grounding_v1:G2,,X=wood
G2,00033-oPj9qMxrDEa/tasks-island_0.json,106,3,Arrange the tray.,OK,place_on,straighten,Place tray on surface.,Straighten the tray.,on,,;referent_grounding_v1:G2,,X=tray
G2,00033-oPj9qMxrDEa/tasks-island_0.json,112,4,Position the keyboard.,OK,place_on,reposition,Place keyboard on surface.,Reposition the keyboard.,on,,;referent_grounding_v1:G2,,X=keyboard
G2,00033-oPj9qMxrDEa/tasks-island_0.json,121,3,Set the plate.,OK,place_on,straighten,Place plate on surface.,Straighten the plate.,on,,;referent_grounding_v1:G2,,X=plate
G2,00033-oPj9qMxrDEa/tasks-island_0.json,121,4,Position the decorative plant.,OK,place_on,reposition,Place decorative plant on surface.,Reposition the decorative plant.,on,,;referent_grounding_v1:G2,,X=decorative plant
G2,00033-oPj9qMxrDEa/tasks-island_0.json,130,1,Position the keyboard.,OK,place_on,reposition,Place keyboard on surface.,Reposition the keyboard.,on,,;referent_grounding_v1:G2,,X=keyboard
G2,00033-oPj9qMxrDEa/tasks-island_0.json,136,3,Arrange the decorative plant.,OK,place_on,straighten,Place decorative plant on surface.,Straighten the decorative plant.,on,,;referent_grounding_v1:G2,,X=decorative plant
G1,00033-oPj9qMxrDEa/tasks-island_0.json,141,4,Arrange the tea set on the tray.,OK,place_on,place_on,Place tray on surface.,Place the tea set on the tray.,on,on,;referent_grounding_v1:G1,,X=tea set|Y=tray
G2,00033-oPj9qMxrDEa/tasks-island_0.json,142,2,Arrange the stuffed animal.,OK,place_on,straighten,Place stuffed animal on surface.,Straighten the stuffed animal.,on,,;referent_grounding_v1:G2,,X=stuffed animal
G2,00033-oPj9qMxrDEa/tasks-island_0.json,145,2,Arrange the decorative plant.,OK,place_on,straighten,Place decorative plant on surface.,Straighten the decorative plant.,on,,;referent_grounding_v1:G2,,X=decorative plant
G2,00033-oPj9qMxrDEa/tasks-island_0.json,154,4,Arrange the decorative plant.,OK,place_on,straighten,Place decorative plant on surface.,Straighten the decorative plant.,on,,;referent_grounding_v1:G2,,X=decorative plant
G1,00034-6imZUJGRUq4/tasks-island_0.json,30,3,Organize the books on the shelf.,OK,place_on,place_on,Place shelf on surface.,Place the books on the shelf.,on,on,;referent_grounding_v1:G1,,X=books|Y=shelf
G2,00034-6imZUJGRUq4/tasks-island_0.json,45,3,Arrange the flower vase.,OK,place_on,straighten,Place flower vase on surface.,Straighten the flower vase.,on,,;referent_grounding_v1:G2,,X=flower vase
G1,00034-6imZUJGRUq4/tasks-island_0.json,48,2,Arrange the container on the shelf.,OK,place_on,place_on,Place container on surface.,Place the container on the shelf.,on,on,;referent_grounding_v1:G1,,X=container|Y=shelf
G1,00034-6imZUJGRUq4/tasks-island_0.json,55,3,Organize the clothes in the wardrobe.,OK,place_in,place_in,Place wardrobe in receptacle.,Place the clothes in the wardrobe.,in,in,;referent_grounding_v1:G1,,X=clothes|Y=wardrobe
G1,00034-6imZUJGRUq4/tasks-island_0.json,60,2,Tidy the clothes in the wardrobe.,OK,place_in,place_in,Place wardrobe in receptacle.,Place the clothes in the wardrobe.,in,in,;referent_grounding_v1:G1,,X=clothes|Y=wardrobe
G2,00034-6imZUJGRUq4/tasks-island_0.json,67,2,Arrange the exercise equipment.,OK,place_on,straighten,Place exercise equipment on surface.,Straighten the exercise equipment.,on,,;referent_grounding_v1:G2,,X=exercise equipment
G1,00034-6imZUJGRUq4/tasks-island_0.json,68,4,Arrange fish food on the shelf.,OK,place_on,place_on,Place shelf on surface.,Place the fish food on the shelf.,on,on,;referent_grounding_v1:G1,,X=fish food|Y=shelf
G3,00034-6imZUJGRUq4/tasks-island_0.json,75,5,Fluff the pillows on the couch.,OK,fluff,fluff,Fluff items on the couch.,Fluff the pillows on the couch.,on,on,;referent_grounding_v1:G3,,NP=pillows
G1,00034-6imZUJGRUq4/tasks-island_0.json,81,5,Tidy the clothes in the wardrobe.,OK,place_in,place_in,Place wardrobe in receptacle.,Place the clothes in the wardrobe.,in,in,;referent_grounding_v1:G1,,X=clothes|Y=wardrobe
G1,00034-6imZUJGRUq4/tasks-island_0.json,88,2,Sort items into the basket.,OK,place_in,place_in,Place basket in receptacle.,Place the items into the basket.,in,in,;referent_grounding_v1:G1,,X=items|Y=basket
G1,00034-6imZUJGRUq4/tasks-island_0.json,95,5,Organize the basket on the closet shelf.,OK,place_on,place_on,Place closet shelf on surface.,Place the basket on the closet shelf.,on,on,;referent_grounding_v1:G1,,X=basket|Y=closet shelf
G1,00034-6imZUJGRUq4/tasks-island_0.json,97,4,Organize items on the shelf.,OK,place_on,place_on,Place shelf on surface.,Place the items on the shelf.,on,on,;referent_grounding_v1:G1,,X=items|Y=shelf
G1,00034-6imZUJGRUq4/tasks-island_0.json,98,3,Arrange the books on the shelf.,OK,place_on,place_on,Place shelf on surface.,Place the books on the shelf.,on,on,;referent_grounding_v1:G1,,X=books|Y=shelf
G1,00034-6imZUJGRUq4/tasks-island_0.json,101,4,Organize pet supplies on the shelf.,OK,place_on,place_on,Place shelf on surface.,Place the pet supplies on the shelf.,on,on,;referent_grounding_v1:G1,,X=pet supplies|Y=shelf
G1,00034-6imZUJGRUq4/tasks-island_0.json,122,1,Sort clothes in the wardrobe.,OK,place_in,place_in,Place wardrobe in receptacle.,Place the clothes in the wardrobe.,in,in,;referent_grounding_v1:G1,,X=clothes|Y=wardrobe
G1,00034-6imZUJGRUq4/tasks-island_0.json,122,4,Arrange shoes on the closet shelf.,OK,place_on,place_on,Place closet shelf on surface.,Place the shoes on the closet shelf.,on,on,;referent_grounding_v1:G1,,X=shoes|Y=closet shelf
G4,00034-6imZUJGRUq4/tasks-island_0.json,123,4,Fill a water bottle from the pitcher.,FLAG,fill,fill,Use the pitcher to fill a container.,Use the pitcher to fill a container.,,,;ungrounded_anaphora,,no_vessel_found
G1,00034-6imZUJGRUq4/tasks-island_0.json,128,4,Organize the detergent on the shelf.,OK,place_on,place_on,Place shelf on surface.,Place the detergent on the shelf.,on,on,;referent_grounding_v1:G1,,X=detergent|Y=shelf
G1,00034-6imZUJGRUq4/tasks-island_0.json,128,5,Sort the clean laundry in the clothes bag.,OK,place_in,place_in,Place clothes bag in receptacle.,Place the clean laundry in the clothes bag.,in,in,;referent_grounding_v1:G1,,X=clean laundry|Y=clothes bag
G1,00034-6imZUJGRUq4/tasks-island_0.json,130,3,Organize toiletries in the cabinet.,OK,place_in,place_in,Place cabinet in receptacle.,Place the toiletries in the cabinet.,in,in,;referent_grounding_v1:G1,,X=toiletries|Y=cabinet
G3,00034-6imZUJGRUq4/tasks-island_0.json,131,1,Fluff the cushions on the couch.,OK,fluff,fluff,Fluff items on the couch.,Fluff the cushions on the couch.,on,on,;referent_grounding_v1:G3,,NP=cushions
G1,00034-6imZUJGRUq4/tasks-island_0.json,132,1,Arrange the flowers in the flower vase.,OK,place_in,place_in,Place flower vase in receptacle.,Place the flowers in the flower vase.,in,in,;referent_grounding_v1:G1,,X=flowers|Y=flower vase
G3,00034-6imZUJGRUq4/tasks-island_0.json,136,4,Put away clothes in the wardrobe.,OK,store,store,Store items in the wardrobe.,Store the clothes in the wardrobe.,in,in,;referent_grounding_v1:G3,,NP=clothes
G3,00034-6imZUJGRUq4/tasks-island_0.json,137,2,Put away clothes in the wardrobe.,OK,store,store,Store items in the wardrobe.,Store the clothes in the wardrobe.,in,in,;referent_grounding_v1:G3,,NP=clothes
G1,00034-6imZUJGRUq4/tasks-island_0.json,137,3,Organize books on the shelf.,OK,place_on,place_on,Place shelf on surface.,Place the books on the shelf.,on,on,;referent_grounding_v1:G1,,X=books|Y=shelf
G1,00034-6imZUJGRUq4/tasks-island_0.json,144,4,Arrange snacks on a plate.,OK,place_on,place_on,Place plate on surface.,Place the snacks on the plate.,on,on,;referent_grounding_v1:G1,,X=snacks|Y=plate
G1,00034-6imZUJGRUq4/tasks-island_0.json,146,1,Sort clothes in the wardrobe.,OK,place_in,place_in,Place wardrobe in receptacle.,Place the clothes in the wardrobe.,in,in,;referent_grounding_v1:G1,,X=clothes|Y=wardrobe
G1,00034-6imZUJGRUq4/tasks-island_0.json,146,6,Arrange books on the shelf.,OK,place_on,place_on,Place shelf on surface.,Place the books on the shelf.,on,on,;referent_grounding_v1:G1,,X=books|Y=shelf
G3,00034-6imZUJGRUq4/tasks-island_0.json,149,6,Store supplies on the shelf.,OK,place_on,place_on,Place items on the shelf.,Place the supplies on the shelf.,on,on,;referent_grounding_v1:G3,,NP=supplies
G2,00034-6imZUJGRUq4/tasks-island_0.json,150,1,Position the treadmill.,OK,place_on,reposition,Place treadmill on surface.,Reposition the treadmill.,on,,;referent_grounding_v1:G2,,X=treadmill
G2,00034-6imZUJGRUq4/tasks-island_0.json,150,2,Arrange the exercise equipment.,OK,place_on,straighten,Place exercise equipment on surface.,Straighten the exercise equipment.,on,,;referent_grounding_v1:G2,,X=exercise equipment
G3,00034-6imZUJGRUq4/tasks-island_0.json,150,6,Store towels on the shelf.,OK,place_on,place_on,Place items on the shelf.,Place the towels on the shelf.,on,on,;referent_grounding_v1:G3,,NP=towels
G3,00034-6imZUJGRUq4/tasks-island_0.json,155,5,Put tools away on the shelf.,OK,store,store,Store items on the shelf.,Store the tools on the shelf.,on,on,;referent_grounding_v1:G3,,NP=tools
G1,00034-6imZUJGRUq4/tasks-island_0.json,160,5,Organize the items on the shelf.,OK,place_on,place_on,Place shelf on surface.,Place the items on the shelf.,on,on,;referent_grounding_v1:G1,,X=items|Y=shelf
G1,00034-6imZUJGRUq4/tasks-island_0.json,164,3,Arrange the items on the shelf.,OK,place_on,place_on,Place shelf on surface.,Place the items on the shelf.,on,on,;referent_grounding_v1:G1,,X=items|Y=shelf
G1,00034-6imZUJGRUq4/tasks-island_0.json,176,3,Organize items on the shelf.,OK,place_on,place_on,Place shelf on surface.,Place the items on the shelf.,on,on,;referent_grounding_v1:G1,,X=items|Y=shelf
G1,00034-6imZUJGRUq4/tasks-island_0.json,179,4,Organize the items on the shelf.,OK,place_on,place_on,Place shelf on surface.,Place the items on the shelf.,on,on,;referent_grounding_v1:G1,,X=items|Y=shelf
G2,00034-6imZUJGRUq4/tasks-island_0.json,180,3,Position the lamp for better lighting.,OK,place_on,reposition,Place lamp on surface.,Reposition the lamp.,on,,;referent_grounding_v1:G2,,X=lamp
G1,00034-6imZUJGRUq4/tasks-island_0.json,180,5,Arrange the vase on the table.,OK,place_on,place_on,Place vase on surface.,Place the vase on the table.,on,on,;referent_grounding_v1:G1,,X=vase|Y=table
G1,00034-6imZUJGRUq4/tasks-island_0.json,182,2,Arrange sweaters on the closet shelf.,OK,place_on,place_on,Place closet shelf on surface.,Place the sweaters on the closet shelf.,on,on,;referent_grounding_v1:G1,,X=sweaters|Y=closet shelf
G1,00034-6imZUJGRUq4/tasks-island_0.json,182,5,Organize items on the shelf.,OK,place_on,place_on,Place shelf on surface.,Place the items on the shelf.,on,on,;referent_grounding_v1:G1,,X=items|Y=shelf
G1,00034-6imZUJGRUq4/tasks-island_0.json,186,6,Set the flower vase on the shelf.,OK,place_on,place_on,Place flower vase on surface.,Place the flower vase on the shelf.,on,on,;referent_grounding_v1:G1,,X=flower vase|Y=shelf
G1,00034-6imZUJGRUq4/tasks-island_0.json,187,2,Organize the books on the shelf.,OK,place_on,place_on,Place shelf on surface.,Place the books on the shelf.,on,on,;referent_grounding_v1:G1,,X=books|Y=shelf
G3,00034-6imZUJGRUq4/tasks-island_0.json,190,3,Put toys away in the wardrobe.,OK,store,store,Store items in the wardrobe.,Store the toys in the wardrobe.,in,in,;referent_grounding_v1:G3,,NP=toys
G1,00034-6imZUJGRUq4/tasks-island_0.json,192,1,Tidy the items on the shelf.,OK,place_on,place_on,Place shelf on surface.,Place the items on the shelf.,on,on,;referent_grounding_v1:G1,,X=items|Y=shelf
G1,00034-6imZUJGRUq4/tasks-island_0.json,192,3,Sort the laundry in the clothes bag.,OK,place_in,place_in,Place clothes bag in receptacle.,Place the laundry in the clothes bag.,in,in,;referent_grounding_v1:G1,,X=laundry|Y=clothes bag
G2,00034-6imZUJGRUq4/tasks-island_0.json,198,6,Set the plate.,OK,place_on,straighten,Place plate on surface.,Straighten the plate.,on,,;referent_grounding_v1:G2,,X=plate
G2,00034-6imZUJGRUq4/tasks-island_0.json,206,5,Set the coffee maker.,OK,place_on,straighten,Place coffee maker on surface.,Straighten the coffee maker.,on,,;referent_grounding_v1:G2,,X=coffee maker
G2,00034-6imZUJGRUq4/tasks-island_0.json,207,5,Arrange the shelf.,OK,place_on,straighten,Place shelf on surface.,Straighten the shelf.,on,,;referent_grounding_v1:G2,,X=shelf
G2,00034-6imZUJGRUq4/tasks-island_0.json,208,3,Arrange the flower vase.,OK,place_on,straighten,Place flower vase on surface.,Straighten the flower vase.,on,,;referent_grounding_v1:G2,,X=flower vase
G2,00034-6imZUJGRUq4/tasks-island_0.json,214,5,Set the plate.,OK,place_on,straighten,Place plate on surface.,Straighten the plate.,on,,;referent_grounding_v1:G2,,X=plate
G2,00034-6imZUJGRUq4/tasks-island_0.json,218,4,Set a plate.,OK,place_on,straighten,Place plate on surface.,Straighten the plate.,on,,;referent_grounding_v1:G2,,X=plate
G2,00034-6imZUJGRUq4/tasks-island_0.json,223,3,Set the cup.,OK,place_on,straighten,Place cup on surface.,Straighten the cup.,on,,;referent_grounding_v1:G2,,X=cup
G2,00034-6imZUJGRUq4/tasks-island_0.json,233,3,Arrange the garage shelf.,OK,place_on,straighten,Place shelf on surface.,Straighten the garage shelf.,on,,;referent_grounding_v1:G2,,X=garage shelf
G1,00034-6imZUJGRUq4/tasks-island_0.json,236,2,Organize the clothes in the wardrobe.,OK,place_in,place_in,Place wardrobe in receptacle.,Place the clothes in the wardrobe.,in,in,;referent_grounding_v1:G1,,X=clothes|Y=wardrobe
G1,00034-6imZUJGRUq4/tasks-island_0.json,238,3,Organize the food in the refrigerator.,OK,place_in,place_in,Place refrigerator in receptacle.,Place the food in the refrigerator.,in,in,;referent_grounding_v1:G1,,X=food|Y=refrigerator
G2,00034-6imZUJGRUq4/tasks-island_0.json,253,6,Arrange the closet shelf.,OK,place_on,straighten,Place closet shelf on surface.,Straighten the closet shelf.,on,,;referent_grounding_v1:G2,,X=closet shelf
G1,00034-6imZUJGRUq4/tasks-island_0.json,254,4,Set the candle holder on the table.,OK,place_on,place_on,Place candle holder on surface.,Place the candle holder on the table.,on,on,;referent_grounding_v1:G1,,X=candle holder|Y=table
G1,00034-6imZUJGRUq4/tasks-island_0.json,257,5,Tidy the clothes in the wardrobe.,OK,place_in,place_in,Place wardrobe in receptacle.,Place the clothes in the wardrobe.,in,in,;referent_grounding_v1:G1,,X=clothes|Y=wardrobe
G2,00034-6imZUJGRUq4/tasks-island_0.json,257,6,Arrange the flower vase.,OK,place_on,straighten,Place flower vase on surface.,Straighten the flower vase.,on,,;referent_grounding_v1:G2,,X=flower vase
G3,00035-3XYAD64HpDr/tasks-island_1.json,36,2,Put the book away in the chest of drawers.,OK,store,store,Store items in the chest of drawers.,Store the book in the chest of drawers.,in,in,;referent_grounding_v1:G3,,NP=book
G2,00035-3XYAD64HpDr/tasks-island_1.json,41,4,Arrange the speaker.,OK,place_on,straighten,Place speaker on surface.,Straighten the speaker.,on,,;referent_grounding_v1:G2,,X=speaker
G4,00035-3XYAD64HpDr/tasks-island_1.json,57,2,Fill the cup at the sink.,RESOLVED,fill,fill,Use the sink to fill a container.,Fill the cup at the sink.,at,at,;referent_grounding_v1:G4,,vessel=cup
G2,00035-3XYAD64HpDr/tasks-island_1.json,66,3,Position the keyboard.,OK,place_on,reposition,Place keyboard on surface.,Reposition the keyboard.,on,,;referent_grounding_v1:G2,,X=keyboard
G2,00035-3XYAD64HpDr/tasks-island_1.json,78,5,Position the keyboard.,OK,place_on,reposition,Place keyboard on surface.,Reposition the keyboard.,on,,;referent_grounding_v1:G2,,X=keyboard
G2,00035-3XYAD64HpDr/tasks-island_1.json,89,6,Set the bedside cabinet.,OK,place_on,straighten,Place bedside cabinet on surface.,Straighten the bedside cabinet.,on,,;referent_grounding_v1:G2,,X=bedside cabinet
G2,00035-3XYAD64HpDr/tasks-island_1.json,90,6,Set the cup.,OK,place_on,straighten,Place cup on surface.,Straighten the cup.,on,,;referent_grounding_v1:G2,,X=cup
G2,00035-3XYAD64HpDr/tasks-island_1.json,101,3,Arrange the ornament.,OK,place_on,straighten,Place ornament on surface.,Straighten the ornament.,on,,;referent_grounding_v1:G2,,X=ornament
G2,00035-3XYAD64HpDr/tasks-island_1.json,101,4,Position the photo mount.,OK,place_on,reposition,Place photo mount on surface.,Reposition the photo mount.,on,,;referent_grounding_v1:G2,,X=photo mount
G2,00035-3XYAD64HpDr/tasks-island_1.json,106,7,Arrange the ornament.,OK,place_on,straighten,Place ornament on surface.,Straighten the ornament.,on,,;referent_grounding_v1:G2,,X=ornament
G2,00035-3XYAD64HpDr/tasks-island_1.json,112,6,Arrange the ornament.,OK,place_on,straighten,Place ornament on surface.,Straighten the ornament.,on,,;referent_grounding_v1:G2,,X=ornament
G2,00035-3XYAD64HpDr/tasks-island_1.json,114,7,Set the wine bottle aside.,OK,place_on,straighten,Place wine bottle on surface.,Straighten the wine bottle.,on,,;referent_grounding_v1:G2,,X=wine bottle
G2,00035-3XYAD64HpDr/tasks-island_1.json,120,6,Arrange the ornament.,OK,place_on,straighten,Place ornament on surface.,Straighten the ornament.,on,,;referent_grounding_v1:G2,,X=ornament
G2,00035-3XYAD64HpDr/tasks-island_1.json,133,6,Arrange the ornament.,OK,place_on,straighten,Place ornament on surface.,Straighten the ornament.,on,,;referent_grounding_v1:G2,,X=ornament
G2,00043-Jfyvj3xn2aJ/tasks-island_2.json,5,4,Arrange the wine bottle for the photo.,OK,place_on,straighten,Place wine bottle on surface.,Straighten the wine bottle.,on,,;referent_grounding_v1:G2,,X=wine bottle
G1,00043-Jfyvj3xn2aJ/tasks-island_2.json,10,2,Organize the books on the bookshelf.,OK,place_on,place_on,Place bookshelf on surface.,Place the books on the bookshelf.,on,on,;referent_grounding_v1:G1,,X=books|Y=bookshelf
G2,00043-Jfyvj3xn2aJ/tasks-island_2.json,28,5,Arrange the speaker.,OK,place_on,straighten,Place speaker on surface.,Straighten the speaker.,on,,;referent_grounding_v1:G2,,X=speaker
G4,00043-Jfyvj3xn2aJ/tasks-island_2.json,37,2,Fill it at the sink.,RESOLVED,fill,fill,Use the sink to fill a container.,Fill the cup at the sink.,at,at,;referent_grounding_v1:G4,,vessel=cup
G2,00043-Jfyvj3xn2aJ/tasks-island_2.json,46,2,Arrange the wine bottle.,OK,place_on,straighten,Place wine bottle on surface.,Straighten the wine bottle.,on,,;referent_grounding_v1:G2,,X=wine bottle
G2,00043-Jfyvj3xn2aJ/tasks-island_2.json,61,1,Arrange the hanging clothes.,OK,place_on,straighten,Place hanging clothes on surface.,Straighten the hanging clothes.,on,,;referent_grounding_v1:G2,,X=hanging clothes
G2,00043-Jfyvj3xn2aJ/tasks-island_2.json,62,1,Arrange the bookshelf.,OK,place_on,straighten,Place bookshelf on surface.,Straighten the bookshelf.,on,,;referent_grounding_v1:G2,,X=bookshelf
G2,00043-Jfyvj3xn2aJ/tasks-island_2.json,68,2,Arrange the speaker.,OK,place_on,straighten,Place speaker on surface.,Straighten the speaker.,on,,;referent_grounding_v1:G2,,X=speaker
G2,00043-Jfyvj3xn2aJ/tasks-island_2.json,86,7,Arrange the hanging clothes.,OK,place_on,straighten,Place hanging clothes on surface.,Straighten the hanging clothes.,on,,;referent_grounding_v1:G2,,X=hanging clothes
G2,00055-HxmXPBbFCkH/tasks-island_1.json,4,3,Set the toaster.,OK,place_on,straighten,Place toaster on surface.,Straighten the toaster.,on,,;referent_grounding_v1:G2,,X=toaster
G2,00055-HxmXPBbFCkH/tasks-island_1.json,16,3,Arrange the plant.,OK,place_on,straighten,Place plant on surface.,Straighten the plant.,on,,;referent_grounding_v1:G2,,X=plant
G2,00055-HxmXPBbFCkH/tasks-island_1.json,20,2,Set the toaster.,OK,place_on,straighten,Place toaster on surface.,Straighten the toaster.,on,,;referent_grounding_v1:G2,,X=toaster
G1,00055-HxmXPBbFCkH/tasks-island_1.json,28,4,Organize files on the shelf.,OK,place_on,place_on,Place shelf on surface.,Place the files on the shelf.,on,on,;referent_grounding_v1:G1,,X=files|Y=shelf
G2,00055-HxmXPBbFCkH/tasks-island_1.json,29,2,Arrange the set of armchairs for conversation.,OK,place_on,straighten,Place set of armchairs on surface.,Straighten the set of armchairs.,on,,;referent_grounding_v1:G2,,X=set of armchairs
G2,00055-HxmXPBbFCkH/tasks-island_1.json,34,2,Arrange the set of armchairs for the family.,OK,place_on,straighten,Place set of armchairs on surface.,Straighten the set of armchairs.,on,,;referent_grounding_v1:G2,,X=set of armchairs
G4,00055-HxmXPBbFCkH/tasks-island_1.json,37,3,Fill a pitcher at the sink.,FLAG,fill,fill,Use the sink to fill a container.,Use the sink to fill a container.,at,at,;ungrounded_anaphora,,no_vessel_found
G1,00055-HxmXPBbFCkH/tasks-island_1.json,46,1,Organize clothes in the wardrobe.,OK,place_in,place_in,Place wardrobe in receptacle.,Place the clothes in the wardrobe.,in,in,;referent_grounding_v1:G1,,X=clothes|Y=wardrobe
G1,00055-HxmXPBbFCkH/tasks-island_1.json,48,1,Arrange the bouquet in a vase.,OK,place_in,place_in,Place bouquet in receptacle.,Place the bouquet in the vase.,in,in,;referent_grounding_v1:G1,,X=bouquet|Y=vase
G1,00055-HxmXPBbFCkH/tasks-island_1.json,48,4,Organize books on the shelf.,OK,place_on,place_on,Place shelf on surface.,Place the books on the shelf.,on,on,;referent_grounding_v1:G1,,X=books|Y=shelf
G2,00055-HxmXPBbFCkH/tasks-island_1.json,52,2,Arrange the set of armchairs.,OK,place_on,straighten,Place set of armchairs on surface.,Straighten the set of armchairs.,on,,;referent_grounding_v1:G2,,X=set of armchairs
G1,00055-HxmXPBbFCkH/tasks-island_1.json,58,1,Arrange the bouquet in the kitchen.,OK,place_in,place_in,Place bouquet in receptacle.,Place the bouquet in the kitchen.,in,in,;referent_grounding_v1:G1,,X=bouquet|Y=kitchen
G1,00055-HxmXPBbFCkH/tasks-island_1.json,59,2,Organize books on the shelf.,OK,place_on,place_on,Place shelf on surface.,Place the books on the shelf.,on,on,;referent_grounding_v1:G1,,X=books|Y=shelf
G1,00055-HxmXPBbFCkH/tasks-island_1.json,60,1,Organize shoes on the rack.,OK,place_on,place_on,Place rack on surface.,Place the shoes on the rack.,on,on,;referent_grounding_v1:G1,,X=shoes|Y=rack
G2,00055-HxmXPBbFCkH/tasks-island_1.json,62,6,Organize files inside the cabinet.,OK,place_in,straighten,Place cabinet in receptacle.,Straighten the files inside the cabinet.,in,,;referent_grounding_v1:G2,,X=files inside the cabinet
G2,00055-HxmXPBbFCkH/tasks-island_1.json,66,4,Arrange the set of armchairs for comfort.,OK,place_on,straighten,Place set of armchairs on surface.,Straighten the set of armchairs.,on,,;referent_grounding_v1:G2,,X=set of armchairs
G1,00055-HxmXPBbFCkH/tasks-island_1.json,69,2,Organize soaps on the shower soap shelf.,OK,place_on,place_on,Place shower soap shelf on surface.,Place the soaps on the shower soap shelf.,on,on,;referent_grounding_v1:G1,,X=soaps|Y=shower soap shelf
G3,00055-HxmXPBbFCkH/tasks-island_1.json,70,1,Put away clothes in the wardrobe.,OK,store,store,Store items in the wardrobe.,Store the clothes in the wardrobe.,in,in,;referent_grounding_v1:G3,,NP=clothes
G1,00055-HxmXPBbFCkH/tasks-island_1.json,70,4,Arrange the bouquet on the dining table.,OK,place_on,place_on,Place bouquet on surface.,Place the bouquet on the dining table.,on,on,;referent_grounding_v1:G1,,X=bouquet|Y=dining table
G1,00055-HxmXPBbFCkH/tasks-island_1.json,75,4,Arrange the bouquet in a vase.,OK,place_in,place_in,Place bouquet in receptacle.,Place the bouquet in the vase.,in,in,;referent_grounding_v1:G1,,X=bouquet|Y=vase
G1,00055-HxmXPBbFCkH/tasks-island_1.json,76,2,Tidy up the items on the rack.,OK,place_on,place_on,Place rack on surface.,Place the items on the rack.,on,on,;referent_grounding_v1:G1,,X=items|Y=rack
G1,00055-HxmXPBbFCkH/tasks-island_1.json,77,2,Organize hobby supplies on the shelf.,OK,place_on,place_on,Place shelf on surface.,Place the hobby supplies on the shelf.,on,on,;referent_grounding_v1:G1,,X=hobby supplies|Y=shelf
G2,00055-HxmXPBbFCkH/tasks-island_1.json,80,1,Position the tv for the best view.,OK,place_on,reposition,Place tv on surface.,Reposition the tv.,on,,;referent_grounding_v1:G2,,X=tv
G2,00055-HxmXPBbFCkH/tasks-island_1.json,80,4,Arrange the set of armchairs for the guests.,OK,place_on,straighten,Place set of armchairs on surface.,Straighten the set of armchairs.,on,,;referent_grounding_v1:G2,,X=set of armchairs
G4,00055-HxmXPBbFCkH/tasks-island_1.json,82,2,Fill a kettle at the sink.,FLAG,fill,fill,Use the sink to fill a container.,Use the sink to fill a container.,at,at,;ungrounded_anaphora,,no_vessel_found
G2,00055-HxmXPBbFCkH/tasks-island_1.json,87,5,Arrange the set of armchairs.,OK,place_on,straighten,Place set of armchairs on surface.,Straighten the set of armchairs.,on,,;referent_grounding_v1:G2,,X=set of armchairs
G2,00055-HxmXPBbFCkH/tasks-island_1.json,90,6,Arrange the bouquet.,OK,place_in,straighten,Place bouquet in receptacle.,Straighten the bouquet.,in,,;referent_grounding_v1:G2,,X=bouquet
G2,00055-HxmXPBbFCkH/tasks-island_1.json,92,7,Arrange the set of armchairs.,OK,place_on,straighten,Place set of armchairs on surface.,Straighten the set of armchairs.,on,,;referent_grounding_v1:G2,,X=set of armchairs
G2,00055-HxmXPBbFCkH/tasks-island_1.json,101,1,Arrange the bouquet.,OK,place_on,straighten,Place bouquet on surface.,Straighten the bouquet.,on,,;referent_grounding_v1:G2,,X=bouquet
G2,00055-HxmXPBbFCkH/tasks-island_1.json,111,2,Arrange the set of armchairs.,OK,place_on,straighten,Place set of armchairs on surface.,Straighten the set of armchairs.,on,,;referent_grounding_v1:G2,,X=set of armchairs
G2,00055-HxmXPBbFCkH/tasks-island_1.json,114,2,Arrange the bouquet.,OK,place_on,straighten,Place bouquet on surface.,Straighten the bouquet.,on,,;referent_grounding_v1:G2,,X=bouquet
G3,00057-1UnKg1rAb8A/tasks-island_0.json,0,2,Fluff the pillows on the armchair.,OK,fluff,fluff,Fluff items on the armchair.,Fluff the pillows on the armchair.,on,on,;referent_grounding_v1:G3,,NP=pillows
G1,00057-1UnKg1rAb8A/tasks-island_0.json,0,4,Organize the items on the rack.,OK,place_on,place_on,Place rack on surface.,Place the items on the rack.,on,on,;referent_grounding_v1:G1,,X=items|Y=rack
G2,00057-1UnKg1rAb8A/tasks-island_0.json,7,3,Arrange the tent.,OK,place_on,straighten,Place tent on surface.,Straighten the tent.,on,,;referent_grounding_v1:G2,,X=tent
G2,00057-1UnKg1rAb8A/tasks-island_0.json,10,1,Reposition the ornament.,OK,place_on,reposition,Place ornament on surface.,Reposition the ornament.,on,,;referent_grounding_v1:G2,,X=ornament
G2,00057-1UnKg1rAb8A/tasks-island_0.json,10,4,Arrange the plant ornament.,OK,place_on,straighten,Place plant ornament on surface.,Straighten the plant ornament.,on,,;referent_grounding_v1:G2,,X=plant ornament
G2,00057-1UnKg1rAb8A/tasks-island_0.json,24,1,Arrange the plant.,OK,place_on,straighten,Place plant on surface.,Straighten the plant.,on,,;referent_grounding_v1:G2,,X=plant
G2,00057-1UnKg1rAb8A/tasks-island_0.json,33,1,Arrange the ornament.,OK,place_on,straighten,Place ornament on surface.,Straighten the ornament.,on,,;referent_grounding_v1:G2,,X=ornament
G2,00057-1UnKg1rAb8A/tasks-island_0.json,41,3,Position the vase.,OK,place_on,reposition,Place vase on surface.,Reposition the vase.,on,,;referent_grounding_v1:G2,,X=vase
G1,00057-1UnKg1rAb8A/tasks-island_0.json,44,4,Organize travel essentials in the backpack.,OK,place_in,place_in,Place backpack in receptacle.,Place the travel essentials in the backpack.,in,in,;referent_grounding_v1:G1,,X=travel essentials|Y=backpack
G2,00057-1UnKg1rAb8A/tasks-island_0.json,50,4,Arrange the shoe rack for more space.,OK,place_on,straighten,Place shoe rack on surface.,Straighten the shoe rack.,on,,;referent_grounding_v1:G2,,X=shoe rack
G1,00057-1UnKg1rAb8A/tasks-island_0.json,51,4,Reposition the ornament on the dresser.,OK,place_on,place_on,Place ornament on surface.,Place the ornament on the dresser.,on,on,;referent_grounding_v1:G1,,X=ornament|Y=dresser
G3,00057-1UnKg1rAb8A/tasks-island_0.json,53,6,Put the remotes away in the box.,OK,store,store,Store items in the box.,Store the remotes in the box.,in,in,;referent_grounding_v1:G3,,NP=remotes
G1,00057-1UnKg1rAb8A/tasks-island_0.json,55,2,Reposition the ornament on the shelf.,OK,place_on,place_on,Place ornament on surface.,Place the ornament on the shelf.,on,on,;referent_grounding_v1:G1,,X=ornament|Y=shelf
G1,00057-1UnKg1rAb8A/tasks-island_0.json,60,2,Organize products in the wash cabinet.,OK,place_in,place_in,Place wash cabinet in receptacle.,Place the products in the wash cabinet.,in,in,;referent_grounding_v1:G1,,X=products|Y=wash cabinet
G2,00057-1UnKg1rAb8A/tasks-island_0.json,60,5,Reposition the vase for aesthetics.,OK,place_on,reposition,Place vase on surface.,Reposition the vase.,on,,;referent_grounding_v1:G2,,X=vase
G1,00057-1UnKg1rAb8A/tasks-island_0.json,63,3,Set a decorative vase on the counter.,OK,place_on,place_on,Place vase on surface.,Place the decorative vase on the counter.,on,on,;referent_grounding_v1:G1,,X=decorative vase|Y=counter
G2,00057-1UnKg1rAb8A/tasks-island_0.json,72,1,Reposition the plant for the shot.,OK,place_on,reposition,Place plant on surface.,Reposition the plant.,on,,;referent_grounding_v1:G2,,X=plant
G1,00057-1UnKg1rAb8A/tasks-island_0.json,75,2,Arrange shoes on the shoe rack.,OK,place_on,place_on,Place shoe rack on surface.,Place the shoes on the shoe rack.,on,on,;referent_grounding_v1:G1,,X=shoes|Y=shoe rack
G1,00057-1UnKg1rAb8A/tasks-island_0.json,75,5,Organize the items on the rack.,OK,place_on,place_on,Place rack on surface.,Place the items on the rack.,on,on,;referent_grounding_v1:G1,,X=items|Y=rack
G2,00057-1UnKg1rAb8A/tasks-island_0.json,85,1,Position the monitor.,OK,place_on,reposition,Place monitor on surface.,Reposition the monitor.,on,,;referent_grounding_v1:G2,,X=monitor
G2,00057-1UnKg1rAb8A/tasks-island_0.json,93,3,Arrange the ornament.,OK,place_on,straighten,Place ornament on surface.,Straighten the ornament.,on,,;referent_grounding_v1:G2,,X=ornament
G2,00057-1UnKg1rAb8A/tasks-island_0.json,99,5,Arrange the plant ornament.,OK,place_on,straighten,Place plant ornament on surface.,Straighten the plant ornament.,on,,;referent_grounding_v1:G2,,X=plant ornament
G1,00057-1UnKg1rAb8A/tasks-island_1.json,1,2,Organize supplies in the wash cabinet.,OK,place_in,place_in,Place wash cabinet in receptacle.,Place the supplies in the wash cabinet.,in,in,;referent_grounding_v1:G1,,X=supplies|Y=wash cabinet
G1,00057-1UnKg1rAb8A/tasks-island_1.json,3,2,Organize toiletries in the wash cabinet.,OK,place_in,place_in,Place wash cabinet in receptacle.,Place the toiletries in the wash cabinet.,in,in,;referent_grounding_v1:G1,,X=toiletries|Y=wash cabinet
G1,00057-1UnKg1rAb8A/tasks-island_1.json,4,2,Tidy the items on the shelf.,OK,place_on,place_on,Place shelf on surface.,Place the items on the shelf.,on,on,;referent_grounding_v1:G1,,X=items|Y=shelf
G1,00057-1UnKg1rAb8A/tasks-island_1.json,4,4,Organize the laundry on the rack.,OK,place_on,place_on,Place rack on surface.,Place the laundry on the rack.,on,on,;referent_grounding_v1:G1,,X=laundry|Y=rack
G1,00057-1UnKg1rAb8A/tasks-island_1.json,10,3,Organize the books on the shelf.,OK,place_on,place_on,Place shelf on surface.,Place the books on the shelf.,on,on,;referent_grounding_v1:G1,,X=books|Y=shelf
G3,00057-1UnKg1rAb8A/tasks-island_1.json,12,1,Fluff the cushions on the couch.,OK,fluff,fluff,Fluff items on the couch.,Fluff the cushions on the couch.,on,on,;referent_grounding_v1:G3,,NP=cushions
G1,00057-1UnKg1rAb8A/tasks-island_1.json,13,2,Organize the items on the shelf.,OK,place_on,place_on,Place shelf on surface.,Place the items on the shelf.,on,on,;referent_grounding_v1:G1,,X=items|Y=shelf
G1,00057-1UnKg1rAb8A/tasks-island_1.json,13,4,Arrange the laundry on the rack.,OK,place_on,place_on,Place rack on surface.,Place the laundry on the rack.,on,on,;referent_grounding_v1:G1,,X=laundry|Y=rack
G1,00057-1UnKg1rAb8A/tasks-island_1.json,14,2,Set the plates on the dining table.,OK,place_on,place_on,Place plates on surface.,Place the plates on the dining table.,on,on,;referent_grounding_v1:G1,,X=plates|Y=dining table
G1,00057-1UnKg1rAb8A/tasks-island_1.json,16,1,Organize the food in the fridge.,OK,place_in,place_in,Place fridge in receptacle.,Place the food in the fridge.,in,in,;referent_grounding_v1:G1,,X=food|Y=fridge
G1,00057-1UnKg1rAb8A/tasks-island_1.json,32,6,Organize the items on the shelf.,OK,place_on,place_on,Place shelf on surface.,Place the items on the shelf.,on,on,;referent_grounding_v1:G1,,X=items|Y=shelf
G1,00057-1UnKg1rAb8A/tasks-island_1.json,33,5,Arrange the supplies in the wash cabinet.,OK,place_in,place_in,Place wash cabinet in receptacle.,Place the supplies in the wash cabinet.,in,in,;referent_grounding_v1:G1,,X=supplies|Y=wash cabinet
G3,00057-1UnKg1rAb8A/tasks-island_1.json,33,6,Put away the groceries in the fridge.,OK,store,store,Store items in the fridge.,Store the groceries in the fridge.,in,in,;referent_grounding_v1:G3,,NP=groceries
G1,00057-1UnKg1rAb8A/tasks-island_1.json,39,6,Arrange the towels on the rack.,OK,place_on,place_on,Place rack on surface.,Place the towels on the rack.,on,on,;referent_grounding_v1:G1,,X=towels|Y=rack
G2,00059-kJxT5qssH4H/tasks-island_1.json,14,1,Arrange the flower vase.,OK,place_on,straighten,Place flower vase on surface.,Straighten the flower vase.,on,,;referent_grounding_v1:G2,,X=flower vase
G2,00059-kJxT5qssH4H/tasks-island_1.json,16,5,Arrange the flower vase.,OK,place_on,straighten,Place flower vase on surface.,Straighten the flower vase.,on,,;referent_grounding_v1:G2,,X=flower vase
G2,00059-kJxT5qssH4H/tasks-island_1.json,20,3,Arrange the flower vase.,OK,place_on,straighten,Place flower vase on surface.,Straighten the flower vase.,on,,;referent_grounding_v1:G2,,X=flower vase
G2,00059-kJxT5qssH4H/tasks-island_1.json,26,4,Arrange the flower vase.,OK,place_on,straighten,Place flower vase on surface.,Straighten the flower vase.,on,,;referent_grounding_v1:G2,,X=flower vase
G2,00059-kJxT5qssH4H/tasks-island_1.json,41,3,Arrange the flower vase.,OK,place_on,straighten,Place flower vase on surface.,Straighten the flower vase.,on,,;referent_grounding_v1:G2,,X=flower vase
G2,00059-kJxT5qssH4H/tasks-island_1.json,53,2,Rearrange the flower vase.,OK,place_on,straighten,Place flower vase on surface.,Straighten the flower vase.,on,,;referent_grounding_v1:G2,,X=flower vase
G1,00062-ACZZiU6BXLz/tasks-island_0.json,4,2,Organize the items on the closet shelf.,OK,place_on,place_on,Place closet shelf on surface.,Place the items on the closet shelf.,on,on,;referent_grounding_v1:G1,,X=items|Y=closet shelf
G3,00062-ACZZiU6BXLz/tasks-island_0.json,22,4,Put away clothes in the wardrobe.,OK,store,store,Store items in the wardrobe.,Store the clothes in the wardrobe.,in,in,;referent_grounding_v1:G3,,NP=clothes
G2,00062-ACZZiU6BXLz/tasks-island_0.json,25,3,Arrange the bouquet.,OK,place_on,straighten,Place bouquet on surface.,Straighten the bouquet.,on,,;referent_grounding_v1:G2,,X=bouquet
G2,00062-ACZZiU6BXLz/tasks-island_0.json,38,2,Arrange the shampoo.,OK,place_on,straighten,Place shampoo on surface.,Straighten the shampoo.,on,,;referent_grounding_v1:G2,,X=shampoo
G2,00062-ACZZiU6BXLz/tasks-island_0.json,40,4,Arrange the bouquet.,OK,place_on,straighten,Place bouquet on surface.,Straighten the bouquet.,on,,;referent_grounding_v1:G2,,X=bouquet
G2,00062-ACZZiU6BXLz/tasks-island_0.json,49,1,Arrange the bouquet.,OK,place_on,straighten,Place bouquet on surface.,Straighten the bouquet.,on,,;referent_grounding_v1:G2,,X=bouquet
G2,00062-ACZZiU6BXLz/tasks-island_0.json,55,4,Arrange the bouquet.,OK,place_on,straighten,Place bouquet on surface.,Straighten the bouquet.,on,,;referent_grounding_v1:G2,,X=bouquet
G1,00062-ACZZiU6BXLz/tasks-island_0.json,57,2,Organize the clothes in the wardrobe.,OK,place_in,place_in,Place wardrobe in receptacle.,Place the clothes in the wardrobe.,in,in,;referent_grounding_v1:G1,,X=clothes|Y=wardrobe
G2,00062-ACZZiU6BXLz/tasks-island_0.json,66,4,Arrange the bouquet.,OK,place_on,straighten,Place bouquet on surface.,Straighten the bouquet.,on,,;referent_grounding_v1:G2,,X=bouquet
G2,00062-ACZZiU6BXLz/tasks-island_0.json,75,3,Arrange the bouquet.,OK,place_in,straighten,Place bouquet in receptacle.,Straighten the bouquet.,in,,;referent_grounding_v1:G2,,X=bouquet
G3,00062-ACZZiU6BXLz/tasks-island_0.json,81,3,Put away clothes in the wardrobe.,OK,store,store,Store items in the wardrobe.,Store the clothes in the wardrobe.,in,in,;referent_grounding_v1:G3,,NP=clothes
G2,00062-ACZZiU6BXLz/tasks-island_0.json,87,6,Arrange the bouquet.,OK,place_on,straighten,Place bouquet on surface.,Straighten the bouquet.,on,,;referent_grounding_v1:G2,,X=bouquet
G1,00062-ACZZiU6BXLz/tasks-island_0.json,93,1,Sort clothes in the wardrobe.,OK,place_in,place_in,Place wardrobe in receptacle.,Place the clothes in the wardrobe.,in,in,;referent_grounding_v1:G1,,X=clothes|Y=wardrobe
G2,00062-ACZZiU6BXLz/tasks-island_0.json,112,6,Arrange the bouquet.,OK,place_on,straighten,Place bouquet on surface.,Straighten the bouquet.,on,,;referent_grounding_v1:G2,,X=bouquet
G2,00062-ACZZiU6BXLz/tasks-island_0.json,117,6,Arrange the bouquet.,OK,place_on,straighten,Place bouquet on surface.,Straighten the bouquet.,on,,;referent_grounding_v1:G2,,X=bouquet
G2,00062-ACZZiU6BXLz/tasks-island_0.json,137,2,Arrange the ironing board.,OK,place_on,straighten,Place ironing board on surface.,Straighten the ironing board.,on,,;referent_grounding_v1:G2,,X=ironing board
G2,00062-ACZZiU6BXLz/tasks-island_0.json,156,1,Set the wine bottle out.,OK,place_on,straighten,Place wine bottle on surface.,Straighten the wine bottle.,on,,;referent_grounding_v1:G2,,X=wine bottle
G2,00064-gQgtJ9Stk5s/tasks-island_0.json,10,4,Position the baby chair.,OK,place_on,reposition,Place baby chair on surface.,Reposition the baby chair.,on,,;referent_grounding_v1:G2,,X=baby chair
G1,00064-gQgtJ9Stk5s/tasks-island_0.json,58,7,Organize the items in the cabinet.,OK,place_in,place_in,Place cabinet in receptacle.,Place the items in the cabinet.,in,in,;referent_grounding_v1:G1,,X=items|Y=cabinet
G1,00064-gQgtJ9Stk5s/tasks-island_0.json,62,6,Set a decorative plate on the table.,OK,place_on,place_on,Place decorative plate on surface.,Place the decorative plate on the table.,on,on,;referent_grounding_v1:G1,,X=decorative plate|Y=table
G2,00064-gQgtJ9Stk5s/tasks-island_0.json,63,5,Reposition the side table.,OK,place_on,reposition,Place side table on surface.,Reposition the side table.,on,,;referent_grounding_v1:G2,,X=side table
G1,00064-gQgtJ9Stk5s/tasks-island_0.json,65,1,Organize the items in the refrigerator.,OK,place_in,place_in,Place refrigerator in receptacle.,Place the items in the refrigerator.,in,in,;referent_grounding_v1:G1,,X=items|Y=refrigerator
G1,00064-gQgtJ9Stk5s/tasks-island_1.json,2,2,Arrange the books on the bookshelf.,OK,place_on,place_on,Place bookshelf on surface.,Place the books on the bookshelf.,on,on,;referent_grounding_v1:G1,,X=books|Y=bookshelf
G2,00064-gQgtJ9Stk5s/tasks-island_1.json,8,1,Arrange the keyboard piano.,OK,place_on,straighten,Place keyboard piano on surface.,Straighten the keyboard piano.,on,,;referent_grounding_v1:G2,,X=keyboard piano
G2,00064-gQgtJ9Stk5s/tasks-island_1.json,14,3,Arrange the acoustic panel.,OK,place_on,straighten,Place acoustic panel on surface.,Straighten the acoustic panel.,on,,;referent_grounding_v1:G2,,X=acoustic panel
G2,00064-gQgtJ9Stk5s/tasks-island_1.json,21,3,Arrange the basket.,OK,place_on,straighten,Place basket on surface.,Straighten the basket.,on,,;referent_grounding_v1:G2,,X=basket
G2,00064-gQgtJ9Stk5s/tasks-island_1.json,23,4,Arrange the rack.,OK,place_in,straighten,Place rack in receptacle.,Straighten the rack.,in,,;referent_grounding_v1:G2,,X=rack
G2,00064-gQgtJ9Stk5s/tasks-island_1.json,36,1,Arrange the shoe rack.,OK,place_on,straighten,Place shoe rack on surface.,Straighten the shoe rack.,on,,;referent_grounding_v1:G2,,X=shoe rack
G2,00064-gQgtJ9Stk5s/tasks-island_1.json,39,5,Arrange the shoes rack.,OK,place_on,straighten,Place shoes rack on surface.,Straighten the shoes rack.,on,,;referent_grounding_v1:G2,,X=shoes rack
G2,00064-gQgtJ9Stk5s/tasks-island_1.json,62,3,Arrange the acoustic panel.,OK,place_on,straighten,Place acoustic panel on surface.,Straighten the acoustic panel.,on,,;referent_grounding_v1:G2,,X=acoustic panel
G2,00064-gQgtJ9Stk5s/tasks-island_1.json,63,2,Arrange the mannequin.,OK,place_on,straighten,Place mannequin on surface.,Straighten the mannequin.,on,,;referent_grounding_v1:G2,,X=mannequin
G2,00064-gQgtJ9Stk5s/tasks-island_1.json,66,1,Position the camera.,OK,place_on,reposition,Place camera on surface.,Reposition the camera.,on,,;referent_grounding_v1:G2,,X=camera
G2,00064-gQgtJ9Stk5s/tasks-island_1.json,73,2,Arrange the shoes rack.,OK,place_on,straighten,Place shoes rack on surface.,Straighten the shoes rack.,on,,;referent_grounding_v1:G2,,X=shoes rack
G2,00064-gQgtJ9Stk5s/tasks-island_1.json,74,4,Arrange the book.,OK,place_on,straighten,Place book on surface.,Straighten the book.,on,,;referent_grounding_v1:G2,,X=book
G2,00064-gQgtJ9Stk5s/tasks-island_1.json,76,3,Arrange the bathroom utensil.,OK,place_on,straighten,Place bathroom utensil on surface.,Straighten the bathroom utensil.,on,,;referent_grounding_v1:G2,,X=bathroom utensil
G2,00064-gQgtJ9Stk5s/tasks-island_1.json,78,5,Arrange the shoe rack.,OK,place_on,straighten,Place shoe rack on surface.,Straighten the shoe rack.,on,,;referent_grounding_v1:G2,,X=shoe rack
G2,00064-gQgtJ9Stk5s/tasks-island_1.json,82,1,Position the camera.,OK,place_on,reposition,Place camera on surface.,Reposition the camera.,on,,;referent_grounding_v1:G2,,X=camera
G2,00064-gQgtJ9Stk5s/tasks-island_1.json,88,2,Position the camera.,OK,place_on,reposition,Place camera on surface.,Reposition the camera.,on,,;referent_grounding_v1:G2,,X=camera
G2,00064-gQgtJ9Stk5s/tasks-island_1.json,95,7,Arrange the music book.,OK,place_on,straighten,Place book on surface.,Straighten the music book.,on,,;referent_grounding_v1:G2,,X=music book
G2,00064-gQgtJ9Stk5s/tasks-island_1.json,103,3,Arrange the shoe rack.,OK,place_on,straighten,Place shoes rack on surface.,Straighten the shoe rack.,on,,;referent_grounding_v1:G2,,X=shoe rack
G2,00064-gQgtJ9Stk5s/tasks-island_1.json,113,5,Arrange the shoe rack.,OK,place_on,straighten,Place shoe rack on surface.,Straighten the shoe rack.,on,,;referent_grounding_v1:G2,,X=shoe rack
G1,00081-5biL7VEkByM/tasks-island_1.json,3,3,Organize the books on the bookshelf.,OK,place_on,place_on,Place bookshelf on surface.,Place the books on the bookshelf.,on,on,;referent_grounding_v1:G1,,X=books|Y=bookshelf
G1,00081-5biL7VEkByM/tasks-island_1.json,3,4,Arrange the statue on the fireplace.,OK,place_on,place_on,Place fireplace on surface.,Place the statue on the fireplace.,on,on,;referent_grounding_v1:G1,,X=statue|Y=fireplace
G1,00081-5biL7VEkByM/tasks-island_1.json,27,4,Sort the books on the bookshelf.,OK,place_on,place_on,Place bookshelf on surface.,Place the books on the bookshelf.,on,on,;referent_grounding_v1:G1,,X=books|Y=bookshelf
G2,00081-5biL7VEkByM/tasks-island_1.json,28,3,Arrange the statue.,OK,place_on,straighten,Place statue on surface.,Straighten the statue.,on,,;referent_grounding_v1:G2,,X=statue
G3,00081-5biL7VEkByM/tasks-island_1.json,30,1,Place the book on the table.,OK,place_on,place_on,Place items on the bed table.,Place the book on the bed table.,on,on,;referent_grounding_v1:G3,,NP=book
G2,00081-5biL7VEkByM/tasks-island_1.json,40,3,Arrange a statue.,OK,place_on,straighten,Place statue on surface.,Straighten the statue.,on,,;referent_grounding_v1:G2,,X=statue
G2,00081-5biL7VEkByM/tasks-island_1.json,47,3,Arrange the bedroom cabinet.,OK,place_on,straighten,Place cabinet on surface.,Straighten the bedroom cabinet.,on,,;referent_grounding_v1:G2,,X=bedroom cabinet
G2,00081-5biL7VEkByM/tasks-island_1.json,55,1,Position the monitor.,OK,place_on,reposition,Place monitor on surface.,Reposition the monitor.,on,,;referent_grounding_v1:G2,,X=monitor
G1,00081-5biL7VEkByM/tasks-island_1.json,56,1,Set the wine bottle on the table.,OK,place_on,place_on,Place wine bottle on surface.,Place the wine bottle on the table.,on,on,;referent_grounding_v1:G1,,X=wine bottle|Y=table
G1,00081-5biL7VEkByM/tasks-island_1.json,68,2,Position the mouse on the desk.,OK,place_on,place_on,Place mouse on surface.,Place the mouse on the desk.,on,on,;referent_grounding_v1:G1,,X=mouse|Y=desk
G3,00081-5biL7VEkByM/tasks-island_1.json,69,3,Fluff the pillows on the sofa.,OK,fluff,fluff,Fluff items on the sofa.,Fluff the pillows on the sofa.,on,on,;referent_grounding_v1:G3,,NP=pillows
G2,00081-5biL7VEkByM/tasks-island_1.json,70,1,Set aside a clean towel.,OK,place_on,straighten,Place towel on surface.,Straighten the aside a clean towel.,on,,;referent_grounding_v1:G2,,X=aside a clean towel
G1,00081-5biL7VEkByM/tasks-island_1.json,70,5,Organize toiletries in the cabinet.,OK,place_in,place_in,Place cabinet in receptacle.,Place the toiletries in the cabinet.,in,in,;referent_grounding_v1:G1,,X=toiletries|Y=cabinet
G1,00081-5biL7VEkByM/tasks-island_1.json,73,1,Tidy the clothes in the wardrobe.,OK,place_in,place_in,Place wardrobe in receptacle.,Place the clothes in the wardrobe.,in,in,;referent_grounding_v1:G1,,X=clothes|Y=wardrobe
G1,00081-5biL7VEkByM/tasks-island_1.json,76,3,Arrange flowers in the vase.,OK,place_in,place_in,Place vase in receptacle.,Place the flowers in the vase.,in,in,;referent_grounding_v1:G1,,X=flowers|Y=vase
G1,00081-5biL7VEkByM/tasks-island_1.json,86,2,Arrange flowers in the vase.,OK,place_in,place_in,Place vase in receptacle.,Place the flowers in the vase.,in,in,;referent_grounding_v1:G1,,X=flowers|Y=vase
G1,00081-5biL7VEkByM/tasks-island_1.json,86,3,Position the statue on the shelf.,OK,place_on,place_on,Place statue on surface.,Place the statue on the shelf.,on,on,;referent_grounding_v1:G1,,X=statue|Y=shelf
G3,00081-5biL7VEkByM/tasks-island_1.json,91,1,Fluff the pillows on the bed.,OK,fluff,fluff,Fluff items on the bed.,Fluff the pillows on the bed.,on,on,;referent_grounding_v1:G3,,NP=pillows
G1,00081-5biL7VEkByM/tasks-island_1.json,96,1,Sort the items in the wardrobe.,OK,place_in,place_in,Place wardrobe in receptacle.,Place the items in the wardrobe.,in,in,;referent_grounding_v1:G1,,X=items|Y=wardrobe
G2,00081-5biL7VEkByM/tasks-island_1.json,105,4,Arrange the decorative plant.,OK,place_on,straighten,Place decorative plant on surface.,Straighten the decorative plant.,on,,;referent_grounding_v1:G2,,X=decorative plant
G2,00081-5biL7VEkByM/tasks-island_1.json,106,3,Arrange the boxes.,OK,place_on,straighten,Place boxes on surface.,Straighten the boxes.,on,,;referent_grounding_v1:G2,,X=boxes
G2,00081-5biL7VEkByM/tasks-island_1.json,107,1,Arrange the backpack.,OK,place_on,straighten,Place backpack on surface.,Straighten the backpack.,on,,;referent_grounding_v1:G2,,X=backpack
G2,00081-5biL7VEkByM/tasks-island_1.json,111,3,Arrange the box.,OK,place_on,straighten,Place box on surface.,Straighten the box.,on,,;referent_grounding_v1:G2,,X=box
G2,00081-5biL7VEkByM/tasks-island_1.json,114,5,Arrange the jar.,OK,place_on,straighten,Place jar on surface.,Straighten the jar.,on,,;referent_grounding_v1:G2,,X=jar
G2,00081-5biL7VEkByM/tasks-island_1.json,115,3,Arrange the vase.,OK,place_on,straighten,Place vase on surface.,Straighten the vase.,on,,;referent_grounding_v1:G2,,X=vase
G2,00081-5biL7VEkByM/tasks-island_1.json,137,1,Arrange the decoration.,OK,place_on,straighten,Place decoration on surface.,Straighten the decoration.,on,,;referent_grounding_v1:G2,,X=decoration
G2,00081-5biL7VEkByM/tasks-island_1.json,145,5,Arrange the vase.,OK,place_on,straighten,Place vase on surface.,Straighten the vase.,on,,;referent_grounding_v1:G2,,X=vase
G2,00081-5biL7VEkByM/tasks-island_1.json,147,3,Arrange the porcelain.,OK,place_on,straighten,Place porcelain on surface.,Straighten the porcelain.,on,,;referent_grounding_v1:G2,,X=porcelain
G2,00081-5biL7VEkByM/tasks-island_1.json,159,3,Set the pitcher.,OK,place_on,straighten,Place pitcher on surface.,Straighten the pitcher.,on,,;referent_grounding_v1:G2,,X=pitcher
G1,00081-5biL7VEkByM/tasks-island_1.json,167,3,Organize the glasses in the cabinet.,OK,place_in,place_in,Place cabinet in receptacle.,Place the glasses in the cabinet.,in,in,;referent_grounding_v1:G1,,X=glasses|Y=cabinet
G2,00081-5biL7VEkByM/tasks-island_1.json,179,1,Position the statue.,OK,place_on,reposition,Place statue on surface.,Reposition the statue.,on,,;referent_grounding_v1:G2,,X=statue
G2,00081-5biL7VEkByM/tasks-island_1.json,182,2,Arrange the book.,OK,place_on,straighten,Place book on surface.,Straighten the book.,on,,;referent_grounding_v1:G2,,X=book
G1,00081-5biL7VEkByM/tasks-island_1.json,198,6,Set the pitcher on the desk.,OK,place_on,place_on,Place pitcher on surface.,Place the pitcher on the desk.,on,on,;referent_grounding_v1:G1,,X=pitcher|Y=desk
G2,00081-5biL7VEkByM/tasks-island_1.json,199,6,Arrange the decoration.,OK,place_on,straighten,Place decoration on surface.,Straighten the decoration.,on,,;referent_grounding_v1:G2,,X=decoration
G2,00081-5biL7VEkByM/tasks-island_1.json,204,4,Arrange the vase.,OK,place_in,straighten,Place vase in receptacle.,Straighten the vase.,in,,;referent_grounding_v1:G2,,X=vase
G2,00081-5biL7VEkByM/tasks-island_1.json,222,1,Arrange the decoration.,OK,place_on,straighten,Place decoration on surface.,Straighten the decoration.,on,,;referent_grounding_v1:G2,,X=decoration
G2,00081-5biL7VEkByM/tasks-island_1.json,227,2,Arrange the books.,OK,place_on,straighten,Place book on surface.,Straighten the books.,on,,;referent_grounding_v1:G2,,X=books
G1,00081-5biL7VEkByM/tasks-island_1.json,228,4,Set the wine bottle on the table.,OK,place_on,place_on,Place wine bottle on surface.,Place the wine bottle on the table.,on,on,;referent_grounding_v1:G1,,X=wine bottle|Y=table
G1,00081-5biL7VEkByM/tasks-island_1.json,230,1,Sort books on the bookshelf.,OK,place_on,place_on,Place bookshelf on surface.,Place the books on the bookshelf.,on,on,;referent_grounding_v1:G1,,X=books|Y=bookshelf
G1,00081-5biL7VEkByM/tasks-island_1.json,230,4,Arrange books in the cabinet.,OK,place_in,place_in,Place book in receptacle.,Place the books in the cabinet.,in,in,;referent_grounding_v1:G1,,X=books|Y=cabinet
G2,00081-5biL7VEkByM/tasks-island_1.json,233,7,Arrange the statue.,OK,place_on,straighten,Place statue on surface.,Straighten the statue.,on,,;referent_grounding_v1:G2,,X=statue
G2,00081-5biL7VEkByM/tasks-island_1.json,238,3,Arrange the cabinet.,OK,place_on,straighten,Place cabinet on surface.,Straighten the cabinet.,on,,;referent_grounding_v1:G2,,X=cabinet
G2,00081-5biL7VEkByM/tasks-island_1.json,240,4,Set the pitcher.,OK,place_on,straighten,Place pitcher on surface.,Straighten the pitcher.,on,,;referent_grounding_v1:G2,,X=pitcher
G2,00081-5biL7VEkByM/tasks-island_1.json,241,6,Arrange the cabinet.,OK,place_on,straighten,Place cabinet on surface.,Straighten the cabinet.,on,,;referent_grounding_v1:G2,,X=cabinet
G2,00081-5biL7VEkByM/tasks-island_1.json,248,4,Arrange the vase.,OK,place_on,straighten,Place vase on surface.,Straighten the vase.,on,,;referent_grounding_v1:G2,,X=vase
G2,00081-5biL7VEkByM/tasks-island_1.json,251,2,Arrange the book.,OK,place_on,straighten,Place book on surface.,Straighten the book.,on,,;referent_grounding_v1:G2,,X=book
G2,00081-5biL7VEkByM/tasks-island_1.json,251,7,Arrange the cabinet.,OK,place_on,straighten,Place cabinet on surface.,Straighten the cabinet.,on,,;referent_grounding_v1:G2,,X=cabinet
G2,00087-YY8rqV6L6rf/tasks-island_2.json,2,1,Set the plate.,OK,place_on,straighten,Place plate on surface.,Straighten the plate.,on,,;referent_grounding_v1:G2,,X=plate
G2,00087-YY8rqV6L6rf/tasks-island_2.json,14,3,Arrange the coat rack.,OK,place_on,straighten,Place coat rack on surface.,Straighten the coat rack.,on,,;referent_grounding_v1:G2,,X=coat rack
G1,00087-YY8rqV6L6rf/tasks-island_2.json,25,4,Set a plate on the table.,OK,place_on,place_on,Place plate on surface.,Place the plate on the table.,on,on,;referent_grounding_v1:G1,,X=plate|Y=table
G2,00087-YY8rqV6L6rf/tasks-island_2.json,41,4,Arrange the basket of something.,OK,place_on,straighten,Place basket of something on surface.,Straighten the basket of something.,on,,;referent_grounding_v1:G2,,X=basket of something
G1,00087-YY8rqV6L6rf/tasks-island_2.json,50,1,Organize the clothes in the wardrobe.,OK,place_in,place_in,Place wardrobe in receptacle.,Place the clothes in the wardrobe.,in,in,;referent_grounding_v1:G1,,X=clothes|Y=wardrobe
G2,00087-YY8rqV6L6rf/tasks-island_2.json,66,3,Position the camera for the shoot.,OK,place_in,reposition,Place camera in receptacle.,Reposition the camera.,in,,;referent_grounding_v1:G2,,X=camera
G2,00087-YY8rqV6L6rf/tasks-island_2.json,92,2,Arrange the basket of something.,OK,place_on,straighten,Place basket of something on surface.,Straighten the basket of something.,on,,;referent_grounding_v1:G2,,X=basket of something
G2,00087-YY8rqV6L6rf/tasks-island_2.json,119,5,Set the plate.,OK,place_on,straighten,Place plate on surface.,Straighten the plate.,on,,;referent_grounding_v1:G2,,X=plate
G1,00087-YY8rqV6L6rf/tasks-island_2.json,156,7,Set the plate on the dining table.,OK,place_on,place_on,Place plate on surface.,Place the plate on the dining table.,on,on,;referent_grounding_v1:G1,,X=plate|Y=dining table
G1,00087-YY8rqV6L6rf/tasks-island_2.json,157,3,Sort the items in the basket of something.,OK,place_in,place_in,Place basket of something in receptacle.,Place the items in the basket of something.,in,in,;referent_grounding_v1:G1,,X=items|Y=basket of something
G1,00087-YY8rqV6L6rf/tasks-island_2.json,157,5,Arrange the boxes on the shelf.,OK,place_on,place_on,Place boxes on surface.,Place the boxes on the shelf.,on,on,;referent_grounding_v1:G1,,X=boxes|Y=shelf
G1,00087-YY8rqV6L6rf/tasks-island_2.json,162,4,Arrange the machine in the corner.,OK,place_in,place_in,Place machine in receptacle.,Place the machine in the corner.,in,in,;referent_grounding_v1:G1,,X=machine|Y=corner
G2,00087-YY8rqV6L6rf/tasks-island_2.json,171,4,Arrange the boxes against the wall.,OK,place_in,straighten,Place boxes in receptacle.,Straighten the boxes against the wall.,in,,;referent_grounding_v1:G2,,X=boxes against the wall
G1,00096-6HRFAUDqpTb/tasks-island_0.json,3,2,Set the plate on the table.,OK,place_on,place_on,Place plate on surface.,Place the plate on the table.,on,on,;referent_grounding_v1:G1,,X=plate|Y=table
G2,00096-6HRFAUDqpTb/tasks-island_0.json,5,3,Arrange the lounge chair.,OK,place_on,straighten,Place lounge chair on surface.,Straighten the lounge chair.,on,,;referent_grounding_v1:G2,,X=lounge chair
G1,00096-6HRFAUDqpTb/tasks-island_0.json,17,4,Set the cup on the table.,OK,place_on,place_on,Place cup on surface.,Place the cup on the table.,on,on,;referent_grounding_v1:G1,,X=cup|Y=table
G2,00096-6HRFAUDqpTb/tasks-island_0.json,31,3,Arrange the lounge chair.,OK,place_on,straighten,Place lounge chair on surface.,Straighten the lounge chair.,on,,;referent_grounding_v1:G2,,X=lounge chair
G1,00096-6HRFAUDqpTb/tasks-island_0.json,64,5,Organize the clean linens in the bathroom cabinet.,OK,place_in,place_in,Place bathroom cabinet in receptacle.,Place the clean linens in the bathroom cabinet.,in,in,;referent_grounding_v1:G1,,X=clean linens|Y=bathroom cabinet
G1,00096-6HRFAUDqpTb/tasks-island_0.json,69,3,Set the plate on the table.,OK,place_on,place_on,Place plate on surface.,Place the plate on the table.,on,on,;referent_grounding_v1:G1,,X=plate|Y=table
P0a,00096-6HRFAUDqpTb/tasks-island_0.json,77,1,Use the hammer to repair a cabinet door.,OK,reposition,tighten,Reposition the hammer.,Tighten the cabinet door.,,,;vocab_extension_v1:repair_remap->tighten,,
G1,00096-6HRFAUDqpTb/tasks-island_0.json,79,5,Arrange the books on the bookshelf.,OK,place_on,place_on,Place bookshelf on surface.,Place the books on the bookshelf.,on,on,;referent_grounding_v1:G1,,X=books|Y=bookshelf
G1,00096-6HRFAUDqpTb/tasks-island_0.json,79,6,Set the wine bottle on the counter.,OK,place_on,place_on,Place wine bottle on surface.,Place the wine bottle on the counter.,on,on,;referent_grounding_v1:G1,,X=wine bottle|Y=counter
G2,00096-6HRFAUDqpTb/tasks-island_0.json,85,1,Position the weight bench.,OK,place_on,reposition,Place weight bench on surface.,Reposition the weight bench.,on,,;referent_grounding_v1:G2,,X=weight bench
G2,00096-6HRFAUDqpTb/tasks-island_0.json,100,4,Arrange the lounge chair.,OK,place_on,straighten,Place lounge chair on surface.,Straighten the lounge chair.,on,,;referent_grounding_v1:G2,,X=lounge chair
G2,00096-6HRFAUDqpTb/tasks-island_0.json,107,7,Set the plate.,OK,place_on,straighten,Place plate on surface.,Straighten the plate.,on,,;referent_grounding_v1:G2,,X=plate
G2,00096-6HRFAUDqpTb/tasks-island_0.json,116,3,Arrange the storage shelving.,OK,place_on,straighten,Place storage shelving on surface.,Straighten the storage shelving.,on,,;referent_grounding_v1:G2,,X=storage shelving
G1,00096-6HRFAUDqpTb/tasks-island_0.json,118,4,Set the plate on the table.,OK,place_on,place_on,Place plate on surface.,Place the plate on the table.,on,on,;referent_grounding_v1:G1,,X=plate|Y=table
G2,00096-6HRFAUDqpTb/tasks-island_0.json,118,5,Arrange the cup next to the plate.,OK,place_on,straighten,Place cup on surface.,Straighten the cup.,on,,;referent_grounding_v1:G2,,X=cup
G2,00096-6HRFAUDqpTb/tasks-island_0.json,133,4,Arrange the lounge chair for comfort.,OK,place_on,straighten,Place lounge chair on surface.,Straighten the lounge chair.,on,,;referent_grounding_v1:G2,,X=lounge chair
G1,00096-6HRFAUDqpTb/tasks-island_0.json,135,3,Organize the items on the storage shelving.,OK,place_on,place_on,Place storage shelving on surface.,Place the items on the storage shelving.,on,on,;referent_grounding_v1:G1,,X=items|Y=storage shelving
G2,00096-6HRFAUDqpTb/tasks-island_1.json,3,4,Arrange the shelf.,OK,place_on,straighten,Place shelf on surface.,Straighten the shelf.,on,,;referent_grounding_v1:G2,,X=shelf
G3,00096-6HRFAUDqpTb/tasks-island_1.json,9,4,Fluff the pillow on the bench.,OK,fluff,fluff,Fluff items on the bench.,Fluff the pillow on the bench.,on,on,;referent_grounding_v1:G3,,NP=pillow
G3,00096-6HRFAUDqpTb/tasks-island_1.json,12,4,Put away clothes in the chest of drawers.,OK,store,store,Store items in the chest of drawers.,Store the clothes in the chest of drawers.,in,in,;referent_grounding_v1:G3,,NP=clothes
G3,00096-6HRFAUDqpTb/tasks-island_1.json,26,3,Fluff the pillow on the bench.,OK,fluff,fluff,Fluff items on the bench.,Fluff the pillow on the bench.,on,on,;referent_grounding_v1:G3,,NP=pillow
G2,00096-6HRFAUDqpTb/tasks-island_1.json,28,4,Arrange the end table.,OK,place_on,straighten,Place end table on surface.,Straighten the end table.,on,,;referent_grounding_v1:G2,,X=end table
G2,00096-6HRFAUDqpTb/tasks-island_1.json,35,6,Arrange the shelf.,OK,place_on,straighten,Place shelf on surface.,Straighten the shelf.,on,,;referent_grounding_v1:G2,,X=shelf
G2,00096-6HRFAUDqpTb/tasks-island_1.json,47,6,Arrange the box.,OK,place_on,straighten,Place box on surface.,Straighten the box.,on,,;referent_grounding_v1:G2,,X=box
G2,00096-6HRFAUDqpTb/tasks-island_1.json,55,5,Arrange the box.,OK,place_on,straighten,Place box on surface.,Straighten the box.,on,,;referent_grounding_v1:G2,,X=box
G2,00099-226REUyJh2K/tasks-island_1.json,15,2,Position the speaker.,OK,place_on,reposition,Place speaker on surface.,Reposition the speaker.,on,,;referent_grounding_v1:G2,,X=speaker
G2,00099-226REUyJh2K/tasks-island_1.json,51,5,Arrange the shower rail.,OK,place_on,straighten,Place shower rail on surface.,Straighten the shower rail.,on,,;referent_grounding_v1:G2,,X=shower rail
G2,00099-226REUyJh2K/tasks-island_1.json,63,2,Arrange the shower rail.,OK,place_on,straighten,Place shower rail on surface.,Straighten the shower rail.,on,,;referent_grounding_v1:G2,,X=shower rail
G2,00099-226REUyJh2K/tasks-island_1.json,64,5,Arrange the speaker.,OK,place_on,straighten,Place speaker on surface.,Straighten the speaker.,on,,;referent_grounding_v1:G2,,X=speaker
G2,00099-226REUyJh2K/tasks-island_1.json,66,5,Arrange the shelf.,OK,place_on,straighten,Place shelf on surface.,Straighten the shelf.,on,,;referent_grounding_v1:G2,,X=shelf
G2,00099-226REUyJh2K/tasks-island_1.json,69,4,Reposition the lamp.,OK,place_on,reposition,Place lamp on surface.,Reposition the lamp.,on,,;referent_grounding_v1:G2,,X=lamp
G2,00099-226REUyJh2K/tasks-island_1.json,69,5,Arrange the plush toy.,OK,place_on,straighten,Place plush toy on surface.,Straighten the plush toy.,on,,;referent_grounding_v1:G2,,X=plush toy
G2,00099-226REUyJh2K/tasks-island_1.json,71,3,Arrange the mouse.,OK,place_on,straighten,Place mouse on surface.,Straighten the mouse.,on,,;referent_grounding_v1:G2,,X=mouse
G4,00099-226REUyJh2K/tasks-island_1.json,73,4,Fill the cup at the sink.,RESOLVED,fill,fill,Use the sink to fill a container.,Fill the cup at the sink.,at,at,;referent_grounding_v1:G4,,vessel=cup
G1,00099-226REUyJh2K/tasks-island_1.json,80,1,Organize the clothes in the wardrobe.,OK,place_in,place_in,Place wardrobe in receptacle.,Place the clothes in the wardrobe.,in,in,;referent_grounding_v1:G1,,X=clothes|Y=wardrobe
G1,00099-226REUyJh2K/tasks-island_1.json,80,3,Tidy up the items on the shelf.,OK,place_on,place_on,Place shelf on surface.,Place the items on the shelf.,on,on,;referent_grounding_v1:G1,,X=items|Y=shelf
G1,00099-226REUyJh2K/tasks-island_1.json,88,4,Tidy the items on the shelf.,OK,place_on,place_on,Place shelf on surface.,Place the items on the shelf.,on,on,;referent_grounding_v1:G1,,X=items|Y=shelf
G4,00099-226REUyJh2K/tasks-island_1.json,115,5,Fill the cup at the sink.,RESOLVED,fill,fill,Use the sink to fill a container.,Fill the cup at the sink.,at,at,;referent_grounding_v1:G4,,vessel=cup
G2,00099-226REUyJh2K/tasks-island_1.json,116,5,Arrange the plush toy.,OK,place_on,straighten,Place plush toy on surface.,Straighten the plush toy.,on,,;referent_grounding_v1:G2,,X=plush toy
G2,00099-226REUyJh2K/tasks-island_1.json,136,6,Organize clothes inside the wardrobe.,OK,place_in,straighten,Place wardrobe in receptacle.,Straighten the clothes inside the wardrobe.,in,,;referent_grounding_v1:G2,,X=clothes inside the wardrobe
G2,00105-xWvSkKiWQpC/tasks-island_0.json,6,3,Arrange the luggage.,OK,place_on,straighten,Place luggage on surface.,Straighten the luggage.,on,,;referent_grounding_v1:G2,,X=luggage
G1,00105-xWvSkKiWQpC/tasks-island_0.json,15,3,Organize the files in the cabinet.,OK,place_in,place_in,Place cabinet in receptacle.,Place the files in the cabinet.,in,in,;referent_grounding_v1:G1,,X=files|Y=cabinet
G2,00105-xWvSkKiWQpC/tasks-island_0.json,17,4,Position the vase for the shot.,OK,place_on,reposition,Place vase on surface.,Reposition the vase.,on,,;referent_grounding_v1:G2,,X=vase
G1,00105-xWvSkKiWQpC/tasks-island_0.json,23,3,Organize the notes on the board.,OK,place_in,place_on,Place board in receptacle.,Place the notes on the board.,in,on,;referent_grounding_v1:G1,,X=notes|Y=board
G2,00105-xWvSkKiWQpC/tasks-island_0.json,27,5,Position the lamp.,OK,place_on,reposition,Place lamp on surface.,Reposition the lamp.,on,,;referent_grounding_v1:G2,,X=lamp
G2,00105-xWvSkKiWQpC/tasks-island_0.json,32,4,Arrange the board.,OK,place_on,straighten,Place board on surface.,Straighten the board.,on,,;referent_grounding_v1:G2,,X=board
G2,00105-xWvSkKiWQpC/tasks-island_0.json,38,4,Set the box aside.,OK,place_on,straighten,Place box on surface.,Straighten the box.,on,,;referent_grounding_v1:G2,,X=box
G2,00105-xWvSkKiWQpC/tasks-island_0.json,40,5,Position the floor stand.,OK,place_on,reposition,Place floor stand on surface.,Reposition the floor stand.,on,,;referent_grounding_v1:G2,,X=floor stand
G2,00105-xWvSkKiWQpC/tasks-island_0.json,41,2,Position the lamp.,OK,place_on,reposition,Place lamp on surface.,Reposition the lamp.,on,,;referent_grounding_v1:G2,,X=lamp
G1,00105-xWvSkKiWQpC/tasks-island_0.json,46,3,Organize the notes on the board.,OK,place_on,place_on,Place board on surface.,Place the notes on the board.,on,on,;referent_grounding_v1:G1,,X=notes|Y=board
G2,00105-xWvSkKiWQpC/tasks-island_0.json,53,5,Position the floor stand.,OK,place_on,reposition,Place floor stand on surface.,Reposition the floor stand.,on,,;referent_grounding_v1:G2,,X=floor stand
G2,00105-xWvSkKiWQpC/tasks-island_0.json,55,3,Arrange the book.,OK,place_on,straighten,Place book on surface.,Straighten the book.,on,,;referent_grounding_v1:G2,,X=book
G2,00105-xWvSkKiWQpC/tasks-island_0.json,68,1,Position the floor stand.,OK,place_in,reposition,Place floor stand in receptacle.,Reposition the floor stand.,in,,;referent_grounding_v1:G2,,X=floor stand
G2,00105-xWvSkKiWQpC/tasks-island_0.json,75,2,Position the decorative plant.,OK,place_on,reposition,Place decorative plant on surface.,Reposition the decorative plant.,on,,;referent_grounding_v1:G2,,X=decorative plant
G2,00105-xWvSkKiWQpC/tasks-island_0.json,82,1,Position the pot.,OK,place_in,reposition,Place pot in receptacle.,Reposition the pot.,in,,;referent_grounding_v1:G2,,X=pot
G2,00105-xWvSkKiWQpC/tasks-island_0.json,82,3,Arrange the decoration.,OK,place_in,straighten,Place decoration in receptacle.,Straighten the decoration.,in,,;referent_grounding_v1:G2,,X=decoration
G2,00105-xWvSkKiWQpC/tasks-island_0.json,84,4,Arrange the decoration.,OK,place_on,straighten,Place decoration on surface.,Straighten the decoration.,on,,;referent_grounding_v1:G2,,X=decoration
G2,00105-xWvSkKiWQpC/tasks-island_0.json,96,3,Arrange the cabinet.,OK,place_on,straighten,Place cabinet on surface.,Straighten the cabinet.,on,,;referent_grounding_v1:G2,,X=cabinet
G2,00105-xWvSkKiWQpC/tasks-island_0.json,100,5,Arrange the cups.,OK,place_on,straighten,Place cups on surface.,Straighten the cups.,on,,;referent_grounding_v1:G2,,X=cups
G2,00105-xWvSkKiWQpC/tasks-island_0.json,101,1,Set the plate.,OK,place_on,straighten,Place plate on surface.,Straighten the plate.,on,,;referent_grounding_v1:G2,,X=plate
G2,00105-xWvSkKiWQpC/tasks-island_0.json,112,5,Set the plate.,OK,place_in,straighten,Place plate in receptacle.,Straighten the plate.,in,,;referent_grounding_v1:G2,,X=plate
G2,00105-xWvSkKiWQpC/tasks-island_0.json,118,7,Arrange the box.,OK,place_on,straighten,Place box on surface.,Straighten the box.,on,,;referent_grounding_v1:G2,,X=box
G2,00105-xWvSkKiWQpC/tasks-island_0.json,121,3,Arrange the basket.,OK,place_on,straighten,Place basket on surface.,Straighten the basket.,on,,;referent_grounding_v1:G2,,X=basket
G2,00105-xWvSkKiWQpC/tasks-island_0.json,124,6,Arrange the shelf.,OK,place_on,straighten,Place shelf on surface.,Straighten the shelf.,on,,;referent_grounding_v1:G2,,X=shelf
G2,00105-xWvSkKiWQpC/tasks-island_0.json,133,5,Arrange the cabinet.,OK,place_on,straighten,Place cabinet on surface.,Straighten the cabinet.,on,,;referent_grounding_v1:G2,,X=cabinet
G2,00105-xWvSkKiWQpC/tasks-island_0.json,151,2,Position the lamp.,OK,place_on,reposition,Place lamp on surface.,Reposition the lamp.,on,,;referent_grounding_v1:G2,,X=lamp
G2,00108-oStKKWkQ1id/tasks-island_0.json,4,1,Arrange the sofa seat.,OK,place_on,straighten,Place sofa seat on surface.,Straighten the sofa seat.,on,,;referent_grounding_v1:G2,,X=sofa seat
G2,00108-oStKKWkQ1id/tasks-island_0.json,8,2,Arrange the bean bag chair.,OK,place_in,straighten,Place bean bag chair in receptacle.,Straighten the bean bag chair.,in,,;referent_grounding_v1:G2,,X=bean bag chair
G2,00108-oStKKWkQ1id/tasks-island_0.json,13,4,Set the plate.,OK,place_on,straighten,Place plate on surface.,Straighten the plate.,on,,;referent_grounding_v1:G2,,X=plate
G2,00108-oStKKWkQ1id/tasks-island_0.json,36,4,Arrange the bouquet.,OK,place_on,straighten,Place bouquet on surface.,Straighten the bouquet.,on,,;referent_grounding_v1:G2,,X=bouquet
G2,00108-oStKKWkQ1id/tasks-island_0.json,54,4,Rearrange the bouquet.,OK,place_on,straighten,Place bouquet on surface.,Straighten the bouquet.,on,,;referent_grounding_v1:G2,,X=bouquet
G1,00108-oStKKWkQ1id/tasks-island_0.json,57,5,Set the plate on the counter.,OK,place_on,place_on,Place plate on surface.,Place the plate on the counter.,on,on,;referent_grounding_v1:G1,,X=plate|Y=counter
G2,00108-oStKKWkQ1id/tasks-island_0.json,65,2,Arrange the cosmetics.,OK,place_on,straighten,Place cosmetics on surface.,Straighten the cosmetics.,on,,;referent_grounding_v1:G2,,X=cosmetics
G2,00108-oStKKWkQ1id/tasks-island_0.json,66,1,Arrange the sofa seat.,OK,place_on,straighten,Place sofa seat on surface.,Straighten the sofa seat.,on,,;referent_grounding_v1:G2,,X=sofa seat
G1,00108-oStKKWkQ1id/tasks-island_0.json,78,4,Set the wine bottle on the table.,OK,place_on,place_on,Place wine bottle on surface.,Place the wine bottle on the table.,on,on,;referent_grounding_v1:G1,,X=wine bottle|Y=table
G2,00108-oStKKWkQ1id/tasks-island_0.json,82,3,Position the flowerpot.,OK,place_on,reposition,Place flowerpot on surface.,Reposition the flowerpot.,on,,;referent_grounding_v1:G2,,X=flowerpot
G2,00108-oStKKWkQ1id/tasks-island_0.json,83,4,Set the glass.,OK,place_on,straighten,Place glass on surface.,Straighten the glass.,on,,;referent_grounding_v1:G2,,X=glass
G2,00108-oStKKWkQ1id/tasks-island_0.json,102,2,Position the keyboard.,OK,place_on,reposition,Place keyboard on surface.,Reposition the keyboard.,on,,;referent_grounding_v1:G2,,X=keyboard
G2,00108-oStKKWkQ1id/tasks-island_0.json,114,2,Arrange the bean bag chair.,OK,place_on,straighten,Place bean bag chair on surface.,Straighten the bean bag chair.,on,,;referent_grounding_v1:G2,,X=bean bag chair
G2,00108-oStKKWkQ1id/tasks-island_0.json,117,2,Arrange the keyboard for typing.,OK,place_on,straighten,Place keyboard on surface.,Straighten the keyboard.,on,,;referent_grounding_v1:G2,,X=keyboard
G2,00108-oStKKWkQ1id/tasks-island_0.json,120,2,Arrange the cosmetics neatly.,OK,place_on,straighten,Place cosmetics on surface.,Straighten the cosmetics.,on,,;referent_grounding_v1:G2,,X=cosmetics
G2,00108-oStKKWkQ1id/tasks-island_0.json,125,2,Arrange the plate for appetizers.,OK,place_on,straighten,Place plate on surface.,Straighten the plate.,on,,;referent_grounding_v1:G2,,X=plate
G1,00108-oStKKWkQ1id/tasks-island_0.json,131,2,Organize soaps on the bathroom shelf.,OK,place_on,place_on,Place bathroom shelf on surface.,Place the soaps on the bathroom shelf.,on,on,;referent_grounding_v1:G1,,X=soaps|Y=bathroom shelf
G2,00108-oStKKWkQ1id/tasks-island_0.json,133,3,Position the laptop for focus.,OK,place_on,reposition,Place laptop on surface.,Reposition the laptop.,on,,;referent_grounding_v1:G2,,X=laptop
G4,00108-oStKKWkQ1id/tasks-island_0.json,136,3,Fill a pitcher at the sink.,FLAG,fill,fill,Use the sink to fill a container.,Use the sink to fill a container.,at,at,;ungrounded_anaphora,,no_vessel_found
G2,00108-oStKKWkQ1id/tasks-island_0.json,143,3,Arrange the sofa seat.,OK,place_on,straighten,Place sofa seat on surface.,Straighten the sofa seat.,on,,;referent_grounding_v1:G2,,X=sofa seat
G4,00108-oStKKWkQ1id/tasks-island_0.json,145,5,Refill the glass at the sink.,RESOLVED,fill,fill,Use the sink to fill a container.,Fill the glass at the sink.,at,at,;referent_grounding_v1:G4,,vessel=glass
G1,00108-oStKKWkQ1id/tasks-island_0.json,146,2,Arrange the bouquet in a vase.,OK,place_in,place_in,Place bouquet in receptacle.,Place the bouquet in the vase.,in,in,;referent_grounding_v1:G1,,X=bouquet|Y=vase
G2,00108-oStKKWkQ1id/tasks-island_0.json,150,3,Arrange the bean bag chair.,OK,place_on,straighten,Place bean bag chair on surface.,Straighten the bean bag chair.,on,,;referent_grounding_v1:G2,,X=bean bag chair
G1,00108-oStKKWkQ1id/tasks-island_0.json,156,2,Tidy the clothes on the rack.,OK,place_on,place_on,Place rack on surface.,Place the clothes on the rack.,on,on,;referent_grounding_v1:G1,,X=clothes|Y=rack
G4,00108-oStKKWkQ1id/tasks-island_0.json,158,2,Refill the pitcher at the sink.,FLAG,fill,fill,Use the sink to fill a container.,Use the sink to fill a container.,at,at,;ungrounded_anaphora,,no_vessel_found
G1,00108-oStKKWkQ1id/tasks-island_0.json,162,5,Arrange the books on the shelf.,OK,place_on,place_on,Place shelf on surface.,Place the books on the shelf.,on,on,;referent_grounding_v1:G1,,X=books|Y=shelf
G4,00108-oStKKWkQ1id/tasks-island_0.json,170,2,Fill the cup at the sink.,RESOLVED,fill,fill,Use the sink to fill a container.,Fill the cup at the sink.,at,at,;referent_grounding_v1:G4,,vessel=cup
G2,00108-oStKKWkQ1id/tasks-island_0.json,171,2,Arrange the sofa seat.,OK,place_on,straighten,Place sofa seat on surface.,Straighten the sofa seat.,on,,;referent_grounding_v1:G2,,X=sofa seat
G2,00108-oStKKWkQ1id/tasks-island_0.json,173,3,Position the keyboard.,OK,place_on,reposition,Place keyboard on surface.,Reposition the keyboard.,on,,;referent_grounding_v1:G2,,X=keyboard
G2,00108-oStKKWkQ1id/tasks-island_0.json,185,1,Position the bean bag chair.,OK,place_on,reposition,Place bean bag chair on surface.,Reposition the bean bag chair.,on,,;referent_grounding_v1:G2,,X=bean bag chair
G3,00109-GTV2Y73Sn5t/tasks-island_0.json,3,4,Put away the spices in the cabinet.,OK,store,store,Store items in the cabinet.,Store the spices in the cabinet.,in,in,;referent_grounding_v1:G3,,NP=spices
G1,00109-GTV2Y73Sn5t/tasks-island_0.json,7,2,Arrange flowers in the flower vase.,OK,place_in,place_in,Place flower vase in receptacle.,Place the flowers in the flower vase.,in,in,;referent_grounding_v1:G1,,X=flowers|Y=flower vase
G1,00109-GTV2Y73Sn5t/tasks-island_0.json,20,3,Set the water pitcher in the center.,OK,place_in,place_in,Place pitcher in receptacle.,Place the water pitcher in the center.,in,in,;referent_grounding_v1:G1,,X=water pitcher|Y=center
G2,00109-GTV2Y73Sn5t/tasks-island_0.json,26,4,Arrange the stools.,OK,place_on,straighten,Place stools on surface.,Straighten the stools.,on,,;referent_grounding_v1:G2,,X=stools
G2,00109-GTV2Y73Sn5t/tasks-island_0.json,42,4,Arrange the stools.,OK,place_on,straighten,Place stools on surface.,Straighten the stools.,on,,;referent_grounding_v1:G2,,X=stools
G2,00109-GTV2Y73Sn5t/tasks-island_0.json,45,2,Set the plate.,OK,place_on,straighten,Place plate on surface.,Straighten the plate.,on,,;referent_grounding_v1:G2,,X=plate
G1,00109-GTV2Y73Sn5t/tasks-island_0.json,46,3,Organize the cleaning supplies in the cabinet.,OK,place_in,place_in,Place cabinet in receptacle.,Place the cleaning supplies in the cabinet.,in,in,;referent_grounding_v1:G1,,X=cleaning supplies|Y=cabinet
G1,00109-GTV2Y73Sn5t/tasks-island_0.json,51,3,Organize the items in the cabinet.,OK,place_in,place_in,Place cabinet in receptacle.,Place the items in the cabinet.,in,in,;referent_grounding_v1:G1,,X=items|Y=cabinet
G2,00109-GTV2Y73Sn5t/tasks-island_0.json,58,4,Arrange the beanbag chair.,OK,place_on,straighten,Place beanbag chair on surface.,Straighten the beanbag chair.,on,,;referent_grounding_v1:G2,,X=beanbag chair
G1,00109-GTV2Y73Sn5t/tasks-island_0.json,60,2,Arrange the books on the shelf.,OK,place_on,place_on,Place book on surface.,Place the books on the shelf.,on,on,;referent_grounding_v1:G1,,X=books|Y=shelf
G1,00109-GTV2Y73Sn5t/tasks-island_0.json,72,3,Arrange items in the basket.,OK,place_in,place_in,Place basket in receptacle.,Place the items in the basket.,in,in,;referent_grounding_v1:G1,,X=items|Y=basket
G1,00109-GTV2Y73Sn5t/tasks-island_0.json,73,3,Set the pitcher on the table.,OK,place_on,place_on,Place pitcher on surface.,Place the pitcher on the table.,on,on,;referent_grounding_v1:G1,,X=pitcher|Y=table
G2,00109-GTV2Y73Sn5t/tasks-island_0.json,92,4,Position the monitor.,OK,place_on,reposition,Place monitor on surface.,Reposition the monitor.,on,,;referent_grounding_v1:G2,,X=monitor
G1,00109-GTV2Y73Sn5t/tasks-island_0.json,101,4,Organize the equipment on the rack.,OK,place_on,place_on,Place rack on surface.,Place the equipment on the rack.,on,on,;referent_grounding_v1:G1,,X=equipment|Y=rack
G1,00109-GTV2Y73Sn5t/tasks-island_0.json,103,3,Organize the files in the cabinet.,OK,place_in,place_in,Place cabinet in receptacle.,Place the files in the cabinet.,in,in,;referent_grounding_v1:G1,,X=files|Y=cabinet
G1,00109-GTV2Y73Sn5t/tasks-island_0.json,104,2,Sort the clothes in the wardrobe.,OK,place_in,place_in,Place wardrobe in receptacle.,Place the clothes in the wardrobe.,in,in,;referent_grounding_v1:G1,,X=clothes|Y=wardrobe
G2,00109-GTV2Y73Sn5t/tasks-island_0.json,107,3,Arrange the coat hanger.,OK,place_on,straighten,Place hanger on surface.,Straighten the coat hanger.,on,,;referent_grounding_v1:G2,,X=coat hanger
G2,00109-GTV2Y73Sn5t/tasks-island_0.json,107,4,Position the stools.,OK,place_on,reposition,Place stools on surface.,Reposition the stools.,on,,;referent_grounding_v1:G2,,X=stools
G2,00109-GTV2Y73Sn5t/tasks-island_0.json,129,2,Arrange the cosmetics.,OK,place_on,straighten,Place cosmetics on surface.,Straighten the cosmetics.,on,,;referent_grounding_v1:G2,,X=cosmetics
G2,00109-GTV2Y73Sn5t/tasks-island_0.json,131,2,Set the plate.,OK,place_on,straighten,Place plate on surface.,Straighten the plate.,on,,;referent_grounding_v1:G2,,X=plate
G2,00109-GTV2Y73Sn5t/tasks-island_0.json,135,4,Arrange the shelf.,OK,place_on,straighten,Place shelf on surface.,Straighten the shelf.,on,,;referent_grounding_v1:G2,,X=shelf
G4,00109-GTV2Y73Sn5t/tasks-island_0.json,137,3,Refill water at the sink.,RESOLVED,fill,fill,Use the sink to fill a container.,Fill the vase at the sink.,at,at,;referent_grounding_v1:G4,,vessel=vase
G2,00109-GTV2Y73Sn5t/tasks-island_0.json,151,3,Set the plate.,OK,place_on,straighten,Place plate on surface.,Straighten the plate.,on,,;referent_grounding_v1:G2,,X=plate
G2,00109-GTV2Y73Sn5t/tasks-island_0.json,156,2,Arrange the hanger.,OK,place_on,straighten,Place hanger on surface.,Straighten the hanger.,on,,;referent_grounding_v1:G2,,X=hanger
G2,00109-GTV2Y73Sn5t/tasks-island_0.json,164,4,Arrange the beanbag chair.,OK,place_on,straighten,Place beanbag chair on surface.,Straighten the beanbag chair.,on,,;referent_grounding_v1:G2,,X=beanbag chair
G2,00109-GTV2Y73Sn5t/tasks-island_0.json,168,3,Set the plate.,OK,place_on,straighten,Place plate on surface.,Straighten the plate.,on,,;referent_grounding_v1:G2,,X=plate
G2,00109-GTV2Y73Sn5t/tasks-island_0.json,170,3,Arrange the stools.,OK,place_on,straighten,Place stools on surface.,Straighten the stools.,on,,;referent_grounding_v1:G2,,X=stools
G2,00109-GTV2Y73Sn5t/tasks-island_0.json,175,3,Set the plate.,OK,place_on,straighten,Place plate on surface.,Straighten the plate.,on,,;referent_grounding_v1:G2,,X=plate
G2,00109-GTV2Y73Sn5t/tasks-island_0.json,176,6,Set a plate for some snacks.,OK,place_on,straighten,Place plate on surface.,Straighten the plate.,on,,;referent_grounding_v1:G2,,X=plate
G2,00109-GTV2Y73Sn5t/tasks-island_0.json,184,3,Arrange the binders.,OK,place_in,straighten,Place binders in receptacle.,Straighten the binders.,in,,;referent_grounding_v1:G2,,X=binders
G2,00109-GTV2Y73Sn5t/tasks-island_0.json,186,7,Arrange the beanbag chair.,OK,place_on,straighten,Place beanbag chair on surface.,Straighten the beanbag chair.,on,,;referent_grounding_v1:G2,,X=beanbag chair
G2,00109-GTV2Y73Sn5t/tasks-island_0.json,189,4,Display a photo.,OK,place_on,straighten,Place photo on surface.,Straighten the photo.,on,,;referent_grounding_v1:G2,,X=photo
G2,00109-GTV2Y73Sn5t/tasks-island_0.json,195,4,Arrange the hanger.,OK,place_on,straighten,Place hanger on surface.,Straighten the hanger.,on,,;referent_grounding_v1:G2,,X=hanger
G2,00109-GTV2Y73Sn5t/tasks-island_0.json,196,2,Arrange the cabinet.,OK,place_on,straighten,Place cabinet on surface.,Straighten the cabinet.,on,,;referent_grounding_v1:G2,,X=cabinet
G1,00135-HeSYRw7eMtG/tasks-island_0.json,1,4,Organize the books on the shelf.,OK,place_on,place_on,Place shelf on surface.,Place the books on the shelf.,on,on,;referent_grounding_v1:G1,,X=books|Y=shelf
G1,00135-HeSYRw7eMtG/tasks-island_0.json,11,2,Organize the items on the rack.,OK,place_on,place_on,Place rack on surface.,Place the items on the rack.,on,on,;referent_grounding_v1:G1,,X=items|Y=rack
G2,00135-HeSYRw7eMtG/tasks-island_0.json,26,4,Arrange the rack.,OK,place_on,straighten,Place rack on surface.,Straighten the rack.,on,,;referent_grounding_v1:G2,,X=rack
G2,00135-HeSYRw7eMtG/tasks-island_0.json,28,3,Arrange the pitcher.,OK,place_on,straighten,Place pitcher on surface.,Straighten the pitcher.,on,,;referent_grounding_v1:G2,,X=pitcher
G2,00135-HeSYRw7eMtG/tasks-island_0.json,44,4,Arrange the bouquet.,OK,place_on,straighten,Place bouquet on surface.,Straighten the bouquet.,on,,;referent_grounding_v1:G2,,X=bouquet
G1,00135-HeSYRw7eMtG/tasks-island_0.json,64,5,Arrange the bouquet on the side table.,OK,place_on,place_on,Place bouquet on surface.,Place the bouquet on the side table.,on,on,;referent_grounding_v1:G1,,X=bouquet|Y=side table
G2,00135-HeSYRw7eMtG/tasks-island_0.json,74,4,Arrange the storage rack.,OK,place_on,straighten,Place rack on surface.,Straighten the storage rack.,on,,;referent_grounding_v1:G2,,X=storage rack
G2,00135-HeSYRw7eMtG/tasks-island_0.json,79,4,Arrange the storage rack.,OK,place_on,straighten,Place rack on surface.,Straighten the storage rack.,on,,;referent_grounding_v1:G2,,X=storage rack
G2,00135-HeSYRw7eMtG/tasks-island_0.json,86,3,Arrange the storage rack.,OK,place_on,straighten,Place rack on surface.,Straighten the storage rack.,on,,;referent_grounding_v1:G2,,X=storage rack
G2,00135-HeSYRw7eMtG/tasks-island_0.json,96,2,Arrange the pantry rack.,OK,place_on,straighten,Place rack on surface.,Straighten the pantry rack.,on,,;referent_grounding_v1:G2,,X=pantry rack
G1,00135-HeSYRw7eMtG/tasks-island_0.json,99,4,Arrange the bouquet in the hallway.,OK,place_in,place_in,Place bouquet in receptacle.,Place the bouquet in the hallway.,in,in,;referent_grounding_v1:G1,,X=bouquet|Y=hallway
G1,00135-HeSYRw7eMtG/tasks-island_0.json,107,3,Arrange items on the rack.,OK,place_on,place_on,Place rack on surface.,Place the items on the rack.,on,on,;referent_grounding_v1:G1,,X=items|Y=rack
G2,00135-HeSYRw7eMtG/tasks-island_0.json,110,5,Position the computer keyboard.,OK,place_in,reposition,Place computer keyboard in receptacle.,Reposition the computer keyboard.,in,,;referent_grounding_v1:G2,,X=computer keyboard
G1,00135-HeSYRw7eMtG/tasks-island_0.json,121,3,Arrange shoes on the shelf.,OK,place_on,place_on,Place shelf on surface.,Place the shoes on the shelf.,on,on,;referent_grounding_v1:G1,,X=shoes|Y=shelf
G2,00135-HeSYRw7eMtG/tasks-island_0.json,124,4,Reposition the monitor.,OK,place_on,reposition,Place monitor on surface.,Reposition the monitor.,on,,;referent_grounding_v1:G2,,X=monitor
G2,00135-HeSYRw7eMtG/tasks-island_0.json,140,4,Arrange the bouquet.,OK,place_on,straighten,Place bouquet on surface.,Straighten the bouquet.,on,,;referent_grounding_v1:G2,,X=bouquet
G2,00135-HeSYRw7eMtG/tasks-island_0.json,147,2,Arrange the book.,OK,place_on,straighten,Place book on surface.,Straighten the book.,on,,;referent_grounding_v1:G2,,X=book
G2,00135-HeSYRw7eMtG/tasks-island_0.json,149,3,Arrange the dresser.,OK,place_on,straighten,Place dresser on surface.,Straighten the dresser.,on,,;referent_grounding_v1:G2,,X=dresser
G2,00135-HeSYRw7eMtG/tasks-island_0.json,154,1,Arrange the bouquet.,OK,place_on,straighten,Place bouquet on surface.,Straighten the bouquet.,on,,;referent_grounding_v1:G2,,X=bouquet
G1,00135-HeSYRw7eMtG/tasks-island_0.json,160,1,Organize clothes in the closet.,OK,place_in,place_in,Place closet in receptacle.,Place the clothes in the closet.,in,in,;referent_grounding_v1:G1,,X=clothes|Y=closet
G1,00135-HeSYRw7eMtG/tasks-island_0.json,163,1,Arrange items on the rack.,OK,place_on,place_on,Place rack on surface.,Place the items on the rack.,on,on,;referent_grounding_v1:G1,,X=items|Y=rack
G2,00135-HeSYRw7eMtG/tasks-island_0.json,169,6,Arrange the flower.,OK,place_on,straighten,Place flower on surface.,Straighten the flower.,on,,;referent_grounding_v1:G2,,X=flower
G2,00135-HeSYRw7eMtG/tasks-island_0.json,180,2,Arrange the bouquet.,OK,place_in,straighten,Place bouquet in receptacle.,Straighten the bouquet.,in,,;referent_grounding_v1:G2,,X=bouquet
G2,00135-HeSYRw7eMtG/tasks-island_0.json,199,5,Set the paper.,OK,place_on,straighten,Place paper on surface.,Straighten the paper.,on,,;referent_grounding_v1:G2,,X=paper
G2,00135-HeSYRw7eMtG/tasks-island_0.json,209,7,Arrange the case.,OK,place_on,straighten,Place case on surface.,Straighten the case.,on,,;referent_grounding_v1:G2,,X=case
G1,00135-HeSYRw7eMtG/tasks-island_0.json,211,4,Arrange the bag in the storage room.,OK,place_in,place_in,Place bag in receptacle.,Place the bag in the storage room.,in,in,;referent_grounding_v1:G1,,X=bag|Y=storage room
G2,00135-HeSYRw7eMtG/tasks-island_0.json,212,4,Set the paper in storage.,OK,place_in,straighten,Place paper in receptacle.,Straighten the paper in storage.,in,,;referent_grounding_v1:G2,,X=paper in storage
G2,00135-HeSYRw7eMtG/tasks-island_0.json,227,4,Arrange the dressing table.,OK,place_on,straighten,Place dressing table on surface.,Straighten the dressing table.,on,,;referent_grounding_v1:G2,,X=dressing table
G2,00135-HeSYRw7eMtG/tasks-island_0.json,228,5,Arrange the wicker basket.,OK,place_on,straighten,Place basket on surface.,Straighten the wicker basket.,on,,;referent_grounding_v1:G2,,X=wicker basket
G2,00135-HeSYRw7eMtG/tasks-island_0.json,235,7,Arrange the flower bouquet.,OK,place_on,straighten,Place bouquet on surface.,Straighten the flower bouquet.,on,,;referent_grounding_v1:G2,,X=flower bouquet
G2,00135-HeSYRw7eMtG/tasks-island_0.json,240,4,Arrange the hallway bouquet.,OK,place_on,straighten,Place bouquet on surface.,Straighten the hallway bouquet.,on,,;referent_grounding_v1:G2,,X=hallway bouquet
G1,00135-HeSYRw7eMtG/tasks-island_0.json,244,1,Organize the items on the rack.,OK,place_on,place_on,Place rack on surface.,Place the items on the rack.,on,on,;referent_grounding_v1:G1,,X=items|Y=rack
G2,00135-HeSYRw7eMtG/tasks-island_0.json,246,2,Arrange the rack.,OK,place_on,straighten,Place rack on surface.,Straighten the rack.,on,,;referent_grounding_v1:G2,,X=rack
G1,00135-HeSYRw7eMtG/tasks-island_0.json,248,1,Set the pitcher on the rack.,OK,place_on,place_on,Place pitcher on surface.,Place the pitcher on the rack.,on,on,;referent_grounding_v1:G1,,X=pitcher|Y=rack
G1,00135-HeSYRw7eMtG/tasks-island_0.json,256,3,Set the wine bottle on the table.,OK,place_on,place_on,Place wine bottle on surface.,Place the wine bottle on the table.,on,on,;referent_grounding_v1:G1,,X=wine bottle|Y=table
G1,00135-HeSYRw7eMtG/tasks-island_0.json,259,3,Sort items on the dressing table.,OK,place_on,place_on,Place dressing table on surface.,Place the items on the dressing table.,on,on,;referent_grounding_v1:G1,,X=items|Y=dressing table
G2,00135-HeSYRw7eMtG/tasks-island_0.json,263,1,Arrange the rack.,OK,place_on,straighten,Place rack on surface.,Straighten the rack.,on,,;referent_grounding_v1:G2,,X=rack
G2,00141-iigzG1rtanx/tasks-island_0.json,1,3,Arrange the bag.,OK,place_on,straighten,Place bag on surface.,Straighten the bag.,on,,;referent_grounding_v1:G2,,X=bag
G2,00141-iigzG1rtanx/tasks-island_0.json,6,2,Arrange the box.,OK,place_on,straighten,Place box on surface.,Straighten the box.,on,,;referent_grounding_v1:G2,,X=box
G2,00141-iigzG1rtanx/tasks-island_1.json,7,3,Position the lounge chair.,OK,place_on,reposition,Place lounge chair on surface.,Reposition the lounge chair.,on,,;referent_grounding_v1:G2,,X=lounge chair
G2,00141-iigzG1rtanx/tasks-island_1.json,14,1,Arrange the toy.,OK,place_on,straighten,Place toy on surface.,Straighten the toy.,on,,;referent_grounding_v1:G2,,X=toy
G2,00141-iigzG1rtanx/tasks-island_1.json,57,1,Arrange the lounge chair.,OK,place_on,straighten,Place lounge chair on surface.,Straighten the lounge chair.,on,,;referent_grounding_v1:G2,,X=lounge chair
G2,00141-iigzG1rtanx/tasks-island_1.json,71,5,Arrange the bottles.,OK,place_on,straighten,Place bottle on surface.,Straighten the bottles.,on,,;referent_grounding_v1:G2,,X=bottles
G1,00141-iigzG1rtanx/tasks-island_1.json,80,4,Arrange the flowers in the flower vase.,OK,place_in,place_in,Place flower vase in receptacle.,Place the flowers in the flower vase.,in,in,;referent_grounding_v1:G1,,X=flowers|Y=flower vase
G3,00141-iigzG1rtanx/tasks-island_1.json,83,6,Put away clothes in the dresser.,OK,store,store,Store items in the dresser.,Store the clothes in the dresser.,in,in,;referent_grounding_v1:G3,,NP=clothes
G2,00141-iigzG1rtanx/tasks-island_1.json,88,3,Position the keyboard.,OK,place_on,reposition,Place keyboard on surface.,Reposition the keyboard.,on,,;referent_grounding_v1:G2,,X=keyboard
G2,00141-iigzG1rtanx/tasks-island_1.json,99,3,Arrange the flower vase.,OK,place_on,straighten,Place flower vase on surface.,Straighten the flower vase.,on,,;referent_grounding_v1:G2,,X=flower vase
G2,00141-iigzG1rtanx/tasks-island_1.json,110,3,Position the keyboard.,OK,place_on,reposition,Place keyboard on surface.,Reposition the keyboard.,on,,;referent_grounding_v1:G2,,X=keyboard
G2,00141-iigzG1rtanx/tasks-island_1.json,116,2,Arrange the flower vase.,OK,place_on,straighten,Place flower vase on surface.,Straighten the flower vase.,on,,;referent_grounding_v1:G2,,X=flower vase
G2,00141-iigzG1rtanx/tasks-island_1.json,133,5,Arrange the cart.,OK,place_on,straighten,Place cart on surface.,Straighten the cart.,on,,;referent_grounding_v1:G2,,X=cart
G2,00141-iigzG1rtanx/tasks-island_1.json,139,5,Arrange the lounge chair.,OK,place_on,straighten,Place lounge chair on surface.,Straighten the lounge chair.,on,,;referent_grounding_v1:G2,,X=lounge chair
G3,00143-5Kw4nGdqYtS/tasks-island_0.json,42,5,Put away clothes in the wardrobe.,OK,store,store,Store items in the wardrobe.,Store the clothes in the wardrobe.,in,in,;referent_grounding_v1:G3,,NP=clothes
G2,00143-5Kw4nGdqYtS/tasks-island_0.json,57,5,Set the cup down.,OK,place_on,straighten,Place cup on surface.,Straighten the cup.,on,,;referent_grounding_v1:G2,,X=cup
G1,00143-5Kw4nGdqYtS/tasks-island_0.json,59,2,Set the shampoo on the edge.,OK,place_on,place_on,Place shampoo on surface.,Place the shampoo on the edge.,on,on,;referent_grounding_v1:G1,,X=shampoo|Y=edge
G1,00143-5Kw4nGdqYtS/tasks-island_0.json,60,1,Arrange the firewood in the fireplace.,OK,place_in,place_in,Place firewood in receptacle.,Place the firewood in the fireplace.,in,in,;referent_grounding_v1:G1,,X=firewood|Y=fireplace
G2,00143-5Kw4nGdqYtS/tasks-island_0.json,69,4,Arrange the bag.,OK,place_on,straighten,Place bag on surface.,Straighten the bag.,on,,;referent_grounding_v1:G2,,X=bag
G2,00143-5Kw4nGdqYtS/tasks-island_0.json,72,1,Arrange the book.,OK,place_on,straighten,Place book on surface.,Straighten the book.,on,,;referent_grounding_v1:G2,,X=book
G2,00143-5Kw4nGdqYtS/tasks-island_0.json,78,3,Set the plate.,OK,place_on,straighten,Place plate on surface.,Straighten the plate.,on,,;referent_grounding_v1:G2,,X=plate
G2,00143-5Kw4nGdqYtS/tasks-island_0.json,87,2,Arrange the shampoo.,OK,place_on,straighten,Place shampoo on surface.,Straighten the shampoo.,on,,;referent_grounding_v1:G2,,X=shampoo
G2,00143-5Kw4nGdqYtS/tasks-island_0.json,100,3,Arrange the bag.,OK,place_on,straighten,Place bag on surface.,Straighten the bag.,on,,;referent_grounding_v1:G2,,X=bag
G2,00143-5Kw4nGdqYtS/tasks-island_0.json,110,2,Arrange the bookshelf.,OK,place_on,straighten,Place bookshelf on surface.,Straighten the bookshelf.,on,,;referent_grounding_v1:G2,,X=bookshelf
G4,00143-5Kw4nGdqYtS/tasks-island_0.json,117,3,Fill the cup at the sink.,RESOLVED,fill,fill,Use the sink to fill a container.,Fill the kettle at the sink.,at,at,;referent_grounding_v1:G4,,vessel=kettle
G2,00143-5Kw4nGdqYtS/tasks-island_0.json,119,3,Set the bowl.,OK,place_on,straighten,Place bowl on surface.,Straighten the bowl.,on,,;referent_grounding_v1:G2,,X=bowl
G2,00143-5Kw4nGdqYtS/tasks-island_0.json,120,5,Arrange the shampoo,OK,place_on,straighten,Place shampoo on surface.,Straighten the shampoo.,on,,;referent_grounding_v1:G2,,X=shampoo
G1,00143-5Kw4nGdqYtS/tasks-island_0.json,127,4,Set the plate on the table,OK,place_on,place_on,Place plate on surface.,Place the plate on the table.,on,on,;referent_grounding_v1:G1,,X=plate|Y=table
G2,00143-5Kw4nGdqYtS/tasks-island_0.json,128,5,Arrange the clothes,OK,place_on,straighten,Place clothes on surface.,Straighten the clothes.,on,,;referent_grounding_v1:G2,,X=clothes
G2,00143-5Kw4nGdqYtS/tasks-island_0.json,142,6,Arrange the shoe,OK,place_on,straighten,Place shoe on surface.,Straighten the shoe.,on,,;referent_grounding_v1:G2,,X=shoe
G2,00143-5Kw4nGdqYtS/tasks-island_0.json,148,6,Set the plate,OK,place_on,straighten,Place plate on surface.,Straighten the plate.,on,,;referent_grounding_v1:G2,,X=plate
G2,00143-5Kw4nGdqYtS/tasks-island_0.json,153,4,Set the cup,OK,place_on,straighten,Place cup on surface.,Straighten the cup.,on,,;referent_grounding_v1:G2,,X=cup
G2,00143-5Kw4nGdqYtS/tasks-island_0.json,156,6,Arrange the shampoo bottle.,OK,place_on,straighten,Place shampoo on surface.,Straighten the shampoo bottle.,on,,;referent_grounding_v1:G2,,X=shampoo bottle
G2,00143-5Kw4nGdqYtS/tasks-island_0.json,170,3,Arrange the shampoo bottle.,OK,place_on,straighten,Place shampoo on surface.,Straighten the shampoo bottle.,on,,;referent_grounding_v1:G2,,X=shampoo bottle
G2,00143-5Kw4nGdqYtS/tasks-island_0.json,189,2,Rearrange the decorative plate.,OK,place_on,straighten,Place decorative plate on surface.,Straighten the decorative plate.,on,,;referent_grounding_v1:G2,,X=decorative plate
G1,00143-5Kw4nGdqYtS/tasks-island_0.json,189,6,Reposition the decoration on the shelf.,OK,place_on,place_on,Place decoration on surface.,Place the decoration on the shelf.,on,on,;referent_grounding_v1:G1,,X=decoration|Y=shelf
G1,00143-5Kw4nGdqYtS/tasks-island_0.json,196,7,Set the bowl of snacks on the table.,OK,place_on,place_on,Place bowl on surface.,Place the bowl of snacks on the table.,on,on,;referent_grounding_v1:G1,,X=bowl of snacks|Y=table
G2,00143-5Kw4nGdqYtS/tasks-island_0.json,200,5,Set the cup down neatly.,OK,place_on,straighten,Place cup on surface.,Straighten the cup down.,on,,;referent_grounding_v1:G2,,X=cup down
G1,00143-5Kw4nGdqYtS/tasks-island_0.json,203,2,Set the cup on the tray.,OK,place_on,place_on,Place cup on surface.,Place the cup on the tray.,on,on,;referent_grounding_v1:G1,,X=cup|Y=tray
G1,00143-5Kw4nGdqYtS/tasks-island_0.json,206,6,Arrange the shampoo bottle on the ledge.,OK,place_on,place_on,Place shampoo on surface.,Place the shampoo bottle on the ledge.,on,on,;referent_grounding_v1:G1,,X=shampoo bottle|Y=ledge
G4,00149-UuwwmrTsfBN/tasks-island_0.json,9,3,Fill with water at the sink.,RESOLVED,fill,fill,Use the sink to fill a container.,Fill the pitcher at the sink.,at,at,;referent_grounding_v1:G4,,vessel=pitcher
G2,00149-UuwwmrTsfBN/tasks-island_0.json,17,4,Set the plate.,OK,place_on,straighten,Place plate on surface.,Straighten the plate.,on,,;referent_grounding_v1:G2,,X=plate
G2,00149-UuwwmrTsfBN/tasks-island_0.json,24,2,Set the plate.,OK,place_on,straighten,Place plate on surface.,Straighten the plate.,on,,;referent_grounding_v1:G2,,X=plate
G2,00149-UuwwmrTsfBN/tasks-island_0.json,32,2,Position the ottoman.,OK,place_on,reposition,Place ottoman on surface.,Reposition the ottoman.,on,,;referent_grounding_v1:G2,,X=ottoman
G1,00149-UuwwmrTsfBN/tasks-island_0.json,43,4,Set the plate on the table.,OK,place_on,place_on,Place plate on surface.,Place the plate on the table.,on,on,;referent_grounding_v1:G1,,X=plate|Y=table
G4,00149-UuwwmrTsfBN/tasks-island_0.json,64,2,Fill the cup with water at the tap.,RESOLVED,fill,fill,Use the tap to fill a container.,Fill the cup at the tap.,at,at,;referent_grounding_v1:G4,,vessel=cup
G1,00149-UuwwmrTsfBN/tasks-island_0.json,81,4,Set the plate on the table.,OK,place_on,place_on,Place plate on surface.,Place the plate on the table.,on,on,;referent_grounding_v1:G1,,X=plate|Y=table
G2,00149-UuwwmrTsfBN/tasks-island_0.json,92,3,Set the plate down.,OK,place_on,straighten,Place plate on surface.,Straighten the plate.,on,,;referent_grounding_v1:G2,,X=plate
G2,00149-UuwwmrTsfBN/tasks-island_0.json,125,7,Set the cup.,OK,place_in,straighten,Place cup in receptacle.,Straighten the cup.,in,,;referent_grounding_v1:G2,,X=cup
G2,00149-UuwwmrTsfBN/tasks-island_0.json,128,5,Set the plate.,OK,place_on,straighten,Place plate on surface.,Straighten the plate.,on,,;referent_grounding_v1:G2,,X=plate
G2,00149-UuwwmrTsfBN/tasks-island_2.json,2,3,Arrange the music player.,OK,place_on,straighten,Place music player on surface.,Straighten the music player.,on,,;referent_grounding_v1:G2,,X=music player
G2,00149-UuwwmrTsfBN/tasks-island_2.json,5,3,Position the speaker stand.,OK,place_on,reposition,Place speaker stand on surface.,Reposition the speaker stand.,on,,;referent_grounding_v1:G2,,X=speaker stand
G2,00149-UuwwmrTsfBN/tasks-island_2.json,16,2,Arrange the decorative plant.,OK,place_on,straighten,Place decorative plant on surface.,Straighten the decorative plant.,on,,;referent_grounding_v1:G2,,X=decorative plant
G2,00149-UuwwmrTsfBN/tasks-island_2.json,24,3,Arrange the decorative plant.,OK,place_on,straighten,Place decorative plant on surface.,Straighten the decorative plant.,on,,;referent_grounding_v1:G2,,X=decorative plant
G2,00149-UuwwmrTsfBN/tasks-island_2.json,26,5,Set the plate.,OK,place_on,straighten,Place plate on surface.,Straighten the plate.,on,,;referent_grounding_v1:G2,,X=plate
G2,00149-UuwwmrTsfBN/tasks-island_2.json,29,5,Arrange the decorative plant.,OK,place_on,straighten,Place decorative plant on surface.,Straighten the decorative plant.,on,,;referent_grounding_v1:G2,,X=decorative plant
G2,00149-UuwwmrTsfBN/tasks-island_2.json,35,6,Arrange the ottoman.,OK,place_on,straighten,Place ottoman on surface.,Straighten the ottoman.,on,,;referent_grounding_v1:G2,,X=ottoman
G2,00149-UuwwmrTsfBN/tasks-island_2.json,41,5,Arrange the ottoman.,OK,place_on,straighten,Place ottoman on surface.,Straighten the ottoman.,on,,;referent_grounding_v1:G2,,X=ottoman
G2,00149-UuwwmrTsfBN/tasks-island_2.json,43,6,Position the speaker stand.,OK,place_in,reposition,Place speaker stand in receptacle.,Reposition the speaker stand.,in,,;referent_grounding_v1:G2,,X=speaker stand
G2,00149-UuwwmrTsfBN/tasks-island_2.json,45,7,Set the music player.,OK,place_on,straighten,Place music player on surface.,Straighten the music player.,on,,;referent_grounding_v1:G2,,X=music player
G2,00149-UuwwmrTsfBN/tasks-island_2.json,47,5,Position the fan.,OK,place_on,reposition,Place fan on surface.,Reposition the fan.,on,,;referent_grounding_v1:G2,,X=fan
G2,00149-UuwwmrTsfBN/tasks-island_2.json,48,5,Arrange the ottoman.,OK,place_on,straighten,Place ottoman on surface.,Straighten the ottoman.,on,,;referent_grounding_v1:G2,,X=ottoman
G2,00149-UuwwmrTsfBN/tasks-island_2.json,49,6,Arrange the shelf.,OK,place_on,straighten,Place shelf on surface.,Straighten the shelf.,on,,;referent_grounding_v1:G2,,X=shelf
G2,00150-LcAd9dhvVwh/tasks-island_0.json,0,4,Arrange the coffee table.,OK,place_on,straighten,Place coffee table on surface.,Straighten the coffee table.,on,,;referent_grounding_v1:G2,,X=coffee table
G1,00150-LcAd9dhvVwh/tasks-island_0.json,2,2,Set the plate on the table.,OK,place_on,place_on,Place plate on surface.,Place the plate on the table.,on,on,;referent_grounding_v1:G1,,X=plate|Y=table
G2,00150-LcAd9dhvVwh/tasks-island_0.json,8,3,Set the bed table.,OK,place_in,straighten,Place bed table in receptacle.,Straighten the bed table.,in,,;referent_grounding_v1:G2,,X=bed table
G2,00150-LcAd9dhvVwh/tasks-island_0.json,13,3,Position the stand.,OK,place_on,reposition,Place stand on surface.,Reposition the stand.,on,,;referent_grounding_v1:G2,,X=stand
G2,00150-LcAd9dhvVwh/tasks-island_0.json,15,4,Arrange the wardrobe.,OK,place_on,straighten,Place wardrobe on surface.,Straighten the wardrobe.,on,,;referent_grounding_v1:G2,,X=wardrobe
G2,00150-LcAd9dhvVwh/tasks-island_0.json,19,2,Arrange the food tray.,OK,place_on,straighten,Place food tray on surface.,Straighten the food tray.,on,,;referent_grounding_v1:G2,,X=food tray
G2,00150-LcAd9dhvVwh/tasks-island_0.json,20,3,Arrange the computer chair.,OK,place_on,straighten,Place computer chair on surface.,Straighten the computer chair.,on,,;referent_grounding_v1:G2,,X=computer chair
G1,00150-LcAd9dhvVwh/tasks-island_0.json,22,2,Set the plate on the table.,OK,place_on,place_on,Place plate on surface.,Place the plate on the table.,on,on,;referent_grounding_v1:G1,,X=plate|Y=table
G2,00150-LcAd9dhvVwh/tasks-island_0.json,33,2,Position the computer chair.,OK,place_on,reposition,Place computer chair on surface.,Reposition the computer chair.,on,,;referent_grounding_v1:G2,,X=computer chair
G1,00150-LcAd9dhvVwh/tasks-island_0.json,40,4,Organize the clothes in the wardrobe.,OK,place_in,place_in,Place wardrobe in receptacle.,Place the clothes in the wardrobe.,in,in,;referent_grounding_v1:G1,,X=clothes|Y=wardrobe
G1,00150-LcAd9dhvVwh/tasks-island_0.json,72,5,Set a plate on the table.,OK,place_on,place_on,Place plate on surface.,Place the plate on the table.,on,on,;referent_grounding_v1:G1,,X=plate|Y=table
G2,00150-LcAd9dhvVwh/tasks-island_0.json,78,4,Arrange the stand.,OK,place_on,straighten,Place stand on surface.,Straighten the stand.,on,,;referent_grounding_v1:G2,,X=stand
G2,00150-LcAd9dhvVwh/tasks-island_0.json,80,3,Arrange the food tray.,OK,place_on,straighten,Place food tray on surface.,Straighten the food tray.,on,,;referent_grounding_v1:G2,,X=food tray
G1,00150-LcAd9dhvVwh/tasks-island_0.json,85,2,Sort clothes in the wardrobe.,OK,place_in,place_in,Place wardrobe in receptacle.,Place the clothes in the wardrobe.,in,in,;referent_grounding_v1:G1,,X=clothes|Y=wardrobe
G2,00150-LcAd9dhvVwh/tasks-island_0.json,120,4,Set the food tray.,OK,place_on,straighten,Place food tray on surface.,Straighten the food tray.,on,,;referent_grounding_v1:G2,,X=food tray
G2,00150-LcAd9dhvVwh/tasks-island_0.json,129,3,Arrange the flower.,OK,place_on,straighten,Place flower on surface.,Straighten the flower.,on,,;referent_grounding_v1:G2,,X=flower
G2,00150-LcAd9dhvVwh/tasks-island_0.json,148,1,Arrange the folding chair.,OK,place_on,straighten,Place folding chair on surface.,Straighten the folding chair.,on,,;referent_grounding_v1:G2,,X=folding chair
G2,00150-LcAd9dhvVwh/tasks-island_0.json,152,2,Arrange the flower stand.,OK,place_on,straighten,Place flower stand on surface.,Straighten the flower stand.,on,,;referent_grounding_v1:G2,,X=flower stand
G1,00150-LcAd9dhvVwh/tasks-island_0.json,168,5,Organize items in the wardrobe.,OK,place_in,place_in,Place wardrobe in receptacle.,Place the items in the wardrobe.,in,in,;referent_grounding_v1:G1,,X=items|Y=wardrobe
G2,00150-LcAd9dhvVwh/tasks-island_0.json,169,2,Arrange the flower.,OK,place_on,straighten,Place flower on surface.,Straighten the flower.,on,,;referent_grounding_v1:G2,,X=flower
G2,00150-LcAd9dhvVwh/tasks-island_0.json,173,2,Arrange the computer chair.,OK,place_on,straighten,Place computer chair on surface.,Straighten the computer chair.,on,,;referent_grounding_v1:G2,,X=computer chair
G2,00150-LcAd9dhvVwh/tasks-island_0.json,183,3,Position the computer chair.,OK,place_on,reposition,Place computer chair on surface.,Reposition the computer chair.,on,,;referent_grounding_v1:G2,,X=computer chair
G2,00150-LcAd9dhvVwh/tasks-island_0.json,195,6,Arrange the flower.,OK,place_on,straighten,Place flower on surface.,Straighten the flower.,on,,;referent_grounding_v1:G2,,X=flower
G1,00150-LcAd9dhvVwh/tasks-island_0.json,199,3,Organize the clothes in the wardrobe.,OK,place_in,place_in,Place wardrobe in receptacle.,Place the clothes in the wardrobe.,in,in,;referent_grounding_v1:G1,,X=clothes|Y=wardrobe
G2,00150-LcAd9dhvVwh/tasks-island_0.json,202,4,Arrange the coffee table.,OK,place_on,straighten,Place coffee table on surface.,Straighten the coffee table.,on,,;referent_grounding_v1:G2,,X=coffee table
G1,00150-LcAd9dhvVwh/tasks-island_0.json,210,7,Tidy the clothes in the wardrobe.,OK,place_in,place_in,Place wardrobe in receptacle.,Place the clothes in the wardrobe.,in,in,;referent_grounding_v1:G1,,X=clothes|Y=wardrobe
G1,00150-LcAd9dhvVwh/tasks-island_0.json,213,6,Arrange the items in the storage box.,OK,place_in,place_in,Place storage box in receptacle.,Place the items in the storage box.,in,in,;referent_grounding_v1:G1,,X=items|Y=storage box
G4,00155-iLDo95ZbDJq/tasks-island_0.json,5,2,Fill the vase with water at the sink.,RESOLVED,fill,fill,Use the sink to fill a container.,Fill the vase at the sink.,at,at,;referent_grounding_v1:G4,,vessel=vase
G4,00155-iLDo95ZbDJq/tasks-island_0.json,18,2,Fill the glass at the sink.,RESOLVED,fill,fill,Use the sink to fill a container.,Fill the glass at the sink.,at,at,;referent_grounding_v1:G4,,vessel=glass
G1,00155-iLDo95ZbDJq/tasks-island_0.json,39,1,Arrange flowers in the flower vase.,OK,place_in,place_in,Place flower vase in receptacle.,Place the flowers in the flower vase.,in,in,;referent_grounding_v1:G1,,X=flowers|Y=flower vase
G2,00155-iLDo95ZbDJq/tasks-island_0.json,51,4,Arrange the coat hanger.,OK,place_on,straighten,Place coat hanger on surface.,Straighten the coat hanger.,on,,;referent_grounding_v1:G2,,X=coat hanger
G2,00155-iLDo95ZbDJq/tasks-island_0.json,57,3,Arrange the flower vase.,OK,place_on,straighten,Place flower vase on surface.,Straighten the flower vase.,on,,;referent_grounding_v1:G2,,X=flower vase
G4,00155-iLDo95ZbDJq/tasks-island_0.json,57,4,Fill the kettle at the sink.,RESOLVED,fill,fill,Use the sink to fill a container.,Fill the vase at the sink.,at,at,;referent_grounding_v1:G4,,vessel=vase
G1,00155-iLDo95ZbDJq/tasks-island_0.json,71,1,Organize the magazines on the shelf.,OK,place_on,place_on,Place shelf on surface.,Place the magazines on the shelf.,on,on,;referent_grounding_v1:G1,,X=magazines|Y=shelf
G1,00155-iLDo95ZbDJq/tasks-island_0.json,74,5,Set out a magazine on the coffee table.,OK,place_on,place_on,Place magazine on surface.,Place the magazine on the coffee table.,on,on,;referent_grounding_v1:G1,,X=magazine|Y=coffee table
G1,00155-iLDo95ZbDJq/tasks-island_0.json,77,5,Set the dishes on the stool.,OK,place_on,place_on,Place dishes on surface.,Place the dishes on the stool.,on,on,;referent_grounding_v1:G1,,X=dishes|Y=stool
G1,00155-iLDo95ZbDJq/tasks-island_0.json,83,3,Sort the items in the handbag.,OK,place_in,place_in,Place handbag in receptacle.,Place the items in the handbag.,in,in,;referent_grounding_v1:G1,,X=items|Y=handbag
G2,00155-iLDo95ZbDJq/tasks-island_0.json,87,3,Arrange the flower.,OK,place_on,straighten,Place flower on surface.,Straighten the flower.,on,,;referent_grounding_v1:G2,,X=flower
G2,00155-iLDo95ZbDJq/tasks-island_0.json,109,2,Arrange the dresser.,OK,place_on,straighten,Place dresser on surface.,Straighten the dresser.,on,,;referent_grounding_v1:G2,,X=dresser
G4,00155-iLDo95ZbDJq/tasks-island_0.json,110,2,Fill the kettle at the sink.,FLAG,fill,fill,Use the sink to fill a container.,Use the sink to fill a container.,at,at,;ungrounded_anaphora,,no_vessel_found
G1,00155-iLDo95ZbDJq/tasks-island_0.json,136,5,Arrange the flowers in the flower vase.,OK,place_in,place_in,Place flower vase in receptacle.,Place the flowers in the flower vase.,in,in,;referent_grounding_v1:G1,,X=flowers|Y=flower vase
G1,00155-iLDo95ZbDJq/tasks-island_0.json,144,6,Organize the books on the rack.,OK,place_on,place_on,Place rack on surface.,Place the books on the rack.,on,on,;referent_grounding_v1:G1,,X=books|Y=rack
G1,00155-iLDo95ZbDJq/tasks-island_0.json,148,1,Arrange the logs in the fireplace.,OK,place_in,place_in,Place fireplace in receptacle.,Place the logs in the fireplace.,in,in,;referent_grounding_v1:G1,,X=logs|Y=fireplace
G3,00155-iLDo95ZbDJq/tasks-island_0.json,157,6,Put away the clean pots in the kitchen cabinet.,OK,store,store,Store items in the kitchen cabinet.,Store the clean pots in the kitchen cabinet.,in,in,;referent_grounding_v1:G3,,NP=clean pots
G1,00155-iLDo95ZbDJq/tasks-island_0.json,158,6,Set the flower vase on the dining table.,OK,place_on,place_on,Place flower vase on surface.,Place the flower vase on the dining table.,on,on,;referent_grounding_v1:G1,,X=flower vase|Y=dining table
G1,00155-iLDo95ZbDJq/tasks-island_0.json,159,4,Organize supplies in the container.,OK,place_in,place_in,Place container in receptacle.,Place the supplies in the container.,in,in,;referent_grounding_v1:G1,,X=supplies|Y=container
G1,00155-iLDo95ZbDJq/tasks-island_0.json,166,3,Organize the books on the rack.,OK,place_in,place_on,Place rack in receptacle.,Place the books on the rack.,in,on,;referent_grounding_v1:G1,,X=books|Y=rack
G2,00155-iLDo95ZbDJq/tasks-island_0.json,171,1,Arrange the coffee table.,OK,place_on,straighten,Place coffee table on surface.,Straighten the coffee table.,on,,;referent_grounding_v1:G2,,X=coffee table
G2,00155-iLDo95ZbDJq/tasks-island_0.json,173,4,Arrange the rack.,OK,place_on,straighten,Place rack on surface.,Straighten the rack.,on,,;referent_grounding_v1:G2,,X=rack
G1,00155-iLDo95ZbDJq/tasks-island_0.json,181,6,Arrange the books on the rack.,OK,place_on,place_on,Place rack on surface.,Place the books on the rack.,on,on,;referent_grounding_v1:G1,,X=books|Y=rack
G4,00164-XfUxBGTFQQb/tasks-island_0.json,18,1,Refill the soap near the sink.,FLAG,fill,fill,Use the sink to fill a container.,Use the sink to fill a container.,,,;ungrounded_anaphora,,no_vessel_found
G1,00164-XfUxBGTFQQb/tasks-island_0.json,25,5,Set the plate on the counter.,OK,place_on,place_on,Place plate on surface.,Place the plate on the counter.,on,on,;referent_grounding_v1:G1,,X=plate|Y=counter
G1,00164-XfUxBGTFQQb/tasks-island_0.json,35,3,Arrange the rack in the living room.,OK,place_in,place_in,Place rack in receptacle.,Place the rack in the living room.,in,in,;referent_grounding_v1:G1,,X=rack|Y=living room
G1,00164-XfUxBGTFQQb/tasks-island_0.json,53,3,Arrange items on the rack.,OK,place_on,place_on,Place rack on surface.,Place the items on the rack.,on,on,;referent_grounding_v1:G1,,X=items|Y=rack
P0c,00164-XfUxBGTFQQb/tasks-island_0.json,65,2,Prepare the fireplace tool set.,OK,turn_on,reposition,Turn on the fireplace tool set.,Reposition the fireplace tool set.,on,,;cleanup_v1:turn_on->reposition,vocab_gap:no_ignite_action,
G1,00164-XfUxBGTFQQb/tasks-island_0.json,71,2,Set the plate on the table.,OK,place_on,place_on,Place plate on surface.,Place the plate on the table.,on,on,;referent_grounding_v1:G1,,X=plate|Y=table
G2,00164-XfUxBGTFQQb/tasks-island_0.json,76,4,Arrange the wardrobe,OK,place_on,straighten,Place wardrobe on surface.,Straighten the wardrobe.,on,,;referent_grounding_v1:G2,,X=wardrobe
G2,00164-XfUxBGTFQQb/tasks-island_0.json,80,2,Arrange the wardrobe,OK,place_on,straighten,Place wardrobe on surface.,Straighten the wardrobe.,on,,;referent_grounding_v1:G2,,X=wardrobe
G2,00164-XfUxBGTFQQb/tasks-island_0.json,83,2,Arrange the wardrobe,OK,place_on,straighten,Place wardrobe on surface.,Straighten the wardrobe.,on,,;referent_grounding_v1:G2,,X=wardrobe
G2,00164-XfUxBGTFQQb/tasks-island_0.json,89,2,Arrange the wardrobe,OK,place_in,straighten,Place wardrobe in receptacle.,Straighten the wardrobe.,in,,;referent_grounding_v1:G2,,X=wardrobe
G2,00164-XfUxBGTFQQb/tasks-island_0.json,90,2,Arrange the hanger,OK,place_on,straighten,Place hanger on surface.,Straighten the hanger.,on,,;referent_grounding_v1:G2,,X=hanger
G2,00164-XfUxBGTFQQb/tasks-island_0.json,91,2,Arrange the wardrobe,OK,place_on,straighten,Place wardrobe on surface.,Straighten the wardrobe.,on,,;referent_grounding_v1:G2,,X=wardrobe
G2,00164-XfUxBGTFQQb/tasks-island_0.json,95,4,Arrange the wardrobe,OK,place_on,straighten,Place wardrobe on surface.,Straighten the wardrobe.,on,,;referent_grounding_v1:G2,,X=wardrobe
G2,00164-XfUxBGTFQQb/tasks-island_0.json,96,2,Arrange the book,OK,place_on,straighten,Place book on surface.,Straighten the book.,on,,;referent_grounding_v1:G2,,X=book
G2,00164-XfUxBGTFQQb/tasks-island_0.json,102,5,Arrange the wardrobe,OK,place_on,straighten,Place wardrobe on surface.,Straighten the wardrobe.,on,,;referent_grounding_v1:G2,,X=wardrobe
G2,00164-XfUxBGTFQQb/tasks-island_0.json,108,4,Arrange the book,OK,place_on,straighten,Place book on surface.,Straighten the book.,on,,;referent_grounding_v1:G2,,X=book
G1,00166-RaYrxWt5pR1/tasks-island_0.json,10,2,Set the backpack on the kitchen chair.,OK,place_on,place_on,Place backpack on surface.,Place the backpack on the kitchen chair.,on,on,;referent_grounding_v1:G1,,X=backpack|Y=kitchen chair
G2,00166-RaYrxWt5pR1/tasks-island_0.json,17,3,Set a bowl for cereal.,OK,place_on,straighten,Place bowl on surface.,Straighten the bowl.,on,,;referent_grounding_v1:G2,,X=bowl
G1,00166-RaYrxWt5pR1/tasks-island_0.json,22,2,Set the plate on the side table.,OK,place_on,place_on,Place plate on surface.,Place the plate on the side table.,on,on,;referent_grounding_v1:G1,,X=plate|Y=side table
G1,00166-RaYrxWt5pR1/tasks-island_0.json,29,4,Arrange clean linens on the shelf.,OK,place_on,place_on,Place shelf on surface.,Place the clean linens on the shelf.,on,on,;referent_grounding_v1:G1,,X=clean linens|Y=shelf
G2,00166-RaYrxWt5pR1/tasks-island_0.json,41,4,Arrange the flower as a prop.,OK,place_on,straighten,Place flower on surface.,Straighten the flower as a prop.,on,,;referent_grounding_v1:G2,,X=flower as a prop
G4,00166-RaYrxWt5pR1/tasks-island_0.json,43,2,Fill a pot at the sink.,FLAG,fill,fill,Use the sink to fill a container.,Use the sink to fill a container.,at,at,;ungrounded_anaphora,,no_vessel_found
G2,00166-RaYrxWt5pR1/tasks-island_0.json,45,2,Position the flower.,OK,place_on,reposition,Place flower on surface.,Reposition the flower.,on,,;referent_grounding_v1:G2,,X=flower
G1,00166-RaYrxWt5pR1/tasks-island_0.json,48,5,Set the book on the table.,OK,place_on,place_on,Place book on surface.,Place the book on the table.,on,on,;referent_grounding_v1:G1,,X=book|Y=table
G1,00166-RaYrxWt5pR1/tasks-island_0.json,50,3,Organize the items in the cabinet.,OK,place_in,place_in,Place cabinet in receptacle.,Place the items in the cabinet.,in,in,;referent_grounding_v1:G1,,X=items|Y=cabinet
G1,00166-RaYrxWt5pR1/tasks-island_0.json,51,1,Arrange items on the shelf.,OK,place_on,place_on,Place shelf on surface.,Place the items on the shelf.,on,on,;referent_grounding_v1:G1,,X=items|Y=shelf
G2,00166-RaYrxWt5pR1/tasks-island_0.json,57,1,Arrange the flower.,OK,place_on,straighten,Place flower on surface.,Straighten the flower.,on,,;referent_grounding_v1:G2,,X=flower
G2,00166-RaYrxWt5pR1/tasks-island_0.json,69,1,Arrange the flower.,OK,place_on,straighten,Place flower on surface.,Straighten the flower.,on,,;referent_grounding_v1:G2,,X=flower
G2,00166-RaYrxWt5pR1/tasks-island_0.json,93,2,Set the plate.,OK,place_on,straighten,Place plate on surface.,Straighten the plate.,on,,;referent_grounding_v1:G2,,X=plate
G2,00166-RaYrxWt5pR1/tasks-island_0.json,97,4,Arrange the plate.,OK,place_on,straighten,Place plate on surface.,Straighten the plate.,on,,;referent_grounding_v1:G2,,X=plate
G2,00166-RaYrxWt5pR1/tasks-island_0.json,107,4,Arrange the flower.,OK,place_on,straighten,Place flower on surface.,Straighten the flower.,on,,;referent_grounding_v1:G2,,X=flower
G2,00166-RaYrxWt5pR1/tasks-island_0.json,111,5,Arrange the flower.,OK,place_on,straighten,Place flower on surface.,Straighten the flower.,on,,;referent_grounding_v1:G2,,X=flower
G2,00168-bHKTDQFJxTw/tasks-island_0.json,40,2,Arrange the flowerpot.,OK,place_on,straighten,Place flowerpot on surface.,Straighten the flowerpot.,on,,;referent_grounding_v1:G2,,X=flowerpot
G1,00168-bHKTDQFJxTw/tasks-island_0.json,59,4,Organize the objects on the shelf.,OK,place_on,place_on,Place shelf on surface.,Place the objects on the shelf.,on,on,;referent_grounding_v1:G1,,X=objects|Y=shelf
G1,00168-bHKTDQFJxTw/tasks-island_0.json,60,6,Set the flowerpot on the desk.,OK,place_on,place_on,Place flowerpot on surface.,Place the flowerpot on the desk.,on,on,;referent_grounding_v1:G1,,X=flowerpot|Y=desk
G2,00168-bHKTDQFJxTw/tasks-island_0.json,62,5,Set the knife for preparation.,OK,place_on,straighten,Place knife on surface.,Straighten the knife.,on,,;referent_grounding_v1:G2,,X=knife
G1,00168-bHKTDQFJxTw/tasks-island_0.json,67,4,Set the plate on the table.,OK,place_on,place_on,Place plate on surface.,Place the plate on the table.,on,on,;referent_grounding_v1:G1,,X=plate|Y=table
G2,00168-bHKTDQFJxTw/tasks-island_0.json,69,6,Arrange the wall sign for the background.,OK,place_on,straighten,Place wall sign on surface.,Straighten the wall sign.,on,,;referent_grounding_v1:G2,,X=wall sign
G1,00168-bHKTDQFJxTw/tasks-island_0.json,71,6,Set the flowerpot on the shelf.,OK,place_on,place_on,Place flowerpot on surface.,Place the flowerpot on the shelf.,on,on,;referent_grounding_v1:G1,,X=flowerpot|Y=shelf
G1,00168-bHKTDQFJxTw/tasks-island_0.json,75,4,Set the plate on the coffee table.,OK,place_on,place_on,Place plate on surface.,Place the plate on the coffee table.,on,on,;referent_grounding_v1:G1,,X=plate|Y=coffee table
G2,00168-bHKTDQFJxTw/tasks-island_0.json,86,6,Set the plate.,OK,place_on,straighten,Place plate on surface.,Straighten the plate.,on,,;referent_grounding_v1:G2,,X=plate
G2,00168-bHKTDQFJxTw/tasks-island_0.json,98,5,Set the plate.,OK,place_on,straighten,Place plate on surface.,Straighten the plate.,on,,;referent_grounding_v1:G2,,X=plate
G2,00168-bHKTDQFJxTw/tasks-island_0.json,100,6,Set the plate.,OK,place_on,straighten,Place plate on surface.,Straighten the plate.,on,,;referent_grounding_v1:G2,,X=plate
G2,00168-bHKTDQFJxTw/tasks-island_0.json,117,3,Position the sunglasses.,OK,place_on,reposition,Place sunglasses on surface.,Reposition the sunglasses.,on,,;referent_grounding_v1:G2,,X=sunglasses
G2,00168-bHKTDQFJxTw/tasks-island_0.json,117,4,Arrange the stone support structure.,OK,place_on,straighten,Place stone support structure on surface.,Straighten the stone support structure.,on,,;referent_grounding_v1:G2,,X=stone support structure
G1,00168-bHKTDQFJxTw/tasks-island_0.json,121,6,Set the bottle on the table.,OK,place_on,place_on,Place bottle on surface.,Place the bottle on the table.,on,on,;referent_grounding_v1:G1,,X=bottle|Y=table
G2,00168-bHKTDQFJxTw/tasks-island_0.json,136,1,Position the speaker for the presentation.,OK,place_on,reposition,Place speaker on surface.,Reposition the speaker.,on,,;referent_grounding_v1:G2,,X=speaker
G2,00168-bHKTDQFJxTw/tasks-island_0.json,139,1,Position the arcade game.,OK,place_in,reposition,Place arcade game in receptacle.,Reposition the arcade game.,in,,;referent_grounding_v1:G2,,X=arcade game
G2,00168-bHKTDQFJxTw/tasks-island_0.json,141,3,Position the flowerpot.,OK,place_on,reposition,Place flowerpot on surface.,Reposition the flowerpot.,on,,;referent_grounding_v1:G2,,X=flowerpot
G2,00168-bHKTDQFJxTw/tasks-island_1.json,4,1,Position the speaker.,OK,place_on,reposition,Place speaker on surface.,Reposition the speaker.,on,,;referent_grounding_v1:G2,,X=speaker
G2,00168-bHKTDQFJxTw/tasks-island_1.json,9,3,Arrange the plate.,OK,place_on,straighten,Place plate on surface.,Straighten the plate.,on,,;referent_grounding_v1:G2,,X=plate
G1,00168-bHKTDQFJxTw/tasks-island_1.json,17,4,Set the cup on the side table.,OK,place_on,place_on,Place cup on surface.,Place the cup on the side table.,on,on,;referent_grounding_v1:G1,,X=cup|Y=side table
G2,00168-bHKTDQFJxTw/tasks-island_1.json,18,4,Set the cup down.,OK,place_on,straighten,Place cup on surface.,Straighten the cup.,on,,;referent_grounding_v1:G2,,X=cup
G2,00168-bHKTDQFJxTw/tasks-island_1.json,20,3,Position the laptop computer for monitoring.,OK,place_on,reposition,Place laptop computer on surface.,Reposition the laptop computer.,on,,;referent_grounding_v1:G2,,X=laptop computer
G2,00168-bHKTDQFJxTw/tasks-island_1.json,26,5,Reposition the fire extinguisher to its designated spot.,OK,place_on,reposition,Place fire extinguisher on surface.,Reposition the fire extinguisher.,on,,;referent_grounding_v1:G2,,X=fire extinguisher
G2,00168-bHKTDQFJxTw/tasks-island_1.json,29,3,Position the lamp for better lighting.,OK,place_on,reposition,Place lamp on surface.,Reposition the lamp.,on,,;referent_grounding_v1:G2,,X=lamp
G2,00168-bHKTDQFJxTw/tasks-island_1.json,37,5,Reposition the fire extinguisher correctly.,OK,place_on,reposition,Place fire extinguisher on surface.,Reposition the fire extinguisher correctly.,on,,;referent_grounding_v1:G2,,X=fire extinguisher correctly
G2,00168-bHKTDQFJxTw/tasks-island_1.json,49,1,Arrange the laptop computer.,OK,place_on,straighten,Place laptop computer on surface.,Straighten the laptop computer.,on,,;referent_grounding_v1:G2,,X=laptop computer
G2,00168-bHKTDQFJxTw/tasks-island_1.json,52,2,Arrange the laptop computer.,OK,place_in,straighten,Place laptop computer in receptacle.,Straighten the laptop computer.,in,,;referent_grounding_v1:G2,,X=laptop computer
G2,00168-bHKTDQFJxTw/tasks-island_1.json,56,2,Arrange the laptop computer.,OK,place_on,straighten,Place laptop computer on surface.,Straighten the laptop computer.,on,,;referent_grounding_v1:G2,,X=laptop computer
G2,00168-bHKTDQFJxTw/tasks-island_1.json,58,7,Arrange the laptop computer.,OK,place_on,straighten,Place laptop computer on surface.,Straighten the laptop computer.,on,,;referent_grounding_v1:G2,,X=laptop computer
G2,00168-bHKTDQFJxTw/tasks-island_1.json,60,3,Arrange the laptop computer.,OK,place_on,straighten,Place laptop computer on surface.,Straighten the laptop computer.,on,,;referent_grounding_v1:G2,,X=laptop computer
G1,00172-bB6nKqfsb1z/tasks-island_0.json,2,3,Organize books on the rack.,OK,place_on,place_on,Place rack on surface.,Place the books on the rack.,on,on,;referent_grounding_v1:G1,,X=books|Y=rack
G1,00172-bB6nKqfsb1z/tasks-island_0.json,16,4,Display items in the display cabinet.,OK,place_in,place_in,Place display cabinet in receptacle.,Place the items in the display cabinet.,in,in,;referent_grounding_v1:G1,,X=items|Y=display cabinet
G2,00172-bB6nKqfsb1z/tasks-island_0.json,24,3,Arrange the flowerpot.,OK,place_on,straighten,Place flowerpot on surface.,Straighten the flowerpot.,on,,;referent_grounding_v1:G2,,X=flowerpot
G3,00172-bB6nKqfsb1z/tasks-island_0.json,42,1,Fluff the cushions on the couch.,OK,fluff,fluff,Fluff items on the couch.,Fluff the cushions on the couch.,on,on,;referent_grounding_v1:G3,,NP=cushions
G1,00172-bB6nKqfsb1z/tasks-island_0.json,56,3,Set the plate on the table.,OK,place_on,place_on,Place plate on surface.,Place the plate on the table.,on,on,;referent_grounding_v1:G1,,X=plate|Y=table
G3,00172-bB6nKqfsb1z/tasks-island_0.json,58,2,Place the laptop into the backpack.,OK,place_in,place_in,Place items in the laptop_computer.,Place the laptop in the laptop_computer.,in,in,;referent_grounding_v1:G3,,NP=laptop
G3,00172-bB6nKqfsb1z/tasks-island_0.json,63,1,Fluff the pillows on the couch.,OK,fluff,fluff,Fluff items on the couch.,Fluff the pillows on the couch.,on,on,;referent_grounding_v1:G3,,NP=pillows
G1,00172-bB6nKqfsb1z/tasks-island_0.json,70,3,Organize items on the rack.,OK,place_on,place_on,Place rack on surface.,Place the items on the rack.,on,on,;referent_grounding_v1:G1,,X=items|Y=rack
G2,00172-bB6nKqfsb1z/tasks-island_0.json,81,4,Arrange the stuffed animal.,OK,place_on,straighten,Place stuffed animal on surface.,Straighten the stuffed animal.,on,,;referent_grounding_v1:G2,,X=stuffed animal
G1,00172-bB6nKqfsb1z/tasks-island_0.json,85,4,Set a book on the desk.,OK,place_on,place_on,Place book on surface.,Place the book on the desk.,on,on,;referent_grounding_v1:G1,,X=book|Y=desk
G1,00172-bB6nKqfsb1z/tasks-island_0.json,98,5,Arrange the hairbrush on the counter.,OK,place_on,place_on,Place hairbrush on surface.,Place the hairbrush on the counter.,on,on,;referent_grounding_v1:G1,,X=hairbrush|Y=counter
G1,00172-bB6nKqfsb1z/tasks-island_0.json,101,4,Arrange the plush toy on the shelf.,OK,place_on,place_on,Place plush toy on surface.,Place the plush toy on the shelf.,on,on,;referent_grounding_v1:G1,,X=plush toy|Y=shelf
G1,00172-bB6nKqfsb1z/tasks-island_0.json,103,4,Set the knife beside the plate.,OK,place_on,place_on,Place knife on surface.,Place the knife beside the plate.,on,at,;referent_grounding_v1:G1,,X=knife|Y=plate
G3,00172-bB6nKqfsb1z/tasks-island_0.json,104,1,Fluff the pillows on the couch.,OK,fluff,fluff,Fluff items on the couch.,Fluff the pillows on the couch.,on,on,;referent_grounding_v1:G3,,NP=pillows
G1,00172-bB6nKqfsb1z/tasks-island_0.json,109,1,Organize items on the rack.,OK,place_on,place_on,Place rack on surface.,Place the items on the rack.,on,on,;referent_grounding_v1:G1,,X=items|Y=rack
G2,00172-bB6nKqfsb1z/tasks-island_0.json,117,3,Arrange the plush toy.,OK,place_on,straighten,Place plush toy on surface.,Straighten the plush toy.,on,,;referent_grounding_v1:G2,,X=plush toy
G2,00172-bB6nKqfsb1z/tasks-island_0.json,129,3,Position the computer keyboard.,OK,place_on,reposition,Place computer keyboard on surface.,Reposition the computer keyboard.,on,,;referent_grounding_v1:G2,,X=computer keyboard
G2,00172-bB6nKqfsb1z/tasks-island_0.json,132,2,Arrange the hairbrush.,OK,place_on,straighten,Place hairbrush on surface.,Straighten the hairbrush.,on,,;referent_grounding_v1:G2,,X=hairbrush
G1,00172-bB6nKqfsb1z/tasks-island_0.json,135,4,Set the plate on the table.,OK,place_on,place_on,Place plate on surface.,Place the plate on the table.,on,on,;referent_grounding_v1:G1,,X=plate|Y=table
G4,00172-bB6nKqfsb1z/tasks-island_0.json,146,4,Fill a watering can at the sink.,FLAG,fill,fill,Use the sink to fill a container.,Use the sink to fill a container.,at,at,;ungrounded_anaphora,,no_vessel_found
G2,00172-bB6nKqfsb1z/tasks-island_0.json,162,5,Arrange the plate.,OK,place_on,straighten,Place plate on surface.,Straighten the plate.,on,,;referent_grounding_v1:G2,,X=plate
G2,00172-bB6nKqfsb1z/tasks-island_0.json,171,5,Set the plate.,OK,place_on,straighten,Place plate on surface.,Straighten the plate.,on,,;referent_grounding_v1:G2,,X=plate
G2,00172-bB6nKqfsb1z/tasks-island_0.json,176,4,Arrange the shampoo.,OK,place_on,straighten,Place shampoo on surface.,Straighten the shampoo.,on,,;referent_grounding_v1:G2,,X=shampoo
G2,00172-bB6nKqfsb1z/tasks-island_0.json,179,6,Set the plate.,OK,place_on,straighten,Place plate on surface.,Straighten the plate.,on,,;referent_grounding_v1:G2,,X=plate
G2,00172-bB6nKqfsb1z/tasks-island_0.json,181,5,Arrange the stuffed animal.,OK,place_on,straighten,Place stuffed animal on surface.,Straighten the stuffed animal.,on,,;referent_grounding_v1:G2,,X=stuffed animal
G2,00172-bB6nKqfsb1z/tasks-island_0.json,183,4,Arrange the bag.,OK,place_on,straighten,Place bag on surface.,Straighten the bag.,on,,;referent_grounding_v1:G2,,X=bag
G2,00172-bB6nKqfsb1z/tasks-island_0.json,184,6,Arrange the hairbrush.,OK,place_on,straighten,Place hairbrush on surface.,Straighten the hairbrush.,on,,;referent_grounding_v1:G2,,X=hairbrush
G2,00172-bB6nKqfsb1z/tasks-island_0.json,190,3,Arrange the bag.,OK,place_on,straighten,Place bag on surface.,Straighten the bag.,on,,;referent_grounding_v1:G2,,X=bag
G2,00172-bB6nKqfsb1z/tasks-island_0.json,194,4,Arrange the shampoo.,OK,place_on,straighten,Place shampoo on surface.,Straighten the shampoo.,on,,;referent_grounding_v1:G2,,X=shampoo
G2,00172-bB6nKqfsb1z/tasks-island_0.json,195,4,Set the plate.,OK,place_on,straighten,Place plate on surface.,Straighten the plate.,on,,;referent_grounding_v1:G2,,X=plate
G2,00172-bB6nKqfsb1z/tasks-island_0.json,196,5,Arrange the stuffed animal.,OK,place_on,straighten,Place stuffed animal on surface.,Straighten the stuffed animal.,on,,;referent_grounding_v1:G2,,X=stuffed animal
G2,00172-bB6nKqfsb1z/tasks-island_0.json,204,6,Arrange the box.,OK,place_on,straighten,Place box on surface.,Straighten the box.,on,,;referent_grounding_v1:G2,,X=box
G2,00172-bB6nKqfsb1z/tasks-island_0.json,206,3,Arrange the shampoo.,OK,place_on,straighten,Place shampoo on surface.,Straighten the shampoo.,on,,;referent_grounding_v1:G2,,X=shampoo
G2,00172-bB6nKqfsb1z/tasks-island_0.json,210,6,Set the plate.,OK,place_on,straighten,Place plate on surface.,Straighten the plate.,on,,;referent_grounding_v1:G2,,X=plate
G2,00172-bB6nKqfsb1z/tasks-island_0.json,211,6,Arrange the bag.,OK,place_on,straighten,Place bag on surface.,Straighten the bag.,on,,;referent_grounding_v1:G2,,X=bag
G2,00172-bB6nKqfsb1z/tasks-island_0.json,217,4,Arrange the stuffed animal.,OK,place_on,straighten,Place stuffed animal on surface.,Straighten the stuffed animal.,on,,;referent_grounding_v1:G2,,X=stuffed animal
G2,00172-bB6nKqfsb1z/tasks-island_0.json,217,7,Set the toothbrush.,OK,place_on,straighten,Place toothbrush on surface.,Straighten the toothbrush.,on,,;referent_grounding_v1:G2,,X=toothbrush
G2,00172-bB6nKqfsb1z/tasks-island_0.json,229,4,Set the jar.,OK,place_on,straighten,Place jar on surface.,Straighten the jar.,on,,;referent_grounding_v1:G2,,X=jar
G2,00172-bB6nKqfsb1z/tasks-island_0.json,242,3,Set the plate.,OK,place_on,straighten,Place plate on surface.,Straighten the plate.,on,,;referent_grounding_v1:G2,,X=plate
G2,00172-bB6nKqfsb1z/tasks-island_0.json,251,6,Set the cup.,OK,place_on,straighten,Place cup on surface.,Straighten the cup.,on,,;referent_grounding_v1:G2,,X=cup
G2,00172-bB6nKqfsb1z/tasks-island_0.json,264,5,Arrange the shampoo bottles.,OK,place_on,straighten,Place shampoo on surface.,Straighten the shampoo bottles.,on,,;referent_grounding_v1:G2,,X=shampoo bottles
G2,00172-bB6nKqfsb1z/tasks-island_0.json,269,6,Arrange the storage rack.,OK,place_on,straighten,Place rack on surface.,Straighten the storage rack.,on,,;referent_grounding_v1:G2,,X=storage rack
G1,00172-bB6nKqfsb1z/tasks-island_0.json,285,6,Set a plate on the table.,OK,place_on,place_on,Place plate on surface.,Place the plate on the table.,on,on,;referent_grounding_v1:G1,,X=plate|Y=table
G1,00172-bB6nKqfsb1z/tasks-island_0.json,287,7,Set a cup of tea on the desk.,OK,place_on,place_on,Place cup on surface.,Place the cup of tea on the desk.,on,on,;referent_grounding_v1:G1,,X=cup of tea|Y=desk
G2,00172-bB6nKqfsb1z/tasks-island_0.json,294,5,Arrange the shampoo bottles.,OK,place_on,straighten,Place shampoo on surface.,Straighten the shampoo bottles.,on,,;referent_grounding_v1:G2,,X=shampoo bottles
G2,00172-bB6nKqfsb1z/tasks-island_0.json,297,4,Set a plate.,OK,place_on,straighten,Place plate on surface.,Straighten the plate.,on,,;referent_grounding_v1:G2,,X=plate
G2,00172-bB6nKqfsb1z/tasks-island_0.json,304,6,Set the plate.,OK,place_on,straighten,Place plate on surface.,Straighten the plate.,on,,;referent_grounding_v1:G2,,X=plate
G2,00172-bB6nKqfsb1z/tasks-island_0.json,313,6,Set the plate.,OK,place_on,straighten,Place plate on surface.,Straighten the plate.,on,,;referent_grounding_v1:G2,,X=plate
G2,00172-bB6nKqfsb1z/tasks-island_0.json,321,6,Arrange the book.,OK,place_on,straighten,Place book on surface.,Straighten the book.,on,,;referent_grounding_v1:G2,,X=book
G2,00173-qZ4B7U6XE5Y/tasks-island_0.json,1,4,Organize items inside the fridge.,OK,place_in,straighten,Place fridge in receptacle.,Straighten the items inside the fridge.,in,,;referent_grounding_v1:G2,,X=items inside the fridge
G2,00173-qZ4B7U6XE5Y/tasks-island_0.json,27,4,Arrange the hanger.,OK,place_on,straighten,Place hanger on surface.,Straighten the hanger.,on,,;referent_grounding_v1:G2,,X=hanger
G2,00173-qZ4B7U6XE5Y/tasks-island_0.json,41,5,Arrange the vase.,OK,place_in,straighten,Place vase in receptacle.,Straighten the vase.,in,,;referent_grounding_v1:G2,,X=vase
G2,00173-qZ4B7U6XE5Y/tasks-island_0.json,47,4,Arrange the vase.,OK,place_on,straighten,Place vase on surface.,Straighten the vase.,on,,;referent_grounding_v1:G2,,X=vase
G2,00173-qZ4B7U6XE5Y/tasks-island_0.json,55,3,Arrange the box.,OK,place_on,straighten,Place box on surface.,Straighten the box.,on,,;referent_grounding_v1:G2,,X=box
G2,00173-qZ4B7U6XE5Y/tasks-island_0.json,65,3,Arrange the flowerpot.,OK,place_on,straighten,Place flowerpot on surface.,Straighten the flowerpot.,on,,;referent_grounding_v1:G2,,X=flowerpot
G1,00173-qZ4B7U6XE5Y/tasks-island_0.json,79,5,Set the bowl with snacks on the table.,OK,place_on,place_on,Place bowl on surface.,Place the bowl on the table.,on,on,;referent_grounding_v1:G1,,X=bowl|Y=table
G2,00173-qZ4B7U6XE5Y/tasks-island_0.json,87,2,Reposition the flowerpot.,OK,place_on,reposition,Place flowerpot on surface.,Reposition the flowerpot.,on,,;referent_grounding_v1:G2,,X=flowerpot
G2,00173-qZ4B7U6XE5Y/tasks-island_0.json,99,6,Arrange the cabinet.,OK,place_on,straighten,Place cabinet on surface.,Straighten the cabinet.,on,,;referent_grounding_v1:G2,,X=cabinet
G1,00173-qZ4B7U6XE5Y/tasks-island_0.json,100,4,Set the bowl on the side table.,OK,place_on,place_on,Place bowl on surface.,Place the bowl on the side table.,on,on,;referent_grounding_v1:G1,,X=bowl|Y=side table
G2,00173-qZ4B7U6XE5Y/tasks-island_0.json,103,4,Set the plate.,OK,place_on,straighten,Place plate on surface.,Straighten the plate.,on,,;referent_grounding_v1:G2,,X=plate
G2,00173-qZ4B7U6XE5Y/tasks-island_0.json,114,3,Set the bowl.,OK,place_on,straighten,Place bowl on surface.,Straighten the bowl.,on,,;referent_grounding_v1:G2,,X=bowl
G2,00173-qZ4B7U6XE5Y/tasks-island_0.json,117,3,Arrange the plant.,OK,place_on,straighten,Place plant on surface.,Straighten the plant.,on,,;referent_grounding_v1:G2,,X=plant
G1,00177-VSxVP19Cdyw/tasks-island_0.json,3,3,Set the dinnerware on the table,OK,place_on,place_on,Place dinnerware on surface.,Place the dinnerware on the table.,on,on,;referent_grounding_v1:G1,,X=dinnerware|Y=table
G2,00177-VSxVP19Cdyw/tasks-island_0.json,12,2,Arrange the decoration,OK,place_on,straighten,Place decoration on surface.,Straighten the decoration.,on,,;referent_grounding_v1:G2,,X=decoration
G1,00177-VSxVP19Cdyw/tasks-island_0.json,29,4,Set the wine bottle on the table.,OK,place_on,place_on,Place wine bottle on surface.,Place the wine bottle on the table.,on,on,;referent_grounding_v1:G1,,X=wine bottle|Y=table
G1,00177-VSxVP19Cdyw/tasks-island_0.json,35,4,Set the dinnerware on the table.,OK,place_on,place_on,Place dinnerware on surface.,Place the dinnerware on the table.,on,on,;referent_grounding_v1:G1,,X=dinnerware|Y=table
G1,00177-VSxVP19Cdyw/tasks-island_0.json,61,5,Set the plate on the dining table.,OK,place_on,place_on,Place plate on surface.,Place the plate on the dining table.,on,on,;referent_grounding_v1:G1,,X=plate|Y=dining table
G1,00177-VSxVP19Cdyw/tasks-island_0.json,64,3,Organize the items in the fridge.,OK,place_in,place_in,Place fridge in receptacle.,Place the items in the fridge.,in,in,;referent_grounding_v1:G1,,X=items|Y=fridge
G1,00177-VSxVP19Cdyw/tasks-island_0.json,70,2,Position the mouse on the pad.,OK,place_on,place_on,Place mouse on surface.,Place the mouse on the pad.,on,on,;referent_grounding_v1:G1,,X=mouse|Y=pad
G4,00177-VSxVP19Cdyw/tasks-island_0.json,74,1,Fill a pitcher at the sink.,FLAG,fill,fill,Use the sink to fill a container.,Use the sink to fill a container.,at,at,;ungrounded_anaphora,,no_vessel_found
G2,00177-VSxVP19Cdyw/tasks-island_0.json,75,3,Arrange the plate with treats.,OK,place_on,straighten,Place plate on surface.,Straighten the plate.,on,,;referent_grounding_v1:G2,,X=plate
G1,00177-VSxVP19Cdyw/tasks-island_0.json,135,5,Set the wine bottle on the table.,OK,place_on,place_on,Place wine bottle on surface.,Place the wine bottle on the table.,on,on,;referent_grounding_v1:G1,,X=wine bottle|Y=table
G2,00177-VSxVP19Cdyw/tasks-island_0.json,137,6,Arrange the side table.,OK,place_on,straighten,Place side table on surface.,Straighten the side table.,on,,;referent_grounding_v1:G2,,X=side table
G2,00177-VSxVP19Cdyw/tasks-island_0.json,158,7,Arrange the ornament.,OK,place_on,straighten,Place ornament on surface.,Straighten the ornament.,on,,;referent_grounding_v1:G2,,X=ornament
G4,00177-VSxVP19Cdyw/tasks-island_0.json,161,2,Fill a pitcher at the sink.,FLAG,fill,fill,Use the sink to fill a container.,Use the sink to fill a container.,at,at,;ungrounded_anaphora,,no_vessel_found
G1,00177-VSxVP19Cdyw/tasks-island_0.json,165,2,Set the handbag on the floor.,OK,place_on,place_on,Place handbag on surface.,Place the handbag on the floor.,on,on,;referent_grounding_v1:G1,,X=handbag|Y=floor
G4,00177-VSxVP19Cdyw/tasks-island_0.json,170,5,Fill a pot at the faucet.,RESOLVED,fill,fill,Use the faucet to fill a container.,Use the faucet to fill the kettle.,at,at,;referent_grounding_v1:G4,,vessel=kettle
G2,00177-VSxVP19Cdyw/tasks-island_0.json,185,2,Set the plate out.,OK,place_on,straighten,Place plate on surface.,Straighten the plate.,on,,;referent_grounding_v1:G2,,X=plate
G2,00179-MVVzj944atG/tasks-island_2.json,5,3,Display the decorative plate.,OK,place_on,straighten,Place decorative plate on surface.,Straighten the decorative plate.,on,,;referent_grounding_v1:G2,,X=decorative plate
G2,00179-MVVzj944atG/tasks-island_2.json,5,4,Arrange the flower vase.,OK,place_on,straighten,Place flower vase on surface.,Straighten the flower vase.,on,,;referent_grounding_v1:G2,,X=flower vase
G2,00179-MVVzj944atG/tasks-island_2.json,6,1,Position the highchair.,OK,place_on,reposition,Place highchair on surface.,Reposition the highchair.,on,,;referent_grounding_v1:G2,,X=highchair
G2,00179-MVVzj944atG/tasks-island_2.json,9,3,Arrange the flower vase.,OK,place_on,straighten,Place flower vase on surface.,Straighten the flower vase.,on,,;referent_grounding_v1:G2,,X=flower vase
G2,00179-MVVzj944atG/tasks-island_2.json,11,1,Arrange the decorative plate.,OK,place_on,straighten,Place decorative plate on surface.,Straighten the decorative plate.,on,,;referent_grounding_v1:G2,,X=decorative plate
G1,00179-MVVzj944atG/tasks-island_2.json,16,1,Organize the books on the bookshelf.,OK,place_on,place_on,Place bookshelf on surface.,Place the books on the bookshelf.,on,on,;referent_grounding_v1:G1,,X=books|Y=bookshelf
G1,00179-MVVzj944atG/tasks-island_2.json,17,1,Arrange the flowers in the flower vase.,OK,place_in,place_in,Place flower vase in receptacle.,Place the flowers in the flower vase.,in,in,;referent_grounding_v1:G1,,X=flowers|Y=flower vase
G2,00179-MVVzj944atG/tasks-island_2.json,26,1,Reposition the decorative plant.,OK,place_on,reposition,Place decorative plant on surface.,Reposition the decorative plant.,on,,;referent_grounding_v1:G2,,X=decorative plant
G2,00179-MVVzj944atG/tasks-island_2.json,26,6,Arrange the flower vase.,OK,place_on,straighten,Place flower vase on surface.,Straighten the flower vase.,on,,;referent_grounding_v1:G2,,X=flower vase
G2,00179-MVVzj944atG/tasks-island_2.json,31,2,Arrange the bookshelf.,OK,place_on,straighten,Place bookshelf on surface.,Straighten the bookshelf.,on,,;referent_grounding_v1:G2,,X=bookshelf
G2,00179-MVVzj944atG/tasks-island_2.json,40,3,Reposition the decorative plant.,OK,place_on,reposition,Place decorative plant on surface.,Reposition the decorative plant.,on,,;referent_grounding_v1:G2,,X=decorative plant
G2,00179-MVVzj944atG/tasks-island_2.json,40,4,Rearrange the bookshelf.,OK,place_on,straighten,Place bookshelf on surface.,Straighten the bookshelf.,on,,;referent_grounding_v1:G2,,X=bookshelf
G2,00179-MVVzj944atG/tasks-island_2.json,40,6,Position the speaker.,OK,place_on,reposition,Place speaker on surface.,Reposition the speaker.,on,,;referent_grounding_v1:G2,,X=speaker
G1,00188-dQrLTxHvLXU/tasks-island_0.json,0,4,Set the handbag aside on the outdoor table.,OK,place_on,place_on,Place handbag on surface.,Place the handbag on the outdoor table.,on,on,;referent_grounding_v1:G1,,X=handbag|Y=outdoor table
G2,00188-dQrLTxHvLXU/tasks-island_0.json,3,4,Organize the clothes inside the closet.,OK,place_in,straighten,Place closet in receptacle.,Straighten the clothes inside the closet.,in,,;referent_grounding_v1:G2,,X=clothes inside the closet
G1,00188-dQrLTxHvLXU/tasks-island_0.json,8,2,Set out a cup on the dining table.,OK,place_on,place_on,Place cup on surface.,Place the cup on the dining table.,on,on,;referent_grounding_v1:G1,,X=cup|Y=dining table
G1,00188-dQrLTxHvLXU/tasks-island_0.json,10,2,Organize the items on the shelf.,OK,place_on,place_on,Place shelf on surface.,Place the items on the shelf.,on,on,;referent_grounding_v1:G1,,X=items|Y=shelf
G1,00188-dQrLTxHvLXU/tasks-island_0.json,12,3,Set the cutting board on the counter.,OK,place_on,place_on,Place cutting board on surface.,Place the cutting board on the counter.,on,on,;referent_grounding_v1:G1,,X=cutting board|Y=counter
G1,00188-dQrLTxHvLXU/tasks-island_0.json,16,4,Set the wine bottle in the center.,OK,place_in,place_in,Place wine bottle in receptacle.,Place the wine bottle in the center.,in,in,;referent_grounding_v1:G1,,X=wine bottle|Y=center
G1,00188-dQrLTxHvLXU/tasks-island_0.json,17,4,Arrange the items on the bedroom shelf.,OK,place_on,place_on,Place shelf on surface.,Place the items on the bedroom shelf.,on,on,;referent_grounding_v1:G1,,X=items|Y=bedroom shelf
G1,00188-dQrLTxHvLXU/tasks-island_0.json,21,3,Set the cushion on the seat.,OK,place_on,place_on,Place cushion on surface.,Place the cushion on the seat.,on,on,;referent_grounding_v1:G1,,X=cushion|Y=seat
G1,00188-dQrLTxHvLXU/tasks-island_0.json,36,1,Arrange clothes in the closet.,OK,place_in,place_in,Place closet in receptacle.,Place the clothes in the closet.,in,in,;referent_grounding_v1:G1,,X=clothes|Y=closet
G4,00188-dQrLTxHvLXU/tasks-island_0.json,39,2,Fill a pitcher at the sink.,FLAG,fill,fill,Use the sink to fill a container.,Use the sink to fill a container.,at,at,;ungrounded_anaphora,,no_vessel_found
G4,00188-dQrLTxHvLXU/tasks-island_0.json,47,1,Fill a water bottle at the sink.,FLAG,fill,fill,Use the sink to fill a container.,Use the sink to fill a container.,at,at,;ungrounded_anaphora,,no_vessel_found
G2,00188-dQrLTxHvLXU/tasks-island_0.json,49,3,Position the coffee table.,OK,place_on,reposition,Place coffee table on surface.,Reposition the coffee table.,on,,;referent_grounding_v1:G2,,X=coffee table
G2,00188-dQrLTxHvLXU/tasks-island_0.json,50,5,Arrange the plate.,OK,place_on,straighten,Place plate on surface.,Straighten the plate.,on,,;referent_grounding_v1:G2,,X=plate
G4,00188-dQrLTxHvLXU/tasks-island_0.json,54,2,Fill the kettle at the sink.,RESOLVED,fill,fill,Use the sink to fill a container.,Fill the cup at the sink.,at,at,;referent_grounding_v1:G4,,vessel=cup
G2,00188-dQrLTxHvLXU/tasks-island_0.json,56,3,Set the cup.,OK,place_on,straighten,Place cup on surface.,Straighten the cup.,on,,;referent_grounding_v1:G2,,X=cup
G4,00188-dQrLTxHvLXU/tasks-island_0.json,59,2,Fill a bottle at the sink.,FLAG,fill,fill,Use the sink to fill a container.,Use the sink to fill a container.,at,at,;ungrounded_anaphora,,no_vessel_found
G2,00188-dQrLTxHvLXU/tasks-island_0.json,72,2,Set the plate.,OK,place_on,straighten,Place plate on surface.,Straighten the plate.,on,,;referent_grounding_v1:G2,,X=plate
G3,00188-dQrLTxHvLXU/tasks-island_0.json,74,5,Put towels in the bathroom shelf.,OK,place_on,place_on,Place items on the shelf.,Place the towels on the shelf.,on,on,;referent_grounding_v1:G3,,NP=towels
G2,00188-dQrLTxHvLXU/tasks-island_0.json,79,3,Arrange the cup.,OK,place_on,straighten,Place cup on surface.,Straighten the cup.,on,,;referent_grounding_v1:G2,,X=cup
G1,00188-dQrLTxHvLXU/tasks-island_0.json,90,1,Set the wine bottle on the kitchen counter.,OK,place_on,place_on,Place wine bottle on surface.,Place the wine bottle on the kitchen counter.,on,on,;referent_grounding_v1:G1,,X=wine bottle|Y=kitchen counter
G1,00188-dQrLTxHvLXU/tasks-island_0.json,96,5,Set the coffee table on the terrace.,OK,place_on,place_on,Place coffee table on surface.,Place the coffee table on the terrace.,on,on,;referent_grounding_v1:G1,,X=coffee table|Y=terrace
G2,00188-dQrLTxHvLXU/tasks-island_0.json,98,5,Arrange the towel.,OK,place_on,straighten,Place towel on surface.,Straighten the towel.,on,,;referent_grounding_v1:G2,,X=towel
G2,00203-VoVGtfYrpuQ/tasks-island_0.json,5,1,Arrange the shoes neatly.,OK,place_on,straighten,Place shoe on surface.,Straighten the shoes.,on,,;referent_grounding_v1:G2,,X=shoes
G2,00203-VoVGtfYrpuQ/tasks-island_0.json,19,3,Set the bowl.,OK,place_on,straighten,Place bowl on surface.,Straighten the bowl.,on,,;referent_grounding_v1:G2,,X=bowl
G2,00203-VoVGtfYrpuQ/tasks-island_0.json,25,3,Arrange the shampoo bottles.,OK,place_on,straighten,Place shampoo on surface.,Straighten the shampoo bottles.,on,,;referent_grounding_v1:G2,,X=shampoo bottles
G2,00203-VoVGtfYrpuQ/tasks-island_0.json,29,2,Position the mouse correctly.,OK,place_on,reposition,Place mouse on surface.,Reposition the mouse correctly.,on,,;referent_grounding_v1:G2,,X=mouse correctly
G2,00203-VoVGtfYrpuQ/tasks-island_0.json,32,1,Rearrange the kitchen cabinet.,OK,place_on,straighten,Place kitchen cabinet on surface.,Straighten the kitchen cabinet.,on,,;referent_grounding_v1:G2,,X=kitchen cabinet
G4,00203-VoVGtfYrpuQ/tasks-island_0.json,36,3,Fill a pitcher at the sink.,FLAG,fill,fill,Use the sink to fill a container.,Use the sink to fill a container.,at,at,;ungrounded_anaphora,,no_vessel_found
G1,00203-VoVGtfYrpuQ/tasks-island_0.json,37,3,Set the bowl on the table.,OK,place_on,place_on,Place bowl on surface.,Place the bowl on the table.,on,on,;referent_grounding_v1:G1,,X=bowl|Y=table
G2,00203-VoVGtfYrpuQ/tasks-island_0.json,68,4,Arrange the towel.,OK,place_on,straighten,Place towel on surface.,Straighten the towel.,on,,;referent_grounding_v1:G2,,X=towel
G2,00203-VoVGtfYrpuQ/tasks-island_0.json,78,4,Arrange the plate.,OK,place_in,straighten,Place plate in receptacle.,Straighten the plate.,in,,;referent_grounding_v1:G2,,X=plate
G2,00203-VoVGtfYrpuQ/tasks-island_0.json,83,4,Arrange the book.,OK,place_on,straighten,Place book on surface.,Straighten the book.,on,,;referent_grounding_v1:G2,,X=book
G2,00203-VoVGtfYrpuQ/tasks-island_0.json,109,3,Arrange the ornament.,OK,place_on,straighten,Place ornament on surface.,Straighten the ornament.,on,,;referent_grounding_v1:G2,,X=ornament
G2,00203-VoVGtfYrpuQ/tasks-island_0.json,125,1,Arrange the plant.,OK,place_on,straighten,Place plant on surface.,Straighten the plant.,on,,;referent_grounding_v1:G2,,X=plant
G2,00203-VoVGtfYrpuQ/tasks-island_0.json,163,5,Arrange the storage box.,OK,place_on,straighten,Place box on surface.,Straighten the storage box.,on,,;referent_grounding_v1:G2,,X=storage box
G2,00203-VoVGtfYrpuQ/tasks-island_0.json,164,3,Arrange the ornament.,OK,place_in,straighten,Place ornament in receptacle.,Straighten the ornament.,in,,;referent_grounding_v1:G2,,X=ornament
G2,00203-VoVGtfYrpuQ/tasks-island_0.json,177,1,Arrange the ornament.,OK,place_on,straighten,Place ornament on surface.,Straighten the ornament.,on,,;referent_grounding_v1:G2,,X=ornament
G1,00203-VoVGtfYrpuQ/tasks-island_0.json,185,6,Set the ornament on the shelf.,OK,place_on,place_on,Place ornament on surface.,Place the ornament on the shelf.,on,on,;referent_grounding_v1:G1,,X=ornament|Y=shelf
G2,00203-VoVGtfYrpuQ/tasks-island_0.json,187,5,Position the statue.,OK,place_on,reposition,Place statue on surface.,Reposition the statue.,on,,;referent_grounding_v1:G2,,X=statue
G4,00203-VoVGtfYrpuQ/tasks-island_0.json,203,5,Fill a water bottle at the bathtub.,FLAG,fill,fill,Use the bathtub to fill a container.,Use the bathtub to fill a container.,at,at,;ungrounded_anaphora,,no_vessel_found
G2,00205-NEVASPhcrxR/tasks-island_1.json,34,1,Arrange the shelf.,OK,place_on,straighten,Place shelf on surface.,Straighten the shelf.,on,,;referent_grounding_v1:G2,,X=shelf
G2,00205-NEVASPhcrxR/tasks-island_1.json,42,4,Arrange the shelf.,OK,place_on,straighten,Place shelf on surface.,Straighten the shelf.,on,,;referent_grounding_v1:G2,,X=shelf
G2,00205-NEVASPhcrxR/tasks-island_1.json,45,5,Arrange the lounger.,OK,place_on,straighten,Place lounger on surface.,Straighten the lounger.,on,,;referent_grounding_v1:G2,,X=lounger
G2,00205-NEVASPhcrxR/tasks-island_1.json,54,2,Arrange the wine bottle.,OK,place_on,straighten,Place wine bottle on surface.,Straighten the wine bottle.,on,,;referent_grounding_v1:G2,,X=wine bottle
G2,00205-NEVASPhcrxR/tasks-island_1.json,54,3,Set the plate.,OK,place_on,straighten,Place plate on surface.,Straighten the plate.,on,,;referent_grounding_v1:G2,,X=plate
G2,00205-NEVASPhcrxR/tasks-island_1.json,56,5,Set the backpack aside.,OK,place_on,straighten,Place backpack on surface.,Straighten the backpack.,on,,;referent_grounding_v1:G2,,X=backpack
G2,00205-NEVASPhcrxR/tasks-island_1.json,61,4,Arrange the boxes.,OK,place_on,straighten,Place boxes on surface.,Straighten the boxes.,on,,;referent_grounding_v1:G2,,X=boxes
G2,00205-NEVASPhcrxR/tasks-island_1.json,69,5,Arrange the lounger.,OK,place_on,straighten,Place lounger on surface.,Straighten the lounger.,on,,;referent_grounding_v1:G2,,X=lounger
G2,00205-NEVASPhcrxR/tasks-island_1.json,71,5,Arrange the wall hanger.,OK,place_on,straighten,Place wall hanger on surface.,Straighten the wall hanger.,on,,;referent_grounding_v1:G2,,X=wall hanger
G2,00205-NEVASPhcrxR/tasks-island_1.json,73,3,Arrange the lounger.,OK,place_on,straighten,Place lounger on surface.,Straighten the lounger.,on,,;referent_grounding_v1:G2,,X=lounger
G2,00205-NEVASPhcrxR/tasks-island_1.json,79,2,Reposition the statue.,OK,place_on,reposition,Place statue on surface.,Reposition the statue.,on,,;referent_grounding_v1:G2,,X=statue
G2,00205-NEVASPhcrxR/tasks-island_1.json,85,5,Arrange the decorative plant.,OK,place_on,straighten,Place decorative plant on surface.,Straighten the decorative plant.,on,,;referent_grounding_v1:G2,,X=decorative plant
G2,00205-NEVASPhcrxR/tasks-island_1.json,94,1,Arrange the lounger.,OK,place_on,straighten,Place lounger on surface.,Straighten the lounger.,on,,;referent_grounding_v1:G2,,X=lounger
G2,00205-NEVASPhcrxR/tasks-island_3.json,1,3,Arrange the towel.,OK,place_on,straighten,Place towel on surface.,Straighten the towel.,on,,;referent_grounding_v1:G2,,X=towel
G2,00205-NEVASPhcrxR/tasks-island_3.json,3,4,Arrange the picture frame.,OK,place_on,straighten,Place picture frame on surface.,Straighten the picture frame.,on,,;referent_grounding_v1:G2,,X=picture frame
G2,00205-NEVASPhcrxR/tasks-island_3.json,8,4,Arrange the monitor.,OK,place_on,straighten,Place monitor on surface.,Straighten the monitor.,on,,;referent_grounding_v1:G2,,X=monitor
G2,00205-NEVASPhcrxR/tasks-island_3.json,35,4,Arrange the keyboard.,OK,place_in,straighten,Place keyboard in receptacle.,Straighten the keyboard.,in,,;referent_grounding_v1:G2,,X=keyboard
G2,00205-NEVASPhcrxR/tasks-island_3.json,40,5,Arrange the cosmetics.,OK,place_on,straighten,Place cosmetics on surface.,Straighten the cosmetics.,on,,;referent_grounding_v1:G2,,X=cosmetics
G2,00205-NEVASPhcrxR/tasks-island_3.json,49,4,Arrange the cosmetics.,OK,place_on,straighten,Place cosmetics on surface.,Straighten the cosmetics.,on,,;referent_grounding_v1:G2,,X=cosmetics
G1,00205-NEVASPhcrxR/tasks-island_3.json,59,4,Arrange the brochures on the stand.,OK,place_on,place_on,Place brochures on surface.,Place the brochures on the stand.,on,on,;referent_grounding_v1:G1,,X=brochures|Y=stand
G2,00205-NEVASPhcrxR/tasks-island_3.json,68,1,Set the massage bed.,OK,place_on,straighten,Place massage bed on surface.,Straighten the massage bed.,on,,;referent_grounding_v1:G2,,X=massage bed
G2,00205-NEVASPhcrxR/tasks-island_3.json,73,1,Position the laptop.,OK,place_on,reposition,Place laptop on surface.,Reposition the laptop.,on,,;referent_grounding_v1:G2,,X=laptop
G2,00205-NEVASPhcrxR/tasks-island_3.json,76,3,Arrange the paper.,OK,place_on,straighten,Place paper on surface.,Straighten the paper.,on,,;referent_grounding_v1:G2,,X=paper
G2,00205-NEVASPhcrxR/tasks-island_3.json,92,2,Arrange the brochures.,OK,place_on,straighten,Place brochures on surface.,Straighten the brochures.,on,,;referent_grounding_v1:G2,,X=brochures
G1,00205-NEVASPhcrxR/tasks-island_3.json,125,3,Sort files on the shelf.,OK,place_on,place_on,Place shelf on surface.,Place the files on the shelf.,on,on,;referent_grounding_v1:G1,,X=files|Y=shelf
G2,00205-NEVASPhcrxR/tasks-island_3.json,127,6,Set aside a clean towel.,OK,place_on,straighten,Place towel on surface.,Straighten the aside a clean towel.,on,,;referent_grounding_v1:G2,,X=aside a clean towel
G2,00205-NEVASPhcrxR/tasks-island_3.json,137,3,Arrange the cosmetics.,OK,place_on,straighten,Place cosmetics on surface.,Straighten the cosmetics.,on,,;referent_grounding_v1:G2,,X=cosmetics
G1,00205-NEVASPhcrxR/tasks-island_3.json,159,6,Tidy the items on the shelf.,OK,place_on,place_on,Place shelf on surface.,Place the items on the shelf.,on,on,;referent_grounding_v1:G1,,X=items|Y=shelf
G1,00205-NEVASPhcrxR/tasks-island_3.json,162,4,Organize oils on the shelf.,OK,place_on,place_on,Place shelf on surface.,Place the oils on the shelf.,on,on,;referent_grounding_v1:G1,,X=oils|Y=shelf
G2,00205-NEVASPhcrxR/tasks-island_3.json,163,3,Arrange the shelf with cosmetics.,OK,place_on,straighten,Place shelf with cosmetics on surface.,Straighten the shelf.,on,,;referent_grounding_v1:G2,,X=shelf
G2,00205-NEVASPhcrxR/tasks-island_3.json,165,5,Position the computer keyboard.,OK,place_on,reposition,Place computer keyboard on surface.,Reposition the computer keyboard.,on,,;referent_grounding_v1:G2,,X=computer keyboard
G1,00205-NEVASPhcrxR/tasks-island_3.json,177,3,Tidy the items on the shelf.,OK,place_on,place_on,Place shelf on surface.,Place the items on the shelf.,on,on,;referent_grounding_v1:G1,,X=items|Y=shelf
G2,00205-NEVASPhcrxR/tasks-island_3.json,184,5,Set the cup down for coffee.,OK,place_on,straighten,Place cup on surface.,Straighten the cup.,on,,;referent_grounding_v1:G2,,X=cup
G1,00205-NEVASPhcrxR/tasks-island_3.json,189,5,Organize the items on the ledge.,OK,place_on,place_on,Place ledge on surface.,Place the items on the ledge.,on,on,;referent_grounding_v1:G1,,X=items|Y=ledge
G1,00205-NEVASPhcrxR/tasks-island_3.json,191,5,Arrange the yoga mats on the shelf.,OK,place_on,place_on,Place shelf on surface.,Place the yoga mats on the shelf.,on,on,;referent_grounding_v1:G1,,X=yoga mats|Y=shelf
G2,00205-NEVASPhcrxR/tasks-island_3.json,192,3,Position the decorative plant for aesthetics.,OK,place_on,reposition,Place decorative plant on surface.,Reposition the decorative plant.,on,,;referent_grounding_v1:G2,,X=decorative plant
G1,00205-NEVASPhcrxR/tasks-island_3.json,196,2,Arrange the brochures neatly on the counter.,OK,place_on,place_on,Place brochures on surface.,Place the brochures on the counter.,on,on,;referent_grounding_v1:G1,,X=brochures|Y=counter
G1,00205-NEVASPhcrxR/tasks-island_3.json,203,1,Arrange the brochure on the display stand.,OK,place_on,place_on,Place brochure on surface.,Place the brochure on the display stand.,on,on,;referent_grounding_v1:G1,,X=brochure|Y=display stand
G1,00205-NEVASPhcrxR/tasks-island_3.json,206,3,Organize the items on the ledge.,OK,place_on,place_on,Place ledge on surface.,Place the items on the ledge.,on,on,;referent_grounding_v1:G1,,X=items|Y=ledge
G1,00205-NEVASPhcrxR/tasks-island_3.json,207,4,Display the poster on the wall board.,OK,place_in,place_on,Place poster in receptacle.,Place the poster on the wall board.,in,on,;referent_grounding_v1:G1,,X=poster|Y=wall board
G3,00205-NEVASPhcrxR/tasks-island_3.json,210,5,Stack the files neatly in the box.,OK,place_in,place_in,Place items in the box.,Place the files in the box.,in,in,;referent_grounding_v1:G3,,NP=files
G1,00205-NEVASPhcrxR/tasks-island_3.json,212,5,Arrange the cosmetics on the counter.,OK,place_on,place_on,Place cosmetics on surface.,Place the cosmetics on the counter.,on,on,;referent_grounding_v1:G1,,X=cosmetics|Y=counter
G1,00205-NEVASPhcrxR/tasks-island_3.json,213,3,Arrange the decorative plant on the table.,OK,place_on,place_on,Place decorative plant on surface.,Place the decorative plant on the table.,on,on,;referent_grounding_v1:G1,,X=decorative plant|Y=table
G1,00205-NEVASPhcrxR/tasks-island_3.json,215,4,Position the art piece on the pedestal.,OK,place_in,place_on,Place art piece in receptacle.,Place the art piece on the pedestal.,in,on,;referent_grounding_v1:G1,,X=art piece|Y=pedestal
G2,00205-NEVASPhcrxR/tasks-island_4.json,1,3,Arrange the brochure.,OK,place_in,straighten,Place brochure in receptacle.,Straighten the brochure.,in,,;referent_grounding_v1:G2,,X=brochure
G1,00205-NEVASPhcrxR/tasks-island_4.json,5,1,Organize the objects on the shelf.,OK,place_on,place_on,Place shelf on surface.,Place the objects on the shelf.,on,on,;referent_grounding_v1:G1,,X=objects|Y=shelf
G2,00205-NEVASPhcrxR/tasks-island_4.json,5,3,Arrange the backrest for comfort.,OK,place_on,straighten,Place backrest on surface.,Straighten the backrest.,on,,;referent_grounding_v1:G2,,X=backrest
G1,00205-NEVASPhcrxR/tasks-island_4.json,6,2,Arrange the items on the shelf.,OK,place_on,place_on,Place shelf on surface.,Place the items on the shelf.,on,on,;referent_grounding_v1:G1,,X=items|Y=shelf
G2,00205-NEVASPhcrxR/tasks-island_4.json,7,2,Set the backrest in position.,OK,place_in,straighten,Place backrest in receptacle.,Straighten the backrest in position.,in,,;referent_grounding_v1:G2,,X=backrest in position
G1,00205-NEVASPhcrxR/tasks-island_4.json,10,2,Arrange the items on the shelf.,OK,place_on,place_on,Place shelf on surface.,Place the items on the shelf.,on,on,;referent_grounding_v1:G1,,X=items|Y=shelf
G2,00205-NEVASPhcrxR/tasks-island_4.json,13,1,Position the sauna support correctly.,OK,place_in,reposition,Place sauna support in receptacle.,Reposition the sauna support correctly.,in,,;referent_grounding_v1:G2,,X=sauna support correctly
G1,00205-NEVASPhcrxR/tasks-island_4.json,15,4,Arrange the brochure on the table.,OK,place_on,place_on,Place brochure on surface.,Place the brochure on the table.,on,on,;referent_grounding_v1:G1,,X=brochure|Y=table
G2,00205-NEVASPhcrxR/tasks-island_4.json,19,5,Arrange the brochure.,OK,place_in,straighten,Place brochure in receptacle.,Straighten the brochure.,in,,;referent_grounding_v1:G2,,X=brochure
G2,00205-NEVASPhcrxR/tasks-island_4.json,20,2,Position the backrest.,OK,place_on,reposition,Place backrest on surface.,Reposition the backrest.,on,,;referent_grounding_v1:G2,,X=backrest
G2,00205-NEVASPhcrxR/tasks-island_4.json,22,1,Arrange the towel.,OK,place_on,straighten,Place towel on surface.,Straighten the towel.,on,,;referent_grounding_v1:G2,,X=towel
G2,00205-NEVASPhcrxR/tasks-island_4.json,24,3,Position the backrest.,OK,place_on,reposition,Place backrest on surface.,Reposition the backrest.,on,,;referent_grounding_v1:G2,,X=backrest
G2,00205-NEVASPhcrxR/tasks-island_4.json,24,4,Set the cup down.,OK,place_on,straighten,Place cup on surface.,Straighten the cup.,on,,;referent_grounding_v1:G2,,X=cup
G2,00205-NEVASPhcrxR/tasks-island_4.json,24,5,Arrange the brochure.,OK,place_on,straighten,Place brochure on surface.,Straighten the brochure.,on,,;referent_grounding_v1:G2,,X=brochure
G1,00207-FRQ75PjD278/tasks-island_0.json,0,2,Set the plate on the kitchen counter.,OK,place_on,place_on,Place plate on surface.,Place the plate on the kitchen counter.,on,on,;referent_grounding_v1:G1,,X=plate|Y=kitchen counter
G2,00207-FRQ75PjD278/tasks-island_0.json,20,2,Reposition the plant.,OK,place_on,reposition,Place plant on surface.,Reposition the plant.,on,,;referent_grounding_v1:G2,,X=plant
G1,00207-FRQ75PjD278/tasks-island_0.json,42,6,Set a plate on the counter.,OK,place_on,place_on,Place plate on surface.,Place the plate on the counter.,on,on,;referent_grounding_v1:G1,,X=plate|Y=counter
G1,00207-FRQ75PjD278/tasks-island_0.json,44,4,Set a cup on the desk.,OK,place_on,place_on,Place cup on surface.,Place the cup on the desk.,on,on,;referent_grounding_v1:G1,,X=cup|Y=desk
G2,00207-FRQ75PjD278/tasks-island_0.json,56,7,Set the camera aside.,OK,place_on,straighten,Place camera on surface.,Straighten the camera.,on,,;referent_grounding_v1:G2,,X=camera
G4,00207-FRQ75PjD278/tasks-island_0.json,57,1,Fill a pitcher at the sink.,FLAG,fill,fill,Use the sink to fill a container.,Use the sink to fill a container.,at,at,;ungrounded_anaphora,,no_vessel_found
G2,00207-FRQ75PjD278/tasks-island_1.json,10,1,Arrange the shoe rack.,OK,place_on,straighten,Place shoe rack on surface.,Straighten the shoe rack.,on,,;referent_grounding_v1:G2,,X=shoe rack
G2,00207-FRQ75PjD278/tasks-island_1.json,11,3,Set the cushion.,OK,place_on,straighten,Place cushion on surface.,Straighten the cushion.,on,,;referent_grounding_v1:G2,,X=cushion
G1,00207-FRQ75PjD278/tasks-island_1.json,14,3,Organize the shoes on the shoe rack.,OK,place_on,place_on,Place shoe rack on surface.,Place the shoes on the shoe rack.,on,on,;referent_grounding_v1:G1,,X=shoes|Y=shoe rack
G1,00207-FRQ75PjD278/tasks-island_1.json,17,4,Organize the items on the shelving.,OK,place_on,place_on,Place shelving on surface.,Place the items on the shelving.,on,on,;referent_grounding_v1:G1,,X=items|Y=shelving
G1,00207-FRQ75PjD278/tasks-island_1.json,19,1,Arrange the items on the shelf.,OK,place_on,place_on,Place shelf on surface.,Place the items on the shelf.,on,on,;referent_grounding_v1:G1,,X=items|Y=shelf
G2,00207-FRQ75PjD278/tasks-island_1.json,19,5,Organize the items inside the drawer.,OK,place_in,straighten,Place drawer in receptacle.,Straighten the items inside the drawer.,in,,;referent_grounding_v1:G2,,X=items inside the drawer
G1,00207-FRQ75PjD278/tasks-island_1.json,20,4,Organize the books on the shelving.,OK,place_on,place_on,Place shelving on surface.,Place the books on the shelving.,on,on,;referent_grounding_v1:G1,,X=books|Y=shelving
G1,00207-FRQ75PjD278/tasks-island_1.json,25,2,Set the bag by the door.,OK,place_on,place_on,Place bag on surface.,Place the bag by the door.,on,at,;referent_grounding_v1:G1,,X=bag|Y=door
G3,00207-FRQ75PjD278/tasks-island_1.json,26,2,Put the laptop in the bag.,OK,place_in,place_in,Place items in the laptop_computer.,Place the laptop in the laptop_computer.,in,in,;referent_grounding_v1:G3,,NP=laptop
G2,00207-FRQ75PjD278/tasks-island_1.json,41,3,Arrange the shoe rack.,OK,place_on,straighten,Place shoe rack on surface.,Straighten the shoe rack.,on,,;referent_grounding_v1:G2,,X=shoe rack
G2,00207-FRQ75PjD278/tasks-island_1.json,51,4,Rearrange the wardrobe.,OK,place_on,straighten,Place wardrobe on surface.,Straighten the wardrobe.,on,,;referent_grounding_v1:G2,,X=wardrobe
G1,00210-j2EJhFEQGCL/tasks-island_0.json,7,4,Set the cup on the table.,OK,place_on,place_on,Place cup on surface.,Place the cup on the table.,on,on,;referent_grounding_v1:G1,,X=cup|Y=table
G2,00210-j2EJhFEQGCL/tasks-island_0.json,11,4,Arrange the photo.,OK,place_on,straighten,Place photo on surface.,Straighten the photo.,on,,;referent_grounding_v1:G2,,X=photo
G1,00210-j2EJhFEQGCL/tasks-island_0.json,15,4,Set the cup on the table.,OK,place_on,place_on,Place cup on surface.,Place the cup on the table.,on,on,;referent_grounding_v1:G1,,X=cup|Y=table
G2,00210-j2EJhFEQGCL/tasks-island_0.json,42,2,Arrange the photo.,OK,place_on,straighten,Place photo on surface.,Straighten the photo.,on,,;referent_grounding_v1:G2,,X=photo
G2,00210-j2EJhFEQGCL/tasks-island_0.json,50,5,Arrange the chaise longue.,OK,place_on,straighten,Place chaise longue on surface.,Straighten the chaise longue.,on,,;referent_grounding_v1:G2,,X=chaise longue
G2,00210-j2EJhFEQGCL/tasks-island_0.json,53,5,Arrange the chaise longue.,OK,place_on,straighten,Place chaise longue on surface.,Straighten the chaise longue.,on,,;referent_grounding_v1:G2,,X=chaise longue
G1,00210-j2EJhFEQGCL/tasks-island_0.json,58,4,Set the bowl on the counter.,OK,place_on,place_on,Place bowl on surface.,Place the bowl on the counter.,on,on,;referent_grounding_v1:G1,,X=bowl|Y=counter
G2,00210-j2EJhFEQGCL/tasks-island_0.json,77,3,Arrange the chaise longue.,OK,place_on,straighten,Place chaise longue on surface.,Straighten the chaise longue.,on,,;referent_grounding_v1:G2,,X=chaise longue
G2,00210-j2EJhFEQGCL/tasks-island_0.json,81,4,Arrange the chaise longue.,OK,place_on,straighten,Place chaise longue on surface.,Straighten the chaise longue.,on,,;referent_grounding_v1:G2,,X=chaise longue
G1,00210-j2EJhFEQGCL/tasks-island_0.json,81,6,Set the bowl on the table.,OK,place_on,place_on,Place bowl on surface.,Place the bowl on the table.,on,on,;referent_grounding_v1:G1,,X=bowl|Y=table
G2,00210-j2EJhFEQGCL/tasks-island_0.json,85,6,Arrange the lantern.,OK,place_on,straighten,Place lantern on surface.,Straighten the lantern.,on,,;referent_grounding_v1:G2,,X=lantern
G2,00210-j2EJhFEQGCL/tasks-island_0.json,88,2,Arrange the garden chair.,OK,place_on,straighten,Place garden chair on surface.,Straighten the garden chair.,on,,;referent_grounding_v1:G2,,X=garden chair
G2,00210-j2EJhFEQGCL/tasks-island_0.json,96,4,Position the soundbar.,OK,place_on,reposition,Place soundbar on surface.,Reposition the soundbar.,on,,;referent_grounding_v1:G2,,X=soundbar
G2,00210-j2EJhFEQGCL/tasks-island_0.json,99,1,Arrange the garden chair.,OK,place_on,straighten,Place garden chair on surface.,Straighten the garden chair.,on,,;referent_grounding_v1:G2,,X=garden chair
G2,00210-j2EJhFEQGCL/tasks-island_0.json,101,5,Arrange the vase.,OK,place_on,straighten,Place vase on surface.,Straighten the vase.,on,,;referent_grounding_v1:G2,,X=vase
G2,00210-j2EJhFEQGCL/tasks-island_0.json,106,6,Position the chaise longue.,OK,place_on,reposition,Place chaise longue on surface.,Reposition the chaise longue.,on,,;referent_grounding_v1:G2,,X=chaise longue
G2,00210-j2EJhFEQGCL/tasks-island_0.json,108,5,Arrange the decor.,OK,place_on,straighten,Place decor on surface.,Straighten the decor.,on,,;referent_grounding_v1:G2,,X=decor
G2,00210-j2EJhFEQGCL/tasks-island_0.json,109,3,Arrange the garden chair.,OK,place_on,straighten,Place garden chair on surface.,Straighten the garden chair.,on,,;referent_grounding_v1:G2,,X=garden chair
G2,00210-j2EJhFEQGCL/tasks-island_0.json,111,2,Position the soundbar.,OK,place_on,reposition,Place soundbar on surface.,Reposition the soundbar.,on,,;referent_grounding_v1:G2,,X=soundbar
G2,00210-j2EJhFEQGCL/tasks-island_0.json,116,6,Position the chaise longue.,OK,place_on,reposition,Place chaise longue on surface.,Reposition the chaise longue.,on,,;referent_grounding_v1:G2,,X=chaise longue
G2,00210-j2EJhFEQGCL/tasks-island_0.json,125,5,Arrange the book.,OK,place_on,straighten,Place book on surface.,Straighten the book.,on,,;referent_grounding_v1:G2,,X=book
G2,00210-j2EJhFEQGCL/tasks-island_0.json,128,4,Arrange the heater.,OK,place_on,straighten,Place heater on surface.,Straighten the heater.,on,,;referent_grounding_v1:G2,,X=heater
G2,00210-j2EJhFEQGCL/tasks-island_0.json,130,2,Arrange the chaise longue.,OK,place_on,straighten,Place chaise longue on surface.,Straighten the chaise longue.,on,,;referent_grounding_v1:G2,,X=chaise longue
G2,00210-j2EJhFEQGCL/tasks-island_0.json,133,5,Arrange the wardrobe.,OK,place_on,straighten,Place wardrobe on surface.,Straighten the wardrobe.,on,,;referent_grounding_v1:G2,,X=wardrobe
G2,00210-j2EJhFEQGCL/tasks-island_0.json,136,5,Arrange the shampoo.,OK,place_on,straighten,Place shampoo on surface.,Straighten the shampoo.,on,,;referent_grounding_v1:G2,,X=shampoo
G2,00210-j2EJhFEQGCL/tasks-island_0.json,137,3,Arrange the chaise longue.,OK,place_on,straighten,Place chaise longue on surface.,Straighten the chaise longue.,on,,;referent_grounding_v1:G2,,X=chaise longue
G2,00210-j2EJhFEQGCL/tasks-island_0.json,147,4,Arrange the chaise longue.,OK,place_on,straighten,Place chaise longue on surface.,Straighten the chaise longue.,on,,;referent_grounding_v1:G2,,X=chaise longue
G2,00210-j2EJhFEQGCL/tasks-island_0.json,148,3,Arrange the garden chair.,OK,place_on,straighten,Place garden chair on surface.,Straighten the garden chair.,on,,;referent_grounding_v1:G2,,X=garden chair
G1,00210-j2EJhFEQGCL/tasks-island_0.json,150,3,Set the vase on the table.,OK,place_on,place_on,Place vase on surface.,Place the vase on the table.,on,on,;referent_grounding_v1:G1,,X=vase|Y=table
G2,00210-j2EJhFEQGCL/tasks-island_0.json,159,7,Arrange the chaise longue.,OK,place_on,straighten,Place chaise longue on surface.,Straighten the chaise longue.,on,,;referent_grounding_v1:G2,,X=chaise longue
G3,00210-j2EJhFEQGCL/tasks-island_0.json,161,4,Put the pan away in the cabinet.,OK,store,store,Store items in the cabinet.,Store the pan in the cabinet.,in,in,;referent_grounding_v1:G3,,NP=pan
G2,00217-qz3829g1Lzf/tasks-island_0.json,15,3,Set the plate.,OK,place_on,straighten,Place plate on surface.,Straighten the plate.,on,,;referent_grounding_v1:G2,,X=plate
G2,00217-qz3829g1Lzf/tasks-island_0.json,19,4,Set the backpack down.,OK,place_on,straighten,Place backpack on surface.,Straighten the backpack.,on,,;referent_grounding_v1:G2,,X=backpack
G1,00217-qz3829g1Lzf/tasks-island_0.json,40,4,Set the cup on the stand.,OK,place_on,place_on,Place cup on surface.,Place the cup on the stand.,on,on,;referent_grounding_v1:G1,,X=cup|Y=stand
G1,00217-qz3829g1Lzf/tasks-island_0.json,69,5,Set the plate on the table.,OK,place_on,place_on,Place plate on surface.,Place the plate on the table.,on,on,;referent_grounding_v1:G1,,X=plate|Y=table
G2,00217-qz3829g1Lzf/tasks-island_0.json,81,1,Position the monitor correctly.,OK,place_on,reposition,Place monitor on surface.,Reposition the monitor correctly.,on,,;referent_grounding_v1:G2,,X=monitor correctly
G2,00217-qz3829g1Lzf/tasks-island_0.json,87,4,Arrange the storage box.,OK,place_on,straighten,Place box on surface.,Straighten the storage box.,on,,;referent_grounding_v1:G2,,X=storage box
G2,00217-qz3829g1Lzf/tasks-island_0.json,101,6,Rearrange the cabinet.,OK,place_on,straighten,Place cabinet on surface.,Straighten the cabinet.,on,,;referent_grounding_v1:G2,,X=cabinet
G2,00217-qz3829g1Lzf/tasks-island_0.json,104,5,Arrange the rack.,OK,place_on,straighten,Place rack on surface.,Straighten the rack.,on,,;referent_grounding_v1:G2,,X=rack
G3,00217-qz3829g1Lzf/tasks-island_0.json,114,3,Put away clothes in the wardrobe.,OK,store,store,Store items in the wardrobe.,Store the clothes in the wardrobe.,in,in,;referent_grounding_v1:G3,,NP=clothes
G2,00217-qz3829g1Lzf/tasks-island_0.json,120,5,Position the keyboard.,OK,place_on,reposition,Place keyboard on surface.,Reposition the keyboard.,on,,;referent_grounding_v1:G2,,X=keyboard
G2,00217-qz3829g1Lzf/tasks-island_0.json,128,2,Arrange the flower.,OK,place_on,straighten,Place flower on surface.,Straighten the flower.,on,,;referent_grounding_v1:G2,,X=flower
G2,00217-qz3829g1Lzf/tasks-island_0.json,133,4,Arrange the flower.,OK,place_on,straighten,Place flower on surface.,Straighten the flower.,on,,;referent_grounding_v1:G2,,X=flower
G2,00217-qz3829g1Lzf/tasks-island_0.json,145,2,Arrange the chandelier.,OK,place_on,straighten,Place chandelier on surface.,Straighten the chandelier.,on,,;referent_grounding_v1:G2,,X=chandelier
G2,00222-g8Xrdbe9fir/tasks-island_0.json,5,2,Arrange the wall cabinet.,OK,place_on,straighten,Place wall cabinet on surface.,Straighten the wall cabinet.,on,,;referent_grounding_v1:G2,,X=wall cabinet
G4,00222-g8Xrdbe9fir/tasks-island_0.json,7,3,Fill it at the sink.,RESOLVED,fill,fill,Use the sink to fill a container.,Fill the kettle at the sink.,at,at,;referent_grounding_v1:G4,,vessel=kettle
G2,00222-g8Xrdbe9fir/tasks-island_0.json,35,1,Arrange the wall cabinet.,OK,place_on,straighten,Place wall cabinet on surface.,Straighten the wall cabinet.,on,,;referent_grounding_v1:G2,,X=wall cabinet
G2,00222-g8Xrdbe9fir/tasks-island_2.json,11,2,Arrange the towel bar.,OK,place_on,straighten,Place towel bar on surface.,Straighten the towel bar.,on,,;referent_grounding_v1:G2,,X=towel bar
G2,00222-g8Xrdbe9fir/tasks-island_2.json,13,1,Arrange the towel bar.,OK,place_on,straighten,Place towel bar on surface.,Straighten the towel bar.,on,,;referent_grounding_v1:G2,,X=towel bar
G1,00234-nACV8wLu1u5/tasks-island_0.json,0,3,Organize the detergent on the shelf.,OK,place_on,place_on,Place shelf on surface.,Place the detergent on the shelf.,on,on,;referent_grounding_v1:G1,,X=detergent|Y=shelf
G1,00234-nACV8wLu1u5/tasks-island_0.json,2,4,Organize the items on the shelving.,OK,place_on,place_on,Place shelving on surface.,Place the items on the shelving.,on,on,;referent_grounding_v1:G1,,X=items|Y=shelving
G2,00234-nACV8wLu1u5/tasks-island_0.json,15,4,Rearrange the bag.,OK,place_on,straighten,Place bag on surface.,Straighten the bag.,on,,;referent_grounding_v1:G2,,X=bag
G2,00234-nACV8wLu1u5/tasks-island_0.json,16,6,Arrange the broom.,OK,place_on,straighten,Place broom on surface.,Straighten the broom.,on,,;referent_grounding_v1:G2,,X=broom
G1,00234-nACV8wLu1u5/tasks-island_1.json,44,2,Set the cup on the table cloth.,OK,place_on,place_on,Place cup on surface.,Place the cup on the table cloth.,on,on,;referent_grounding_v1:G1,,X=cup|Y=table cloth
G4,00234-nACV8wLu1u5/tasks-island_1.json,52,1,Fill the bottle at the sink.,FLAG,fill,fill,Use the sink to fill a container.,Use the sink to fill a container.,at,at,;ungrounded_anaphora,,no_vessel_found
G1,00234-nACV8wLu1u5/tasks-island_1.json,60,4,Organize the items on the shelving.,OK,place_on,place_on,Place shelving on surface.,Place the items on the shelving.,on,on,;referent_grounding_v1:G1,,X=items|Y=shelving
G1,00234-nACV8wLu1u5/tasks-island_1.json,66,5,Set the plate on the table.,OK,place_on,place_on,Place plate on surface.,Place the plate on the table.,on,on,;referent_grounding_v1:G1,,X=plate|Y=table
G2,00234-nACV8wLu1u5/tasks-island_1.json,67,3,Arrange the bathroom utensil.,OK,place_on,straighten,Place bathroom utensil on surface.,Straighten the bathroom utensil.,on,,;referent_grounding_v1:G2,,X=bathroom utensil
G2,00234-nACV8wLu1u5/tasks-island_1.json,75,3,Arrange the shelving.,OK,place_on,straighten,Place shelving on surface.,Straighten the shelving.,on,,;referent_grounding_v1:G2,,X=shelving
G2,00234-nACV8wLu1u5/tasks-island_1.json,89,5,Arrange the vase.,OK,place_on,straighten,Place vase on surface.,Straighten the vase.,on,,;referent_grounding_v1:G2,,X=vase
G1,00234-nACV8wLu1u5/tasks-island_1.json,114,2,Set the plate on the table.,OK,place_on,place_on,Place plate on surface.,Place the plate on the table.,on,on,;referent_grounding_v1:G1,,X=plate|Y=table
G2,00234-nACV8wLu1u5/tasks-island_1.json,117,4,Arrange the bathroom utensil.,OK,place_on,straighten,Place bathroom utensil on surface.,Straighten the bathroom utensil.,on,,;referent_grounding_v1:G2,,X=bathroom utensil
G2,00234-nACV8wLu1u5/tasks-island_1.json,125,4,Set the plate down.,OK,place_on,straighten,Place plate on surface.,Straighten the plate.,on,,;referent_grounding_v1:G2,,X=plate
G2,00234-nACV8wLu1u5/tasks-island_1.json,131,3,Arrange the vase.,OK,place_in,straighten,Place vase in receptacle.,Straighten the vase.,in,,;referent_grounding_v1:G2,,X=vase
G2,00234-nACV8wLu1u5/tasks-island_1.json,141,5,Set the plate.,OK,place_on,straighten,Place plate on surface.,Straighten the plate.,on,,;referent_grounding_v1:G2,,X=plate
G4,00238-j6fHrce9pHR/tasks-island_0.json,0,2,Fill the cup at the sink.,RESOLVED,fill,fill,Use the sink to fill a container.,Fill the cup at the sink.,at,at,;referent_grounding_v1:G4,,vessel=cup
G1,00238-j6fHrce9pHR/tasks-island_0.json,7,3,Set the pitcher on the table.,OK,place_on,place_on,Place pitcher on surface.,Place the pitcher on the table.,on,on,;referent_grounding_v1:G1,,X=pitcher|Y=table
G2,00238-j6fHrce9pHR/tasks-island_0.json,16,2,Arrange the shelving.,OK,place_on,straighten,Place shelving on surface.,Straighten the shelving.,on,,;referent_grounding_v1:G2,,X=shelving
G4,00238-j6fHrce9pHR/tasks-island_0.json,29,3,Fill it at the sink.,RESOLVED,fill,fill,Use the sink to fill a container.,Fill the pitcher at the sink.,at,at,;referent_grounding_v1:G4,,vessel=pitcher
G1,00238-j6fHrce9pHR/tasks-island_0.json,30,3,Set the bowl on the table.,OK,place_on,place_on,Place bowl on surface.,Place the bowl on the table.,on,on,;referent_grounding_v1:G1,,X=bowl|Y=table
G2,00238-j6fHrce9pHR/tasks-island_0.json,47,3,Display the flower vase as a centerpiece.,OK,place_on,straighten,Place flower vase on surface.,Straighten the flower vase as a centerpiece.,on,,;referent_grounding_v1:G2,,X=flower vase as a centerpiece
G1,00238-j6fHrce9pHR/tasks-island_0.json,48,2,Arrange items on the closet shelving.,OK,place_on,place_on,Place closet shelving on surface.,Place the items on the closet shelving.,on,on,;referent_grounding_v1:G1,,X=items|Y=closet shelving
G2,00238-j6fHrce9pHR/tasks-island_0.json,66,2,Reposition the monitor for better view.,OK,place_on,reposition,Place monitor on surface.,Reposition the monitor.,on,,;referent_grounding_v1:G2,,X=monitor
G1,00238-j6fHrce9pHR/tasks-island_0.json,73,3,Arrange a small decoration on the table.,OK,place_on,place_on,Place decoration on surface.,Place the small decoration on the table.,on,on,;referent_grounding_v1:G1,,X=small decoration|Y=table
G1,00238-j6fHrce9pHR/tasks-island_0.json,73,4,Position the flowerpot by the window.,OK,place_on,place_on,Place flowerpot on surface.,Place the flowerpot by the window.,on,at,;referent_grounding_v1:G1,,X=flowerpot|Y=window
G2,00238-j6fHrce9pHR/tasks-island_0.json,101,3,Arrange the soft chair.,OK,place_on,straighten,Place soft chair on surface.,Straighten the soft chair.,on,,;referent_grounding_v1:G2,,X=soft chair
G2,00238-j6fHrce9pHR/tasks-island_0.json,131,5,Set the pitcher for drinks.,OK,place_on,straighten,Place pitcher on surface.,Straighten the pitcher.,on,,;referent_grounding_v1:G2,,X=pitcher
G1,00238-j6fHrce9pHR/tasks-island_0.json,142,3,Arrange shoes on the closet shelving.,OK,place_on,place_on,Place closet shelving on surface.,Place the shoes on the closet shelving.,on,on,;referent_grounding_v1:G1,,X=shoes|Y=closet shelving
G2,00238-j6fHrce9pHR/tasks-island_0.json,148,5,Arrange the shampoo bottles.,OK,place_on,straighten,Place shampoo on surface.,Straighten the shampoo bottles.,on,,;referent_grounding_v1:G2,,X=shampoo bottles
G2,00238-j6fHrce9pHR/tasks-island_0.json,151,1,Arrange the soft chair for reading.,OK,place_on,straighten,Place soft chair on surface.,Straighten the soft chair.,on,,;referent_grounding_v1:G2,,X=soft chair
G1,00238-j6fHrce9pHR/tasks-island_0.json,151,5,Set the magazine on the side table.,OK,place_on,place_on,Place magazine on surface.,Place the magazine on the side table.,on,on,;referent_grounding_v1:G1,,X=magazine|Y=side table
G2,00238-j6fHrce9pHR/tasks-island_0.json,159,2,Arrange the shampoo bottles neatly.,OK,place_on,straighten,Place shampoo on surface.,Straighten the shampoo bottles.,on,,;referent_grounding_v1:G2,,X=shampoo bottles
G1,00238-j6fHrce9pHR/tasks-island_0.json,160,3,Arrange flowers in the flower vase.,OK,place_in,place_in,Place flower vase in receptacle.,Place the flowers in the flower vase.,in,in,;referent_grounding_v1:G1,,X=flowers|Y=flower vase
G2,00238-j6fHrce9pHR/tasks-island_0.json,160,4,Set the bowl for soup.,OK,place_on,straighten,Place bowl on surface.,Straighten the bowl.,on,,;referent_grounding_v1:G2,,X=bowl
G2,00238-j6fHrce9pHR/tasks-island_0.json,171,1,Arrange the book alphabetically.,OK,place_on,straighten,Place book on surface.,Straighten the book alphabetically.,on,,;referent_grounding_v1:G2,,X=book alphabetically
G1,00238-j6fHrce9pHR/tasks-island_0.json,171,4,Organize magazines on the closet shelving.,OK,place_on,place_on,Place closet shelving on surface.,Place the magazines on the closet shelving.,on,on,;referent_grounding_v1:G1,,X=magazines|Y=closet shelving
G1,00238-j6fHrce9pHR/tasks-island_0.json,173,3,Organize baby clothes in the dresser.,OK,place_in,place_in,Place dresser in receptacle.,Place the baby clothes in the dresser.,in,in,;referent_grounding_v1:G1,,X=baby clothes|Y=dresser
G1,00238-j6fHrce9pHR/tasks-island_0.json,177,3,Organize items on the dresser.,OK,place_on,place_on,Place dresser on surface.,Place the items on the dresser.,on,on,;referent_grounding_v1:G1,,X=items|Y=dresser
G2,00238-j6fHrce9pHR/tasks-island_0.json,195,1,Arrange the cabinet.,OK,place_on,straighten,Place cabinet on surface.,Straighten the cabinet.,on,,;referent_grounding_v1:G2,,X=cabinet
G4,00238-j6fHrce9pHR/tasks-island_0.json,199,2,Fill it from the pitcher.,RESOLVED,fill,fill,Use the pitcher to fill a container.,Use the pitcher to fill the cup.,,,;referent_grounding_v1:G4,,vessel=cup
G3,00238-j6fHrce9pHR/tasks-island_0.json,210,4,Put the phone on the shelf.,OK,place_on,place_on,Place items on the cellular_telephone.,Place the phone on the cellular_telephone.,on,on,;referent_grounding_v1:G3,,NP=phone
G4,00238-j6fHrce9pHR/tasks-island_0.json,223,2,Fill it from the pitcher.,RESOLVED,fill,fill,Use the pitcher to fill a container.,Use the pitcher to fill the cup.,,,;referent_grounding_v1:G4,,vessel=cup
G2,00238-j6fHrce9pHR/tasks-island_0.json,226,3,Arrange the shoe.,OK,place_on,straighten,Place shoe on surface.,Straighten the shoe.,on,,;referent_grounding_v1:G2,,X=shoe
G1,00238-j6fHrce9pHR/tasks-island_0.json,228,6,Set the bowl on the table.,OK,place_on,place_on,Place bowl on surface.,Place the bowl on the table.,on,on,;referent_grounding_v1:G1,,X=bowl|Y=table
G1,00238-j6fHrce9pHR/tasks-island_0.json,241,4,Set the pitcher on the table.,OK,place_in,place_on,Place pitcher in receptacle.,Place the pitcher on the table.,in,on,;referent_grounding_v1:G1,,X=pitcher|Y=table
G2,00238-j6fHrce9pHR/tasks-island_0.json,243,5,Arrange the lamp stand.,OK,place_on,straighten,Place lamp stand on surface.,Straighten the lamp stand.,on,,;referent_grounding_v1:G2,,X=lamp stand
G2,00238-j6fHrce9pHR/tasks-island_0.json,247,4,Set the cup.,OK,place_on,straighten,Place cup on surface.,Straighten the cup.,on,,;referent_grounding_v1:G2,,X=cup
G2,00238-j6fHrce9pHR/tasks-island_0.json,253,4,Arrange the shelving.,OK,place_in,straighten,Place shelving in receptacle.,Straighten the shelving.,in,,;referent_grounding_v1:G2,,X=shelving
G2,00238-j6fHrce9pHR/tasks-island_0.json,254,2,Arrange the flower vase.,OK,place_on,straighten,Place flower vase on surface.,Straighten the flower vase.,on,,;referent_grounding_v1:G2,,X=flower vase
G2,00238-j6fHrce9pHR/tasks-island_0.json,260,2,Arrange the cabinet.,OK,place_on,straighten,Place cabinet on surface.,Straighten the cabinet.,on,,;referent_grounding_v1:G2,,X=cabinet
G2,00238-j6fHrce9pHR/tasks-island_0.json,269,3,Arrange the flower vase.,OK,place_on,straighten,Place flower vase on surface.,Straighten the flower vase.,on,,;referent_grounding_v1:G2,,X=flower vase
G1,00238-j6fHrce9pHR/tasks-island_0.json,280,7,Rearrange the flowerpot on the sill.,OK,place_on,place_on,Place flowerpot on surface.,Place the flowerpot on the sill.,on,on,;referent_grounding_v1:G1,,X=flowerpot|Y=sill
G1,00238-j6fHrce9pHR/tasks-island_0.json,284,5,Arrange the book on the shelf.,OK,place_on,place_on,Place book on surface.,Place the book on the shelf.,on,on,;referent_grounding_v1:G1,,X=book|Y=shelf
G2,00238-j6fHrce9pHR/tasks-island_0.json,299,3,Arrange the book.,OK,place_on,straighten,Place book on surface.,Straighten the book.,on,,;referent_grounding_v1:G2,,X=book
G2,00238-j6fHrce9pHR/tasks-island_0.json,301,4,Arrange the magazine.,OK,place_on,straighten,Place magazine on surface.,Straighten the magazine.,on,,;referent_grounding_v1:G2,,X=magazine
G2,00238-j6fHrce9pHR/tasks-island_0.json,302,5,Rearrange the soft chair.,OK,place_on,straighten,Place soft chair on surface.,Straighten the soft chair.,on,,;referent_grounding_v1:G2,,X=soft chair
G1,00238-j6fHrce9pHR/tasks-island_0.json,328,7,Arrange flowers in the flower vase.,OK,place_in,place_in,Place flower vase in receptacle.,Place the flowers in the flower vase.,in,in,;referent_grounding_v1:G1,,X=flowers|Y=flower vase
G2,00238-j6fHrce9pHR/tasks-island_0.json,329,4,Tidy your hair with the hairbrush.,OK,place_in,straighten,Place hairbrush in receptacle.,Straighten the hair.,in,,;referent_grounding_v1:G2,,X=hair
G2,00238-j6fHrce9pHR/tasks-island_0.json,344,2,Organize the shoes inside the wardrobe.,OK,place_in,straighten,Place wardrobe in receptacle.,Straighten the shoes inside the wardrobe.,in,,;referent_grounding_v1:G2,,X=shoes inside the wardrobe
G1,00238-j6fHrce9pHR/tasks-island_0.json,346,3,Rearrange the boxes on the shelving.,OK,place_on,place_on,Place shelving on surface.,Place the boxes on the shelving.,on,on,;referent_grounding_v1:G1,,X=boxes|Y=shelving
G1,00238-j6fHrce9pHR/tasks-island_0.json,346,6,Sort the loose items into the basket.,OK,place_in,place_in,Place basket in receptacle.,Place the loose items into the basket.,in,in,;referent_grounding_v1:G1,,X=loose items|Y=basket
G2,00238-j6fHrce9pHR/tasks-island_0.json,347,4,Position the mouse for easy use.,OK,place_on,reposition,Place mouse on surface.,Reposition the mouse.,on,,;referent_grounding_v1:G2,,X=mouse
G1,00238-j6fHrce9pHR/tasks-island_0.json,349,6,Set the magazine aside on the table.,OK,place_on,place_on,Place magazine on surface.,Place the magazine on the table.,on,on,;referent_grounding_v1:G1,,X=magazine|Y=table
G1,00238-j6fHrce9pHR/tasks-island_0.json,352,4,Set the pitcher on the bedside table.,OK,place_on,place_on,Place pitcher on surface.,Place the pitcher on the bedside table.,on,on,;referent_grounding_v1:G1,,X=pitcher|Y=bedside table
G1,00238-j6fHrce9pHR/tasks-island_0.json,353,2,Sort the goods in the cabinet.,OK,place_in,place_in,Place cabinet in receptacle.,Place the goods in the cabinet.,in,in,;referent_grounding_v1:G1,,X=goods|Y=cabinet
G1,00238-j6fHrce9pHR/tasks-island_0.json,353,4,Organize the spices in the wall cabinet.,OK,place_in,place_in,Place wall cabinet in receptacle.,Place the spices in the wall cabinet.,in,in,;referent_grounding_v1:G1,,X=spices|Y=wall cabinet
G3,00238-j6fHrce9pHR/tasks-island_0.json,353,5,Stack the plates in the kitchen cabinet.,OK,place_in,place_in,Place items in the kitchen cabinet.,Place the plates in the kitchen cabinet.,in,in,;referent_grounding_v1:G3,,NP=plates
G2,00238-j6fHrce9pHR/tasks-island_0.json,354,3,Position the monitor correctly.,OK,place_on,reposition,Place monitor on surface.,Reposition the monitor correctly.,on,,;referent_grounding_v1:G2,,X=monitor correctly
G2,00238-j6fHrce9pHR/tasks-island_0.json,355,7,Arrange the shampoo bottles neatly.,OK,place_on,straighten,Place shampoo on surface.,Straighten the shampoo bottles.,on,,;referent_grounding_v1:G2,,X=shampoo bottles
G1,00238-j6fHrce9pHR/tasks-island_0.json,358,4,Set the cup on the saucer.,OK,place_on,place_on,Place cup on surface.,Place the cup on the saucer.,on,on,;referent_grounding_v1:G1,,X=cup|Y=saucer
G1,00238-j6fHrce9pHR/tasks-island_0.json,360,3,Sort the supplies on the shelving.,OK,place_on,place_on,Place shelving on surface.,Place the supplies on the shelving.,on,on,;referent_grounding_v1:G1,,X=supplies|Y=shelving
G1,00238-j6fHrce9pHR/tasks-island_0.json,360,4,Organize the chemicals in the cabinet.,OK,place_in,place_in,Place cabinet in receptacle.,Place the chemicals in the cabinet.,in,in,;referent_grounding_v1:G1,,X=chemicals|Y=cabinet
G2,00238-j6fHrce9pHR/tasks-island_0.json,362,7,Tidy your hair with the hairbrush.,OK,place_in,straighten,Place hairbrush in receptacle.,Straighten the hair.,in,,;referent_grounding_v1:G2,,X=hair
G1,00238-j6fHrce9pHR/tasks-island_0.json,364,4,Sort the tools in the tool box.,OK,place_in,place_in,Place tool box in receptacle.,Place the tools in the tool box.,in,in,;referent_grounding_v1:G1,,X=tools|Y=tool box
G1,00238-j6fHrce9pHR/tasks-island_0.json,365,2,Arrange the throw on the sofa seat.,OK,place_on,place_on,Place sofa seat on surface.,Place the throw on the sofa seat.,on,on,;referent_grounding_v1:G1,,X=throw|Y=sofa seat
G2,00238-j6fHrce9pHR/tasks-island_0.json,371,7,Arrange the pair of shoes neatly.,OK,place_on,straighten,Place shoe on surface.,Straighten the pair of shoes.,on,,;referent_grounding_v1:G2,,X=pair of shoes
G1,00238-j6fHrce9pHR/tasks-island_0.json,375,7,Set the pitcher on the table.,OK,place_on,place_on,Place pitcher on surface.,Place the pitcher on the table.,on,on,;referent_grounding_v1:G1,,X=pitcher|Y=table
G4,00238-j6fHrce9pHR/tasks-island_0.json,394,4,Fill the cup from the sink.,RESOLVED,fill,fill,Use the sink to fill a container.,Fill the pitcher at the sink.,,,;referent_grounding_v1:G4,,vessel=pitcher
G1,00238-j6fHrce9pHR/tasks-island_0.json,396,2,Set the wine bottle on the table.,OK,place_on,place_on,Place wine bottle on surface.,Place the wine bottle on the table.,on,on,;referent_grounding_v1:G1,,X=wine bottle|Y=table
G2,00238-j6fHrce9pHR/tasks-island_0.json,407,1,Arrange the soft chair.,OK,place_on,straighten,Place soft chair on surface.,Straighten the soft chair.,on,,;referent_grounding_v1:G2,,X=soft chair
G1,00238-j6fHrce9pHR/tasks-island_0.json,413,3,Arrange items on the shelving.,OK,place_on,place_on,Place shelving on surface.,Place the items on the shelving.,on,on,;referent_grounding_v1:G1,,X=items|Y=shelving
G1,00238-j6fHrce9pHR/tasks-island_0.json,442,4,Arrange the flower vase on the table.,OK,place_on,place_on,Place flower vase on surface.,Place the flower vase on the table.,on,on,;referent_grounding_v1:G1,,X=flower vase|Y=table
G2,00238-j6fHrce9pHR/tasks-island_0.json,446,3,Arrange the shelving unit.,OK,place_on,straighten,Place shelving on surface.,Straighten the shelving unit.,on,,;referent_grounding_v1:G2,,X=shelving unit
G1,00238-j6fHrce9pHR/tasks-island_0.json,449,1,Organize the items on the shelf.,OK,place_on,place_on,Place shelf on surface.,Place the items on the shelf.,on,on,;referent_grounding_v1:G1,,X=items|Y=shelf
G1,00238-j6fHrce9pHR/tasks-island_0.json,449,3,Arrange the cabinet in the storage area.,OK,place_in,place_in,Place cabinet in receptacle.,Place the cabinet in the storage area.,in,in,;referent_grounding_v1:G1,,X=cabinet|Y=storage area
G1,00238-j6fHrce9pHR/tasks-island_0.json,450,3,Position the mouse on the pad.,OK,place_on,place_on,Place mouse on surface.,Place the mouse on the pad.,on,on,;referent_grounding_v1:G1,,X=mouse|Y=pad
G1,00238-j6fHrce9pHR/tasks-island_0.json,467,6,Set the cup down on the dresser.,OK,place_in,place_on,Place cup in receptacle.,Place the cup on the dresser.,in,on,;referent_grounding_v1:G1,,X=cup|Y=dresser
G3,00238-j6fHrce9pHR/tasks-island_0.json,471,4,Put away the detergent in the wall cabinet.,OK,store,store,Store items in the wall cabinet.,Store the detergent in the wall cabinet.,in,in,;referent_grounding_v1:G3,,NP=detergent
G2,00238-j6fHrce9pHR/tasks-island_0.json,473,3,Arrange the sofa seat.,OK,place_on,straighten,Place sofa seat on surface.,Straighten the sofa seat.,on,,;referent_grounding_v1:G2,,X=sofa seat
G2,00238-j6fHrce9pHR/tasks-island_0.json,480,3,Arrange the towel.,OK,place_on,straighten,Place towel on surface.,Straighten the towel.,on,,;referent_grounding_v1:G2,,X=towel
G2,00238-j6fHrce9pHR/tasks-island_0.json,484,6,Set the bowl.,OK,place_on,straighten,Place bowl on surface.,Straighten the bowl.,on,,;referent_grounding_v1:G2,,X=bowl
G1,00241-h6nwVLpAKQz/tasks-island_1.json,48,2,Organize shoes on the rack.,OK,place_on,place_on,Place rack on surface.,Place the shoes on the rack.,on,on,;referent_grounding_v1:G1,,X=shoes|Y=rack
G2,00241-h6nwVLpAKQz/tasks-island_1.json,66,2,Arrange the rack.,OK,place_on,straighten,Place rack on surface.,Straighten the rack.,on,,;referent_grounding_v1:G2,,X=rack
G2,00245-741Fdj7NLF9/tasks-island_0.json,10,2,Arrange the magazines.,OK,place_on,straighten,Place magazine on surface.,Straighten the magazines.,on,,;referent_grounding_v1:G2,,X=magazines
G4,00245-741Fdj7NLF9/tasks-island_0.json,13,2,Fill it at the sink.,RESOLVED,fill,fill,Use the sink to fill a container.,Fill the cup at the sink.,at,at,;referent_grounding_v1:G4,,vessel=cup
G1,00245-741Fdj7NLF9/tasks-island_0.json,18,1,Organize the items on the shelf.,OK,place_on,place_on,Place shelf on surface.,Place the items on the shelf.,on,on,;referent_grounding_v1:G1,,X=items|Y=shelf
G2,00245-741Fdj7NLF9/tasks-island_0.json,24,5,Arrange the rack.,OK,place_on,straighten,Place rack on surface.,Straighten the rack.,on,,;referent_grounding_v1:G2,,X=rack
G1,00245-741Fdj7NLF9/tasks-island_0.json,49,1,Organize items on the rack.,OK,place_on,place_on,Place rack on surface.,Place the items on the rack.,on,on,;referent_grounding_v1:G1,,X=items|Y=rack
G4,00245-741Fdj7NLF9/tasks-island_0.json,55,3,Fill it at the sink.,RESOLVED,fill,fill,Use the sink to fill a container.,Fill the cup at the sink.,at,at,;referent_grounding_v1:G4,,vessel=cup
G2,00245-741Fdj7NLF9/tasks-island_0.json,86,5,Set the tray.,OK,place_on,straighten,Place tray on surface.,Straighten the tray.,on,,;referent_grounding_v1:G2,,X=tray
G2,00245-741Fdj7NLF9/tasks-island_0.json,86,6,Arrange the vase.,OK,place_on,straighten,Place vase on surface.,Straighten the vase.,on,,;referent_grounding_v1:G2,,X=vase
G4,00245-741Fdj7NLF9/tasks-island_0.json,89,3,Fill the cup at the sink.,RESOLVED,fill,fill,Use the sink to fill a container.,Fill the cup at the sink.,at,at,;referent_grounding_v1:G4,,vessel=cup
G2,00245-741Fdj7NLF9/tasks-island_0.json,89,6,Set the tray.,OK,place_on,straighten,Place tray on surface.,Straighten the tray.,on,,;referent_grounding_v1:G2,,X=tray
G2,00245-741Fdj7NLF9/tasks-island_0.json,98,3,Arrange the tray.,OK,place_on,straighten,Place tray on surface.,Straighten the tray.,on,,;referent_grounding_v1:G2,,X=tray
G2,00245-741Fdj7NLF9/tasks-island_0.json,104,2,Set the cup.,OK,place_in,straighten,Place cup in receptacle.,Straighten the cup.,in,,;referent_grounding_v1:G2,,X=cup
G1,00250-U3oQjwTuMX8/tasks-island_0.json,0,2,Organize files in the cabinet.,OK,place_in,place_in,Place cabinet in receptacle.,Place the files in the cabinet.,in,in,;referent_grounding_v1:G1,,X=files|Y=cabinet
G2,00250-U3oQjwTuMX8/tasks-island_0.json,14,3,Arrange the flower vase.,OK,place_on,straighten,Place flower vase on surface.,Straighten the flower vase.,on,,;referent_grounding_v1:G2,,X=flower vase
G2,00250-U3oQjwTuMX8/tasks-island_0.json,33,4,Set the box down.,OK,place_on,straighten,Place box on surface.,Straighten the box.,on,,;referent_grounding_v1:G2,,X=box
G2,00250-U3oQjwTuMX8/tasks-island_0.json,36,3,Arrange the flower vase.,OK,place_on,straighten,Place flower vase on surface.,Straighten the flower vase.,on,,;referent_grounding_v1:G2,,X=flower vase
G2,00250-U3oQjwTuMX8/tasks-island_0.json,44,3,Set the tray.,OK,place_on,straighten,Place tray on surface.,Straighten the tray.,on,,;referent_grounding_v1:G2,,X=tray
G4,00250-U3oQjwTuMX8/tasks-island_0.json,55,2,Fill the cup at the sink.,RESOLVED,fill,fill,Use the sink to fill a container.,Fill the cup at the sink.,at,at,;referent_grounding_v1:G4,,vessel=cup
G1,00250-U3oQjwTuMX8/tasks-island_0.json,64,5,Organize files in the cabinet.,OK,place_in,place_in,Place cabinet in receptacle.,Place the files in the cabinet.,in,in,;referent_grounding_v1:G1,,X=files|Y=cabinet
G4,00250-U3oQjwTuMX8/tasks-island_0.json,88,4,Fill a bottle at the water fountain.,FLAG,fill,fill,Use the water fountain to fill a container.,Use the water fountain to fill a container.,at,at,;ungrounded_anaphora,,no_vessel_found
G1,00250-U3oQjwTuMX8/tasks-island_0.json,92,2,Position the computer keyboard on the desk.,OK,place_on,place_on,Place computer keyboard on surface.,Place the computer keyboard on the desk.,on,on,;referent_grounding_v1:G1,,X=computer keyboard|Y=desk
G1,00250-U3oQjwTuMX8/tasks-island_0.json,119,3,Sort items into the basket.,OK,place_in,place_in,Place basket in receptacle.,Place the items into the basket.,in,in,;referent_grounding_v1:G1,,X=items|Y=basket
G2,00250-U3oQjwTuMX8/tasks-island_0.json,122,5,Position the camera.,OK,place_on,reposition,Place camera on surface.,Reposition the camera.,on,,;referent_grounding_v1:G2,,X=camera
G2,00250-U3oQjwTuMX8/tasks-island_0.json,123,3,Arrange the flowerpot.,OK,place_on,straighten,Place flowerpot on surface.,Straighten the flowerpot.,on,,;referent_grounding_v1:G2,,X=flowerpot
G2,00250-U3oQjwTuMX8/tasks-island_0.json,129,2,Position the computer keyboard.,OK,place_on,reposition,Place computer keyboard on surface.,Reposition the computer keyboard.,on,,;referent_grounding_v1:G2,,X=computer keyboard
G1,00250-U3oQjwTuMX8/tasks-island_0.json,129,4,Organize files in the cabinet.,OK,place_in,place_in,Place cabinet in receptacle.,Place the files in the cabinet.,in,in,;referent_grounding_v1:G1,,X=files|Y=cabinet
G2,00250-U3oQjwTuMX8/tasks-island_0.json,133,4,Arrange the flower vase.,OK,place_on,straighten,Place flower vase on surface.,Straighten the flower vase.,on,,;referent_grounding_v1:G2,,X=flower vase
G2,00250-U3oQjwTuMX8/tasks-island_0.json,139,3,Position the cellular_telephone.,OK,place_on,reposition,Place cellular telephone on surface.,Reposition the cellular_telephone.,on,,;referent_grounding_v1:G2,,X=cellular_telephone
G2,00250-U3oQjwTuMX8/tasks-island_0.json,149,4,Arrange the flower vase.,OK,place_on,straighten,Place flower vase on surface.,Straighten the flower vase.,on,,;referent_grounding_v1:G2,,X=flower vase
G2,00250-U3oQjwTuMX8/tasks-island_0.json,151,5,Arrange the tray.,OK,place_on,straighten,Place tray on surface.,Straighten the tray.,on,,;referent_grounding_v1:G2,,X=tray
G2,00250-U3oQjwTuMX8/tasks-island_0.json,152,4,Position the cellular_telephone.,OK,place_on,reposition,Place cellular telephone on surface.,Reposition the cellular_telephone.,on,,;referent_grounding_v1:G2,,X=cellular_telephone
G2,00250-U3oQjwTuMX8/tasks-island_0.json,153,4,Arrange the basket.,OK,place_on,straighten,Place basket on surface.,Straighten the basket.,on,,;referent_grounding_v1:G2,,X=basket
G2,00250-U3oQjwTuMX8/tasks-island_0.json,161,6,Set the pitcher.,OK,place_on,straighten,Place pitcher on surface.,Straighten the pitcher.,on,,;referent_grounding_v1:G2,,X=pitcher
G2,00250-U3oQjwTuMX8/tasks-island_0.json,163,4,Arrange the flower vase.,OK,place_on,straighten,Place flower vase on surface.,Straighten the flower vase.,on,,;referent_grounding_v1:G2,,X=flower vase
G1,00250-U3oQjwTuMX8/tasks-island_0.json,176,3,Organize the items in the handbag.,OK,place_in,place_in,Place handbag in receptacle.,Place the items in the handbag.,in,in,;referent_grounding_v1:G1,,X=items|Y=handbag
G2,00250-U3oQjwTuMX8/tasks-island_0.json,178,3,Arrange the basket for tools.,OK,place_on,straighten,Place basket on surface.,Straighten the basket.,on,,;referent_grounding_v1:G2,,X=basket
G2,00250-U3oQjwTuMX8/tasks-island_0.json,181,4,Set the tray down.,OK,place_on,straighten,Place tray on surface.,Straighten the tray.,on,,;referent_grounding_v1:G2,,X=tray
G2,00250-U3oQjwTuMX8/tasks-island_0.json,184,5,Position the speaker for better sound.,OK,place_on,reposition,Place speaker on surface.,Reposition the speaker.,on,,;referent_grounding_v1:G2,,X=speaker
G2,00250-U3oQjwTuMX8/tasks-island_0.json,185,2,Arrange the hangers.,OK,place_on,straighten,Place hanger on surface.,Straighten the hangers.,on,,;referent_grounding_v1:G2,,X=hangers
G2,00250-U3oQjwTuMX8/tasks-island_0.json,201,5,Arrange the flower vase nearby.,OK,place_on,straighten,Place flower vase on surface.,Straighten the flower vase.,on,,;referent_grounding_v1:G2,,X=flower vase
G2,00250-U3oQjwTuMX8/tasks-island_0.json,204,3,Set the tray across the tub.,OK,place_on,straighten,Place tray on surface.,Straighten the tray across the tub.,on,,;referent_grounding_v1:G2,,X=tray across the tub
G2,00250-U3oQjwTuMX8/tasks-island_0.json,207,5,Position the flowerpot.,OK,place_on,reposition,Place flowerpot on surface.,Reposition the flowerpot.,on,,;referent_grounding_v1:G2,,X=flowerpot
G2,00250-U3oQjwTuMX8/tasks-island_0.json,216,6,Arrange the bathrobe.,OK,place_on,straighten,Place bathrobe on surface.,Straighten the bathrobe.,on,,;referent_grounding_v1:G2,,X=bathrobe
G2,00250-U3oQjwTuMX8/tasks-island_0.json,220,3,Arrange the bathroom accessory.,OK,place_on,straighten,Place bathroom accessory on surface.,Straighten the bathroom accessory.,on,,;referent_grounding_v1:G2,,X=bathroom accessory
G2,00250-U3oQjwTuMX8/tasks-island_0.json,224,6,Arrange the shampoo.,OK,place_on,straighten,Place shampoo on surface.,Straighten the shampoo.,on,,;referent_grounding_v1:G2,,X=shampoo
G2,00250-U3oQjwTuMX8/tasks-island_0.json,241,6,Arrange the shampoo.,OK,place_on,straighten,Place shampoo on surface.,Straighten the shampoo.,on,,;referent_grounding_v1:G2,,X=shampoo
G2,00250-U3oQjwTuMX8/tasks-island_0.json,246,4,Arrange the decoration.,OK,place_on,straighten,Place decoration on surface.,Straighten the decoration.,on,,;referent_grounding_v1:G2,,X=decoration
G2,00250-U3oQjwTuMX8/tasks-island_0.json,248,5,Arrange the bathroom accessory.,OK,place_on,straighten,Place bathroom accessory on surface.,Straighten the bathroom accessory.,on,,;referent_grounding_v1:G2,,X=bathroom accessory
G2,00250-U3oQjwTuMX8/tasks-island_0.json,257,6,Arrange the shampoo.,OK,place_on,straighten,Place shampoo on surface.,Straighten the shampoo.,on,,;referent_grounding_v1:G2,,X=shampoo
G3,00250-U3oQjwTuMX8/tasks-island_0.json,260,3,Place fruit into the bowl.,OK,place_in,place_in,Place items in the bowl of fruit.,Place the fruit in the bowl of fruit.,in,in,;referent_grounding_v1:G3,,NP=fruit
G1,00250-U3oQjwTuMX8/tasks-island_0.json,261,4,Tidy the items in the handbag.,OK,place_in,place_in,Place handbag in receptacle.,Place the items in the handbag.,in,in,;referent_grounding_v1:G1,,X=items|Y=handbag
G2,00250-U3oQjwTuMX8/tasks-island_0.json,267,3,Arrange the flowerpot.,OK,place_on,straighten,Place flowerpot on surface.,Straighten the flowerpot.,on,,;referent_grounding_v1:G2,,X=flowerpot
G2,00250-U3oQjwTuMX8/tasks-island_0.json,269,6,Arrange the basket.,OK,place_in,straighten,Place basket in receptacle.,Straighten the basket.,in,,;referent_grounding_v1:G2,,X=basket
G2,00250-U3oQjwTuMX8/tasks-island_0.json,275,4,Arrange the flower vase.,OK,place_on,straighten,Place flower vase on surface.,Straighten the flower vase.,on,,;referent_grounding_v1:G2,,X=flower vase
G2,00250-U3oQjwTuMX8/tasks-island_0.json,286,5,Arrange the tray.,OK,place_on,straighten,Place tray on surface.,Straighten the tray.,on,,;referent_grounding_v1:G2,,X=tray
G4,00250-U3oQjwTuMX8/tasks-island_0.json,299,4,Fill the cup at the water fountain.,RESOLVED,fill,fill,Use the water fountain to fill a container.,Use the water fountain to fill the pitcher.,at,at,;referent_grounding_v1:G4,,vessel=pitcher
G2,00250-U3oQjwTuMX8/tasks-island_0.json,306,4,Arrange the bathroom accessory.,OK,place_on,straighten,Place bathroom accessory on surface.,Straighten the bathroom accessory.,on,,;referent_grounding_v1:G2,,X=bathroom accessory
G2,00250-U3oQjwTuMX8/tasks-island_0.json,317,3,Set the tray.,OK,place_in,straighten,Place tray in receptacle.,Straighten the tray.,in,,;referent_grounding_v1:G2,,X=tray
G2,00250-U3oQjwTuMX8/tasks-island_0.json,324,3,Arrange the book.,OK,place_on,straighten,Place book on surface.,Straighten the book.,on,,;referent_grounding_v1:G2,,X=book
G4,00250-U3oQjwTuMX8/tasks-island_0.json,325,2,Fill the pitcher at the sink.,RESOLVED,fill,fill,Use the sink to fill a container.,Fill the pitcher at the sink.,at,at,;referent_grounding_v1:G4,,vessel=pitcher
G4,00250-U3oQjwTuMX8/tasks-island_0.json,336,2,Fill a bottle at the water fountain.,FLAG,fill,fill,Use the water fountain to fill a container.,Use the water fountain to fill a container.,at,at,;ungrounded_anaphora,,no_vessel_found
G3,00250-U3oQjwTuMX8/tasks-island_0.json,337,6,Put away the box in the cabinet.,OK,store,store,Store items in the cabinet.,Store the box in the cabinet.,in,in,;referent_grounding_v1:G3,,NP=box
G4,00250-U3oQjwTuMX8/tasks-island_0.json,338,2,Fill it at the water fountain.,RESOLVED,fill,fill,Use the water fountain to fill a container.,Use the water fountain to fill the pitcher.,at,at,;referent_grounding_v1:G4,,vessel=pitcher
G1,00250-U3oQjwTuMX8/tasks-island_0.json,340,3,Set the tray on the table.,OK,place_on,place_on,Place tray on surface.,Place the tray on the table.,on,on,;referent_grounding_v1:G1,,X=tray|Y=table
G2,00250-U3oQjwTuMX8/tasks-island_0.json,340,5,Position the speaker for music.,OK,place_on,reposition,Place speaker on surface.,Reposition the speaker.,on,,;referent_grounding_v1:G2,,X=speaker
G3,00250-U3oQjwTuMX8/tasks-island_0.json,343,6,Put away the tools in the box.,OK,store,store,Store items in the box.,Store the tools in the box.,in,in,;referent_grounding_v1:G3,,NP=tools
G1,00250-U3oQjwTuMX8/tasks-island_0.json,355,4,Organize my clothes in the wardrobe.,OK,place_in,place_in,Place wardrobe in receptacle.,Place the clothes in the wardrobe.,in,in,;referent_grounding_v1:G1,,X=clothes|Y=wardrobe
G2,00250-U3oQjwTuMX8/tasks-island_0.json,356,3,Position the speaker for better sound.,OK,place_on,reposition,Place speaker on surface.,Reposition the speaker.,on,,;referent_grounding_v1:G2,,X=speaker
G2,00250-U3oQjwTuMX8/tasks-island_0.json,363,3,Position the computer keyboard.,OK,place_in,reposition,Place computer keyboard in receptacle.,Reposition the computer keyboard.,in,,;referent_grounding_v1:G2,,X=computer keyboard
G1,00250-U3oQjwTuMX8/tasks-island_0.json,367,2,Position the flowerpot by the window.,OK,place_on,place_on,Place flowerpot on surface.,Place the flowerpot by the window.,on,at,;referent_grounding_v1:G1,,X=flowerpot|Y=window
G1,00250-U3oQjwTuMX8/tasks-island_0.json,376,1,Sort clothes in the wardrobe.,OK,place_in,place_in,Place wardrobe in receptacle.,Place the clothes in the wardrobe.,in,in,;referent_grounding_v1:G1,,X=clothes|Y=wardrobe
G2,00250-U3oQjwTuMX8/tasks-island_0.json,377,3,Arrange the bowl of fruit.,OK,place_on,straighten,Place bowl of fruit on surface.,Straighten the bowl of fruit.,on,,;referent_grounding_v1:G2,,X=bowl of fruit
G1,00250-U3oQjwTuMX8/tasks-island_0.json,381,4,Set the pitcher on the counter.,OK,place_on,place_on,Place pitcher on surface.,Place the pitcher on the counter.,on,on,;referent_grounding_v1:G1,,X=pitcher|Y=counter
G1,00251-wsAYBFtQaL7/tasks-island_0.json,7,4,Set the cup on the table.,OK,place_on,place_on,Place cup on surface.,Place the cup on the table.,on,on,;referent_grounding_v1:G1,,X=cup|Y=table
G2,00251-wsAYBFtQaL7/tasks-island_0.json,10,3,Arrange the clothes hanger.,OK,place_on,straighten,Place clothes hanger on surface.,Straighten the clothes hanger.,on,,;referent_grounding_v1:G2,,X=clothes hanger
G1,00251-wsAYBFtQaL7/tasks-island_0.json,11,4,Set the plate on the table.,OK,place_on,place_on,Place plate on surface.,Place the plate on the table.,on,on,;referent_grounding_v1:G1,,X=plate|Y=table
G2,00251-wsAYBFtQaL7/tasks-island_0.json,29,4,Set the toothbrush.,OK,place_on,straighten,Place toothbrush on surface.,Straighten the toothbrush.,on,,;referent_grounding_v1:G2,,X=toothbrush
G2,00251-wsAYBFtQaL7/tasks-island_0.json,45,1,Set the plate.,OK,place_on,straighten,Place plate on surface.,Straighten the plate.,on,,;referent_grounding_v1:G2,,X=plate
G4,00251-wsAYBFtQaL7/tasks-island_0.json,65,3,Fill it from the faucet.,RESOLVED,fill,fill,Use the faucet to fill a container.,Use the faucet to fill the cup.,,,;referent_grounding_v1:G4,,vessel=cup
G1,00251-wsAYBFtQaL7/tasks-island_0.json,68,2,Organize the books on the shelving.,OK,place_on,place_on,Place shelving on surface.,Place the books on the shelving.,on,on,;referent_grounding_v1:G1,,X=books|Y=shelving
G2,00251-wsAYBFtQaL7/tasks-island_0.json,82,1,Arrange the clothes hanger.,OK,place_on,straighten,Place clothes hanger on surface.,Straighten the clothes hanger.,on,,;referent_grounding_v1:G2,,X=clothes hanger
G2,00251-wsAYBFtQaL7/tasks-island_0.json,85,3,Arrange the computer keyboard.,OK,place_on,straighten,Place computer keyboard on surface.,Straighten the computer keyboard.,on,,;referent_grounding_v1:G2,,X=computer keyboard
G2,00251-wsAYBFtQaL7/tasks-island_0.json,93,3,Arrange the kitchen utensil.,OK,place_on,straighten,Place kitchen utensil on surface.,Straighten the kitchen utensil.,on,,;referent_grounding_v1:G2,,X=kitchen utensil
G2,00251-wsAYBFtQaL7/tasks-island_0.json,106,4,Arrange the ladder.,OK,place_on,straighten,Place ladder on surface.,Straighten the ladder.,on,,;referent_grounding_v1:G2,,X=ladder
G2,00251-wsAYBFtQaL7/tasks-island_0.json,109,2,Set the plate.,OK,place_on,straighten,Place plate on surface.,Straighten the plate.,on,,;referent_grounding_v1:G2,,X=plate
G1,00251-wsAYBFtQaL7/tasks-island_0.json,114,1,Organize the books on the shelving.,OK,place_on,place_on,Place shelving on surface.,Place the books on the shelving.,on,on,;referent_grounding_v1:G1,,X=books|Y=shelving
G2,00251-wsAYBFtQaL7/tasks-island_0.json,114,3,Arrange the mouse next to the computer.,OK,place_on,straighten,Place mouse on surface.,Straighten the mouse.,on,,;referent_grounding_v1:G2,,X=mouse
G4,00251-wsAYBFtQaL7/tasks-island_0.json,123,2,Fill a bottle at the faucet.,FLAG,fill,fill,Use the faucet to fill a container.,Use the faucet to fill a container.,at,at,;ungrounded_anaphora,,no_vessel_found
G1,00251-wsAYBFtQaL7/tasks-island_0.json,124,4,Organize the sheet music on the shelving.,OK,place_on,place_on,Place shelving on surface.,Place the sheet music on the shelving.,on,on,;referent_grounding_v1:G1,,X=sheet music|Y=shelving
G1,00251-wsAYBFtQaL7/tasks-island_0.json,126,4,Sort items into the recycle bin.,OK,place_in,place_in,Place recycle bin in receptacle.,Place the items into the recycle bin.,in,in,;referent_grounding_v1:G1,,X=items|Y=recycle bin
G2,00251-wsAYBFtQaL7/tasks-island_0.json,137,3,Reposition the floor lamp.,OK,place_on,reposition,Place floor lamp on surface.,Reposition the floor lamp.,on,,;referent_grounding_v1:G2,,X=floor lamp
G1,00251-wsAYBFtQaL7/tasks-island_0.json,148,5,Set the cup down on the table.,OK,place_on,place_on,Place cup on surface.,Place the cup on the table.,on,on,;referent_grounding_v1:G1,,X=cup|Y=table
G1,00251-wsAYBFtQaL7/tasks-island_0.json,153,2,Organize the books on the shelf.,OK,place_on,place_on,Place shelf on surface.,Place the books on the shelf.,on,on,;referent_grounding_v1:G1,,X=books|Y=shelf
G2,00251-wsAYBFtQaL7/tasks-island_0.json,160,2,Position the laptop computer.,OK,place_on,reposition,Place laptop computer on surface.,Reposition the laptop computer.,on,,;referent_grounding_v1:G2,,X=laptop computer
G2,00251-wsAYBFtQaL7/tasks-island_0.json,160,3,Arrange the book.,OK,place_on,straighten,Place book on surface.,Straighten the book.,on,,;referent_grounding_v1:G2,,X=book
G2,00251-wsAYBFtQaL7/tasks-island_0.json,165,3,Arrange the side table.,OK,place_on,straighten,Place side table on surface.,Straighten the side table.,on,,;referent_grounding_v1:G2,,X=side table
G2,00251-wsAYBFtQaL7/tasks-island_0.json,169,2,Position the laptop computer.,OK,place_on,reposition,Place laptop computer on surface.,Reposition the laptop computer.,on,,;referent_grounding_v1:G2,,X=laptop computer
G2,00251-wsAYBFtQaL7/tasks-island_0.json,173,4,Position the headboard.,OK,place_on,reposition,Place headboard on surface.,Reposition the headboard.,on,,;referent_grounding_v1:G2,,X=headboard
G2,00251-wsAYBFtQaL7/tasks-island_0.json,173,5,Arrange the clothes hanger.,OK,place_on,straighten,Place clothes hanger on surface.,Straighten the clothes hanger.,on,,;referent_grounding_v1:G2,,X=clothes hanger
G2,00251-wsAYBFtQaL7/tasks-island_0.json,175,2,Set the plate.,OK,place_on,straighten,Place plate on surface.,Straighten the plate.,on,,;referent_grounding_v1:G2,,X=plate
G2,00251-wsAYBFtQaL7/tasks-island_0.json,175,3,Arrange the handbag.,OK,place_on,straighten,Place handbag on surface.,Straighten the handbag.,on,,;referent_grounding_v1:G2,,X=handbag
G2,00251-wsAYBFtQaL7/tasks-island_0.json,179,5,Position the globe stand.,OK,place_on,reposition,Place globe stand on surface.,Reposition the globe stand.,on,,;referent_grounding_v1:G2,,X=globe stand
G2,00251-wsAYBFtQaL7/tasks-island_0.json,184,2,Arrange the basket.,OK,place_on,straighten,Place basket on surface.,Straighten the basket.,on,,;referent_grounding_v1:G2,,X=basket
G2,00251-wsAYBFtQaL7/tasks-island_0.json,193,3,Set the handbag.,OK,place_on,straighten,Place handbag on surface.,Straighten the handbag.,on,,;referent_grounding_v1:G2,,X=handbag
G2,00251-wsAYBFtQaL7/tasks-island_0.json,200,5,Arrange the l-shaped sofa.,OK,place_on,straighten,Place l-shaped sofa on surface.,Straighten the l-shaped sofa.,on,,;referent_grounding_v1:G2,,X=l-shaped sofa
G2,00251-wsAYBFtQaL7/tasks-island_0.json,218,5,Arrange the book.,OK,place_on,straighten,Place book on surface.,Straighten the book.,on,,;referent_grounding_v1:G2,,X=book
G2,00251-wsAYBFtQaL7/tasks-island_0.json,224,1,Arrange the easy chair.,OK,place_on,straighten,Place easy chair on surface.,Straighten the easy chair.,on,,;referent_grounding_v1:G2,,X=easy chair
G2,00251-wsAYBFtQaL7/tasks-island_0.json,249,6,Position the mouse.,OK,place_on,reposition,Place mouse on surface.,Reposition the mouse.,on,,;referent_grounding_v1:G2,,X=mouse
G1,00251-wsAYBFtQaL7/tasks-island_0.json,255,4,Set the plate on the counter.,OK,place_on,place_on,Place plate on surface.,Place the plate on the counter.,on,on,;referent_grounding_v1:G1,,X=plate|Y=counter
G2,00251-wsAYBFtQaL7/tasks-island_0.json,257,5,Arrange the hanging clothes.,OK,place_on,straighten,Place hanging clothes on surface.,Straighten the hanging clothes.,on,,;referent_grounding_v1:G2,,X=hanging clothes
G2,00251-wsAYBFtQaL7/tasks-island_0.json,282,5,Arrange the locker.,OK,place_in,straighten,Place locker in receptacle.,Straighten the locker.,in,,;referent_grounding_v1:G2,,X=locker
G2,00251-wsAYBFtQaL7/tasks-island_0.json,283,2,Position the mouse.,OK,place_on,reposition,Place mouse on surface.,Reposition the mouse.,on,,;referent_grounding_v1:G2,,X=mouse
G2,00251-wsAYBFtQaL7/tasks-island_0.json,283,6,Arrange the book.,OK,place_on,straighten,Place book on surface.,Straighten the book.,on,,;referent_grounding_v1:G2,,X=book
G2,00251-wsAYBFtQaL7/tasks-island_0.json,290,3,Set the kitchen lower cabinet.,OK,place_on,straighten,Place kitchen lower cabinet on surface.,Straighten the kitchen lower cabinet.,on,,;referent_grounding_v1:G2,,X=kitchen lower cabinet
G2,00251-wsAYBFtQaL7/tasks-island_0.json,290,6,Set the plate.,OK,place_on,straighten,Place plate on surface.,Straighten the plate.,on,,;referent_grounding_v1:G2,,X=plate
G2,00251-wsAYBFtQaL7/tasks-island_0.json,292,2,Arrange the shelf.,OK,place_in,straighten,Place shelf in receptacle.,Straighten the shelf.,in,,;referent_grounding_v1:G2,,X=shelf
G2,00251-wsAYBFtQaL7/tasks-island_0.json,292,6,Position the lamp.,OK,place_in,reposition,Place lamp in receptacle.,Reposition the lamp.,in,,;referent_grounding_v1:G2,,X=lamp
G2,00251-wsAYBFtQaL7/tasks-island_0.json,293,6,Arrange the locker.,OK,place_on,straighten,Place locker on surface.,Straighten the locker.,on,,;referent_grounding_v1:G2,,X=locker
G2,00251-wsAYBFtQaL7/tasks-island_0.json,302,2,Arrange the chest of drawers.,OK,place_on,straighten,Place chest of drawers on surface.,Straighten the chest of drawers.,on,,;referent_grounding_v1:G2,,X=chest of drawers
G2,00251-wsAYBFtQaL7/tasks-island_0.json,305,2,Set the plate.,OK,place_on,straighten,Place plate on surface.,Straighten the plate.,on,,;referent_grounding_v1:G2,,X=plate
G2,00251-wsAYBFtQaL7/tasks-island_0.json,305,6,Arrange the board.,OK,place_on,straighten,Place board on surface.,Straighten the board.,on,,;referent_grounding_v1:G2,,X=board
G2,00251-wsAYBFtQaL7/tasks-island_0.json,308,3,Arrange the basket.,OK,place_on,straighten,Place basket on surface.,Straighten the basket.,on,,;referent_grounding_v1:G2,,X=basket
G2,00251-wsAYBFtQaL7/tasks-island_0.json,311,2,Arrange the easy chair.,OK,place_on,straighten,Place easy chair on surface.,Straighten the easy chair.,on,,;referent_grounding_v1:G2,,X=easy chair
G2,00251-wsAYBFtQaL7/tasks-island_0.json,312,3,Position the mouse.,OK,place_on,reposition,Place mouse on surface.,Reposition the mouse.,on,,;referent_grounding_v1:G2,,X=mouse
G2,00251-wsAYBFtQaL7/tasks-island_0.json,312,5,Arrange the shelving.,OK,place_on,straighten,Place shelving on surface.,Straighten the shelving.,on,,;referent_grounding_v1:G2,,X=shelving
G2,00251-wsAYBFtQaL7/tasks-island_0.json,319,5,Arrange the basket of something.,OK,place_on,straighten,Place basket of something on surface.,Straighten the basket of something.,on,,;referent_grounding_v1:G2,,X=basket of something
G2,00251-wsAYBFtQaL7/tasks-island_0.json,325,3,Set the plate.,OK,place_on,straighten,Place plate on surface.,Straighten the plate.,on,,;referent_grounding_v1:G2,,X=plate
G2,00251-wsAYBFtQaL7/tasks-island_0.json,339,3,Position the globe stand.,OK,place_on,reposition,Place globe stand on surface.,Reposition the globe stand.,on,,;referent_grounding_v1:G2,,X=globe stand
G1,00251-wsAYBFtQaL7/tasks-island_0.json,355,6,Set the plate on the table.,OK,place_on,place_on,Place plate on surface.,Place the plate on the table.,on,on,;referent_grounding_v1:G1,,X=plate|Y=table
G2,00251-wsAYBFtQaL7/tasks-island_0.json,358,5,Arrange the book.,OK,place_on,straighten,Place book on surface.,Straighten the book.,on,,;referent_grounding_v1:G2,,X=book
G2,00251-wsAYBFtQaL7/tasks-island_0.json,361,4,Set the plate.,OK,place_in,straighten,Place plate in receptacle.,Straighten the plate.,in,,;referent_grounding_v1:G2,,X=plate
G2,00251-wsAYBFtQaL7/tasks-island_0.json,365,5,Position the l-shaped sofa.,OK,place_on,reposition,Place l-shaped sofa on surface.,Reposition the l-shaped sofa.,on,,;referent_grounding_v1:G2,,X=l-shaped sofa
G2,00251-wsAYBFtQaL7/tasks-island_0.json,368,3,Arrange the book.,OK,place_on,straighten,Place book on surface.,Straighten the book.,on,,;referent_grounding_v1:G2,,X=book
G2,00251-wsAYBFtQaL7/tasks-island_0.json,374,3,Set the cup.,OK,place_on,straighten,Place cup on surface.,Straighten the cup.,on,,;referent_grounding_v1:G2,,X=cup
G2,00251-wsAYBFtQaL7/tasks-island_0.json,378,4,Arrange the l-shaped sofa.,OK,place_on,straighten,Place l-shaped sofa on surface.,Straighten the l-shaped sofa.,on,,;referent_grounding_v1:G2,,X=l-shaped sofa
G2,00251-wsAYBFtQaL7/tasks-island_0.json,379,6,Set the plate.,OK,place_on,straighten,Place plate on surface.,Straighten the plate.,on,,;referent_grounding_v1:G2,,X=plate
G1,00254-YMNvYDhK8mB/tasks-island_1.json,13,3,Position the flowerpot in the corner.,OK,place_in,place_in,Place flowerpot in receptacle.,Place the flowerpot in the corner.,in,in,;referent_grounding_v1:G1,,X=flowerpot|Y=corner
G1,00254-YMNvYDhK8mB/tasks-island_1.json,20,1,Position the monitor on the desk.,OK,place_on,place_on,Place monitor on surface.,Place the monitor on the desk.,on,on,;referent_grounding_v1:G1,,X=monitor|Y=desk
G2,00254-YMNvYDhK8mB/tasks-island_1.json,39,4,Reposition the partition.,OK,place_on,reposition,Place partition on surface.,Reposition the partition.,on,,;referent_grounding_v1:G2,,X=partition
G2,00254-YMNvYDhK8mB/tasks-island_1.json,43,2,Arrange the statue.,OK,place_on,straighten,Place statue on surface.,Straighten the statue.,on,,;referent_grounding_v1:G2,,X=statue
G2,00254-YMNvYDhK8mB/tasks-island_1.json,45,4,Position the mouse.,OK,place_on,reposition,Place mouse on surface.,Reposition the mouse.,on,,;referent_grounding_v1:G2,,X=mouse
G2,00254-YMNvYDhK8mB/tasks-island_1.json,46,3,Set aside the wine bottle.,OK,place_on,straighten,Place wine bottle on surface.,Straighten the aside the wine bottle.,on,,;referent_grounding_v1:G2,,X=aside the wine bottle
G2,00254-YMNvYDhK8mB/tasks-island_1.json,54,3,Arrange the flowerpot.,OK,place_on,straighten,Place flowerpot on surface.,Straighten the flowerpot.,on,,;referent_grounding_v1:G2,,X=flowerpot
G2,00254-YMNvYDhK8mB/tasks-island_1.json,62,1,Arrange the statue.,OK,place_on,straighten,Place statue on surface.,Straighten the statue.,on,,;referent_grounding_v1:G2,,X=statue
G2,00254-YMNvYDhK8mB/tasks-island_1.json,63,2,Set the cup.,OK,place_on,straighten,Place cup on surface.,Straighten the cup.,on,,;referent_grounding_v1:G2,,X=cup
G1,00254-YMNvYDhK8mB/tasks-island_1.json,80,2,Sort the papers in the folder.,OK,place_in,place_in,Place folder in receptacle.,Place the papers in the folder.,in,in,;referent_grounding_v1:G1,,X=papers|Y=folder
G1,00254-YMNvYDhK8mB/tasks-island_1.json,81,1,Arrange the brochure on the table.,OK,place_on,place_on,Place brochure on surface.,Place the brochure on the table.,on,on,;referent_grounding_v1:G1,,X=brochure|Y=table
G1,00254-YMNvYDhK8mB/tasks-island_1.json,84,4,Organize the files in the folder.,OK,place_in,place_in,Place folder in receptacle.,Place the files in the folder.,in,in,;referent_grounding_v1:G1,,X=files|Y=folder
G2,00254-YMNvYDhK8mB/tasks-island_1.json,114,6,Arrange the flowerpot.,OK,place_on,straighten,Place flowerpot on surface.,Straighten the flowerpot.,on,,;referent_grounding_v1:G2,,X=flowerpot
G1,00254-YMNvYDhK8mB/tasks-island_1.json,123,6,Set the handbag on the table.,OK,place_on,place_on,Place handbag on surface.,Place the handbag on the table.,on,on,;referent_grounding_v1:G1,,X=handbag|Y=table
G2,00254-YMNvYDhK8mB/tasks-island_1.json,126,1,Position the monitor.,OK,place_on,reposition,Place monitor on surface.,Reposition the monitor.,on,,;referent_grounding_v1:G2,,X=monitor
G2,00254-YMNvYDhK8mB/tasks-island_1.json,133,4,Arrange the document holder.,OK,place_on,straighten,Place document holder on surface.,Straighten the document holder.,on,,;referent_grounding_v1:G2,,X=document holder
G2,00254-YMNvYDhK8mB/tasks-island_1.json,134,2,Position the monitor.,OK,place_on,reposition,Place monitor on surface.,Reposition the monitor.,on,,;referent_grounding_v1:G2,,X=monitor
G2,00254-YMNvYDhK8mB/tasks-island_1.json,135,6,Arrange the document.,OK,place_on,straighten,Place document on surface.,Straighten the document.,on,,;referent_grounding_v1:G2,,X=document
G1,00254-YMNvYDhK8mB/tasks-island_1.json,150,4,Set the cup on the table.,OK,place_on,place_on,Place cup on surface.,Place the cup on the table.,on,on,;referent_grounding_v1:G1,,X=cup|Y=table
G2,00254-YMNvYDhK8mB/tasks-island_1.json,150,6,Arrange the handbag neatly.,OK,place_on,straighten,Place handbag on surface.,Straighten the handbag.,on,,;referent_grounding_v1:G2,,X=handbag
G1,00254-YMNvYDhK8mB/tasks-island_1.json,152,2,Arrange the identifier on the desk.,OK,place_on,place_on,Place identifier on surface.,Place the identifier on the desk.,on,on,;referent_grounding_v1:G1,,X=identifier|Y=desk
G2,00254-YMNvYDhK8mB/tasks-island_1.json,161,5,Position the stand.,OK,place_on,reposition,Place stand on surface.,Reposition the stand.,on,,;referent_grounding_v1:G2,,X=stand
G1,00254-YMNvYDhK8mB/tasks-island_1.json,171,1,Position the flowerpot by the door.,OK,place_on,place_on,Place flowerpot on surface.,Place the flowerpot by the door.,on,at,;referent_grounding_v1:G1,,X=flowerpot|Y=door
G1,00254-YMNvYDhK8mB/tasks-island_1.json,176,5,Set the cup on the table.,OK,place_on,place_on,Place cup on surface.,Place the cup on the table.,on,on,;referent_grounding_v1:G1,,X=cup|Y=table
G1,00254-YMNvYDhK8mB/tasks-island_1.json,185,3,Set the mouse on the pad.,OK,place_on,place_on,Place mouse on surface.,Place the mouse on the pad.,on,on,;referent_grounding_v1:G1,,X=mouse|Y=pad
G1,00254-YMNvYDhK8mB/tasks-island_1.json,191,5,Position the stand in the corner.,OK,place_in,place_in,Place stand in receptacle.,Place the stand in the corner.,in,in,;referent_grounding_v1:G1,,X=stand|Y=corner
G1,00254-YMNvYDhK8mB/tasks-island_1.json,193,1,Set the wine bottle on the counter.,OK,place_on,place_on,Place wine bottle on surface.,Place the wine bottle on the counter.,on,on,;referent_grounding_v1:G1,,X=wine bottle|Y=counter
G2,00255-NGyoyh91xXJ/tasks-island_0.json,64,5,Arrange the vase.,OK,place_on,straighten,Place vase on surface.,Straighten the vase.,on,,;referent_grounding_v1:G2,,X=vase
G2,00255-NGyoyh91xXJ/tasks-island_0.json,73,4,Arrange the vase.,OK,place_on,straighten,Place vase on surface.,Straighten the vase.,on,,;referent_grounding_v1:G2,,X=vase
G1,00255-NGyoyh91xXJ/tasks-island_0.json,82,4,Arrange the clothes in the wardrobe.,OK,place_in,place_in,Place wardrobe in receptacle.,Place the clothes in the wardrobe.,in,in,;referent_grounding_v1:G1,,X=clothes|Y=wardrobe
G3,00255-NGyoyh91xXJ/tasks-island_0.json,85,2,Fluff the pillow on the armchair.,OK,fluff,fluff,Fluff items on the armchair.,Fluff the pillow on the armchair.,on,on,;referent_grounding_v1:G3,,NP=pillow
G2,00255-NGyoyh91xXJ/tasks-island_0.json,111,7,Set the cabinet.,OK,place_on,straighten,Place cabinet on surface.,Straighten the cabinet.,on,,;referent_grounding_v1:G2,,X=cabinet
G2,00255-NGyoyh91xXJ/tasks-island_0.json,120,4,Arrange the side table.,OK,place_on,straighten,Place side table on surface.,Straighten the side table.,on,,;referent_grounding_v1:G2,,X=side table
G1,00255-NGyoyh91xXJ/tasks-island_0.json,142,6,Set the cup on the table.,OK,place_on,place_on,Place cup on surface.,Place the cup on the table.,on,on,;referent_grounding_v1:G1,,X=cup|Y=table
G1,00255-NGyoyh91xXJ/tasks-island_0.json,153,1,Set the cup on the dining table.,OK,place_on,place_on,Place cup on surface.,Place the cup on the dining table.,on,on,;referent_grounding_v1:G1,,X=cup|Y=dining table
G2,00256-92vYG1q49FY/tasks-island_0.json,0,4,Arrange the coat rack.,OK,place_on,straighten,Place coat rack on surface.,Straighten the coat rack.,on,,;referent_grounding_v1:G2,,X=coat rack
G2,00256-92vYG1q49FY/tasks-island_0.json,14,3,Arrange the dresser.,OK,place_on,straighten,Place dresser on surface.,Straighten the dresser.,on,,;referent_grounding_v1:G2,,X=dresser
G2,00256-92vYG1q49FY/tasks-island_0.json,25,5,Arrange the dresser.,OK,place_on,straighten,Place dresser on surface.,Straighten the dresser.,on,,;referent_grounding_v1:G2,,X=dresser
G2,00256-92vYG1q49FY/tasks-island_0.json,37,5,Arrange the vase.,OK,place_on,straighten,Place vase on surface.,Straighten the vase.,on,,;referent_grounding_v1:G2,,X=vase
G2,00256-92vYG1q49FY/tasks-island_0.json,39,4,Arrange the flower vase.,OK,place_on,straighten,Place flower vase on surface.,Straighten the flower vase.,on,,;referent_grounding_v1:G2,,X=flower vase
G4,00256-92vYG1q49FY/tasks-island_0.json,50,3,Fill a pitcher at the sink.,FLAG,fill,fill,Use the sink to fill a container.,Use the sink to fill a container.,at,at,;ungrounded_anaphora,,no_vessel_found
G1,00256-92vYG1q49FY/tasks-island_0.json,70,2,Arrange the vase on the table.,OK,place_on,place_on,Place vase on surface.,Place the vase on the table.,on,on,;referent_grounding_v1:G1,,X=vase|Y=table
G1,00256-92vYG1q49FY/tasks-island_0.json,71,7,Arrange the fruit in the bowl.,OK,place_in,place_in,Place fruit in receptacle.,Place the fruit in the bowl.,in,in,;referent_grounding_v1:G1,,X=fruit|Y=bowl
G2,00256-92vYG1q49FY/tasks-island_0.json,80,2,Arrange the tea set.,OK,place_on,straighten,Place tea set on surface.,Straighten the tea set.,on,,;referent_grounding_v1:G2,,X=tea set
G2,00256-92vYG1q49FY/tasks-island_0.json,88,1,Arrange the vase.,OK,place_on,straighten,Place vase on surface.,Straighten the vase.,on,,;referent_grounding_v1:G2,,X=vase
G2,00256-92vYG1q49FY/tasks-island_0.json,88,4,Arrange the fruit.,OK,place_on,straighten,Place fruit on surface.,Straighten the fruit.,on,,;referent_grounding_v1:G2,,X=fruit
G2,00256-92vYG1q49FY/tasks-island_0.json,95,3,Arrange the tea set.,OK,place_on,straighten,Place tea set on surface.,Straighten the tea set.,on,,;referent_grounding_v1:G2,,X=tea set
G2,00256-92vYG1q49FY/tasks-island_0.json,97,7,Arrange the fruit.,OK,place_on,straighten,Place fruit on surface.,Straighten the fruit.,on,,;referent_grounding_v1:G2,,X=fruit
G1,00256-92vYG1q49FY/tasks-island_2.json,0,1,Arrange the stuffed animal on the bed.,OK,place_on,place_on,Place stuffed animal on surface.,Place the stuffed animal on the bed.,on,on,;referent_grounding_v1:G1,,X=stuffed animal|Y=bed
G1,00256-92vYG1q49FY/tasks-island_2.json,5,2,Set the wine bottle on the cabinet.,OK,place_on,place_on,Place wine bottle on surface.,Place the wine bottle on the cabinet.,on,on,;referent_grounding_v1:G1,,X=wine bottle|Y=cabinet
G1,00256-92vYG1q49FY/tasks-island_2.json,5,3,Arrange the plate on the table.,OK,place_on,place_on,Place plate on surface.,Place the plate on the table.,on,on,;referent_grounding_v1:G1,,X=plate|Y=table
G1,00256-92vYG1q49FY/tasks-island_2.json,16,3,Arrange the stuffed animal on the shelf.,OK,place_on,place_on,Place stuffed animal on surface.,Place the stuffed animal on the shelf.,on,on,;referent_grounding_v1:G1,,X=stuffed animal|Y=shelf
G1,00256-92vYG1q49FY/tasks-island_2.json,28,4,Set the plate on the counter.,OK,place_on,place_on,Place plate on surface.,Place the plate on the counter.,on,on,;referent_grounding_v1:G1,,X=plate|Y=counter
G2,00256-92vYG1q49FY/tasks-island_2.json,30,5,Arrange the paper.,OK,place_on,straighten,Place paper on surface.,Straighten the paper.,on,,;referent_grounding_v1:G2,,X=paper
G2,00256-92vYG1q49FY/tasks-island_2.json,41,2,Set the tray.,OK,place_on,straighten,Place tray on surface.,Straighten the tray.,on,,;referent_grounding_v1:G2,,X=tray
G2,00256-92vYG1q49FY/tasks-island_2.json,43,3,Arrange the stuffed animal.,OK,place_in,straighten,Place stuffed animal in receptacle.,Straighten the stuffed animal.,in,,;referent_grounding_v1:G2,,X=stuffed animal
G2,00256-92vYG1q49FY/tasks-island_2.json,51,4,Arrange the stuffed animal.,OK,place_on,straighten,Place stuffed animal on surface.,Straighten the stuffed animal.,on,,;referent_grounding_v1:G2,,X=stuffed animal
G2,00256-92vYG1q49FY/tasks-island_2.json,52,2,Arrange the paper.,OK,place_on,straighten,Place paper on surface.,Straighten the paper.,on,,;referent_grounding_v1:G2,,X=paper
G1,00256-92vYG1q49FY/tasks-island_2.json,61,3,Tidy the items in the basket.,OK,place_in,place_in,Place basket in receptacle.,Place the items in the basket.,in,in,;referent_grounding_v1:G1,,X=items|Y=basket
G2,00256-92vYG1q49FY/tasks-island_2.json,63,5,Arrange the shampoo bottles.,OK,place_on,straighten,Place shampoo on surface.,Straighten the shampoo bottles.,on,,;referent_grounding_v1:G2,,X=shampoo bottles
G1,00256-92vYG1q49FY/tasks-island_2.json,65,6,Arrange snacks on a plate.,OK,place_on,place_on,Place plate on surface.,Place the snacks on the plate.,on,on,;referent_grounding_v1:G1,,X=snacks|Y=plate
G2,00256-92vYG1q49FY/tasks-island_2.json,80,3,Arrange the plates.,OK,place_on,straighten,Place plate on surface.,Straighten the plates.,on,,;referent_grounding_v1:G2,,X=plates
G2,00256-92vYG1q49FY/tasks-island_2.json,80,4,Set the cups.,OK,place_on,straighten,Place cup on surface.,Straighten the cups.,on,,;referent_grounding_v1:G2,,X=cups
G1,00256-92vYG1q49FY/tasks-island_2.json,94,3,Set the plate on the cabinet.,OK,place_on,place_on,Place plate on surface.,Place the plate on the cabinet.,on,on,;referent_grounding_v1:G1,,X=plate|Y=cabinet
G1,00256-92vYG1q49FY/tasks-island_2.json,97,6,Set the handbag near the door.,OK,place_on,place_on,Place handbag on surface.,Place the handbag near the door.,on,at,;referent_grounding_v1:G1,,X=handbag|Y=door
G2,00256-92vYG1q49FY/tasks-island_2.json,101,4,Arrange the paper.,OK,place_on,straighten,Place paper on surface.,Straighten the paper.,on,,;referent_grounding_v1:G2,,X=paper
G2,00256-92vYG1q49FY/tasks-island_2.json,111,4,Set the plate.,OK,place_in,straighten,Place plate in receptacle.,Straighten the plate.,in,,;referent_grounding_v1:G2,,X=plate
G2,00256-92vYG1q49FY/tasks-island_2.json,112,5,Arrange the baskets.,OK,place_on,straighten,Place basket on surface.,Straighten the baskets.,on,,;referent_grounding_v1:G2,,X=baskets
G2,00256-92vYG1q49FY/tasks-island_2.json,120,1,Arrange the tray.,OK,place_on,straighten,Place tray on surface.,Straighten the tray.,on,,;referent_grounding_v1:G2,,X=tray
G2,00256-92vYG1q49FY/tasks-island_2.json,125,3,Arrange the flower vase.,OK,place_on,straighten,Place flower vase on surface.,Straighten the flower vase.,on,,;referent_grounding_v1:G2,,X=flower vase
G2,00256-92vYG1q49FY/tasks-island_2.json,125,6,Set the plate.,OK,place_on,straighten,Place plate on surface.,Straighten the plate.,on,,;referent_grounding_v1:G2,,X=plate
G2,00256-92vYG1q49FY/tasks-island_2.json,132,4,Position the camera.,OK,place_on,reposition,Place camera on surface.,Reposition the camera.,on,,;referent_grounding_v1:G2,,X=camera
G1,00258-2Pc8W48bu21/tasks-island_0.json,2,2,Set the plate on the table.,OK,place_on,place_on,Place plate on surface.,Place the plate on the table.,on,on,;referent_grounding_v1:G1,,X=plate|Y=table
G2,00258-2Pc8W48bu21/tasks-island_0.json,2,4,Organize the items inside the cabinet.,OK,place_in,straighten,Place cabinet in receptacle.,Straighten the items inside the cabinet.,in,,;referent_grounding_v1:G2,,X=items inside the cabinet
G1,00258-2Pc8W48bu21/tasks-island_0.json,5,4,Arrange the flowers in the vase.,OK,place_in,place_in,Place vase in receptacle.,Place the flowers in the vase.,in,in,;referent_grounding_v1:G1,,X=flowers|Y=vase
G1,00258-2Pc8W48bu21/tasks-island_0.json,14,2,Organize the supplies on the shelving.,OK,place_on,place_on,Place shelving on surface.,Place the supplies on the shelving.,on,on,;referent_grounding_v1:G1,,X=supplies|Y=shelving
G1,00258-2Pc8W48bu21/tasks-island_0.json,20,2,Organize the spices in the cabinet.,OK,place_in,place_in,Place cabinet in receptacle.,Place the spices in the cabinet.,in,in,;referent_grounding_v1:G1,,X=spices|Y=cabinet
G2,00258-2Pc8W48bu21/tasks-island_0.json,22,4,Set the toaster for breakfast later.,OK,place_on,straighten,Place toaster on surface.,Straighten the toaster.,on,,;referent_grounding_v1:G2,,X=toaster
G1,00258-2Pc8W48bu21/tasks-island_0.json,39,4,Set the book on the side table.,OK,place_on,place_on,Place book on surface.,Place the book on the side table.,on,on,;referent_grounding_v1:G1,,X=book|Y=side table
G3,00258-2Pc8W48bu21/tasks-island_0.json,42,4,Put the hairbrush away in the cabinet.,OK,store,store,Store items in the cabinet.,Store the hairbrush in the cabinet.,in,in,;referent_grounding_v1:G3,,NP=hairbrush
G1,00258-2Pc8W48bu21/tasks-island_0.json,46,2,Arrange the plant in the corner.,OK,place_in,place_in,Place plant in receptacle.,Place the plant in the corner.,in,in,;referent_grounding_v1:G1,,X=plant|Y=corner
G1,00258-2Pc8W48bu21/tasks-island_0.json,49,4,Arrange the vase on the cabinet.,OK,place_on,place_on,Place vase on surface.,Place the vase on the cabinet.,on,on,;referent_grounding_v1:G1,,X=vase|Y=cabinet
G1,00258-2Pc8W48bu21/tasks-island_0.json,50,4,Set the tray on the table.,OK,place_on,place_on,Place tray on surface.,Place the tray on the table.,on,on,;referent_grounding_v1:G1,,X=tray|Y=table
G2,00258-2Pc8W48bu21/tasks-island_0.json,51,1,Arrange the box neatly.,OK,place_on,straighten,Place box on surface.,Straighten the box.,on,,;referent_grounding_v1:G2,,X=box
G1,00258-2Pc8W48bu21/tasks-island_0.json,56,5,Organize the items in the niche.,OK,place_in,place_in,Place niche in receptacle.,Place the items in the niche.,in,in,;referent_grounding_v1:G1,,X=items|Y=niche
G1,00258-2Pc8W48bu21/tasks-island_0.json,58,3,Organize the books in the cabinet.,OK,place_in,place_in,Place cabinet in receptacle.,Place the books in the cabinet.,in,in,;referent_grounding_v1:G1,,X=books|Y=cabinet
G1,00258-2Pc8W48bu21/tasks-island_0.json,67,1,Put clothes in the basket.,OK,store,place_in,Store the basket.,Place the clothes in the basket.,,in,;referent_grounding_v1:G1,,X=clothes|Y=basket
G2,00258-2Pc8W48bu21/tasks-island_0.json,69,3,Arrange the shelving.,OK,place_on,straighten,Place shelving on surface.,Straighten the shelving.,on,,;referent_grounding_v1:G2,,X=shelving
G2,00258-2Pc8W48bu21/tasks-island_0.json,70,4,Arrange the poster.,OK,place_on,straighten,Place poster on surface.,Straighten the poster.,on,,;referent_grounding_v1:G2,,X=poster
G2,00258-2Pc8W48bu21/tasks-island_0.json,77,2,Position the vase.,OK,place_on,reposition,Place vase on surface.,Reposition the vase.,on,,;referent_grounding_v1:G2,,X=vase
G2,00258-2Pc8W48bu21/tasks-island_0.json,78,5,Set the tray.,OK,place_on,straighten,Place tray on surface.,Straighten the tray.,on,,;referent_grounding_v1:G2,,X=tray
G2,00258-2Pc8W48bu21/tasks-island_0.json,85,2,Set the plate.,OK,place_on,straighten,Place plate on surface.,Straighten the plate.,on,,;referent_grounding_v1:G2,,X=plate
G2,00258-2Pc8W48bu21/tasks-island_0.json,85,3,Arrange the bowl.,OK,place_on,straighten,Place bowl on surface.,Straighten the bowl.,on,,;referent_grounding_v1:G2,,X=bowl
G2,00258-2Pc8W48bu21/tasks-island_0.json,94,3,Arrange the vase.,OK,place_on,straighten,Place vase on surface.,Straighten the vase.,on,,;referent_grounding_v1:G2,,X=vase
G2,00258-2Pc8W48bu21/tasks-island_0.json,101,4,Set the plate.,OK,place_on,straighten,Place plate on surface.,Straighten the plate.,on,,;referent_grounding_v1:G2,,X=plate
G2,00258-2Pc8W48bu21/tasks-island_0.json,111,2,Arrange the cabinet.,OK,place_on,straighten,Place cabinet on surface.,Straighten the cabinet.,on,,;referent_grounding_v1:G2,,X=cabinet
G2,00258-2Pc8W48bu21/tasks-island_0.json,134,4,Arrange the wine bottle.,OK,place_on,straighten,Place wine bottle on surface.,Straighten the wine bottle.,on,,;referent_grounding_v1:G2,,X=wine bottle
G1,00258-2Pc8W48bu21/tasks-island_0.json,146,1,Sort the items in the bag.,OK,place_in,place_in,Place bag in receptacle.,Place the items in the bag.,in,in,;referent_grounding_v1:G1,,X=items|Y=bag
G1,00258-2Pc8W48bu21/tasks-island_0.json,147,2,Arrange the books on the desk.,OK,place_on,place_on,Place book on surface.,Place the books on the desk.,on,on,;referent_grounding_v1:G1,,X=books|Y=desk
G1,00258-2Pc8W48bu21/tasks-island_0.json,148,5,Set the tray on the coffee table.,OK,place_on,place_on,Place tray on surface.,Place the tray on the coffee table.,on,on,;referent_grounding_v1:G1,,X=tray|Y=coffee table
G1,00258-2Pc8W48bu21/tasks-island_0.json,151,4,Sort the items in the niche.,OK,place_in,place_in,Place niche in receptacle.,Place the items in the niche.,in,in,;referent_grounding_v1:G1,,X=items|Y=niche
G1,00258-2Pc8W48bu21/tasks-island_0.json,152,4,Arrange the toothbrush on the vanity.,OK,place_on,place_on,Place toothbrush on surface.,Place the toothbrush on the vanity.,on,on,;referent_grounding_v1:G1,,X=toothbrush|Y=vanity
G1,00258-2Pc8W48bu21/tasks-island_0.json,158,3,Set the wine bottle on the counter.,OK,place_on,place_on,Place wine bottle on surface.,Place the wine bottle on the counter.,on,on,;referent_grounding_v1:G1,,X=wine bottle|Y=counter
G1,00258-2Pc8W48bu21/tasks-island_0.json,160,5,Set the tray for tea in the kitchen.,OK,place_in,place_in,Place tray in receptacle.,Place the tray in the kitchen.,in,in,;referent_grounding_v1:G1,,X=tray|Y=kitchen
G1,00258-2Pc8W48bu21/tasks-island_0.json,166,2,Sort the laundry in the bag.,OK,place_in,place_in,Place bag in receptacle.,Place the laundry in the bag.,in,in,;referent_grounding_v1:G1,,X=laundry|Y=bag
G1,00258-2Pc8W48bu21/tasks-island_0.json,171,5,Set the tray on the table.,OK,place_on,place_on,Place tray on surface.,Place the tray on the table.,on,on,;referent_grounding_v1:G1,,X=tray|Y=table
G1,00258-2Pc8W48bu21/tasks-island_0.json,172,7,Set the plate on the dining table.,OK,place_on,place_on,Place plate on surface.,Place the plate on the dining table.,on,on,;referent_grounding_v1:G1,,X=plate|Y=dining table
G2,00258-2Pc8W48bu21/tasks-island_0.json,187,7,Position the decor.,OK,place_on,reposition,Place decor on surface.,Reposition the decor.,on,,;referent_grounding_v1:G2,,X=decor
G2,00258-2Pc8W48bu21/tasks-island_0.json,190,3,Position the lamp.,OK,place_on,reposition,Place lamp on surface.,Reposition the lamp.,on,,;referent_grounding_v1:G2,,X=lamp
G2,00258-2Pc8W48bu21/tasks-island_0.json,193,3,Arrange the book.,OK,place_on,straighten,Place book on surface.,Straighten the book.,on,,;referent_grounding_v1:G2,,X=book
G2,00258-2Pc8W48bu21/tasks-island_0.json,193,6,Position the lamp.,OK,place_on,reposition,Place lamp on surface.,Reposition the lamp.,on,,;referent_grounding_v1:G2,,X=lamp
G2,00258-2Pc8W48bu21/tasks-island_0.json,197,6,Position the decor.,OK,place_on,reposition,Place decor on surface.,Reposition the decor.,on,,;referent_grounding_v1:G2,,X=decor
G2,00258-2Pc8W48bu21/tasks-island_0.json,198,2,Set the plate.,OK,place_on,straighten,Place plate on surface.,Straighten the plate.,on,,;referent_grounding_v1:G2,,X=plate
G2,00258-2Pc8W48bu21/tasks-island_0.json,200,4,Position the lamp.,OK,place_on,reposition,Place lamp on surface.,Reposition the lamp.,on,,;referent_grounding_v1:G2,,X=lamp
G2,00258-2Pc8W48bu21/tasks-island_0.json,205,6,Position the lamp.,OK,place_on,reposition,Place lamp on surface.,Reposition the lamp.,on,,;referent_grounding_v1:G2,,X=lamp
G2,00262-1xGrZPxG1Hz/tasks-island_1.json,37,2,Arrange the toothbrush.,OK,place_on,straighten,Place toothbrush on surface.,Straighten the toothbrush.,on,,;referent_grounding_v1:G2,,X=toothbrush
G2,00262-1xGrZPxG1Hz/tasks-island_1.json,38,4,Set the pillow.,OK,place_on,straighten,Place pillow on surface.,Straighten the pillow.,on,,;referent_grounding_v1:G2,,X=pillow
G2,00262-1xGrZPxG1Hz/tasks-island_1.json,38,6,Arrange the basket of towels.,OK,place_on,straighten,Place basket of towels on surface.,Straighten the basket of towels.,on,,;referent_grounding_v1:G2,,X=basket of towels
G2,00262-1xGrZPxG1Hz/tasks-island_1.json,41,5,Set aside the pillow.,OK,place_on,straighten,Place pillow on surface.,Straighten the aside the pillow.,on,,;referent_grounding_v1:G2,,X=aside the pillow
G2,00263-GGBvSFddQgs/tasks-island_1.json,3,2,Arrange the sofa set.,OK,place_on,straighten,Place sofa set on surface.,Straighten the sofa set.,on,,;referent_grounding_v1:G2,,X=sofa set
G2,00263-GGBvSFddQgs/tasks-island_1.json,6,3,Arrange the sofa set.,OK,place_on,straighten,Place sofa set on surface.,Straighten the sofa set.,on,,;referent_grounding_v1:G2,,X=sofa set
G3,00263-GGBvSFddQgs/tasks-island_1.json,10,3,Fluff the pillows on the sofa set.,OK,fluff,fluff,Fluff items on the sofa set.,Fluff the pillows on the sofa set.,on,on,;referent_grounding_v1:G3,,NP=pillows
G2,00263-GGBvSFddQgs/tasks-island_1.json,16,3,Arrange the sofa set.,OK,place_on,straighten,Place sofa set on surface.,Straighten the sofa set.,on,,;referent_grounding_v1:G2,,X=sofa set
G2,00263-GGBvSFddQgs/tasks-island_1.json,24,5,Arrange the sofa set.,OK,place_on,straighten,Place sofa set on surface.,Straighten the sofa set.,on,,;referent_grounding_v1:G2,,X=sofa set
G1,00263-GGBvSFddQgs/tasks-island_1.json,27,5,Arrange the items in the chest of drawers.,OK,place_in,place_in,Place chest of drawers in receptacle.,Place the items in the chest of drawers.,in,in,;referent_grounding_v1:G1,,X=items|Y=chest of drawers
G2,00263-GGBvSFddQgs/tasks-island_1.json,33,3,Arrange the shelf cubby.,OK,place_in,straighten,Place shelf cubby in receptacle.,Straighten the shelf cubby.,in,,;referent_grounding_v1:G2,,X=shelf cubby
G2,00263-GGBvSFddQgs/tasks-island_2.json,5,3,Arrange the chest of drawers.,OK,place_on,straighten,Place chest of drawers on surface.,Straighten the chest of drawers.,on,,;referent_grounding_v1:G2,,X=chest of drawers
G2,00263-GGBvSFddQgs/tasks-island_2.json,10,4,Arrange the chest of drawers.,OK,place_on,straighten,Place chest of drawers on surface.,Straighten the chest of drawers.,on,,;referent_grounding_v1:G2,,X=chest of drawers
G2,00263-GGBvSFddQgs/tasks-island_2.json,29,3,Arrange the easy chair.,OK,place_on,straighten,Place easy chair on surface.,Straighten the easy chair.,on,,;referent_grounding_v1:G2,,X=easy chair
G2,00263-GGBvSFddQgs/tasks-island_2.json,53,3,Arrange the easy chair.,OK,place_on,straighten,Place easy chair on surface.,Straighten the easy chair.,on,,;referent_grounding_v1:G2,,X=easy chair
G2,00263-GGBvSFddQgs/tasks-island_2.json,60,3,Arrange the vase.,OK,place_on,straighten,Place vase on surface.,Straighten the vase.,on,,;referent_grounding_v1:G2,,X=vase
G2,00263-GGBvSFddQgs/tasks-island_2.json,69,3,Arrange the easy chair.,OK,place_on,straighten,Place easy chair on surface.,Straighten the easy chair.,on,,;referent_grounding_v1:G2,,X=easy chair
G2,00263-GGBvSFddQgs/tasks-island_2.json,87,2,Arrange the easy chair.,OK,place_on,straighten,Place easy chair on surface.,Straighten the easy chair.,on,,;referent_grounding_v1:G2,,X=easy chair
G2,00263-GGBvSFddQgs/tasks-island_2.json,90,5,Arrange the chest of drawers.,OK,place_on,straighten,Place chest of drawers on surface.,Straighten the chest of drawers.,on,,;referent_grounding_v1:G2,,X=chest of drawers
G2,00263-GGBvSFddQgs/tasks-island_2.json,93,2,Arrange the clothes hanger.,OK,place_on,straighten,Place clothes hanger on surface.,Straighten the clothes hanger.,on,,;referent_grounding_v1:G2,,X=clothes hanger
G2,00263-GGBvSFddQgs/tasks-island_2.json,94,4,Arrange the chair.,OK,place_on,straighten,Place easy chair on surface.,Straighten the chair.,on,,;referent_grounding_v1:G2,,X=chair
G2,00263-GGBvSFddQgs/tasks-island_2.json,97,5,Arrange the wardrobe.,OK,place_on,straighten,Place wardrobe on surface.,Straighten the wardrobe.,on,,;referent_grounding_v1:G2,,X=wardrobe
G2,00263-GGBvSFddQgs/tasks-island_2.json,102,2,Arrange the easy chair.,OK,place_on,straighten,Place easy chair on surface.,Straighten the easy chair.,on,,;referent_grounding_v1:G2,,X=easy chair
G2,00263-GGBvSFddQgs/tasks-island_2.json,103,1,Arrange the decorative plant.,OK,place_on,straighten,Place decorative plant on surface.,Straighten the decorative plant.,on,,;referent_grounding_v1:G2,,X=decorative plant
G2,00263-GGBvSFddQgs/tasks-island_2.json,117,6,Arrange the easy chair.,OK,place_on,straighten,Place easy chair on surface.,Straighten the easy chair.,on,,;referent_grounding_v1:G2,,X=easy chair
G2,00263-GGBvSFddQgs/tasks-island_2.json,123,4,Position the easy chair.,OK,place_in,reposition,Place easy chair in receptacle.,Reposition the easy chair.,in,,;referent_grounding_v1:G2,,X=easy chair
G2,00263-GGBvSFddQgs/tasks-island_2.json,128,5,Set the handbag.,OK,place_on,straighten,Place handbag on surface.,Straighten the handbag.,on,,;referent_grounding_v1:G2,,X=handbag
G2,00263-GGBvSFddQgs/tasks-island_2.json,136,6,Arrange the easy chair.,OK,place_on,straighten,Place easy chair on surface.,Straighten the easy chair.,on,,;referent_grounding_v1:G2,,X=easy chair
G2,00263-GGBvSFddQgs/tasks-island_2.json,151,2,Arrange the book.,OK,place_on,straighten,Place book on surface.,Straighten the book.,on,,;referent_grounding_v1:G2,,X=book
G3,00263-GGBvSFddQgs/tasks-island_2.json,165,3,Put away clothes in the wardrobe.,OK,store,store,Store items in the wardrobe.,Store the clothes in the wardrobe.,in,in,;referent_grounding_v1:G3,,NP=clothes
G2,00263-GGBvSFddQgs/tasks-island_2.json,165,6,Arrange the decorative plant.,OK,place_on,straighten,Place decorative plant on surface.,Straighten the decorative plant.,on,,;referent_grounding_v1:G2,,X=decorative plant
G2,00263-GGBvSFddQgs/tasks-island_2.json,171,4,Arrange the decorative plant.,OK,place_on,straighten,Place decorative plant on surface.,Straighten the decorative plant.,on,,;referent_grounding_v1:G2,,X=decorative plant
G3,00263-GGBvSFddQgs/tasks-island_2.json,172,4,Put away clothes in the wardrobe.,OK,store,store,Store items in the wardrobe.,Store the clothes in the wardrobe.,in,in,;referent_grounding_v1:G3,,NP=clothes
G2,00263-GGBvSFddQgs/tasks-island_2.json,173,7,Arrange the vase.,OK,place_on,straighten,Place vase on surface.,Straighten the vase.,on,,;referent_grounding_v1:G2,,X=vase
G3,00263-GGBvSFddQgs/tasks-island_2.json,174,6,Put away clothes in the wardrobe.,OK,store,store,Store items in the wardrobe.,Store the clothes in the wardrobe.,in,in,;referent_grounding_v1:G3,,NP=clothes
G2,00263-GGBvSFddQgs/tasks-island_2.json,177,1,Arrange the easy chair.,OK,place_on,straighten,Place easy chair on surface.,Straighten the easy chair.,on,,;referent_grounding_v1:G2,,X=easy chair
G2,00263-GGBvSFddQgs/tasks-island_2.json,179,5,Arrange the decorative plant.,OK,place_on,straighten,Place decorative plant on surface.,Straighten the decorative plant.,on,,;referent_grounding_v1:G2,,X=decorative plant
G3,00263-GGBvSFddQgs/tasks-island_2.json,180,5,Put away clothes in the wardrobe.,OK,store,store,Store items in the wardrobe.,Store the clothes in the wardrobe.,in,in,;referent_grounding_v1:G3,,NP=clothes
G3,00263-GGBvSFddQgs/tasks-island_2.json,181,6,Put away clothes in the wardrobe.,OK,store,store,Store items in the wardrobe.,Store the clothes in the wardrobe.,in,in,;referent_grounding_v1:G3,,NP=clothes
G3,00263-GGBvSFddQgs/tasks-island_2.json,184,7,Put away clothes in the wardrobe.,OK,store,store,Store items in the wardrobe.,Store the clothes in the wardrobe.,in,in,;referent_grounding_v1:G3,,NP=clothes
G2,00269-JNiWU5TZLtt/tasks-island_0.json,12,1,Arrange the beanbag.,OK,place_on,straighten,Place beanbag on surface.,Straighten the beanbag.,on,,;referent_grounding_v1:G2,,X=beanbag
G2,00269-JNiWU5TZLtt/tasks-island_0.json,39,1,Arrange the beanbag.,OK,place_in,straighten,Place beanbag in receptacle.,Straighten the beanbag.,in,,;referent_grounding_v1:G2,,X=beanbag
G2,00269-JNiWU5TZLtt/tasks-island_0.json,48,4,Arrange the book rack.,OK,place_on,straighten,Place book rack on surface.,Straighten the book rack.,on,,;referent_grounding_v1:G2,,X=book rack
G2,00269-JNiWU5TZLtt/tasks-island_0.json,50,3,Position the sculpture.,OK,place_on,reposition,Place sculpture on surface.,Reposition the sculpture.,on,,;referent_grounding_v1:G2,,X=sculpture
G2,00269-JNiWU5TZLtt/tasks-island_0.json,50,4,Arrange the ornament.,OK,place_on,straighten,Place ornament on surface.,Straighten the ornament.,on,,;referent_grounding_v1:G2,,X=ornament
G2,00269-JNiWU5TZLtt/tasks-island_0.json,53,3,Arrange the beanbag.,OK,place_on,straighten,Place beanbag on surface.,Straighten the beanbag.,on,,;referent_grounding_v1:G2,,X=beanbag
G2,00269-JNiWU5TZLtt/tasks-island_0.json,61,2,Position the keyboard.,OK,place_on,reposition,Place keyboard on surface.,Reposition the keyboard.,on,,;referent_grounding_v1:G2,,X=keyboard
G3,00269-JNiWU5TZLtt/tasks-island_0.json,63,5,Put the jacket on the rack.,OK,place_on,place_on,Place items on the clothes hanger.,Place the jacket on the clothes hanger.,on,on,;referent_grounding_v1:G3,,NP=jacket
G2,00269-JNiWU5TZLtt/tasks-island_0.json,65,5,Arrange the beanbag.,OK,place_on,straighten,Place beanbag on surface.,Straighten the beanbag.,on,,;referent_grounding_v1:G2,,X=beanbag
G2,00269-JNiWU5TZLtt/tasks-island_0.json,68,3,Position the ornament.,OK,place_on,reposition,Place ornament on surface.,Reposition the ornament.,on,,;referent_grounding_v1:G2,,X=ornament
G2,00269-JNiWU5TZLtt/tasks-island_0.json,68,4,Arrange the plant.,OK,place_on,straighten,Place plant on surface.,Straighten the plant.,on,,;referent_grounding_v1:G2,,X=plant
G2,00269-JNiWU5TZLtt/tasks-island_0.json,73,4,Position the monitor.,OK,place_on,reposition,Place monitor on surface.,Reposition the monitor.,on,,;referent_grounding_v1:G2,,X=monitor
G2,00269-JNiWU5TZLtt/tasks-island_0.json,76,3,Rearrange the flower vase.,OK,place_on,straighten,Place flower vase on surface.,Straighten the flower vase.,on,,;referent_grounding_v1:G2,,X=flower vase
G2,00269-JNiWU5TZLtt/tasks-island_0.json,79,4,Arrange the beanbag.,OK,place_on,straighten,Place beanbag on surface.,Straighten the beanbag.,on,,;referent_grounding_v1:G2,,X=beanbag
G2,00269-JNiWU5TZLtt/tasks-island_0.json,86,3,Rearrange the flower vase.,OK,place_on,straighten,Place flower vase on surface.,Straighten the flower vase.,on,,;referent_grounding_v1:G2,,X=flower vase
G2,00269-JNiWU5TZLtt/tasks-island_0.json,97,3,Arrange the flower vase neatly.,OK,place_on,straighten,Place flower vase on surface.,Straighten the flower vase.,on,,;referent_grounding_v1:G2,,X=flower vase
G2,00269-JNiWU5TZLtt/tasks-island_0.json,103,1,Arrange the beanbags for seating.,OK,place_on,straighten,Place beanbag on surface.,Straighten the beanbags.,on,,;referent_grounding_v1:G2,,X=beanbags
G3,00269-JNiWU5TZLtt/tasks-island_0.json,122,2,Fluff the pillows on the couch.,OK,fluff,fluff,Fluff items on the couch.,Fluff the pillows on the couch.,on,on,;referent_grounding_v1:G3,,NP=pillows
G2,00269-JNiWU5TZLtt/tasks-island_0.json,131,5,Position the keyboard correctly.,OK,place_on,reposition,Place keyboard on surface.,Reposition the keyboard correctly.,on,,;referent_grounding_v1:G2,,X=keyboard correctly
G3,00269-JNiWU5TZLtt/tasks-island_0.json,133,4,Fluff the pillows on the couch.,OK,fluff,fluff,Fluff items on the couch.,Fluff the pillows on the couch.,on,on,;referent_grounding_v1:G3,,NP=pillows
G1,00269-JNiWU5TZLtt/tasks-island_0.json,135,1,Arrange the clothes hanger in the closet.,OK,place_in,place_in,Place clothes hanger in receptacle.,Place the clothes hanger in the closet.,in,in,;referent_grounding_v1:G1,,X=clothes hanger|Y=closet
G1,00269-JNiWU5TZLtt/tasks-island_0.json,139,2,Arrange the flower vase in the lounge.,OK,place_in,place_in,Place flower vase in receptacle.,Place the flower vase in the lounge.,in,in,;referent_grounding_v1:G1,,X=flower vase|Y=lounge
G1,00269-JNiWU5TZLtt/tasks-island_0.json,141,4,Arrange the magazines on the table.,OK,place_on,place_on,Place magazine on surface.,Place the magazines on the table.,on,on,;referent_grounding_v1:G1,,X=magazines|Y=table
G2,00269-JNiWU5TZLtt/tasks-island_0.json,151,1,Arrange the beanbag for the best view.,OK,place_in,straighten,Place beanbag in receptacle.,Straighten the beanbag.,in,,;referent_grounding_v1:G2,,X=beanbag
G1,00269-JNiWU5TZLtt/tasks-island_0.json,151,5,Set the cup on the coaster.,OK,place_in,place_on,Place cup in receptacle.,Place the cup on the coaster.,in,on,;referent_grounding_v1:G1,,X=cup|Y=coaster
G2,00269-JNiWU5TZLtt/tasks-island_0.json,153,3,Arrange the ornament next to it.,OK,place_on,straighten,Place ornament on surface.,Straighten the ornament.,on,,;referent_grounding_v1:G2,,X=ornament
G2,00269-JNiWU5TZLtt/tasks-island_0.json,153,4,Position the lamp to highlight the display.,OK,place_on,reposition,Place lamp on surface.,Reposition the lamp.,on,,;referent_grounding_v1:G2,,X=lamp
G1,00269-JNiWU5TZLtt/tasks-island_0.json,155,5,Organize the tools back on the rack.,OK,place_in,place_on,Place rack in receptacle.,Place the tools on the rack.,in,on,;referent_grounding_v1:G1,,X=tools|Y=rack
G1,00269-JNiWU5TZLtt/tasks-island_0.json,156,2,Organize the equipment on the stand.,OK,place_on,place_on,Place stand on surface.,Place the equipment on the stand.,on,on,;referent_grounding_v1:G1,,X=equipment|Y=stand
G1,00269-JNiWU5TZLtt/tasks-island_0.json,157,4,Arrange the items on the rack.,OK,place_on,place_on,Place rack on surface.,Place the items on the rack.,on,on,;referent_grounding_v1:G1,,X=items|Y=rack
G1,00269-JNiWU5TZLtt/tasks-island_0.json,160,2,Organize the books on the shelf.,OK,place_on,place_on,Place shelf on surface.,Place the books on the shelf.,on,on,;referent_grounding_v1:G1,,X=books|Y=shelf
G2,00269-JNiWU5TZLtt/tasks-island_0.json,163,3,Arrange the plant stand.,OK,place_on,straighten,Place stand on surface.,Straighten the plant stand.,on,,;referent_grounding_v1:G2,,X=plant stand
G1,00269-JNiWU5TZLtt/tasks-island_0.json,170,5,Organize the items on the stand.,OK,place_in,place_on,Place stand in receptacle.,Place the items on the stand.,in,on,;referent_grounding_v1:G1,,X=items|Y=stand
G2,00269-JNiWU5TZLtt/tasks-island_0.json,171,2,Arrange the beanbag for reading.,OK,place_in,straighten,Place beanbag in receptacle.,Straighten the beanbag.,in,,;referent_grounding_v1:G2,,X=beanbag
G2,00269-JNiWU5TZLtt/tasks-island_0.json,173,2,Arrange the clothes hanger properly.,OK,place_on,straighten,Place clothes hanger on surface.,Straighten the clothes hanger.,on,,;referent_grounding_v1:G2,,X=clothes hanger
G2,00269-JNiWU5TZLtt/tasks-island_0.json,185,7,Arrange the beanbag neatly.,OK,place_on,straighten,Place beanbag on surface.,Straighten the beanbag.,on,,;referent_grounding_v1:G2,,X=beanbag
G1,00269-JNiWU5TZLtt/tasks-island_0.json,187,7,Set the ornament on the shelf.,OK,place_on,place_on,Place ornament on surface.,Place the ornament on the shelf.,on,on,;referent_grounding_v1:G1,,X=ornament|Y=shelf
G2,00269-JNiWU5TZLtt/tasks-island_0.json,197,5,Arrange the beanbag.,OK,place_on,straighten,Place beanbag on surface.,Straighten the beanbag.,on,,;referent_grounding_v1:G2,,X=beanbag
G2,00269-JNiWU5TZLtt/tasks-island_0.json,202,6,Position the flower vase.,OK,place_on,reposition,Place flower vase on surface.,Reposition the flower vase.,on,,;referent_grounding_v1:G2,,X=flower vase
G2,00269-JNiWU5TZLtt/tasks-island_0.json,204,1,Arrange the beanbag.,OK,place_on,straighten,Place beanbag on surface.,Straighten the beanbag.,on,,;referent_grounding_v1:G2,,X=beanbag
G1,00269-JNiWU5TZLtt/tasks-island_0.json,204,7,Set the jar on the table.,OK,place_on,place_on,Place jar on surface.,Place the jar on the table.,on,on,;referent_grounding_v1:G1,,X=jar|Y=table
G2,00269-JNiWU5TZLtt/tasks-island_0.json,224,1,Arrange the book rack.,OK,place_on,straighten,Place book rack on surface.,Straighten the book rack.,on,,;referent_grounding_v1:G2,,X=book rack
G2,00269-JNiWU5TZLtt/tasks-island_0.json,233,3,Arrange the beanbag.,OK,place_on,straighten,Place beanbag on surface.,Straighten the beanbag.,on,,;referent_grounding_v1:G2,,X=beanbag
G2,00269-JNiWU5TZLtt/tasks-island_0.json,236,7,Arrange the clothes hanger.,OK,place_on,straighten,Place clothes hanger on surface.,Straighten the clothes hanger.,on,,;referent_grounding_v1:G2,,X=clothes hanger
G2,00269-JNiWU5TZLtt/tasks-island_0.json,239,3,Arrange the book rack.,OK,place_on,straighten,Place book rack on surface.,Straighten the book rack.,on,,;referent_grounding_v1:G2,,X=book rack
G2,00269-JNiWU5TZLtt/tasks-island_0.json,243,1,Arrange the beanbag.,OK,place_in,straighten,Place beanbag in receptacle.,Straighten the beanbag.,in,,;referent_grounding_v1:G2,,X=beanbag
G2,00272-kA2nG18hCAr/tasks-island_0.json,7,1,Arrange the bookshelf.,OK,place_on,straighten,Place bookshelf on surface.,Straighten the bookshelf.,on,,;referent_grounding_v1:G2,,X=bookshelf
G1,00272-kA2nG18hCAr/tasks-island_0.json,8,1,Set the plate on the table.,OK,place_on,place_on,Place plate on surface.,Place the plate on the table.,on,on,;referent_grounding_v1:G1,,X=plate|Y=table
G1,00272-kA2nG18hCAr/tasks-island_0.json,19,1,Set the plate on the table.,OK,place_on,place_on,Place plate on surface.,Place the plate on the table.,on,on,;referent_grounding_v1:G1,,X=plate|Y=table
G2,00272-kA2nG18hCAr/tasks-island_0.json,38,2,Arrange the flower.,OK,place_on,straighten,Place flower on surface.,Straighten the flower.,on,,;referent_grounding_v1:G2,,X=flower
G1,00272-kA2nG18hCAr/tasks-island_0.json,48,5,Organize the cleaning supplies on the shelf.,OK,place_on,place_on,Place shelf on surface.,Place the cleaning supplies on the shelf.,on,on,;referent_grounding_v1:G1,,X=cleaning supplies|Y=shelf
G1,00272-kA2nG18hCAr/tasks-island_0.json,51,4,Arrange the books on the bookshelf.,OK,place_on,place_on,Place bookshelf on surface.,Place the books on the bookshelf.,on,on,;referent_grounding_v1:G1,,X=books|Y=bookshelf
G1,00272-kA2nG18hCAr/tasks-island_0.json,53,4,Organize the items in the kitchen cabinet.,OK,place_in,place_in,Place kitchen cabinet in receptacle.,Place the items in the kitchen cabinet.,in,in,;referent_grounding_v1:G1,,X=items|Y=kitchen cabinet
G1,00272-kA2nG18hCAr/tasks-island_0.json,56,4,Organize the knives in the knife holder.,OK,place_in,place_in,Place knife holder in receptacle.,Place the knives in the knife holder.,in,in,;referent_grounding_v1:G1,,X=knives|Y=knife holder
G1,00272-kA2nG18hCAr/tasks-island_0.json,64,1,Position the monitor on the desk.,OK,place_on,place_on,Place monitor on surface.,Place the monitor on the desk.,on,on,;referent_grounding_v1:G1,,X=monitor|Y=desk
G1,00272-kA2nG18hCAr/tasks-island_0.json,68,4,Arrange the photo on the bedside table.,OK,place_on,place_on,Place photo on surface.,Place the photo on the bedside table.,on,on,;referent_grounding_v1:G1,,X=photo|Y=bedside table
G2,00272-kA2nG18hCAr/tasks-island_0.json,71,2,Arrange the storage rack.,OK,place_on,straighten,Place rack on surface.,Straighten the storage rack.,on,,;referent_grounding_v1:G2,,X=storage rack
G1,00272-kA2nG18hCAr/tasks-island_0.json,72,3,Set a plate on the counter.,OK,place_on,place_on,Place plate on surface.,Place the plate on the counter.,on,on,;referent_grounding_v1:G1,,X=plate|Y=counter
G2,00272-kA2nG18hCAr/tasks-island_0.json,77,4,Rearrange the equipment rack.,OK,place_on,straighten,Place rack on surface.,Straighten the equipment rack.,on,,;referent_grounding_v1:G2,,X=equipment rack
G2,00272-kA2nG18hCAr/tasks-island_0.json,89,2,Position the monitor correctly.,OK,place_on,reposition,Place monitor on surface.,Reposition the monitor correctly.,on,,;referent_grounding_v1:G2,,X=monitor correctly
G1,00272-kA2nG18hCAr/tasks-island_0.json,96,3,Arrange the hat on the shelf.,OK,place_on,place_on,Place hat on surface.,Place the hat on the shelf.,on,on,;referent_grounding_v1:G1,,X=hat|Y=shelf
G2,00272-kA2nG18hCAr/tasks-island_0.json,110,4,Set a plate for snacks.,OK,place_on,straighten,Place plate on surface.,Straighten the plate.,on,,;referent_grounding_v1:G2,,X=plate
G2,00272-kA2nG18hCAr/tasks-island_0.json,111,3,Position the keyboard correctly.,OK,place_on,reposition,Place keyboard on surface.,Reposition the keyboard correctly.,on,,;referent_grounding_v1:G2,,X=keyboard correctly
G1,00272-kA2nG18hCAr/tasks-island_0.json,115,1,Arrange the box on the pantry floor.,OK,place_on,place_on,Place box on surface.,Place the box on the pantry floor.,on,on,;referent_grounding_v1:G1,,X=box|Y=pantry floor
G1,00272-kA2nG18hCAr/tasks-island_0.json,119,2,Arrange the items on the rack.,OK,place_on,place_on,Place rack on surface.,Place the items on the rack.,on,on,;referent_grounding_v1:G1,,X=items|Y=rack
G1,00272-kA2nG18hCAr/tasks-island_0.json,120,3,Put clothes in the basket.,OK,store,place_in,Store the basket.,Place the clothes in the basket.,,in,;referent_grounding_v1:G1,,X=clothes|Y=basket
G2,00272-kA2nG18hCAr/tasks-island_0.json,128,6,Arrange the knife holder.,OK,place_on,straighten,Place knife holder on surface.,Straighten the knife holder.,on,,;referent_grounding_v1:G2,,X=knife holder
G2,00272-kA2nG18hCAr/tasks-island_0.json,133,2,Set the plate.,OK,place_on,straighten,Place plate on surface.,Straighten the plate.,on,,;referent_grounding_v1:G2,,X=plate
G2,00272-kA2nG18hCAr/tasks-island_0.json,135,2,Arrange the rack.,OK,place_on,straighten,Place rack on surface.,Straighten the rack.,on,,;referent_grounding_v1:G2,,X=rack
G2,00272-kA2nG18hCAr/tasks-island_0.json,162,6,Arrange the bathroom accessory.,OK,place_on,straighten,Place bathroom accessory on surface.,Straighten the bathroom accessory.,on,,;referent_grounding_v1:G2,,X=bathroom accessory
G2,00272-kA2nG18hCAr/tasks-island_0.json,171,3,Arrange the rack.,OK,place_on,straighten,Place rack on surface.,Straighten the rack.,on,,;referent_grounding_v1:G2,,X=rack
G2,00272-kA2nG18hCAr/tasks-island_0.json,180,4,Set the plate.,OK,place_on,straighten,Place plate on surface.,Straighten the plate.,on,,;referent_grounding_v1:G2,,X=plate
G2,00272-kA2nG18hCAr/tasks-island_0.json,191,5,Arrange the towels.,OK,place_on,straighten,Place towel on surface.,Straighten the towels.,on,,;referent_grounding_v1:G2,,X=towels
G1,00272-kA2nG18hCAr/tasks-island_0.json,193,1,Organize the clothes in the rack.,OK,place_in,place_in,Place rack in receptacle.,Place the clothes in the rack.,in,in,;referent_grounding_v1:G1,,X=clothes|Y=rack
G2,00272-kA2nG18hCAr/tasks-island_0.json,194,5,Arrange the fireplace utensil.,OK,place_on,straighten,Place fireplace utensil on surface.,Straighten the fireplace utensil.,on,,;referent_grounding_v1:G2,,X=fireplace utensil
G2,00272-kA2nG18hCAr/tasks-island_0.json,195,7,Arrange the keyboard.,OK,place_in,straighten,Place keyboard in receptacle.,Straighten the keyboard.,in,,;referent_grounding_v1:G2,,X=keyboard
G2,00272-kA2nG18hCAr/tasks-island_0.json,198,2,Set the plate.,OK,place_on,straighten,Place plate on surface.,Straighten the plate.,on,,;referent_grounding_v1:G2,,X=plate
G2,00272-kA2nG18hCAr/tasks-island_0.json,200,5,Arrange the basket of something.,OK,place_on,straighten,Place basket of something on surface.,Straighten the basket of something.,on,,;referent_grounding_v1:G2,,X=basket of something
G2,00272-kA2nG18hCAr/tasks-island_0.json,207,5,Arrange the basket of something.,OK,place_on,straighten,Place basket of something on surface.,Straighten the basket of something.,on,,;referent_grounding_v1:G2,,X=basket of something
G2,00272-kA2nG18hCAr/tasks-island_0.json,211,2,Set the plate.,OK,place_on,straighten,Place plate on surface.,Straighten the plate.,on,,;referent_grounding_v1:G2,,X=plate
G2,00272-kA2nG18hCAr/tasks-island_0.json,214,2,Set the bowl.,OK,place_on,straighten,Place bowl on surface.,Straighten the bowl.,on,,;referent_grounding_v1:G2,,X=bowl
G2,00272-kA2nG18hCAr/tasks-island_0.json,215,4,Arrange the basket of something.,OK,place_on,straighten,Place basket of something on surface.,Straighten the basket of something.,on,,;referent_grounding_v1:G2,,X=basket of something
G2,00272-kA2nG18hCAr/tasks-island_0.json,219,2,Set the plate.,OK,place_on,straighten,Place plate on surface.,Straighten the plate.,on,,;referent_grounding_v1:G2,,X=plate
G2,00272-kA2nG18hCAr/tasks-island_0.json,222,6,Arrange the mouse.,OK,place_in,straighten,Place mouse in receptacle.,Straighten the mouse.,in,,;referent_grounding_v1:G2,,X=mouse
G3,00272-kA2nG18hCAr/tasks-island_0.json,232,1,Put the clothes in the hamper.,OK,place_in,place_in,Place items in the clothes_hamper.,Place the clothes in the clothes_hamper.,in,in,;referent_grounding_v1:G3,,NP=clothes
G2,00272-kA2nG18hCAr/tasks-island_0.json,238,4,Arrange the paper.,OK,place_on,straighten,Place paper on surface.,Straighten the paper.,on,,;referent_grounding_v1:G2,,X=paper
G2,00272-kA2nG18hCAr/tasks-island_0.json,239,6,Arrange the fireplace utensil.,OK,place_on,straighten,Place fireplace utensil on surface.,Straighten the fireplace utensil.,on,,;referent_grounding_v1:G2,,X=fireplace utensil
G2,00272-kA2nG18hCAr/tasks-island_0.json,255,2,Position the treadmill.,OK,place_on,reposition,Place treadmill on surface.,Reposition the treadmill.,on,,;referent_grounding_v1:G2,,X=treadmill
G2,00272-kA2nG18hCAr/tasks-island_1.json,3,3,Arrange the basket.,OK,place_on,straighten,Place basket on surface.,Straighten the basket.,on,,;referent_grounding_v1:G2,,X=basket
G2,00272-kA2nG18hCAr/tasks-island_1.json,6,4,Set aside the ladder.,OK,place_on,straighten,Place ladder on surface.,Straighten the aside the ladder.,on,,;referent_grounding_v1:G2,,X=aside the ladder
G2,00272-kA2nG18hCAr/tasks-island_1.json,24,3,Arrange the wreath.,OK,place_on,straighten,Place wreath on surface.,Straighten the wreath.,on,,;referent_grounding_v1:G2,,X=wreath
G2,00272-kA2nG18hCAr/tasks-island_1.json,30,1,Position the ladder.,OK,place_on,reposition,Place ladder on surface.,Reposition the ladder.,on,,;referent_grounding_v1:G2,,X=ladder
G2,00272-kA2nG18hCAr/tasks-island_1.json,34,6,Position the ladder.,OK,place_on,reposition,Place ladder on surface.,Reposition the ladder.,on,,;referent_grounding_v1:G2,,X=ladder
G2,00272-kA2nG18hCAr/tasks-island_1.json,39,5,Arrange the basket.,OK,place_on,straighten,Place basket on surface.,Straighten the basket.,on,,;referent_grounding_v1:G2,,X=basket
G2,00272-kA2nG18hCAr/tasks-island_1.json,45,3,Display the wreath.,OK,place_on,straighten,Place wreath on surface.,Straighten the wreath.,on,,;referent_grounding_v1:G2,,X=wreath
G1,00294-PPTLa8SkUfo/tasks-island_0.json,0,4,Set the plate on the table.,OK,place_on,place_on,Place plate on surface.,Place the plate on the table.,on,on,;referent_grounding_v1:G1,,X=plate|Y=table
G2,00294-PPTLa8SkUfo/tasks-island_0.json,8,3,Position the elephant sculpture as a subject.,OK,place_on,reposition,Place elephant sculpture on surface.,Reposition the elephant sculpture as a subject.,on,,;referent_grounding_v1:G2,,X=elephant sculpture as a subject
G2,00294-PPTLa8SkUfo/tasks-island_0.json,23,4,Arrange the candle holder.,OK,place_on,straighten,Place candle holder on surface.,Straighten the candle holder.,on,,;referent_grounding_v1:G2,,X=candle holder
G2,00294-PPTLa8SkUfo/tasks-island_0.json,31,4,Arrange the stuffed animal.,OK,place_on,straighten,Place stuffed animal on surface.,Straighten the stuffed animal.,on,,;referent_grounding_v1:G2,,X=stuffed animal
G2,00294-PPTLa8SkUfo/tasks-island_0.json,32,1,Arrange the sofa seat.,OK,place_on,straighten,Place sofa seat on surface.,Straighten the sofa seat.,on,,;referent_grounding_v1:G2,,X=sofa seat
G2,00294-PPTLa8SkUfo/tasks-island_0.json,70,1,Arrange the hanging clothes.,OK,place_on,straighten,Place hanging clothes on surface.,Straighten the hanging clothes.,on,,;referent_grounding_v1:G2,,X=hanging clothes
G2,00294-PPTLa8SkUfo/tasks-island_0.json,96,2,Arrange the sofa seat.,OK,place_on,straighten,Place sofa seat on surface.,Straighten the sofa seat.,on,,;referent_grounding_v1:G2,,X=sofa seat
G2,00294-PPTLa8SkUfo/tasks-island_0.json,103,1,Set the plate.,OK,place_on,straighten,Place plate on surface.,Straighten the plate.,on,,;referent_grounding_v1:G2,,X=plate
G2,00294-PPTLa8SkUfo/tasks-island_0.json,109,3,Set the plate.,OK,place_on,straighten,Place plate on surface.,Straighten the plate.,on,,;referent_grounding_v1:G2,,X=plate
G2,00294-PPTLa8SkUfo/tasks-island_0.json,114,1,Arrange the sofa seat.,OK,place_on,straighten,Place sofa seat on surface.,Straighten the sofa seat.,on,,;referent_grounding_v1:G2,,X=sofa seat
G2,00294-PPTLa8SkUfo/tasks-island_0.json,114,4,Set the plate.,OK,place_on,straighten,Place plate on surface.,Straighten the plate.,on,,;referent_grounding_v1:G2,,X=plate
G4,00294-PPTLa8SkUfo/tasks-island_0.json,124,2,Fill it at the refrigerator.,RESOLVED,fill,fill,Use the refrigerator to fill a container.,Use the refrigerator to fill the pitcher.,at,at,;referent_grounding_v1:G4,,vessel=pitcher
G1,00294-PPTLa8SkUfo/tasks-island_0.json,125,4,Organize the magazines on the side table.,OK,place_on,place_on,Place side table on surface.,Place the magazines on the side table.,on,on,;referent_grounding_v1:G1,,X=magazines|Y=side table
G2,00294-PPTLa8SkUfo/tasks-island_0.json,134,5,Arrange the rocking chair.,OK,place_on,straighten,Place rocking chair on surface.,Straighten the rocking chair.,on,,;referent_grounding_v1:G2,,X=rocking chair
G3,00294-PPTLa8SkUfo/tasks-island_0.json,141,1,Fluff the cushions on the couch.,OK,fluff,fluff,Fluff items on the couch.,Fluff the cushions on the couch.,on,on,;referent_grounding_v1:G3,,NP=cushions
G2,00294-PPTLa8SkUfo/tasks-island_0.json,145,3,Set the shower curtain.,OK,place_on,straighten,Place shower curtain on surface.,Straighten the shower curtain.,on,,;referent_grounding_v1:G2,,X=shower curtain
G2,00294-PPTLa8SkUfo/tasks-island_0.json,148,3,Arrange the elephant sculpture as a subject.,OK,place_on,straighten,Place elephant sculpture on surface.,Straighten the elephant sculpture as a subject.,on,,;referent_grounding_v1:G2,,X=elephant sculpture as a subject
G1,00294-PPTLa8SkUfo/tasks-island_0.json,154,6,Set the cup on the table.,OK,place_on,place_on,Place cup on surface.,Place the cup on the table.,on,on,;referent_grounding_v1:G1,,X=cup|Y=table
G1,00294-PPTLa8SkUfo/tasks-island_0.json,160,4,Set the plate on the table.,OK,place_on,place_on,Place plate on surface.,Place the plate on the table.,on,on,;referent_grounding_v1:G1,,X=plate|Y=table
G1,00294-PPTLa8SkUfo/tasks-island_0.json,167,5,Set the pitcher on the table.,OK,place_on,place_on,Place pitcher on surface.,Place the pitcher on the table.,on,on,;referent_grounding_v1:G1,,X=pitcher|Y=table
G2,00294-PPTLa8SkUfo/tasks-island_0.json,170,7,Arrange the candle holder.,OK,place_on,straighten,Place candle holder on surface.,Straighten the candle holder.,on,,;referent_grounding_v1:G2,,X=candle holder
G2,00294-PPTLa8SkUfo/tasks-island_0.json,181,6,Arrange the folding chair.,OK,place_on,straighten,Place folding chair on surface.,Straighten the folding chair.,on,,;referent_grounding_v1:G2,,X=folding chair
G2,00294-PPTLa8SkUfo/tasks-island_0.json,185,3,Arrange the stuffed animal.,OK,place_on,straighten,Place stuffed animal on surface.,Straighten the stuffed animal.,on,,;referent_grounding_v1:G2,,X=stuffed animal
G2,00294-PPTLa8SkUfo/tasks-island_0.json,188,2,Arrange the rocking chair.,OK,place_on,straighten,Place rocking chair on surface.,Straighten the rocking chair.,on,,;referent_grounding_v1:G2,,X=rocking chair
G1,00294-PPTLa8SkUfo/tasks-island_0.json,188,6,Set the cup on the coffee table.,OK,place_on,place_on,Place cup on surface.,Place the cup on the coffee table.,on,on,;referent_grounding_v1:G1,,X=cup|Y=coffee table
G2,00294-PPTLa8SkUfo/tasks-island_0.json,200,7,Arrange the folding chair.,OK,place_on,straighten,Place folding chair on surface.,Straighten the folding chair.,on,,;referent_grounding_v1:G2,,X=folding chair
G2,00294-PPTLa8SkUfo/tasks-island_0.json,211,2,Arrange the folding chair.,OK,place_on,straighten,Place folding chair on surface.,Straighten the folding chair.,on,,;referent_grounding_v1:G2,,X=folding chair
G2,00294-PPTLa8SkUfo/tasks-island_0.json,241,3,Position the statue.,OK,place_on,reposition,Place statue on surface.,Reposition the statue.,on,,;referent_grounding_v1:G2,,X=statue
G3,00294-PPTLa8SkUfo/tasks-island_0.json,261,6,Fluff the cushion on the armchair.,OK,fluff,fluff,Fluff items on the armchair.,Fluff the cushion on the armchair.,on,on,;referent_grounding_v1:G3,,NP=cushion
G2,00294-PPTLa8SkUfo/tasks-island_0.json,281,6,Set the plate of food.,OK,place_on,straighten,Place plate of food on surface.,Straighten the plate of food.,on,,;referent_grounding_v1:G2,,X=plate of food
G2,00294-PPTLa8SkUfo/tasks-island_3.json,1,1,Arrange the rocking chair.,OK,place_on,straighten,Place rocking chair on surface.,Straighten the rocking chair.,on,,;referent_grounding_v1:G2,,X=rocking chair
G2,00294-PPTLa8SkUfo/tasks-island_3.json,3,4,Arrange the rocking chair.,OK,place_on,straighten,Place rocking chair on surface.,Straighten the rocking chair.,on,,;referent_grounding_v1:G2,,X=rocking chair
G2,00294-PPTLa8SkUfo/tasks-island_3.json,7,3,Position the rocking chair.,OK,place_on,reposition,Place rocking chair on surface.,Reposition the rocking chair.,on,,;referent_grounding_v1:G2,,X=rocking chair
G2,00294-PPTLa8SkUfo/tasks-island_3.json,21,7,Arrange the magazine pile.,OK,place_on,straighten,Place magazine on surface.,Straighten the magazine pile.,on,,;referent_grounding_v1:G2,,X=magazine pile
G1,00299-bdp1XNEdvmW/tasks-island_0.json,17,3,Arrange the wine bottle on the shelf.,OK,place_on,place_on,Place wine bottle on surface.,Place the wine bottle on the shelf.,on,on,;referent_grounding_v1:G1,,X=wine bottle|Y=shelf
G1,00299-bdp1XNEdvmW/tasks-island_0.json,21,3,Arrange the box on the lower shelf.,OK,place_on,place_on,Place box on surface.,Place the box on the lower shelf.,on,on,;referent_grounding_v1:G1,,X=box|Y=lower shelf
G1,00299-bdp1XNEdvmW/tasks-island_0.json,31,1,Organize items on the shelf.,OK,place_on,place_on,Place shelf on surface.,Place the items on the shelf.,on,on,;referent_grounding_v1:G1,,X=items|Y=shelf
G2,00299-bdp1XNEdvmW/tasks-island_0.json,31,5,Arrange the keyboard.,OK,place_on,straighten,Place keyboard on surface.,Straighten the keyboard.,on,,;referent_grounding_v1:G2,,X=keyboard
G2,00299-bdp1XNEdvmW/tasks-island_0.json,47,5,Arrange the keyboard.,OK,place_on,straighten,Place keyboard on surface.,Straighten the keyboard.,on,,;referent_grounding_v1:G2,,X=keyboard
G2,00299-bdp1XNEdvmW/tasks-island_0.json,56,3,Set the tray.,OK,place_on,straighten,Place tray on surface.,Straighten the tray.,on,,;referent_grounding_v1:G2,,X=tray
G1,00299-bdp1XNEdvmW/tasks-island_0.json,61,2,Sort items on the shelf.,OK,place_on,place_on,Place shelf on surface.,Place the items on the shelf.,on,on,;referent_grounding_v1:G1,,X=items|Y=shelf
G1,00299-bdp1XNEdvmW/tasks-island_0.json,71,4,Organize the books on the book rack.,OK,place_on,place_on,Place book rack on surface.,Place the books on the book rack.,on,on,;referent_grounding_v1:G1,,X=books|Y=book rack
G3,00299-bdp1XNEdvmW/tasks-island_0.json,76,6,Put away glasses in the cabinet.,OK,store,store,Store items in the cabinet.,Store the glasses in the cabinet.,in,in,;referent_grounding_v1:G3,,NP=glasses
G1,00299-bdp1XNEdvmW/tasks-island_0.json,93,1,Organize the clothes on the shelf.,OK,place_on,place_on,Place shelf on surface.,Place the clothes on the shelf.,on,on,;referent_grounding_v1:G1,,X=clothes|Y=shelf
G3,00299-bdp1XNEdvmW/tasks-island_0.json,93,6,Put away clothes in the cabinet.,OK,store,store,Store items in the cabinet.,Store the clothes in the cabinet.,in,in,;referent_grounding_v1:G3,,NP=clothes
G1,00299-bdp1XNEdvmW/tasks-island_0.json,98,1,Tidy the items on the shelf.,OK,place_on,place_on,Place shelf on surface.,Place the items on the shelf.,on,on,;referent_grounding_v1:G1,,X=items|Y=shelf
G2,00299-bdp1XNEdvmW/tasks-island_0.json,102,1,Position the ladder to hang decorations.,OK,place_on,reposition,Place ladder on surface.,Reposition the ladder.,on,,;referent_grounding_v1:G2,,X=ladder
G1,00299-bdp1XNEdvmW/tasks-island_0.json,103,1,Arrange the clothes on the rack.,OK,place_on,place_on,Place rack on surface.,Place the clothes on the rack.,on,on,;referent_grounding_v1:G1,,X=clothes|Y=rack
G1,00299-bdp1XNEdvmW/tasks-island_0.json,110,4,Set the globe in the center.,OK,place_in,place_in,Place globe in receptacle.,Place the globe in the center.,in,in,;referent_grounding_v1:G1,,X=globe|Y=center
G1,00304-X6Pct1msZv5/tasks-island_0.json,2,3,Organize items in a box.,OK,place_in,place_in,Place box in receptacle.,Place the items in the box.,in,in,;referent_grounding_v1:G1,,X=items|Y=box
G4,00304-X6Pct1msZv5/tasks-island_0.json,27,3,Fill the pan with water at the sink.,RESOLVED,fill,fill,Use the sink to fill a container.,Fill the pan at the sink.,at,at,;referent_grounding_v1:G4,,vessel=pan
G1,00304-X6Pct1msZv5/tasks-island_0.json,32,3,Organize the items on the rack.,OK,place_on,place_on,Place rack on surface.,Place the items on the rack.,on,on,;referent_grounding_v1:G1,,X=items|Y=rack
G1,00304-X6Pct1msZv5/tasks-island_0.json,38,5,Organize the magazines on the rack.,OK,place_in,place_on,Place rack in receptacle.,Place the magazines on the rack.,in,on,;referent_grounding_v1:G1,,X=magazines|Y=rack
G1,00304-X6Pct1msZv5/tasks-island_0.json,52,4,Arrange the books on the rack.,OK,place_on,place_on,Place rack on surface.,Place the books on the rack.,on,on,;referent_grounding_v1:G1,,X=books|Y=rack
G2,00304-X6Pct1msZv5/tasks-island_0.json,63,2,Set a bowl for snacks.,OK,place_on,straighten,Place bowl on surface.,Straighten the bowl.,on,,;referent_grounding_v1:G2,,X=bowl
G2,00304-X6Pct1msZv5/tasks-island_0.json,78,3,Arrange the towel.,OK,place_on,straighten,Place towel on surface.,Straighten the towel.,on,,;referent_grounding_v1:G2,,X=towel
G2,00304-X6Pct1msZv5/tasks-island_0.json,81,6,Arrange the towel.,OK,place_on,straighten,Place towel on surface.,Straighten the towel.,on,,;referent_grounding_v1:G2,,X=towel
G2,00304-X6Pct1msZv5/tasks-island_0.json,83,4,Arrange the towel.,OK,place_on,straighten,Place towel on surface.,Straighten the towel.,on,,;referent_grounding_v1:G2,,X=towel
G1,00304-X6Pct1msZv5/tasks-island_0.json,88,2,Organize documents near the printer.,OK,place_in,place_on,Place printer in receptacle.,Place the documents near the printer.,in,at,;referent_grounding_v1:G1,,X=documents|Y=printer
G1,00304-X6Pct1msZv5/tasks-island_0.json,91,2,Arrange toiletries on the shelf.,OK,place_on,place_on,Place shelf on surface.,Place the toiletries on the shelf.,on,on,;referent_grounding_v1:G1,,X=toiletries|Y=shelf
G1,00304-X6Pct1msZv5/tasks-island_0.json,97,1,Organize items on the shelf.,OK,place_on,place_on,Place shelf on surface.,Place the items on the shelf.,on,on,;referent_grounding_v1:G1,,X=items|Y=shelf
G1,00304-X6Pct1msZv5/tasks-island_0.json,97,4,Tidy the toys on the rack.,OK,place_on,place_on,Place rack on surface.,Place the toys on the rack.,on,on,;referent_grounding_v1:G1,,X=toys|Y=rack
G1,00304-X6Pct1msZv5/tasks-island_0.json,99,4,Arrange the flowers in the vase.,OK,place_in,place_in,Place vase in receptacle.,Place the flowers in the vase.,in,in,;referent_grounding_v1:G1,,X=flowers|Y=vase
G1,00304-X6Pct1msZv5/tasks-island_0.json,101,2,Organize printed sheets near the printer.,OK,place_in,place_on,Place printer in receptacle.,Place the printed sheets near the printer.,in,at,;referent_grounding_v1:G1,,X=printed sheets|Y=printer
G1,00304-X6Pct1msZv5/tasks-island_0.json,101,4,Arrange folders on the rack.,OK,place_on,place_on,Place rack on surface.,Place the folders on the rack.,on,on,;referent_grounding_v1:G1,,X=folders|Y=rack
G4,00304-X6Pct1msZv5/tasks-island_0.json,104,5,Refill the watering can at the tap.,RESOLVED,fill,fill,Use the tap to fill a container.,Fill the vase at the tap.,at,at,;referent_grounding_v1:G4,,vessel=vase
G1,00304-X6Pct1msZv5/tasks-island_0.json,111,1,Organize the items on the rack.,OK,place_on,place_on,Place rack on surface.,Place the items on the rack.,on,on,;referent_grounding_v1:G1,,X=items|Y=rack
G1,00304-X6Pct1msZv5/tasks-island_0.json,116,6,Sort the clean items into the box.,OK,place_in,place_in,Place box in receptacle.,Place the clean items into the box.,in,in,;referent_grounding_v1:G1,,X=clean items|Y=box
G1,00304-X6Pct1msZv5/tasks-island_0.json,124,1,Rearrange items in the cabinet.,OK,place_in,place_in,Place cabinet in receptacle.,Place the items in the cabinet.,in,in,;referent_grounding_v1:G1,,X=items|Y=cabinet
G1,00304-X6Pct1msZv5/tasks-island_0.json,124,4,Organize the items on the rack.,OK,place_on,place_on,Place rack on surface.,Place the items on the rack.,on,on,;referent_grounding_v1:G1,,X=items|Y=rack
G2,00304-X6Pct1msZv5/tasks-island_0.json,126,2,Reposition the vase.,OK,place_on,reposition,Place vase on surface.,Reposition the vase.,on,,;referent_grounding_v1:G2,,X=vase
G2,00304-X6Pct1msZv5/tasks-island_0.json,137,3,Arrange the plush toy.,OK,place_on,straighten,Place plush toy on surface.,Straighten the plush toy.,on,,;referent_grounding_v1:G2,,X=plush toy
G2,00304-X6Pct1msZv5/tasks-island_0.json,141,2,Arrange the flowerpot.,OK,place_on,straighten,Place flowerpot on surface.,Straighten the flowerpot.,on,,;referent_grounding_v1:G2,,X=flowerpot
G2,00304-X6Pct1msZv5/tasks-island_0.json,144,1,Arrange the flowerpot.,OK,place_on,straighten,Place flowerpot on surface.,Straighten the flowerpot.,on,,;referent_grounding_v1:G2,,X=flowerpot
G2,00304-X6Pct1msZv5/tasks-island_0.json,145,2,Position the lamp.,OK,place_on,reposition,Place lamp on surface.,Reposition the lamp.,on,,;referent_grounding_v1:G2,,X=lamp
G2,00304-X6Pct1msZv5/tasks-island_0.json,146,1,Arrange the plush toy.,OK,place_on,straighten,Place plush toy on surface.,Straighten the plush toy.,on,,;referent_grounding_v1:G2,,X=plush toy
G2,00304-X6Pct1msZv5/tasks-island_0.json,154,5,Position the cellular telephone.,OK,place_on,reposition,Place cellular telephone on surface.,Reposition the cellular telephone.,on,,;referent_grounding_v1:G2,,X=cellular telephone
G2,00304-X6Pct1msZv5/tasks-island_0.json,156,2,Arrange the flowerpot.,OK,place_on,straighten,Place flowerpot on surface.,Straighten the flowerpot.,on,,;referent_grounding_v1:G2,,X=flowerpot
G4,00307-vDfkYo5VqEQ/tasks-island_0.json,8,2,Fill it at the tap.,RESOLVED,fill,fill,Use the tap to fill a container.,Fill the glass at the tap.,at,at,;referent_grounding_v1:G4,,vessel=glass
G1,00307-vDfkYo5VqEQ/tasks-island_0.json,20,3,Set the flower vase in the center.,OK,place_in,place_in,Place flower vase in receptacle.,Place the flower vase in the center.,in,in,;referent_grounding_v1:G1,,X=flower vase|Y=center
G1,00307-vDfkYo5VqEQ/tasks-island_0.json,31,5,Arrange the hairbrush on the vanity.,OK,place_on,place_on,Place hairbrush on surface.,Place the hairbrush on the vanity.,on,on,;referent_grounding_v1:G1,,X=hairbrush|Y=vanity
G1,00307-vDfkYo5VqEQ/tasks-island_0.json,52,4,Set the flower vase on the table.,OK,place_on,place_on,Place flower vase on surface.,Place the flower vase on the table.,on,on,;referent_grounding_v1:G1,,X=flower vase|Y=table
G2,00307-vDfkYo5VqEQ/tasks-island_0.json,59,4,Arrange the flower vase.,OK,place_on,straighten,Place flower vase on surface.,Straighten the flower vase.,on,,;referent_grounding_v1:G2,,X=flower vase
G2,00307-vDfkYo5VqEQ/tasks-island_0.json,67,4,Arrange the flower vase.,OK,place_on,straighten,Place flower vase on surface.,Straighten the flower vase.,on,,;referent_grounding_v1:G2,,X=flower vase
G1,00307-vDfkYo5VqEQ/tasks-island_0.json,69,2,Sort items in the drawer.,OK,place_in,place_in,Place drawer in receptacle.,Place the items in the drawer.,in,in,;referent_grounding_v1:G1,,X=items|Y=drawer
G2,00313-PE6kVEtrxtj/tasks-island_0.json,0,1,Arrange the chandelier.,OK,place_on,straighten,Place chandelier on surface.,Straighten the chandelier.,on,,;referent_grounding_v1:G2,,X=chandelier
G2,00313-PE6kVEtrxtj/tasks-island_0.json,7,3,Arrange the kitchen shelf.,OK,place_on,straighten,Place kitchen shelf on surface.,Straighten the kitchen shelf.,on,,;referent_grounding_v1:G2,,X=kitchen shelf
G2,00313-PE6kVEtrxtj/tasks-island_0.json,10,4,Arrange the row of theater chairs.,OK,place_on,straighten,Place row of theater chairs on surface.,Straighten the row of theater chairs.,on,,;referent_grounding_v1:G2,,X=row of theater chairs
G2,00313-PE6kVEtrxtj/tasks-island_0.json,26,3,Arrange the shelf.,OK,place_on,straighten,Place shelf on surface.,Straighten the shelf.,on,,;referent_grounding_v1:G2,,X=shelf
G2,00313-PE6kVEtrxtj/tasks-island_0.json,28,3,Arrange the storage box.,OK,place_on,straighten,Place storage box on surface.,Straighten the storage box.,on,,;referent_grounding_v1:G2,,X=storage box
G2,00313-PE6kVEtrxtj/tasks-island_0.json,30,4,Arrange the artwork.,OK,place_on,straighten,Place artwork on surface.,Straighten the artwork.,on,,;referent_grounding_v1:G2,,X=artwork
G2,00313-PE6kVEtrxtj/tasks-island_0.json,31,2,Arrange the row of theater chairs.,OK,place_on,straighten,Place row of theater chairs on surface.,Straighten the row of theater chairs.,on,,;referent_grounding_v1:G2,,X=row of theater chairs
G4,00313-PE6kVEtrxtj/tasks-island_0.json,38,2,Fill a water bowl at the sink.,FLAG,fill,fill,Use the sink to fill a container.,Use the sink to fill a container.,at,at,;ungrounded_anaphora,,no_vessel_found
G2,00313-PE6kVEtrxtj/tasks-island_0.json,53,2,Set the cup.,OK,place_on,straighten,Place cup on surface.,Straighten the cup.,on,,;referent_grounding_v1:G2,,X=cup
G2,00313-PE6kVEtrxtj/tasks-island_0.json,61,4,Arrange the flower vase.,OK,place_on,straighten,Place flower vase on surface.,Straighten the flower vase.,on,,;referent_grounding_v1:G2,,X=flower vase
G2,00313-PE6kVEtrxtj/tasks-island_0.json,97,3,Arrange the row of theater chairs.,OK,place_on,straighten,Place row of theater chairs on surface.,Straighten the row of theater chairs.,on,,;referent_grounding_v1:G2,,X=row of theater chairs
G2,00313-PE6kVEtrxtj/tasks-island_0.json,105,4,Arrange the hanging clothes.,OK,place_in,straighten,Place hanging clothes in receptacle.,Straighten the hanging clothes.,in,,;referent_grounding_v1:G2,,X=hanging clothes
G2,00313-PE6kVEtrxtj/tasks-island_0.json,106,2,Arrange the basket.,OK,place_in,straighten,Place basket in receptacle.,Straighten the basket.,in,,;referent_grounding_v1:G2,,X=basket
G1,00313-PE6kVEtrxtj/tasks-island_0.json,108,3,Organize items on the shelf with clutter.,OK,place_on,place_on,Place shelf with clutter on surface.,Place the items on the shelf.,on,on,;referent_grounding_v1:G1,,X=items|Y=shelf
G2,00313-PE6kVEtrxtj/tasks-island_0.json,109,2,Sort clothes from the wardrobe.,OK,place_in,straighten,Place wardrobe in receptacle.,Straighten the clothes.,in,,;referent_grounding_v1:G2,,X=clothes
G2,00313-PE6kVEtrxtj/tasks-island_0.json,124,3,Arrange the bathroom accessory.,OK,place_on,straighten,Place bathroom accessory on surface.,Straighten the bathroom accessory.,on,,;referent_grounding_v1:G2,,X=bathroom accessory
G2,00313-PE6kVEtrxtj/tasks-island_0.json,127,5,Set the pillow.,OK,place_on,straighten,Place pillow on surface.,Straighten the pillow.,on,,;referent_grounding_v1:G2,,X=pillow
G1,00313-PE6kVEtrxtj/tasks-island_0.json,129,3,Arrange clothes in the wardrobe.,OK,place_in,place_in,Place wardrobe in receptacle.,Place the clothes in the wardrobe.,in,in,;referent_grounding_v1:G1,,X=clothes|Y=wardrobe
G2,00313-PE6kVEtrxtj/tasks-island_0.json,135,2,Arrange the artwork.,OK,place_on,straighten,Place artwork on surface.,Straighten the artwork.,on,,;referent_grounding_v1:G2,,X=artwork
G2,00313-PE6kVEtrxtj/tasks-island_0.json,139,6,Arrange the kitchen utensil.,OK,place_on,straighten,Place kitchen utensil on surface.,Straighten the kitchen utensil.,on,,;referent_grounding_v1:G2,,X=kitchen utensil
G2,00323-yHLr6bvWsVm/tasks-island_1.json,13,3,Arrange the dinner chair.,OK,place_on,straighten,Place dinner chair on surface.,Straighten the dinner chair.,on,,;referent_grounding_v1:G2,,X=dinner chair
G2,00323-yHLr6bvWsVm/tasks-island_1.json,25,2,Arrange the dinner chair around the table.,OK,place_on,straighten,Place dinner chair on surface.,Straighten the dinner chair around the table.,on,,;referent_grounding_v1:G2,,X=dinner chair around the table
G2,00323-yHLr6bvWsVm/tasks-island_1.json,29,4,Arrange the chest of drawers.,OK,place_on,straighten,Place chest of drawers on surface.,Straighten the chest of drawers.,on,,;referent_grounding_v1:G2,,X=chest of drawers
G2,00323-yHLr6bvWsVm/tasks-island_1.json,34,5,Arrange the bouquet.,OK,place_on,straighten,Place bouquet on surface.,Straighten the bouquet.,on,,;referent_grounding_v1:G2,,X=bouquet
G2,00323-yHLr6bvWsVm/tasks-island_1.json,37,2,Set the plate.,OK,place_on,straighten,Place plate on surface.,Straighten the plate.,on,,;referent_grounding_v1:G2,,X=plate
G2,00323-yHLr6bvWsVm/tasks-island_1.json,42,4,Arrange the bouquet.,OK,place_on,straighten,Place bouquet on surface.,Straighten the bouquet.,on,,;referent_grounding_v1:G2,,X=bouquet
G2,00323-yHLr6bvWsVm/tasks-island_1.json,54,2,Arrange the coat rack.,OK,place_on,straighten,Place coat rack on surface.,Straighten the coat rack.,on,,;referent_grounding_v1:G2,,X=coat rack
G2,00323-yHLr6bvWsVm/tasks-island_1.json,56,4,Arrange the bouquet.,OK,place_on,straighten,Place bouquet on surface.,Straighten the bouquet.,on,,;referent_grounding_v1:G2,,X=bouquet
G2,00323-yHLr6bvWsVm/tasks-island_1.json,64,3,Arrange the bouquet.,OK,place_on,straighten,Place bouquet on surface.,Straighten the bouquet.,on,,;referent_grounding_v1:G2,,X=bouquet
G1,00323-yHLr6bvWsVm/tasks-island_1.json,74,5,Arrange the bouquet on the table.,OK,place_on,place_on,Place bouquet on surface.,Place the bouquet on the table.,on,on,;referent_grounding_v1:G1,,X=bouquet|Y=table
G2,00323-yHLr6bvWsVm/tasks-island_1.json,80,2,Arrange the dinner chair.,OK,place_on,straighten,Place dinner chair on surface.,Straighten the dinner chair.,on,,;referent_grounding_v1:G2,,X=dinner chair
G2,00323-yHLr6bvWsVm/tasks-island_1.json,94,6,Set the camera.,OK,place_on,straighten,Place camera on surface.,Straighten the camera.,on,,;referent_grounding_v1:G2,,X=camera
G2,00323-yHLr6bvWsVm/tasks-island_1.json,97,3,Arrange the dinner chair.,OK,place_on,straighten,Place dinner chair on surface.,Straighten the dinner chair.,on,,;referent_grounding_v1:G2,,X=dinner chair
G2,00323-yHLr6bvWsVm/tasks-island_1.json,97,5,Set the plate.,OK,place_on,straighten,Place plate on surface.,Straighten the plate.,on,,;referent_grounding_v1:G2,,X=plate
G2,00323-yHLr6bvWsVm/tasks-island_1.json,105,5,Set the camera.,OK,place_on,straighten,Place camera on surface.,Straighten the camera.,on,,;referent_grounding_v1:G2,,X=camera
G2,00323-yHLr6bvWsVm/tasks-island_1.json,108,5,Set the plate.,OK,place_on,straighten,Place plate on surface.,Straighten the plate.,on,,;referent_grounding_v1:G2,,X=plate
G1,00323-yHLr6bvWsVm/tasks-island_1.json,110,4,Arrange the flowers in the flower vase.,OK,place_in,place_in,Place flower vase in receptacle.,Place the flowers in the flower vase.,in,in,;referent_grounding_v1:G1,,X=flowers|Y=flower vase
G1,00323-yHLr6bvWsVm/tasks-island_1.json,110,7,Organize the jackets on the coat rack.,OK,place_on,place_on,Place coat rack on surface.,Place the jackets on the coat rack.,on,on,;referent_grounding_v1:G1,,X=jackets|Y=coat rack
G2,00323-yHLr6bvWsVm/tasks-island_1.json,111,4,Arrange the dinner chair around the table.,OK,place_on,straighten,Place dinner chair on surface.,Straighten the dinner chair around the table.,on,,;referent_grounding_v1:G2,,X=dinner chair around the table
G1,00323-yHLr6bvWsVm/tasks-island_1.json,119,7,Arrange objects on the shelf.,OK,place_in,place_on,Place shelf in receptacle.,Place the objects on the shelf.,in,on,;referent_grounding_v1:G1,,X=objects|Y=shelf
G1,00323-yHLr6bvWsVm/tasks-island_1.json,124,6,Arrange the bouquet on the counter.,OK,place_on,place_on,Place bouquet on surface.,Place the bouquet on the counter.,on,on,;referent_grounding_v1:G1,,X=bouquet|Y=counter
G2,00323-yHLr6bvWsVm/tasks-island_1.json,126,4,Arrange the decorative plant for the background.,OK,place_on,straighten,Place decorative plant on surface.,Straighten the decorative plant.,on,,;referent_grounding_v1:G2,,X=decorative plant
G1,00323-yHLr6bvWsVm/tasks-island_1.json,129,5,Arrange flowers in the flower vase.,OK,place_in,place_in,Place flower vase in receptacle.,Place the flowers in the flower vase.,in,in,;referent_grounding_v1:G1,,X=flowers|Y=flower vase
G1,00323-yHLr6bvWsVm/tasks-island_1.json,134,1,Organize clothes in the wardrobe.,OK,place_in,place_in,Place wardrobe in receptacle.,Place the clothes in the wardrobe.,in,in,;referent_grounding_v1:G1,,X=clothes|Y=wardrobe
G2,00323-yHLr6bvWsVm/tasks-island_1.json,134,3,Arrange the board against the wall.,OK,place_on,straighten,Place board on surface.,Straighten the board against the wall.,on,,;referent_grounding_v1:G2,,X=board against the wall
G1,00323-yHLr6bvWsVm/tasks-island_1.json,138,2,Arrange books on the shelf in the den.,OK,place_in,place_on,Place shelf in receptacle.,Place the books on the shelf.,in,on,;referent_grounding_v1:G1,,X=books|Y=shelf
G2,00323-yHLr6bvWsVm/tasks-island_1.json,140,3,Arrange the dinner chair for guests.,OK,place_on,straighten,Place dinner chair on surface.,Straighten the dinner chair.,on,,;referent_grounding_v1:G2,,X=dinner chair
G3,00324-DoSbsoo4EAg/tasks-island_0.json,21,3,Put away clothes in the wardrobe.,OK,store,store,Store items in the wardrobe.,Store the clothes in the wardrobe.,in,in,;referent_grounding_v1:G3,,NP=clothes
G3,00324-DoSbsoo4EAg/tasks-island_0.json,26,4,Put away dishes in the dishwasher.,OK,store,store,Store items in the dishwasher.,Store the dishes in the dishwasher.,in,in,;referent_grounding_v1:G3,,NP=dishes
G2,00324-DoSbsoo4EAg/tasks-island_0.json,47,3,Position the lamp.,OK,place_on,reposition,Place lamp on surface.,Reposition the lamp.,on,,;referent_grounding_v1:G2,,X=lamp
G1,00324-DoSbsoo4EAg/tasks-island_0.json,84,1,Tidy the clothes in the wardrobe.,OK,place_in,place_in,Place wardrobe in receptacle.,Place the clothes in the wardrobe.,in,in,;referent_grounding_v1:G1,,X=clothes|Y=wardrobe
G1,00326-u9rPN5cHWBg/tasks-island_0.json,8,4,Set the bowl on the counter.,OK,place_on,place_on,Place bowl on surface.,Place the bowl on the counter.,on,on,;referent_grounding_v1:G1,,X=bowl|Y=counter
G2,00326-u9rPN5cHWBg/tasks-island_0.json,15,4,Position the leg rest.,OK,place_on,reposition,Place leg rest on surface.,Reposition the leg rest.,on,,;referent_grounding_v1:G2,,X=leg rest
G1,00326-u9rPN5cHWBg/tasks-island_0.json,33,3,Arrange the stand on the landing.,OK,place_on,place_on,Place stand on surface.,Place the stand on the landing.,on,on,;referent_grounding_v1:G1,,X=stand|Y=landing
G2,00326-u9rPN5cHWBg/tasks-island_0.json,36,2,Position the leg rest.,OK,place_on,reposition,Place leg rest on surface.,Reposition the leg rest.,on,,;referent_grounding_v1:G2,,X=leg rest
G1,00326-u9rPN5cHWBg/tasks-island_0.json,47,3,Arrange the books on the rack.,OK,place_on,place_on,Place book rack on surface.,Place the books on the rack.,on,on,;referent_grounding_v1:G1,,X=books|Y=rack
G2,00326-u9rPN5cHWBg/tasks-island_0.json,54,2,Arrange the books.,OK,place_on,straighten,Place book on surface.,Straighten the books.,on,,;referent_grounding_v1:G2,,X=books
G2,00326-u9rPN5cHWBg/tasks-island_0.json,72,2,Reposition the coffee table.,OK,place_on,reposition,Place coffee table on surface.,Reposition the coffee table.,on,,;referent_grounding_v1:G2,,X=coffee table
G1,00326-u9rPN5cHWBg/tasks-island_0.json,82,2,Organize the books on the book rack.,OK,place_on,place_on,Place book rack on surface.,Place the books on the book rack.,on,on,;referent_grounding_v1:G1,,X=books|Y=book rack
G2,00326-u9rPN5cHWBg/tasks-island_0.json,87,2,Arrange the entertainment set.,OK,place_in,straighten,Place entertainment set in receptacle.,Straighten the entertainment set.,in,,;referent_grounding_v1:G2,,X=entertainment set
G2,00326-u9rPN5cHWBg/tasks-island_0.json,108,2,Arrange the book rack.,OK,place_on,straighten,Place book rack on surface.,Straighten the book rack.,on,,;referent_grounding_v1:G2,,X=book rack
G1,00326-u9rPN5cHWBg/tasks-island_0.json,139,4,Arrange the books on the desk.,OK,place_on,place_on,Place book on surface.,Place the books on the desk.,on,on,;referent_grounding_v1:G1,,X=books|Y=desk
G1,00326-u9rPN5cHWBg/tasks-island_0.json,149,3,Arrange the books on the shelf.,OK,place_on,place_on,Place book on surface.,Place the books on the shelf.,on,on,;referent_grounding_v1:G1,,X=books|Y=shelf
G1,00326-u9rPN5cHWBg/tasks-island_0.json,155,2,Organize the items on the coffee table.,OK,place_on,place_on,Place coffee table on surface.,Place the items on the coffee table.,on,on,;referent_grounding_v1:G1,,X=items|Y=coffee table
G1,00326-u9rPN5cHWBg/tasks-island_0.json,157,5,Organize the detergent on the shelf.,OK,place_on,place_on,Place shelf on surface.,Place the detergent on the shelf.,on,on,;referent_grounding_v1:G1,,X=detergent|Y=shelf
G1,00326-u9rPN5cHWBg/tasks-island_0.json,162,1,Organize the clothes in the wardrobe.,OK,place_in,place_in,Place wardrobe in receptacle.,Place the clothes in the wardrobe.,in,in,;referent_grounding_v1:G1,,X=clothes|Y=wardrobe
G2,00326-u9rPN5cHWBg/tasks-island_0.json,163,3,Position the computer correctly.,OK,place_on,reposition,Place computer on surface.,Reposition the computer correctly.,on,,;referent_grounding_v1:G2,,X=computer correctly
G1,00326-u9rPN5cHWBg/tasks-island_0.json,167,4,Tidy the items in the basket.,OK,place_in,place_in,Place basket in receptacle.,Place the items in the basket.,in,in,;referent_grounding_v1:G1,,X=items|Y=basket
G2,00326-u9rPN5cHWBg/tasks-island_0.json,168,3,Arrange the shelf contents.,OK,place_on,straighten,Place shelf on surface.,Straighten the shelf contents.,on,,;referent_grounding_v1:G2,,X=shelf contents
G4,00326-u9rPN5cHWBg/tasks-island_0.json,174,3,Fill a pitcher at the sink.,FLAG,fill,fill,Use the sink to fill a container.,Use the sink to fill a container.,at,at,;ungrounded_anaphora,,no_vessel_found
G2,00326-u9rPN5cHWBg/tasks-island_0.json,187,2,Position the leg rest.,OK,place_on,reposition,Place leg rest on surface.,Reposition the leg rest.,on,,;referent_grounding_v1:G2,,X=leg rest
G1,00326-u9rPN5cHWBg/tasks-island_0.json,188,2,Organize the items in the basket.,OK,place_in,place_in,Place basket in receptacle.,Place the items in the basket.,in,in,;referent_grounding_v1:G1,,X=items|Y=basket
G1,00326-u9rPN5cHWBg/tasks-island_0.json,192,3,Organize materials in the basket.,OK,place_in,place_in,Place basket in receptacle.,Place the materials in the basket.,in,in,;referent_grounding_v1:G1,,X=materials|Y=basket
G1,00326-u9rPN5cHWBg/tasks-island_0.json,207,2,Arrange the towel in the bathroom.,OK,place_in,place_in,Place towel in receptacle.,Place the towel in the bathroom.,in,in,;referent_grounding_v1:G1,,X=towel|Y=bathroom
G1,00326-u9rPN5cHWBg/tasks-island_0.json,213,6,Rearrange the plant on the landing.,OK,place_on,place_on,Place plant on surface.,Place the plant on the landing.,on,on,;referent_grounding_v1:G1,,X=plant|Y=landing
G1,00326-u9rPN5cHWBg/tasks-island_0.json,250,7,Set the books on the shelf in the library.,OK,place_in,place_on,Place book in receptacle.,Place the books on the shelf.,in,on,;referent_grounding_v1:G1,,X=books|Y=shelf
G1,00326-u9rPN5cHWBg/tasks-island_0.json,255,6,Sort the clothes in the storage cabinet.,OK,place_in,place_in,Place storage cabinet in receptacle.,Place the clothes in the storage cabinet.,in,in,;referent_grounding_v1:G1,,X=clothes|Y=storage cabinet
G1,00326-u9rPN5cHWBg/tasks-island_0.json,256,5,Set the tray on the coffee table.,OK,place_in,place_on,Place tray in receptacle.,Place the tray on the coffee table.,in,on,;referent_grounding_v1:G1,,X=tray|Y=coffee table
G1,00326-u9rPN5cHWBg/tasks-island_0.json,257,4,Organize the clothes in the dresser.,OK,place_in,place_in,Place dresser in receptacle.,Place the clothes in the dresser.,in,in,;referent_grounding_v1:G1,,X=clothes|Y=dresser
G1,00326-u9rPN5cHWBg/tasks-island_0.json,258,3,Arrange the books on the coffee table.,OK,place_on,place_on,Place book on surface.,Place the books on the coffee table.,on,on,;referent_grounding_v1:G1,,X=books|Y=coffee table
G1,00326-u9rPN5cHWBg/tasks-island_0.json,258,6,Organize the magazines in the basket.,OK,place_in,place_in,Place basket in receptacle.,Place the magazines in the basket.,in,in,;referent_grounding_v1:G1,,X=magazines|Y=basket
G1,00326-u9rPN5cHWBg/tasks-island_0.json,260,1,Organize the books on the ladder.,OK,place_on,place_on,Place ladder on surface.,Place the books on the ladder.,on,on,;referent_grounding_v1:G1,,X=books|Y=ladder
G2,00326-u9rPN5cHWBg/tasks-island_0.json,260,6,Arrange the file cabinet drawers.,OK,place_on,straighten,Place file cabinet on surface.,Straighten the file cabinet drawers.,on,,;referent_grounding_v1:G2,,X=file cabinet drawers
G1,00326-u9rPN5cHWBg/tasks-island_0.json,267,4,Arrange the magazines on the shelf.,OK,place_on,place_on,Place shelf on surface.,Place the magazines on the shelf.,on,on,;referent_grounding_v1:G1,,X=magazines|Y=shelf
G1,00326-u9rPN5cHWBg/tasks-island_0.json,269,2,Set the jar on the kitchen counter.,OK,place_in,place_on,Place jar in receptacle.,Place the jar on the kitchen counter.,in,on,;referent_grounding_v1:G1,,X=jar|Y=kitchen counter
G1,00326-u9rPN5cHWBg/tasks-island_0.json,271,5,Set the globe on the desk.,OK,place_on,place_on,Place globe on surface.,Place the globe on the desk.,on,on,;referent_grounding_v1:G1,,X=globe|Y=desk
G3,00326-u9rPN5cHWBg/tasks-island_0.json,272,5,Place the handbag in the closet.,OK,place_in,place_in,Place items in the basket.,Place the handbag in the basket.,in,in,;referent_grounding_v1:G3,,NP=handbag
G1,00326-u9rPN5cHWBg/tasks-island_0.json,276,1,Sort the items in the kitchen cabinet.,OK,place_in,place_in,Place kitchen cabinet in receptacle.,Place the items in the kitchen cabinet.,in,in,;referent_grounding_v1:G1,,X=items|Y=kitchen cabinet
G1,00326-u9rPN5cHWBg/tasks-island_0.json,281,5,Set the globe on the bookshelf.,OK,place_on,place_on,Place globe on surface.,Place the globe on the bookshelf.,on,on,;referent_grounding_v1:G1,,X=globe|Y=bookshelf
G1,00326-u9rPN5cHWBg/tasks-island_0.json,286,5,Arrange the books on the rack.,OK,place_in,place_on,Place book rack in receptacle.,Place the books on the rack.,in,on,;referent_grounding_v1:G1,,X=books|Y=rack
G1,00326-u9rPN5cHWBg/tasks-island_0.json,290,2,Sort the clothes in the wardrobe.,OK,place_in,place_in,Place wardrobe in receptacle.,Place the clothes in the wardrobe.,in,in,;referent_grounding_v1:G1,,X=clothes|Y=wardrobe
G1,00326-u9rPN5cHWBg/tasks-island_0.json,290,3,Arrange the items in the chest drawer.,OK,place_in,place_in,Place chest drawer in receptacle.,Place the items in the chest drawer.,in,in,;referent_grounding_v1:G1,,X=items|Y=chest drawer
G1,00326-u9rPN5cHWBg/tasks-island_0.json,292,2,Organize the cleaning supplies on the shelf.,OK,place_on,place_on,Place shelf on surface.,Place the cleaning supplies on the shelf.,on,on,;referent_grounding_v1:G1,,X=cleaning supplies|Y=shelf
G1,00326-u9rPN5cHWBg/tasks-island_0.json,292,7,Sort the items in the storage cabinet.,OK,place_in,place_in,Place storage cabinet in receptacle.,Place the items in the storage cabinet.,in,in,;referent_grounding_v1:G1,,X=items|Y=storage cabinet
G2,00326-u9rPN5cHWBg/tasks-island_0.json,298,6,Arrange the book rack.,OK,place_on,straighten,Place book rack on surface.,Straighten the book rack.,on,,;referent_grounding_v1:G2,,X=book rack
G2,00326-u9rPN5cHWBg/tasks-island_0.json,303,6,Arrange the plush toy.,OK,place_on,straighten,Place plush toy on surface.,Straighten the plush toy.,on,,;referent_grounding_v1:G2,,X=plush toy
G2,00326-u9rPN5cHWBg/tasks-island_0.json,313,4,Arrange the book rack.,OK,place_on,straighten,Place book rack on surface.,Straighten the book rack.,on,,;referent_grounding_v1:G2,,X=book rack
G2,00326-u9rPN5cHWBg/tasks-island_0.json,323,2,Arrange the rack.,OK,place_on,straighten,Place rack on surface.,Straighten the rack.,on,,;referent_grounding_v1:G2,,X=rack
G2,00326-u9rPN5cHWBg/tasks-island_0.json,327,1,Arrange the plush toy.,OK,place_on,straighten,Place plush toy on surface.,Straighten the plush toy.,on,,;referent_grounding_v1:G2,,X=plush toy
G2,00326-u9rPN5cHWBg/tasks-island_0.json,336,2,Arrange the rack.,OK,place_on,straighten,Place rack on surface.,Straighten the rack.,on,,;referent_grounding_v1:G2,,X=rack
G2,00326-u9rPN5cHWBg/tasks-island_0.json,338,7,Arrange the book rack.,OK,place_on,straighten,Place book rack on surface.,Straighten the book rack.,on,,;referent_grounding_v1:G2,,X=book rack
G1,00326-u9rPN5cHWBg/tasks-island_0.json,346,3,Organize the items on the shelf.,OK,place_on,place_on,Place shelf on surface.,Place the items on the shelf.,on,on,;referent_grounding_v1:G1,,X=items|Y=shelf
G1,00326-u9rPN5cHWBg/tasks-island_0.json,353,2,Organize the supplies in the sink cabinet.,OK,place_in,place_in,Place sink cabinet in receptacle.,Place the supplies in the sink cabinet.,in,in,;referent_grounding_v1:G1,,X=supplies|Y=sink cabinet
G2,00326-u9rPN5cHWBg/tasks-island_0.json,355,2,Arrange the plush toy.,OK,place_on,straighten,Place plush toy on surface.,Straighten the plush toy.,on,,;referent_grounding_v1:G2,,X=plush toy
G1,00326-u9rPN5cHWBg/tasks-island_0.json,357,4,Organize the books on the book rack.,OK,place_on,place_on,Place book rack on surface.,Place the books on the book rack.,on,on,;referent_grounding_v1:G1,,X=books|Y=book rack
G3,00326-u9rPN5cHWBg/tasks-island_0.json,359,4,Put the tools back in the laundry area.,OK,place_in,place_in,Place items in the washing machine.,Place the tools in the washing machine.,in,in,;referent_grounding_v1:G3,,NP=tools
G2,00326-u9rPN5cHWBg/tasks-island_0.json,360,4,Set the tray with drinks.,OK,place_on,straighten,Place tray on surface.,Straighten the tray.,on,,;referent_grounding_v1:G2,,X=tray
G2,00326-u9rPN5cHWBg/tasks-island_0.json,373,6,Arrange the plush toy.,OK,place_on,straighten,Place plush toy on surface.,Straighten the plush toy.,on,,;referent_grounding_v1:G2,,X=plush toy
G1,00326-u9rPN5cHWBg/tasks-island_0.json,375,2,Organize magazines in the basket.,OK,place_in,place_in,Place basket in receptacle.,Place the magazines in the basket.,in,in,;referent_grounding_v1:G1,,X=magazines|Y=basket
G1,00326-u9rPN5cHWBg/tasks-island_0.json,377,4,Arrange the books on the ladder.,OK,place_in,place_on,Place ladder in receptacle.,Place the books on the ladder.,in,on,;referent_grounding_v1:G1,,X=books|Y=ladder
G2,00326-u9rPN5cHWBg/tasks-island_0.json,388,4,Set the tray.,OK,place_on,straighten,Place tray on surface.,Straighten the tray.,on,,;referent_grounding_v1:G2,,X=tray
G2,00326-u9rPN5cHWBg/tasks-island_0.json,392,2,Arrange the file cabinet.,OK,place_on,straighten,Place file cabinet on surface.,Straighten the file cabinet.,on,,;referent_grounding_v1:G2,,X=file cabinet
G1,00326-u9rPN5cHWBg/tasks-island_0.json,395,1,Arrange books on the shelf.,OK,place_on,place_on,Place shelf on surface.,Place the books on the shelf.,on,on,;referent_grounding_v1:G1,,X=books|Y=shelf
G1,00326-u9rPN5cHWBg/tasks-island_0.json,395,2,Sort the books on the ladder.,OK,place_on,place_on,Place ladder on surface.,Place the books on the ladder.,on,on,;referent_grounding_v1:G1,,X=books|Y=ladder
G1,00326-u9rPN5cHWBg/tasks-island_0.json,404,7,Organize books on the book rack.,OK,place_on,place_on,Place book rack on surface.,Place the books on the book rack.,on,on,;referent_grounding_v1:G1,,X=books|Y=book rack
G1,00326-u9rPN5cHWBg/tasks-island_0.json,414,2,Arrange books on the library shelf.,OK,place_on,place_on,Place book on surface.,Place the books on the library shelf.,on,on,;referent_grounding_v1:G1,,X=books|Y=library shelf
G1,00326-u9rPN5cHWBg/tasks-island_0.json,420,5,Arrange the plant on the shelf.,OK,place_in,place_on,Place plant in receptacle.,Place the plant on the shelf.,in,on,;referent_grounding_v1:G1,,X=plant|Y=shelf
G1,00326-u9rPN5cHWBg/tasks-island_0.json,421,3,Arrange the clothes in the basket.,OK,place_in,place_in,Place basket in receptacle.,Place the clothes in the basket.,in,in,;referent_grounding_v1:G1,,X=clothes|Y=basket
G1,00326-u9rPN5cHWBg/tasks-island_0.json,428,7,Organize books on the book rack.,OK,place_on,place_on,Place book rack on surface.,Place the books on the book rack.,on,on,;referent_grounding_v1:G1,,X=books|Y=book rack
G1,00327-xgLmjqzoAzF/tasks-island_0.json,2,3,Set the flower vase on the table.,OK,place_on,place_on,Place flower vase on surface.,Place the flower vase on the table.,on,on,;referent_grounding_v1:G1,,X=flower vase|Y=table
G4,00327-xgLmjqzoAzF/tasks-island_0.json,29,2,Fill it with water from the kitchen sink.,RESOLVED,fill,fill,Use the sink to fill a container.,Fill the pitcher at the sink.,,,;referent_grounding_v1:G4,,vessel=pitcher
G4,00327-xgLmjqzoAzF/tasks-island_0.json,35,2,Fill the machine with water at the kitchen sink.,FLAG,fill,fill,Use the sink to fill a container.,Use the sink to fill a container.,at,at,;ungrounded_anaphora,,no_vessel_found
G4,00327-xgLmjqzoAzF/tasks-island_0.json,43,2,Fill the kettle at the sink.,RESOLVED,fill,fill,Use the sink to fill a container.,Fill the kettle at the sink.,at,at,;referent_grounding_v1:G4,,vessel=kettle
G2,00327-xgLmjqzoAzF/tasks-island_0.json,44,2,Organize items inside the cabinet.,OK,place_in,straighten,Place cabinet in receptacle.,Straighten the items inside the cabinet.,in,,;referent_grounding_v1:G2,,X=items inside the cabinet
G2,00327-xgLmjqzoAzF/tasks-island_0.json,60,3,Arrange the book.,OK,place_on,straighten,Place book on surface.,Straighten the book.,on,,;referent_grounding_v1:G2,,X=book
G2,00327-xgLmjqzoAzF/tasks-island_0.json,81,4,Position the speaker.,OK,place_on,reposition,Place speaker on surface.,Reposition the speaker.,on,,;referent_grounding_v1:G2,,X=speaker
G2,00327-xgLmjqzoAzF/tasks-island_0.json,104,1,Arrange the decoration items.,OK,place_on,straighten,Place decoration on surface.,Straighten the decoration items.,on,,;referent_grounding_v1:G2,,X=decoration items
G1,00327-xgLmjqzoAzF/tasks-island_0.json,106,2,Arrange the shoe pair in the closet.,OK,place_in,place_in,Place shoe in receptacle.,Place the shoe pair in the closet.,in,in,;referent_grounding_v1:G1,,X=shoe pair|Y=closet
G2,00327-xgLmjqzoAzF/tasks-island_0.json,119,4,Arrange the flower vase.,OK,place_on,straighten,Place flower vase on surface.,Straighten the flower vase.,on,,;referent_grounding_v1:G2,,X=flower vase
G4,00327-xgLmjqzoAzF/tasks-island_0.json,127,2,Fill it at the sink.,RESOLVED,fill,fill,Use the sink to fill a container.,Fill the bucket at the sink.,at,at,;referent_grounding_v1:G4,,vessel=bucket
G1,00327-xgLmjqzoAzF/tasks-island_0.json,133,5,Organize the clothes on the rack.,OK,place_in,place_on,Place rack in receptacle.,Place the clothes on the rack.,in,on,;referent_grounding_v1:G1,,X=clothes|Y=rack
G3,00327-xgLmjqzoAzF/tasks-island_0.json,134,1,Put the clothes in the basket.,OK,place_in,place_in,Place items in the basket of something.,Place the clothes in the basket of something.,in,in,;referent_grounding_v1:G3,,NP=clothes
G3,00327-xgLmjqzoAzF/tasks-island_0.json,151,3,Fluff the cushion on the sofa chair.,OK,fluff,fluff,Fluff items on the sofa chair.,Fluff the cushion on the sofa chair.,on,on,;referent_grounding_v1:G3,,NP=cushion
G1,00327-xgLmjqzoAzF/tasks-island_0.json,151,6,Set out the wine bottle on the counter.,OK,place_on,place_on,Place wine bottle on surface.,Place the wine bottle on the counter.,on,on,;referent_grounding_v1:G1,,X=wine bottle|Y=counter
G1,00327-xgLmjqzoAzF/tasks-island_0.json,158,3,Organize the tools in the drawer.,OK,place_in,place_in,Place drawer in receptacle.,Place the tools in the drawer.,in,in,;referent_grounding_v1:G1,,X=tools|Y=drawer
G1,00327-xgLmjqzoAzF/tasks-island_0.json,160,1,Organize the spices in the cabinet.,OK,place_in,place_in,Place cabinet in receptacle.,Place the spices in the cabinet.,in,in,;referent_grounding_v1:G1,,X=spices|Y=cabinet
G1,00327-xgLmjqzoAzF/tasks-island_0.json,160,5,Sort the Tupperware in the kitchen cabinet.,OK,place_in,place_in,Place kitchen cabinet in receptacle.,Place the Tupperware in the kitchen cabinet.,in,in,;referent_grounding_v1:G1,,X=Tupperware|Y=kitchen cabinet
G1,00327-xgLmjqzoAzF/tasks-island_0.json,165,6,Arrange the flowers in the flower vase.,OK,place_in,place_in,Place flower vase in receptacle.,Place the flowers in the flower vase.,in,in,;referent_grounding_v1:G1,,X=flowers|Y=flower vase
G3,00327-xgLmjqzoAzF/tasks-island_0.json,167,2,Put the winter gear in the box.,OK,place_in,place_in,Place items in the cardboard box.,Place the winter gear in the cardboard box.,in,in,;referent_grounding_v1:G3,,NP=winter gear
G1,00327-xgLmjqzoAzF/tasks-island_0.json,167,3,Organize the shoes on the shelf.,OK,place_on,place_on,Place shelf on surface.,Place the shoes on the shelf.,on,on,;referent_grounding_v1:G1,,X=shoes|Y=shelf
G1,00327-xgLmjqzoAzF/tasks-island_0.json,167,4,Sort the socks in the drawer.,OK,place_in,place_in,Place drawer in receptacle.,Place the socks in the drawer.,in,in,;referent_grounding_v1:G1,,X=socks|Y=drawer
G1,00327-xgLmjqzoAzF/tasks-island_0.json,175,5,Set the pitcher of water on the sideboard.,OK,place_on,place_on,Place pitcher on surface.,Place the pitcher of water on the sideboard.,on,on,;referent_grounding_v1:G1,,X=pitcher of water|Y=sideboard
G1,00327-xgLmjqzoAzF/tasks-island_0.json,176,4,Organize the papers in the bag.,OK,place_in,place_in,Place bag in receptacle.,Place the papers in the bag.,in,in,;referent_grounding_v1:G1,,X=papers|Y=bag
G2,00327-xgLmjqzoAzF/tasks-island_0.json,195,2,Set the bowl.,OK,place_on,straighten,Place bowl on surface.,Straighten the bowl.,on,,;referent_grounding_v1:G2,,X=bowl
G2,00327-xgLmjqzoAzF/tasks-island_0.json,207,7,Arrange the flower vase.,OK,place_on,straighten,Place flower vase on surface.,Straighten the flower vase.,on,,;referent_grounding_v1:G2,,X=flower vase
G2,00327-xgLmjqzoAzF/tasks-island_0.json,214,4,Arrange the bag.,OK,place_on,straighten,Place bag on surface.,Straighten the bag.,on,,;referent_grounding_v1:G2,,X=bag
G2,00327-xgLmjqzoAzF/tasks-island_0.json,223,7,Arrange the book.,OK,place_in,straighten,Place book in receptacle.,Straighten the book.,in,,;referent_grounding_v1:G2,,X=book
G2,00327-xgLmjqzoAzF/tasks-island_0.json,245,3,Arrange the flower vase as a backdrop.,OK,place_on,straighten,Place flower vase on surface.,Straighten the flower vase as a backdrop.,on,,;referent_grounding_v1:G2,,X=flower vase as a backdrop
G1,00327-xgLmjqzoAzF/tasks-island_0.json,256,2,Organize the items on the shelf.,OK,place_on,place_on,Place shelf on surface.,Place the items on the shelf.,on,on,;referent_grounding_v1:G1,,X=items|Y=shelf
G4,00327-xgLmjqzoAzF/tasks-island_0.json,259,3,Fill the bucket with water from the sink.,FLAG,fill,fill,Use the sink to fill a container.,Use the sink to fill a container.,,,;ungrounded_anaphora,,no_vessel_found
G1,00327-xgLmjqzoAzF/tasks-island_0.json,265,5,Organize the items in the cabinet.,OK,place_in,place_in,Place cabinet in receptacle.,Place the items in the cabinet.,in,in,;referent_grounding_v1:G1,,X=items|Y=cabinet
G2,00327-xgLmjqzoAzF/tasks-island_0.json,267,6,Position the keyboard.,OK,place_on,reposition,Place keyboard on surface.,Reposition the keyboard.,on,,;referent_grounding_v1:G2,,X=keyboard
G1,00327-xgLmjqzoAzF/tasks-island_0.json,278,2,Organize the items in the cabinet.,OK,place_in,place_in,Place cabinet in receptacle.,Place the items in the cabinet.,in,in,;referent_grounding_v1:G1,,X=items|Y=cabinet
G1,00327-xgLmjqzoAzF/tasks-island_0.json,281,7,Set the pitcher on the counter.,OK,place_on,place_on,Place pitcher on surface.,Place the pitcher on the counter.,on,on,;referent_grounding_v1:G1,,X=pitcher|Y=counter
G2,00327-xgLmjqzoAzF/tasks-island_0.json,292,6,Arrange the bathroom cabinet.,OK,place_on,straighten,Place bathroom cabinet on surface.,Straighten the bathroom cabinet.,on,,;referent_grounding_v1:G2,,X=bathroom cabinet
G2,00327-xgLmjqzoAzF/tasks-island_0.json,295,7,Set the wine bottle.,OK,place_on,straighten,Place wine bottle on surface.,Straighten the wine bottle.,on,,;referent_grounding_v1:G2,,X=wine bottle
G2,00327-xgLmjqzoAzF/tasks-island_0.json,299,7,Position the flowerpot.,OK,place_on,reposition,Place flowerpot on surface.,Reposition the flowerpot.,on,,;referent_grounding_v1:G2,,X=flowerpot
G1,00327-xgLmjqzoAzF/tasks-island_0.json,309,4,Organize the books on the shelf.,OK,place_on,place_on,Place shelf on surface.,Place the books on the shelf.,on,on,;referent_grounding_v1:G1,,X=books|Y=shelf
G1,00327-xgLmjqzoAzF/tasks-island_0.json,318,4,Sort the items in the bag.,OK,place_in,place_in,Place bag in receptacle.,Place the items in the bag.,in,in,;referent_grounding_v1:G1,,X=items|Y=bag
G4,00327-xgLmjqzoAzF/tasks-island_0.json,327,7,Fill a jug at the sink.,FLAG,fill,fill,Use the sink to fill a container.,Use the sink to fill a container.,at,at,;ungrounded_anaphora,,no_vessel_found
G2,00330-WhNyDTnd9g5/tasks-island_0.json,4,3,Position the mouse.,OK,place_on,reposition,Place mouse on surface.,Reposition the mouse.,on,,;referent_grounding_v1:G2,,X=mouse
G2,00330-WhNyDTnd9g5/tasks-island_0.json,18,1,Arrange the seat.,OK,place_on,straighten,Place seat on surface.,Straighten the seat.,on,,;referent_grounding_v1:G2,,X=seat
G1,00330-WhNyDTnd9g5/tasks-island_0.json,21,4,Set the cup on the chest of drawers.,OK,place_on,place_on,Place cup on surface.,Place the cup on the chest of drawers.,on,on,;referent_grounding_v1:G1,,X=cup|Y=chest of drawers
G2,00330-WhNyDTnd9g5/tasks-island_0.json,25,1,Position the laptop computer.,OK,place_on,reposition,Place laptop computer on surface.,Reposition the laptop computer.,on,,;referent_grounding_v1:G2,,X=laptop computer
G2,00330-WhNyDTnd9g5/tasks-island_0.json,33,4,Position the laptop_computer.,OK,place_on,reposition,Place laptop computer on surface.,Reposition the laptop_computer.,on,,;referent_grounding_v1:G2,,X=laptop_computer
G2,00330-WhNyDTnd9g5/tasks-island_0.json,37,3,Set the wine_bottle.,OK,place_on,straighten,Place wine bottle on surface.,Straighten the wine_bottle.,on,,;referent_grounding_v1:G2,,X=wine_bottle
G2,00330-WhNyDTnd9g5/tasks-island_0.json,38,5,Set the bowl.,OK,place_on,straighten,Place bowl on surface.,Straighten the bowl.,on,,;referent_grounding_v1:G2,,X=bowl
G2,00330-WhNyDTnd9g5/tasks-island_0.json,44,5,Set the cup.,OK,place_on,straighten,Place cup on surface.,Straighten the cup.,on,,;referent_grounding_v1:G2,,X=cup
G2,00330-WhNyDTnd9g5/tasks-island_0.json,51,2,Arrange the seat.,OK,place_on,straighten,Place seat on surface.,Straighten the seat.,on,,;referent_grounding_v1:G2,,X=seat
G1,00330-WhNyDTnd9g5/tasks-island_0.json,55,3,Position the mouse by the computer.,OK,place_on,place_on,Place mouse on surface.,Place the mouse by the computer.,on,at,;referent_grounding_v1:G1,,X=mouse|Y=computer
G2,00330-WhNyDTnd9g5/tasks-island_0.json,57,4,Arrange the storage bin.,OK,place_on,straighten,Place storage bin on surface.,Straighten the storage bin.,on,,;referent_grounding_v1:G2,,X=storage bin
G2,00330-WhNyDTnd9g5/tasks-island_0.json,61,1,Arrange the hanger.,OK,place_on,straighten,Place hanger on surface.,Straighten the hanger.,on,,;referent_grounding_v1:G2,,X=hanger
G2,00330-WhNyDTnd9g5/tasks-island_0.json,82,4,Arrange the seat.,OK,place_on,straighten,Place seat on surface.,Straighten the seat.,on,,;referent_grounding_v1:G2,,X=seat
G2,00330-WhNyDTnd9g5/tasks-island_0.json,97,2,Arrange the seat.,OK,place_on,straighten,Place seat on surface.,Straighten the seat.,on,,;referent_grounding_v1:G2,,X=seat
G2,00330-WhNyDTnd9g5/tasks-island_0.json,108,4,Arrange the clothing stand.,OK,place_on,straighten,Place clothing stand on surface.,Straighten the clothing stand.,on,,;referent_grounding_v1:G2,,X=clothing stand
G2,00330-WhNyDTnd9g5/tasks-island_0.json,111,5,Position the keyboard.,OK,place_on,reposition,Place keyboard on surface.,Reposition the keyboard.,on,,;referent_grounding_v1:G2,,X=keyboard
G2,00330-WhNyDTnd9g5/tasks-island_0.json,117,7,Arrange the shelving.,OK,place_on,straighten,Place shelving on surface.,Straighten the shelving.,on,,;referent_grounding_v1:G2,,X=shelving
G2,00330-WhNyDTnd9g5/tasks-island_0.json,118,4,Set the wine bottle.,OK,place_on,straighten,Place wine bottle on surface.,Straighten the wine bottle.,on,,;referent_grounding_v1:G2,,X=wine bottle
G2,00330-WhNyDTnd9g5/tasks-island_0.json,130,6,Set the wine bottle.,OK,place_on,straighten,Place wine bottle on surface.,Straighten the wine bottle.,on,,;referent_grounding_v1:G2,,X=wine bottle
G2,00330-WhNyDTnd9g5/tasks-island_0.json,133,7,Arrange the furniture.,OK,place_on,straighten,Place furniture on surface.,Straighten the furniture.,on,,;referent_grounding_v1:G2,,X=furniture
G2,00330-WhNyDTnd9g5/tasks-island_0.json,146,6,Arrange the plant.,OK,place_in,straighten,Place plant in receptacle.,Straighten the plant.,in,,;referent_grounding_v1:G2,,X=plant
G2,00366-fxbzYAGkrtm/tasks-island_0.json,0,4,Organize the papers inside the cabinet.,OK,place_in,straighten,Place cabinet in receptacle.,Straighten the papers inside the cabinet.,in,,;referent_grounding_v1:G2,,X=papers inside the cabinet
G3,00366-fxbzYAGkrtm/tasks-island_0.json,2,4,Put the pajamas away in the wardrobe.,OK,store,store,Store items in the wardrobe.,Store the pajamas in the wardrobe.,in,in,;referent_grounding_v1:G3,,NP=pajamas
G1,00366-fxbzYAGkrtm/tasks-island_0.json,23,3,Organize the books on the shelf.,OK,place_on,place_on,Place shelf on surface.,Place the books on the shelf.,on,on,;referent_grounding_v1:G1,,X=books|Y=shelf
G2,00366-fxbzYAGkrtm/tasks-island_0.json,23,4,Tidy the papers inside the cabinet.,OK,place_in,straighten,Place cabinet in receptacle.,Straighten the papers inside the cabinet.,in,,;referent_grounding_v1:G2,,X=papers inside the cabinet
G1,00366-fxbzYAGkrtm/tasks-island_0.json,28,4,Organize the files in the cabinet.,OK,place_in,place_in,Place cabinet in receptacle.,Place the files in the cabinet.,in,in,;referent_grounding_v1:G1,,X=files|Y=cabinet
G2,00366-fxbzYAGkrtm/tasks-island_0.json,48,4,Arrange the plant.,OK,place_on,straighten,Place plant on surface.,Straighten the plant.,on,,;referent_grounding_v1:G2,,X=plant
G1,00366-fxbzYAGkrtm/tasks-island_0.json,52,3,Arrange the decoration on the shelf.,OK,place_on,place_on,Place decoration on surface.,Place the decoration on the shelf.,on,on,;referent_grounding_v1:G1,,X=decoration|Y=shelf
G2,00366-fxbzYAGkrtm/tasks-island_0.json,65,3,Arrange the decoration.,OK,place_on,straighten,Place decoration on surface.,Straighten the decoration.,on,,;referent_grounding_v1:G2,,X=decoration
G2,00366-fxbzYAGkrtm/tasks-island_0.json,96,4,Arrange the flower vase.,OK,place_on,straighten,Place flower vase on surface.,Straighten the flower vase.,on,,;referent_grounding_v1:G2,,X=flower vase
G2,00366-fxbzYAGkrtm/tasks-island_0.json,98,5,Set the stove.,OK,place_on,straighten,Place stove on surface.,Straighten the stove.,on,,;referent_grounding_v1:G2,,X=stove
G2,00366-fxbzYAGkrtm/tasks-island_0.json,102,5,Arrange the flower vase.,OK,place_on,straighten,Place flower vase on surface.,Straighten the flower vase.,on,,;referent_grounding_v1:G2,,X=flower vase
G2,00366-fxbzYAGkrtm/tasks-island_0.json,110,2,Arrange the wardrobe.,OK,place_on,straighten,Place wardrobe on surface.,Straighten the wardrobe.,on,,;referent_grounding_v1:G2,,X=wardrobe
G1,00366-fxbzYAGkrtm/tasks-island_0.json,114,6,Arrange the items on the shelf.,OK,place_on,place_on,Place shelf on surface.,Place the items on the shelf.,on,on,;referent_grounding_v1:G1,,X=items|Y=shelf
G2,00366-fxbzYAGkrtm/tasks-island_0.json,152,7,Arrange the flower vase.,OK,place_on,straighten,Place flower vase on surface.,Straighten the flower vase.,on,,;referent_grounding_v1:G2,,X=flower vase
G4,00378-DqJKU7YU7dA/tasks-island_1.json,9,1,Fill the pitcher with water from the sink.,FLAG,fill,fill,Use the sink to fill a container.,Use the sink to fill a container.,,,;ungrounded_anaphora,,no_vessel_found
G2,00378-DqJKU7YU7dA/tasks-island_1.json,13,1,Arrange the deck chair.,OK,place_on,straighten,Place deck chair on surface.,Straighten the deck chair.,on,,;referent_grounding_v1:G2,,X=deck chair
G1,00378-DqJKU7YU7dA/tasks-island_1.json,14,3,Organize soap in the shower wall cubby.,OK,place_in,place_in,Place shower wall cubby in receptacle.,Place the soap in the shower wall cubby.,in,in,;referent_grounding_v1:G1,,X=soap|Y=shower wall cubby
G1,00378-DqJKU7YU7dA/tasks-island_1.json,32,4,Set the pan on the stove.,OK,place_on,place_on,Place pan on surface.,Place the pan on the stove.,on,on,;referent_grounding_v1:G1,,X=pan|Y=stove
G3,00378-DqJKU7YU7dA/tasks-island_1.json,37,2,Put away socks in the drawer.,OK,store,store,Store items in the drawer.,Store the socks in the drawer.,in,in,;referent_grounding_v1:G3,,NP=socks
G3,00378-DqJKU7YU7dA/tasks-island_1.json,55,2,Put away the cushions in the basket.,OK,store,store,Store items in the basket.,Store the cushions in the basket.,in,in,;referent_grounding_v1:G3,,NP=cushions
G2,00378-DqJKU7YU7dA/tasks-island_1.json,58,3,Arrange the shoe.,OK,place_on,straighten,Place shoe on surface.,Straighten the shoe.,on,,;referent_grounding_v1:G2,,X=shoe
G4,00378-DqJKU7YU7dA/tasks-island_1.json,66,2,Fill the cup at the sink.,RESOLVED,fill,fill,Use the sink to fill a container.,Fill the cup at the sink.,at,at,;referent_grounding_v1:G4,,vessel=cup
G1,00378-DqJKU7YU7dA/tasks-island_1.json,81,4,Set the plate on the table.,OK,place_on,place_on,Place plate on surface.,Place the plate on the table.,on,on,;referent_grounding_v1:G1,,X=plate|Y=table
G4,00378-DqJKU7YU7dA/tasks-island_1.json,92,4,Fill the cup at the sink.,RESOLVED,fill,fill,Use the sink to fill a container.,Fill the cup at the sink.,at,at,;referent_grounding_v1:G4,,vessel=cup
G1,00378-DqJKU7YU7dA/tasks-island_1.json,100,5,Put the document in the rack.,OK,place_on,place_in,Place items on the rack.,Place the document in the rack.,on,in,;referent_grounding_v1:G1,,X=document|Y=rack
G4,00378-DqJKU7YU7dA/tasks-island_1.json,115,2,Fill it with water at the sink.,RESOLVED,fill,fill,Use the sink to fill a container.,Fill the pitcher at the sink.,at,at,;referent_grounding_v1:G4,,vessel=pitcher
G2,00378-DqJKU7YU7dA/tasks-island_1.json,124,3,Arrange the coffee table.,OK,place_in,straighten,Place coffee table in receptacle.,Straighten the coffee table.,in,,;referent_grounding_v1:G2,,X=coffee table
G2,00378-DqJKU7YU7dA/tasks-island_1.json,130,5,Arrange the decorative plate.,OK,place_on,straighten,Place decorative plate on surface.,Straighten the decorative plate.,on,,;referent_grounding_v1:G2,,X=decorative plate
G2,00378-DqJKU7YU7dA/tasks-island_1.json,139,2,Arrange the shelf.,OK,place_on,straighten,Place shelf on surface.,Straighten the shelf.,on,,;referent_grounding_v1:G2,,X=shelf
G2,00378-DqJKU7YU7dA/tasks-island_1.json,161,6,Arrange the decoration.,OK,place_on,straighten,Place decoration on surface.,Straighten the decoration.,on,,;referent_grounding_v1:G2,,X=decoration
G2,00378-DqJKU7YU7dA/tasks-island_1.json,167,5,Arrange the rack.,OK,place_on,straighten,Place rack on surface.,Straighten the rack.,on,,;referent_grounding_v1:G2,,X=rack
G2,00378-DqJKU7YU7dA/tasks-island_1.json,168,6,Arrange the deck chair.,OK,place_on,straighten,Place deck chair on surface.,Straighten the deck chair.,on,,;referent_grounding_v1:G2,,X=deck chair
G2,00378-DqJKU7YU7dA/tasks-island_1.json,190,2,Arrange the firewood.,OK,place_on,straighten,Place firewood on surface.,Straighten the firewood.,on,,;referent_grounding_v1:G2,,X=firewood
G2,00378-DqJKU7YU7dA/tasks-island_1.json,196,4,Arrange the rack.,OK,place_on,straighten,Place rack on surface.,Straighten the rack.,on,,;referent_grounding_v1:G2,,X=rack
G2,00378-DqJKU7YU7dA/tasks-island_1.json,199,4,Set the plate.,OK,place_on,straighten,Place plate on surface.,Straighten the plate.,on,,;referent_grounding_v1:G2,,X=plate
G2,00378-DqJKU7YU7dA/tasks-island_1.json,209,3,Set the plate.,OK,place_on,straighten,Place plate on surface.,Straighten the plate.,on,,;referent_grounding_v1:G2,,X=plate
G2,00378-DqJKU7YU7dA/tasks-island_1.json,220,5,Arrange the decorative plate.,OK,place_on,straighten,Place decorative plate on surface.,Straighten the decorative plate.,on,,;referent_grounding_v1:G2,,X=decorative plate
G2,00378-DqJKU7YU7dA/tasks-island_1.json,229,4,Arrange the coffee table.,OK,place_in,straighten,Place coffee table in receptacle.,Straighten the coffee table.,in,,;referent_grounding_v1:G2,,X=coffee table
G2,00378-DqJKU7YU7dA/tasks-island_1.json,231,5,Arrange the deck chair.,OK,place_on,straighten,Place deck chair on surface.,Straighten the deck chair.,on,,;referent_grounding_v1:G2,,X=deck chair
G4,00378-DqJKU7YU7dA/tasks-island_1.json,263,5,Fill a bottle at the sink.,FLAG,fill,fill,Use the sink to fill a container.,Use the sink to fill a container.,at,at,;ungrounded_anaphora,,no_vessel_found
G1,00378-DqJKU7YU7dA/tasks-island_1.json,280,3,Arrange the shoe on the floor.,OK,place_on,place_on,Place shoe on surface.,Place the shoe on the floor.,on,on,;referent_grounding_v1:G1,,X=shoe|Y=floor
G2,00378-DqJKU7YU7dA/tasks-island_1.json,314,6,Arrange the rack.,OK,place_on,straighten,Place rack on surface.,Straighten the rack.,on,,;referent_grounding_v1:G2,,X=rack
G2,00382-S7uMvxjBVZq/tasks-island_0.json,6,2,Arrange the piano stool.,OK,place_on,straighten,Place piano stool on surface.,Straighten the piano stool.,on,,;referent_grounding_v1:G2,,X=piano stool
G3,00382-S7uMvxjBVZq/tasks-island_0.json,7,1,Fluff the pillows on the couch.,OK,fluff,fluff,Fluff items on the couch.,Fluff the pillows on the couch.,on,on,;referent_grounding_v1:G3,,NP=pillows
G2,00382-S7uMvxjBVZq/tasks-island_0.json,41,2,Arrange the shelf.,OK,place_on,straighten,Place shelf on surface.,Straighten the shelf.,on,,;referent_grounding_v1:G2,,X=shelf
G4,00382-S7uMvxjBVZq/tasks-island_0.json,54,2,Refill water at the sink.,FLAG,fill,fill,Use the sink to fill a container.,Use the sink to fill a container.,at,at,;ungrounded_anaphora,,no_vessel_found
G4,00382-S7uMvxjBVZq/tasks-island_0.json,65,2,Fill it at the sink.,RESOLVED,fill,fill,Use the sink to fill a container.,Fill the cup at the sink.,at,at,;referent_grounding_v1:G4,,vessel=cup
G2,00382-S7uMvxjBVZq/tasks-island_0.json,68,3,Arrange the box.,OK,place_on,straighten,Place box on surface.,Straighten the box.,on,,;referent_grounding_v1:G2,,X=box
G2,00382-S7uMvxjBVZq/tasks-island_0.json,86,1,Arrange the hanging clothes.,OK,place_on,straighten,Place hanging clothes on surface.,Straighten the hanging clothes.,on,,;referent_grounding_v1:G2,,X=hanging clothes
G2,00382-S7uMvxjBVZq/tasks-island_0.json,113,4,Position the plant.,OK,place_on,reposition,Place plant on surface.,Reposition the plant.,on,,;referent_grounding_v1:G2,,X=plant
G2,00382-S7uMvxjBVZq/tasks-island_0.json,118,6,Arrange the laptop.,OK,place_on,straighten,Place laptop on surface.,Straighten the laptop.,on,,;referent_grounding_v1:G2,,X=laptop
G2,00382-S7uMvxjBVZq/tasks-island_0.json,134,5,Arrange the hanger.,OK,place_on,straighten,Place hanger on surface.,Straighten the hanger.,on,,;referent_grounding_v1:G2,,X=hanger
G2,00382-S7uMvxjBVZq/tasks-island_0.json,151,2,Arrange the keyboard.,OK,place_on,straighten,Place keyboard on surface.,Straighten the keyboard.,on,,;referent_grounding_v1:G2,,X=keyboard
G1,00382-S7uMvxjBVZq/tasks-island_0.json,159,6,Set the pan on the stove.,OK,place_on,place_on,Place pan on surface.,Place the pan on the stove.,on,on,;referent_grounding_v1:G1,,X=pan|Y=stove
G2,00382-S7uMvxjBVZq/tasks-island_0.json,161,3,Arrange the book.,OK,place_in,straighten,Place book in receptacle.,Straighten the book.,in,,;referent_grounding_v1:G2,,X=book
G2,00382-S7uMvxjBVZq/tasks-island_0.json,171,2,Arrange the shoe.,OK,place_on,straighten,Place shoe on surface.,Straighten the shoe.,on,,;referent_grounding_v1:G2,,X=shoe
G2,00382-S7uMvxjBVZq/tasks-island_0.json,183,6,Arrange the shelf.,OK,place_on,straighten,Place shelf on surface.,Straighten the shelf.,on,,;referent_grounding_v1:G2,,X=shelf
G1,00382-S7uMvxjBVZq/tasks-island_0.json,188,7,Set the cutting board on the counter.,OK,place_on,place_on,Place cutting board on surface.,Place the cutting board on the counter.,on,on,;referent_grounding_v1:G1,,X=cutting board|Y=counter
G2,00382-S7uMvxjBVZq/tasks-island_0.json,191,1,Arrange the bookshelf.,OK,place_on,straighten,Place bookshelf on surface.,Straighten the bookshelf.,on,,;referent_grounding_v1:G2,,X=bookshelf
G2,00384-ceJTwFNjqCt/tasks-island_0.json,2,1,Position the camera.,OK,place_on,reposition,Place camera on surface.,Reposition the camera.,on,,;referent_grounding_v1:G2,,X=camera
G2,00384-ceJTwFNjqCt/tasks-island_0.json,10,3,Position the speaker.,OK,place_on,reposition,Place speaker on surface.,Reposition the speaker.,on,,;referent_grounding_v1:G2,,X=speaker
G2,00384-ceJTwFNjqCt/tasks-island_0.json,14,1,Arrange the tambourine.,OK,place_on,straighten,Place tambourine on surface.,Straighten the tambourine.,on,,;referent_grounding_v1:G2,,X=tambourine
G2,00384-ceJTwFNjqCt/tasks-island_0.json,15,2,Position the camera.,OK,place_on,reposition,Place camera on surface.,Reposition the camera.,on,,;referent_grounding_v1:G2,,X=camera
G2,00384-ceJTwFNjqCt/tasks-island_0.json,19,2,Arrange the flowerpot.,OK,place_on,straighten,Place flowerpot on surface.,Straighten the flowerpot.,on,,;referent_grounding_v1:G2,,X=flowerpot
G2,00384-ceJTwFNjqCt/tasks-island_0.json,20,3,Position the music equipment stand.,OK,place_on,reposition,Place music equipment stand on surface.,Reposition the music equipment stand.,on,,;referent_grounding_v1:G2,,X=music equipment stand
G2,00384-ceJTwFNjqCt/tasks-island_0.json,21,2,Position the floor lamp for better lighting.,OK,place_on,reposition,Place floor lamp on surface.,Reposition the floor lamp.,on,,;referent_grounding_v1:G2,,X=floor lamp
G2,00384-ceJTwFNjqCt/tasks-island_0.json,26,3,Reposition the flowerpot to catch more light.,OK,place_on,reposition,Place flowerpot on surface.,Reposition the flowerpot.,on,,;referent_grounding_v1:G2,,X=flowerpot
G1,00384-ceJTwFNjqCt/tasks-island_0.json,30,1,Position the camera on the tripod.,OK,place_on,place_on,Place camera on surface.,Place the camera on the tripod.,on,on,;referent_grounding_v1:G1,,X=camera|Y=tripod
G2,00384-ceJTwFNjqCt/tasks-island_0.json,36,3,Position the music equipment stand.,OK,place_on,reposition,Place music equipment stand on surface.,Reposition the music equipment stand.,on,,;referent_grounding_v1:G2,,X=music equipment stand
G2,00384-ceJTwFNjqCt/tasks-island_0.json,39,4,Arrange the music equipment stand for the singer.,OK,place_on,straighten,Place music equipment stand on surface.,Straighten the music equipment stand.,on,,;referent_grounding_v1:G2,,X=music equipment stand
G1,00384-ceJTwFNjqCt/tasks-island_0.json,43,2,Organize the items in the box.,OK,place_in,place_in,Place box in receptacle.,Place the items in the box.,in,in,;referent_grounding_v1:G1,,X=items|Y=box
G2,00384-ceJTwFNjqCt/tasks-island_0.json,48,1,Position the music equipment stand.,OK,place_on,reposition,Place music equipment stand on surface.,Reposition the music equipment stand.,on,,;referent_grounding_v1:G2,,X=music equipment stand
G1,00384-ceJTwFNjqCt/tasks-island_0.json,53,4,Arrange the clarinets on the display.,OK,place_on,place_on,Place clarinet on surface.,Place the clarinets on the display.,on,on,;referent_grounding_v1:G1,,X=clarinets|Y=display
G2,00384-ceJTwFNjqCt/tasks-island_0.json,56,2,Arrange the brochures.,OK,place_on,straighten,Place brochures on surface.,Straighten the brochures.,on,,;referent_grounding_v1:G2,,X=brochures
G2,00384-ceJTwFNjqCt/tasks-island_0.json,58,2,Arrange the guitar cases.,OK,place_on,straighten,Place guitar cases on surface.,Straighten the guitar cases.,on,,;referent_grounding_v1:G2,,X=guitar cases
G2,00384-ceJTwFNjqCt/tasks-island_0.json,67,2,Arrange the products.,OK,place_on,straighten,Place products on surface.,Straighten the products.,on,,;referent_grounding_v1:G2,,X=products
G2,00384-ceJTwFNjqCt/tasks-island_0.json,70,4,Arrange the brochures.,OK,place_on,straighten,Place brochures on surface.,Straighten the brochures.,on,,;referent_grounding_v1:G2,,X=brochures
G2,00384-ceJTwFNjqCt/tasks-island_0.json,75,3,Position the board.,OK,place_on,reposition,Place board on surface.,Reposition the board.,on,,;referent_grounding_v1:G2,,X=board
G2,00384-ceJTwFNjqCt/tasks-island_0.json,77,3,Arrange the magazines.,OK,place_on,straighten,Place magazines on surface.,Straighten the magazines.,on,,;referent_grounding_v1:G2,,X=magazines
G2,00384-ceJTwFNjqCt/tasks-island_0.json,78,1,Position the drum.,OK,place_in,reposition,Place drum in receptacle.,Reposition the drum.,in,,;referent_grounding_v1:G2,,X=drum
G2,00384-ceJTwFNjqCt/tasks-island_0.json,81,4,Arrange the trombones.,OK,place_on,straighten,Place trombone on surface.,Straighten the trombones.,on,,;referent_grounding_v1:G2,,X=trombones
G1,00384-ceJTwFNjqCt/tasks-island_0.json,82,4,Organize the books on the shelf.,OK,place_on,place_on,Place shelf on surface.,Place the books on the shelf.,on,on,;referent_grounding_v1:G1,,X=books|Y=shelf
G2,00384-ceJTwFNjqCt/tasks-island_0.json,84,1,Position the keyboard piano.,OK,place_on,reposition,Place keyboard piano on surface.,Reposition the keyboard piano.,on,,;referent_grounding_v1:G2,,X=keyboard piano
G2,00384-ceJTwFNjqCt/tasks-island_0.json,88,3,Arrange the magazines.,OK,place_on,straighten,Place magazines on surface.,Straighten the magazines.,on,,;referent_grounding_v1:G2,,X=magazines
G2,00384-ceJTwFNjqCt/tasks-island_0.json,90,1,Position the electric guitar.,OK,place_on,reposition,Place electric guitar on surface.,Reposition the electric guitar.,on,,;referent_grounding_v1:G2,,X=electric guitar
G2,00384-ceJTwFNjqCt/tasks-island_0.json,93,1,Position the drums.,OK,place_on,reposition,Place drum on surface.,Reposition the drums.,on,,;referent_grounding_v1:G2,,X=drums
G2,00384-ceJTwFNjqCt/tasks-island_0.json,94,4,Arrange the boxes.,OK,place_on,straighten,Place boxes on surface.,Straighten the boxes.,on,,;referent_grounding_v1:G2,,X=boxes
G2,00384-ceJTwFNjqCt/tasks-island_0.json,96,1,Arrange the books.,OK,place_on,straighten,Place book on surface.,Straighten the books.,on,,;referent_grounding_v1:G2,,X=books
G2,00384-ceJTwFNjqCt/tasks-island_0.json,99,3,Position the floor lamp.,OK,place_on,reposition,Place floor lamp on surface.,Reposition the floor lamp.,on,,;referent_grounding_v1:G2,,X=floor lamp
G2,00384-ceJTwFNjqCt/tasks-island_0.json,100,3,Position the amplifier.,OK,place_on,reposition,Place amplifier on surface.,Reposition the amplifier.,on,,;referent_grounding_v1:G2,,X=amplifier
G4,00384-ceJTwFNjqCt/tasks-island_0.json,102,2,Fill the pitcher at the drinking fountain.,RESOLVED,fill,fill,Use the drinking fountain to fill a container.,Use the drinking fountain to fill the pitcher.,at,at,;referent_grounding_v1:G4,,vessel=pitcher
G1,00384-ceJTwFNjqCt/tasks-island_0.json,103,2,Arrange the books on the shelf.,OK,place_on,place_on,Place shelf on surface.,Place the books on the shelf.,on,on,;referent_grounding_v1:G1,,X=books|Y=shelf
G1,00384-ceJTwFNjqCt/tasks-island_0.json,106,1,Position the camera in the meeting room.,OK,place_in,place_in,Place camera in receptacle.,Place the camera in the meeting room.,in,in,;referent_grounding_v1:G1,,X=camera|Y=meeting room
G1,00384-ceJTwFNjqCt/tasks-island_0.json,108,3,Set the handbag on the chair.,OK,place_on,place_on,Place handbag on surface.,Place the handbag on the chair.,on,on,;referent_grounding_v1:G1,,X=handbag|Y=chair
G2,00384-ceJTwFNjqCt/tasks-island_0.json,116,4,Arrange the guitar pedals.,OK,place_on,straighten,Place guitar pedals on surface.,Straighten the guitar pedals.,on,,;referent_grounding_v1:G2,,X=guitar pedals
G2,00384-ceJTwFNjqCt/tasks-island_0.json,120,2,Arrange the guitar straps.,OK,place_on,straighten,Place guitar straps on surface.,Straighten the guitar straps.,on,,;referent_grounding_v1:G2,,X=guitar straps
G2,00384-ceJTwFNjqCt/tasks-island_0.json,122,5,Arrange the magazines.,OK,place_on,straighten,Place magazines on surface.,Straighten the magazines.,on,,;referent_grounding_v1:G2,,X=magazines
G1,00384-ceJTwFNjqCt/tasks-island_0.json,128,2,Arrange the book on the table.,OK,place_on,place_on,Place book on surface.,Place the book on the table.,on,on,;referent_grounding_v1:G1,,X=book|Y=table
G4,00384-ceJTwFNjqCt/tasks-island_0.json,137,2,Fill the pitcher at the drinking fountain.,RESOLVED,fill,fill,Use the drinking fountain to fill a container.,Use the drinking fountain to fill the pitcher.,at,at,;referent_grounding_v1:G4,,vessel=pitcher
G2,00384-ceJTwFNjqCt/tasks-island_0.json,138,2,Arrange the music equipment stand.,OK,place_on,straighten,Place music equipment stand on surface.,Straighten the music equipment stand.,on,,;referent_grounding_v1:G2,,X=music equipment stand
G2,00384-ceJTwFNjqCt/tasks-island_0.json,139,3,Position the floor lamp.,OK,place_on,reposition,Place floor lamp on surface.,Reposition the floor lamp.,on,,;referent_grounding_v1:G2,,X=floor lamp
G2,00384-ceJTwFNjqCt/tasks-island_0.json,141,2,Arrange the shelf units.,OK,place_on,straighten,Place shelf on surface.,Straighten the shelf units.,on,,;referent_grounding_v1:G2,,X=shelf units
G2,00384-ceJTwFNjqCt/tasks-island_0.json,144,3,Position the music equipment stand.,OK,place_on,reposition,Place music equipment stand on surface.,Reposition the music equipment stand.,on,,;referent_grounding_v1:G2,,X=music equipment stand
G2,00384-ceJTwFNjqCt/tasks-island_0.json,145,6,Position the ladder safely.,OK,place_on,reposition,Place ladder on surface.,Reposition the ladder safely.,on,,;referent_grounding_v1:G2,,X=ladder safely
G2,00384-ceJTwFNjqCt/tasks-island_0.json,146,2,Arrange the board against the wall.,OK,place_on,straighten,Place board on surface.,Straighten the board against the wall.,on,,;referent_grounding_v1:G2,,X=board against the wall
G2,00384-ceJTwFNjqCt/tasks-island_0.json,148,2,Arrange the albums by genre.,OK,place_on,straighten,Place albums on surface.,Straighten the albums.,on,,;referent_grounding_v1:G2,,X=albums
G2,00384-ceJTwFNjqCt/tasks-island_0.json,149,4,Arrange the guitar pedals neatly.,OK,place_on,straighten,Place guitar pedals on surface.,Straighten the guitar pedals.,on,,;referent_grounding_v1:G2,,X=guitar pedals
G2,00384-ceJTwFNjqCt/tasks-island_0.json,152,3,Position the saxophone for display.,OK,place_on,reposition,Place saxophone on surface.,Reposition the saxophone.,on,,;referent_grounding_v1:G2,,X=saxophone
G2,00384-ceJTwFNjqCt/tasks-island_0.json,152,4,Arrange the music equipment stand.,OK,place_on,straighten,Place music equipment stand on surface.,Straighten the music equipment stand.,on,,;referent_grounding_v1:G2,,X=music equipment stand
G1,00384-ceJTwFNjqCt/tasks-island_0.json,154,2,Arrange the music equipment stand in the studio.,OK,place_in,place_in,Place music equipment stand in receptacle.,Place the music equipment stand in the studio.,in,in,;referent_grounding_v1:G1,,X=music equipment stand|Y=studio
G1,00384-ceJTwFNjqCt/tasks-island_0.json,156,4,Arrange the box in the corner.,OK,place_in,place_in,Place box in receptacle.,Place the box in the corner.,in,in,;referent_grounding_v1:G1,,X=box|Y=corner
G1,00384-ceJTwFNjqCt/tasks-island_0.json,158,1,Position the keyboard on the stand.,OK,place_on,place_on,Place keyboard on surface.,Place the keyboard on the stand.,on,on,;referent_grounding_v1:G1,,X=keyboard|Y=stand
G1,00384-ceJTwFNjqCt/tasks-island_0.json,162,1,Position the clarinet on the display.,OK,place_on,place_on,Place clarinet on surface.,Place the clarinet on the display.,on,on,;referent_grounding_v1:G1,,X=clarinet|Y=display
G2,00384-ceJTwFNjqCt/tasks-island_0.json,162,4,Arrange the case for the instrument.,OK,place_on,straighten,Place case on surface.,Straighten the case.,on,,;referent_grounding_v1:G2,,X=case
G2,00384-ceJTwFNjqCt/tasks-island_0.json,163,2,Position the amplifier for the session.,OK,place_on,reposition,Place amplifier on surface.,Reposition the amplifier.,on,,;referent_grounding_v1:G2,,X=amplifier
G1,00384-ceJTwFNjqCt/tasks-island_0.json,165,2,Arrange the guitar pedals in the case.,OK,place_in,place_in,Place guitar pedals in receptacle.,Place the guitar pedals in the case.,in,in,;referent_grounding_v1:G1,,X=guitar pedals|Y=case
G1,00384-ceJTwFNjqCt/tasks-island_0.json,167,2,Arrange the keyboard cover on the unit.,OK,place_on,place_on,Place keyboard cover on surface.,Place the keyboard cover on the unit.,on,on,;referent_grounding_v1:G1,,X=keyboard cover|Y=unit
G2,00384-ceJTwFNjqCt/tasks-island_0.json,168,1,Position the microphone accessory.,OK,place_on,reposition,Place microphone accessory on surface.,Reposition the microphone accessory.,on,,;referent_grounding_v1:G2,,X=microphone accessory
G1,00384-ceJTwFNjqCt/tasks-island_0.json,168,2,Arrange the audio cables on the floor.,OK,place_on,place_on,Place audio cables on surface.,Place the audio cables on the floor.,on,on,;referent_grounding_v1:G1,,X=audio cables|Y=floor
G2,00384-ceJTwFNjqCt/tasks-island_0.json,172,3,Position the music equipment stand.,OK,place_on,reposition,Place music equipment stand on surface.,Reposition the music equipment stand.,on,,;referent_grounding_v1:G2,,X=music equipment stand
G2,00384-ceJTwFNjqCt/tasks-island_0.json,173,4,Arrange the product box.,OK,place_on,straighten,Place product box on surface.,Straighten the product box.,on,,;referent_grounding_v1:G2,,X=product box
G2,00384-ceJTwFNjqCt/tasks-island_0.json,174,6,Arrange the clarinet.,OK,place_on,straighten,Place clarinet on surface.,Straighten the clarinet.,on,,;referent_grounding_v1:G2,,X=clarinet
G2,00384-ceJTwFNjqCt/tasks-island_0.json,176,7,Position the speaker.,OK,place_on,reposition,Place speaker on surface.,Reposition the speaker.,on,,;referent_grounding_v1:G2,,X=speaker
G2,00384-ceJTwFNjqCt/tasks-island_0.json,179,4,Position the amplifier.,OK,place_on,reposition,Place amplifier on surface.,Reposition the amplifier.,on,,;referent_grounding_v1:G2,,X=amplifier
G2,00384-ceJTwFNjqCt/tasks-island_0.json,179,5,Arrange the guitar straps.,OK,place_on,straighten,Place guitar straps on surface.,Straighten the guitar straps.,on,,;referent_grounding_v1:G2,,X=guitar straps
G2,00384-ceJTwFNjqCt/tasks-island_0.json,181,4,Position the drum.,OK,place_on,reposition,Place drum on surface.,Reposition the drum.,on,,;referent_grounding_v1:G2,,X=drum
G2,00384-ceJTwFNjqCt/tasks-island_0.json,181,6,Arrange the product box.,OK,place_on,straighten,Place product box on surface.,Straighten the product box.,on,,;referent_grounding_v1:G2,,X=product box
G2,00384-ceJTwFNjqCt/tasks-island_0.json,183,6,Position the telephone.,OK,place_on,reposition,Place telephone on surface.,Reposition the telephone.,on,,;referent_grounding_v1:G2,,X=telephone
G2,00384-ceJTwFNjqCt/tasks-island_0.json,184,6,Position the speaker.,OK,place_on,reposition,Place speaker on surface.,Reposition the speaker.,on,,;referent_grounding_v1:G2,,X=speaker
G2,00384-ceJTwFNjqCt/tasks-island_0.json,185,6,Position the ladder.,OK,place_on,reposition,Place ladder on surface.,Reposition the ladder.,on,,;referent_grounding_v1:G2,,X=ladder
G2,00384-ceJTwFNjqCt/tasks-island_0.json,190,4,Position the music equipment stand.,OK,place_on,reposition,Place music equipment stand on surface.,Reposition the music equipment stand.,on,,;referent_grounding_v1:G2,,X=music equipment stand
G2,00384-ceJTwFNjqCt/tasks-island_0.json,192,7,Position the trumpet.,OK,place_on,reposition,Place trumpet on surface.,Reposition the trumpet.,on,,;referent_grounding_v1:G2,,X=trumpet
G2,00384-ceJTwFNjqCt/tasks-island_0.json,195,5,Arrange the guitar cases.,OK,place_on,straighten,Place guitar cases on surface.,Straighten the guitar cases.,on,,;referent_grounding_v1:G2,,X=guitar cases
G2,00384-ceJTwFNjqCt/tasks-island_0.json,196,3,Position the amplifier.,OK,place_on,reposition,Place amplifier on surface.,Reposition the amplifier.,on,,;referent_grounding_v1:G2,,X=amplifier
G2,00384-ceJTwFNjqCt/tasks-island_0.json,199,5,Position the keyboard.,OK,place_on,reposition,Place keyboard on surface.,Reposition the keyboard.,on,,;referent_grounding_v1:G2,,X=keyboard
G2,00384-ceJTwFNjqCt/tasks-island_0.json,200,5,Position the keyboard for the accompaniment.,OK,place_on,reposition,Place keyboard piano on surface.,Reposition the keyboard.,on,,;referent_grounding_v1:G2,,X=keyboard
G1,00384-ceJTwFNjqCt/tasks-island_0.json,202,5,Organize the spare parts in the box.,OK,place_in,place_in,Place box in receptacle.,Place the spare parts in the box.,in,in,;referent_grounding_v1:G1,,X=spare parts|Y=box
G1,00384-ceJTwFNjqCt/tasks-island_0.json,204,4,Display the electric guitar on the main stand.,OK,place_on,place_on,Place electric guitar on surface.,Place the electric guitar on the main stand.,on,on,;referent_grounding_v1:G1,,X=electric guitar|Y=main stand
G2,00384-ceJTwFNjqCt/tasks-island_0.json,204,5,Position the amplifier next to the guitar.,OK,place_on,reposition,Place amplifier on surface.,Reposition the amplifier.,on,,;referent_grounding_v1:G2,,X=amplifier
G1,00384-ceJTwFNjqCt/tasks-island_0.json,209,6,Arrange the featured product on the counter.,OK,place_on,place_on,Place product on surface.,Place the featured product on the counter.,on,on,;referent_grounding_v1:G1,,X=featured product|Y=counter
G2,00384-ceJTwFNjqCt/tasks-island_0.json,212,4,Arrange the snare drum on its stand.,OK,place_on,straighten,Place drum on surface.,Straighten the snare drum on its stand.,on,,;referent_grounding_v1:G2,,X=snare drum on its stand
G1,00384-ceJTwFNjqCt/tasks-island_0.json,212,5,Display the tambourine on the wall hook.,OK,place_on,place_on,Place tambourine on surface.,Place the tambourine on the wall hook.,on,on,;referent_grounding_v1:G1,,X=tambourine|Y=wall hook
G1,00384-ceJTwFNjqCt/tasks-island_0.json,213,5,Arrange the small product items near the register.,OK,place_on,place_on,Place product on surface.,Place the small product items near the register.,on,at,;referent_grounding_v1:G1,,X=small product items|Y=register
G1,00384-ceJTwFNjqCt/tasks-island_0.json,214,5,Organize the cleaning kits in the product box.,OK,place_in,place_in,Place product box in receptacle.,Place the cleaning kits in the product box.,in,in,;referent_grounding_v1:G1,,X=cleaning kits|Y=product box
G1,00384-ceJTwFNjqCt/tasks-island_0.json,215,4,Set the MIDI keyboard on the desk.,OK,place_on,place_on,Place keyboard on surface.,Place the MIDI keyboard on the desk.,on,on,;referent_grounding_v1:G1,,X=MIDI keyboard|Y=desk
G2,00384-ceJTwFNjqCt/tasks-island_0.json,217,1,Position the music stand for the vocalist.,OK,place_on,reposition,Place music equipment stand on surface.,Reposition the music stand.,on,,;referent_grounding_v1:G2,,X=music stand
G1,00384-ceJTwFNjqCt/tasks-island_0.json,218,3,Set the handbag on the shelf.,OK,place_on,place_on,Place handbag on surface.,Place the handbag on the shelf.,on,on,;referent_grounding_v1:G1,,X=handbag|Y=shelf
G2,00384-ceJTwFNjqCt/tasks-island_0.json,219,1,Arrange the music books by difficulty.,OK,place_on,straighten,Place book on surface.,Straighten the music books.,on,,;referent_grounding_v1:G2,,X=music books
G1,00384-ceJTwFNjqCt/tasks-island_0.json,219,2,Display the master-grade violin on the center pedestal.,OK,place_on,place_on,Place violin on surface.,Place the master-grade violin on the center pedestal.,on,on,;referent_grounding_v1:G1,,X=master-grade violin|Y=center pedestal
G1,00384-ceJTwFNjqCt/tasks-island_0.json,219,5,Organize the rosin in the product box.,OK,place_in,place_in,Place product box in receptacle.,Place the rosin in the product box.,in,in,;referent_grounding_v1:G1,,X=rosin|Y=product box
G1,00384-ceJTwFNjqCt/tasks-island_0.json,220,2,Position the lead electric guitar in the window.,OK,place_in,place_in,Place electric guitar in receptacle.,Place the lead electric guitar in the window.,in,in,;referent_grounding_v1:G1,,X=lead electric guitar|Y=window
G1,00384-ceJTwFNjqCt/tasks-island_0.json,220,4,Display the latest guitar pedals on the floor.,OK,place_on,place_on,Place guitar pedals on surface.,Place the latest guitar pedals on the floor.,on,on,;referent_grounding_v1:G1,,X=latest guitar pedals|Y=floor
G1,00384-ceJTwFNjqCt/tasks-island_0.json,222,1,Set the music stand in the practice room.,OK,place_in,place_in,Place music equipment stand in receptacle.,Place the music stand in the practice room.,in,in,;referent_grounding_v1:G1,,X=music stand|Y=practice room
G2,00384-ceJTwFNjqCt/tasks-island_0.json,224,4,Position the music stand for the sheet music.,OK,place_on,reposition,Place music equipment stand on surface.,Reposition the music stand.,on,,;referent_grounding_v1:G2,,X=music stand
G1,00384-ceJTwFNjqCt/tasks-island_0.json,228,3,Display the tambourine near the register.,OK,place_on,place_on,Place tambourine on surface.,Place the tambourine near the register.,on,at,;referent_grounding_v1:G1,,X=tambourine|Y=register
G2,00386-b3WpMbPFB6q/tasks-island_0.json,12,2,Arrange the ottoman.,OK,place_on,straighten,Place ottoman on surface.,Straighten the ottoman.,on,,;referent_grounding_v1:G2,,X=ottoman
G2,00386-b3WpMbPFB6q/tasks-island_0.json,24,1,Arrange the decoration.,OK,place_on,straighten,Place decoration on surface.,Straighten the decoration.,on,,;referent_grounding_v1:G2,,X=decoration
G2,00386-b3WpMbPFB6q/tasks-island_0.json,29,1,Arrange the clothes.,OK,place_on,straighten,Place clothes on surface.,Straighten the clothes.,on,,;referent_grounding_v1:G2,,X=clothes
G2,00386-b3WpMbPFB6q/tasks-island_0.json,34,3,Reposition the mouse for better access.,OK,place_on,reposition,Place mouse on surface.,Reposition the mouse.,on,,;referent_grounding_v1:G2,,X=mouse
G4,00386-b3WpMbPFB6q/tasks-island_0.json,42,2,Fill it up at the washbasin.,RESOLVED,fill,fill,Use the washbasin to fill a container.,Use the washbasin to fill the bottle.,at,at,;referent_grounding_v1:G4,,vessel=bottle
G1,00386-b3WpMbPFB6q/tasks-island_0.json,54,3,Arrange the decoration on the shelf.,OK,place_on,place_on,Place decoration on surface.,Place the decoration on the shelf.,on,on,;referent_grounding_v1:G1,,X=decoration|Y=shelf
G3,00386-b3WpMbPFB6q/tasks-island_0.json,57,1,Fluff the pillows on the sofa.,OK,fluff,fluff,Fluff items on the sofa.,Fluff the pillows on the sofa.,on,on,;referent_grounding_v1:G3,,NP=pillows
G1,00386-b3WpMbPFB6q/tasks-island_0.json,57,2,Organize the items in the cabinet.,OK,place_in,place_in,Place cabinet in receptacle.,Place the items in the cabinet.,in,in,;referent_grounding_v1:G1,,X=items|Y=cabinet
G1,00386-b3WpMbPFB6q/tasks-island_0.json,58,2,Organize the materials on the shelf.,OK,place_on,place_on,Place shelf on surface.,Place the materials on the shelf.,on,on,;referent_grounding_v1:G1,,X=materials|Y=shelf
G2,00386-b3WpMbPFB6q/tasks-island_0.json,68,3,Arrange the plate.,OK,place_on,straighten,Place plate on surface.,Straighten the plate.,on,,;referent_grounding_v1:G2,,X=plate
G2,00386-b3WpMbPFB6q/tasks-island_0.json,71,5,Arrange the shelf.,OK,place_on,straighten,Place shelf on surface.,Straighten the shelf.,on,,;referent_grounding_v1:G2,,X=shelf
G2,00386-b3WpMbPFB6q/tasks-island_0.json,74,3,Arrange the bowl of fruit.,OK,place_on,straighten,Place bowl of fruit on surface.,Straighten the bowl of fruit.,on,,;referent_grounding_v1:G2,,X=bowl of fruit
G2,00386-b3WpMbPFB6q/tasks-island_0.json,81,4,Arrange the bowl of fruit.,OK,place_on,straighten,Place bowl of fruit on surface.,Straighten the bowl of fruit.,on,,;referent_grounding_v1:G2,,X=bowl of fruit
G2,00386-b3WpMbPFB6q/tasks-island_0.json,92,3,Arrange the clothes.,OK,place_on,straighten,Place clothes on surface.,Straighten the clothes.,on,,;referent_grounding_v1:G2,,X=clothes
G2,00386-b3WpMbPFB6q/tasks-island_0.json,97,3,Arrange the plate.,OK,place_on,straighten,Place plate on surface.,Straighten the plate.,on,,;referent_grounding_v1:G2,,X=plate
G2,00386-b3WpMbPFB6q/tasks-island_0.json,101,4,Arrange the decorative plant.,OK,place_on,straighten,Place decorative plant on surface.,Straighten the decorative plant.,on,,;referent_grounding_v1:G2,,X=decorative plant
G2,00386-b3WpMbPFB6q/tasks-island_0.json,111,2,Rearrange the ottoman.,OK,place_on,straighten,Place ottoman on surface.,Straighten the ottoman.,on,,;referent_grounding_v1:G2,,X=ottoman
G2,00386-b3WpMbPFB6q/tasks-island_0.json,117,4,Arrange the vase.,OK,place_on,straighten,Place vase on surface.,Straighten the vase.,on,,;referent_grounding_v1:G2,,X=vase
G2,00386-b3WpMbPFB6q/tasks-island_0.json,119,3,Position the ottoman.,OK,place_on,reposition,Place ottoman on surface.,Reposition the ottoman.,on,,;referent_grounding_v1:G2,,X=ottoman
G3,00386-b3WpMbPFB6q/tasks-island_0.json,178,1,Put the toy away in the cabinet.,OK,store,store,Store items in the cabinet.,Store the toy in the cabinet.,in,in,;referent_grounding_v1:G3,,NP=toy
G1,00386-b3WpMbPFB6q/tasks-island_0.json,178,3,Arrange the shoes on the shelf.,OK,place_on,place_on,Place shelf with shoes on surface.,Place the shoes on the shelf.,on,on,;referent_grounding_v1:G1,,X=shoes|Y=shelf
G3,00386-b3WpMbPFB6q/tasks-island_0.json,183,4,Place a candle on the holder.,OK,place_on,place_on,Place items on the candle holder.,Place the candle on the candle holder.,on,on,;referent_grounding_v1:G3,,NP=candle
G3,00386-b3WpMbPFB6q/tasks-island_0.json,185,2,Put the books back on the rack.,OK,place_on,place_on,Place items on the magazine rack.,Place the books on the magazine rack.,on,on,;referent_grounding_v1:G3,,NP=books
G1,00386-b3WpMbPFB6q/tasks-island_0.json,186,5,Set the jar on the table.,OK,place_on,place_on,Place jar on surface.,Place the jar on the table.,on,on,;referent_grounding_v1:G1,,X=jar|Y=table
G1,00386-b3WpMbPFB6q/tasks-island_0.json,198,5,Set the pitcher on the table.,OK,place_on,place_on,Place pitcher on surface.,Place the pitcher on the table.,on,on,;referent_grounding_v1:G1,,X=pitcher|Y=table
G1,00386-b3WpMbPFB6q/tasks-island_0.json,215,2,Set the bowl of fruit on the table.,OK,place_on,place_on,Place bowl of fruit on surface.,Place the bowl of fruit on the table.,on,on,;referent_grounding_v1:G1,,X=bowl of fruit|Y=table
G1,00386-b3WpMbPFB6q/tasks-island_0.json,227,4,Set the bowl of fruit on the table.,OK,place_on,place_on,Place bowl of fruit on surface.,Place the bowl of fruit on the table.,on,on,;referent_grounding_v1:G1,,X=bowl of fruit|Y=table
G1,00386-b3WpMbPFB6q/tasks-island_0.json,236,6,Organize the cleaning supplies in the kitchen cabinet.,OK,place_in,place_in,Place kitchen cabinet in receptacle.,Place the cleaning supplies in the kitchen cabinet.,in,in,;referent_grounding_v1:G1,,X=cleaning supplies|Y=kitchen cabinet
G1,00386-b3WpMbPFB6q/tasks-island_0.json,240,5,Organize the items in the wash cabinet.,OK,place_in,place_in,Place wash cabinet in receptacle.,Place the items in the wash cabinet.,in,in,;referent_grounding_v1:G1,,X=items|Y=wash cabinet
G1,00386-b3WpMbPFB6q/tasks-island_0.json,241,5,Organize the threads on the shelf.,OK,place_on,place_on,Place shelf on surface.,Place the threads on the shelf.,on,on,;referent_grounding_v1:G1,,X=threads|Y=shelf
G1,00386-b3WpMbPFB6q/tasks-island_0.json,243,3,Arrange the bowl of fruit on the dining table.,OK,place_on,place_on,Place bowl of fruit on surface.,Place the bowl of fruit on the dining table.,on,on,;referent_grounding_v1:G1,,X=bowl of fruit|Y=dining table
G1,00386-b3WpMbPFB6q/tasks-island_0.json,248,6,Organize the clothes on the shelf.,OK,place_on,place_on,Place shelf on surface.,Place the clothes on the shelf.,on,on,;referent_grounding_v1:G1,,X=clothes|Y=shelf
G1,00386-b3WpMbPFB6q/tasks-island_0.json,250,5,Organize the supplies on the shelf.,OK,place_on,place_on,Place shelf on surface.,Place the supplies on the shelf.,on,on,;referent_grounding_v1:G1,,X=supplies|Y=shelf
G1,00386-b3WpMbPFB6q/tasks-island_0.json,252,7,Organize the tools in the cabinet.,OK,place_in,place_in,Place cabinet in receptacle.,Place the tools in the cabinet.,in,in,;referent_grounding_v1:G1,,X=tools|Y=cabinet
G1,00386-b3WpMbPFB6q/tasks-island_0.json,255,2,Organize the shoes on the shelf with shoes.,OK,place_on,place_on,Place shelf with shoes on surface.,Place the shoes on the shelf.,on,on,;referent_grounding_v1:G1,,X=shoes|Y=shelf
G1,00386-b3WpMbPFB6q/tasks-island_0.json,260,4,Organize the pots on the shelf.,OK,place_on,place_on,Place shelf on surface.,Place the pots on the shelf.,on,on,;referent_grounding_v1:G1,,X=pots|Y=shelf
G2,00388-pcpn6mFqFCg/tasks-island_0.json,8,3,Arrange the ornament.,OK,place_on,straighten,Place ornament on surface.,Straighten the ornament.,on,,;referent_grounding_v1:G2,,X=ornament
G2,00388-pcpn6mFqFCg/tasks-island_0.json,13,3,Position the monitor.,OK,place_on,reposition,Place monitor on surface.,Reposition the monitor.,on,,;referent_grounding_v1:G2,,X=monitor
G2,00388-pcpn6mFqFCg/tasks-island_0.json,24,4,Set the tray nearby.,OK,place_on,straighten,Place tray on surface.,Straighten the tray.,on,,;referent_grounding_v1:G2,,X=tray
G2,00388-pcpn6mFqFCg/tasks-island_0.json,29,1,Arrange the panel screen.,OK,place_on,straighten,Place panel screen on surface.,Straighten the panel screen.,on,,;referent_grounding_v1:G2,,X=panel screen
G2,00388-pcpn6mFqFCg/tasks-island_0.json,53,2,Reposition the panel screen,OK,place_on,reposition,Place panel screen on surface.,Reposition the panel screen.,on,,;referent_grounding_v1:G2,,X=panel screen
G2,00388-pcpn6mFqFCg/tasks-island_0.json,59,2,Arrange the stuffed animal,OK,place_on,straighten,Place stuffed animal on surface.,Straighten the stuffed animal.,on,,;referent_grounding_v1:G2,,X=stuffed animal
G2,00388-pcpn6mFqFCg/tasks-island_0.json,61,2,Reposition the panel screen,OK,place_on,reposition,Place panel screen on surface.,Reposition the panel screen.,on,,;referent_grounding_v1:G2,,X=panel screen
G1,00388-pcpn6mFqFCg/tasks-island_0.json,64,7,Arrange the stuffed animal on the shelf.,OK,place_on,place_on,Place stuffed animal on surface.,Place the stuffed animal on the shelf.,on,on,;referent_grounding_v1:G1,,X=stuffed animal|Y=shelf
G1,00388-pcpn6mFqFCg/tasks-island_0.json,66,7,Set the mouse on the pad.,OK,place_on,place_on,Place mouse on surface.,Place the mouse on the pad.,on,on,;referent_grounding_v1:G1,,X=mouse|Y=pad
G2,00388-pcpn6mFqFCg/tasks-island_0.json,67,3,Position the mouse correctly.,OK,place_on,reposition,Place mouse on surface.,Reposition the mouse correctly.,on,,;referent_grounding_v1:G2,,X=mouse correctly
G2,00388-pcpn6mFqFCg/tasks-island_0.json,69,3,Set the tray down for snacks.,OK,place_on,straighten,Place tray on surface.,Straighten the tray.,on,,;referent_grounding_v1:G2,,X=tray
G1,00388-pcpn6mFqFCg/tasks-island_0.json,70,2,Set the tray on the table.,OK,place_on,place_on,Place tray on surface.,Place the tray on the table.,on,on,;referent_grounding_v1:G1,,X=tray|Y=table
G1,00388-pcpn6mFqFCg/tasks-island_0.json,71,4,Organize the items in the box.,OK,place_in,place_in,Place box in receptacle.,Place the items in the box.,in,in,;referent_grounding_v1:G1,,X=items|Y=box
G1,00388-pcpn6mFqFCg/tasks-island_0.json,75,4,Sort the documents in the folder.,OK,place_in,place_in,Place folder in receptacle.,Place the documents in the folder.,in,in,;referent_grounding_v1:G1,,X=documents|Y=folder
G1,00388-pcpn6mFqFCg/tasks-island_2.json,12,1,Organize the books on the shelving.,OK,place_on,place_on,Place shelving on surface.,Place the books on the shelving.,on,on,;referent_grounding_v1:G1,,X=books|Y=shelving
G1,00388-pcpn6mFqFCg/tasks-island_2.json,17,4,Set the plate on the table.,OK,place_on,place_on,Place plate on surface.,Place the plate on the table.,on,on,;referent_grounding_v1:G1,,X=plate|Y=table
G2,00388-pcpn6mFqFCg/tasks-island_2.json,27,6,Position the kitchen table.,OK,place_on,reposition,Place kitchen table on surface.,Reposition the kitchen table.,on,,;referent_grounding_v1:G2,,X=kitchen table
G1,00397-ZNanfzgCdm3/tasks-island_0.json,21,1,Set the plate on the table.,OK,place_on,place_on,Place plate on surface.,Place the plate on the table.,on,on,;referent_grounding_v1:G1,,X=plate|Y=table
G2,00397-ZNanfzgCdm3/tasks-island_0.json,34,4,Position the lamp.,OK,place_on,reposition,Place lamp on surface.,Reposition the lamp.,on,,;referent_grounding_v1:G2,,X=lamp
G2,00397-ZNanfzgCdm3/tasks-island_0.json,60,5,Set the plate.,OK,place_on,straighten,Place plate on surface.,Straighten the plate.,on,,;referent_grounding_v1:G2,,X=plate
G1,00397-ZNanfzgCdm3/tasks-island_0.json,62,6,Set the wine bottle on the table.,OK,place_on,place_on,Place wine bottle on surface.,Place the wine bottle on the table.,on,on,;referent_grounding_v1:G1,,X=wine bottle|Y=table
G2,00397-ZNanfzgCdm3/tasks-island_0.json,64,4,Arrange the lamp.,OK,place_on,straighten,Place lamp on surface.,Straighten the lamp.,on,,;referent_grounding_v1:G2,,X=lamp
G2,00397-ZNanfzgCdm3/tasks-island_0.json,65,5,Set the wine bottle.,OK,place_on,straighten,Place wine bottle on surface.,Straighten the wine bottle.,on,,;referent_grounding_v1:G2,,X=wine bottle
G2,00397-ZNanfzgCdm3/tasks-island_0.json,69,1,Arrange the kitchen lower cabinet.,OK,place_on,straighten,Place kitchen lower cabinet on surface.,Straighten the kitchen lower cabinet.,on,,;referent_grounding_v1:G2,,X=kitchen lower cabinet
G1,00397-ZNanfzgCdm3/tasks-island_0.json,70,3,Set the wine bottle on the table.,OK,place_on,place_on,Place wine bottle on surface.,Place the wine bottle on the table.,on,on,;referent_grounding_v1:G1,,X=wine bottle|Y=table
G1,00397-ZNanfzgCdm3/tasks-island_0.json,80,5,Place the clothes in the rack.,OK,place_on,place_in,Place items on the rack.,Place the clothes in the rack.,on,in,;referent_grounding_v1:G1,,X=clothes|Y=rack
G2,00397-ZNanfzgCdm3/tasks-island_0.json,83,6,Arrange the shoe.,OK,place_on,straighten,Place shoe on surface.,Straighten the shoe.,on,,;referent_grounding_v1:G2,,X=shoe
G1,00397-ZNanfzgCdm3/tasks-island_0.json,93,2,Set the plate on the counter.,OK,place_on,place_on,Place plate on surface.,Place the plate on the counter.,on,on,;referent_grounding_v1:G1,,X=plate|Y=counter
G2,00397-ZNanfzgCdm3/tasks-island_0.json,100,5,Arrange the shoe.,OK,place_on,straighten,Place shoe on surface.,Straighten the shoe.,on,,;referent_grounding_v1:G2,,X=shoe
G2,00404-QN2dRqwd84J/tasks-island_0.json,7,2,Set the tray.,OK,place_on,straighten,Place tray on surface.,Straighten the tray.,on,,;referent_grounding_v1:G2,,X=tray
G2,00404-QN2dRqwd84J/tasks-island_0.json,7,3,Arrange the flower vase.,OK,place_on,straighten,Place flower vase on surface.,Straighten the flower vase.,on,,;referent_grounding_v1:G2,,X=flower vase
G2,00404-QN2dRqwd84J/tasks-island_0.json,13,3,Set the toaster.,OK,place_on,straighten,Place toaster on surface.,Straighten the toaster.,on,,;referent_grounding_v1:G2,,X=toaster
G1,00404-QN2dRqwd84J/tasks-island_0.json,21,2,Organize the books on the shelf.,OK,place_on,place_on,Place shelf on surface.,Place the books on the shelf.,on,on,;referent_grounding_v1:G1,,X=books|Y=shelf
G2,00404-QN2dRqwd84J/tasks-island_0.json,24,5,Arrange the flower vase.,OK,place_on,straighten,Place flower vase on surface.,Straighten the flower vase.,on,,;referent_grounding_v1:G2,,X=flower vase
G1,00404-QN2dRqwd84J/tasks-island_0.json,29,5,Organize the items on the shelf.,OK,place_on,place_on,Place shelf on surface.,Place the items on the shelf.,on,on,;referent_grounding_v1:G1,,X=items|Y=shelf
G4,00404-QN2dRqwd84J/tasks-island_0.json,38,2,Refill water at the sink.,FLAG,fill,fill,Use the sink to fill a container.,Use the sink to fill a container.,at,at,;ungrounded_anaphora,,no_vessel_found
G2,00404-QN2dRqwd84J/tasks-island_0.json,38,3,Arrange the flower vase.,OK,place_on,straighten,Place flower vase on surface.,Straighten the flower vase.,on,,;referent_grounding_v1:G2,,X=flower vase
G2,00404-QN2dRqwd84J/tasks-island_0.json,40,3,Arrange the flower vase.,OK,place_in,straighten,Place flower vase in receptacle.,Straighten the flower vase.,in,,;referent_grounding_v1:G2,,X=flower vase
G1,00404-QN2dRqwd84J/tasks-island_0.json,62,6,Arrange flowers in the flower vase.,OK,place_in,place_in,Place flower vase in receptacle.,Place the flowers in the flower vase.,in,in,;referent_grounding_v1:G1,,X=flowers|Y=flower vase
G1,00404-QN2dRqwd84J/tasks-island_0.json,63,1,Organize the items on the dresser.,OK,place_on,place_on,Place dresser on surface.,Place the items on the dresser.,on,on,;referent_grounding_v1:G1,,X=items|Y=dresser
G1,00404-QN2dRqwd84J/tasks-island_0.json,67,2,Sort items on the dresser.,OK,place_on,place_on,Place dresser on surface.,Place the items on the dresser.,on,on,;referent_grounding_v1:G1,,X=items|Y=dresser
G4,00404-QN2dRqwd84J/tasks-island_0.json,70,2,Fill a pitcher at the sink.,FLAG,fill,fill,Use the sink to fill a container.,Use the sink to fill a container.,at,at,;ungrounded_anaphora,,no_vessel_found
G1,00404-QN2dRqwd84J/tasks-island_0.json,75,6,Organize the cables near the speaker.,OK,place_in,place_on,Place speaker in receptacle.,Place the cables near the speaker.,in,at,;referent_grounding_v1:G1,,X=cables|Y=speaker
G1,00404-QN2dRqwd84J/tasks-island_0.json,82,3,Sort items in the wardrobe.,OK,place_in,place_in,Place wardrobe in receptacle.,Place the items in the wardrobe.,in,in,;referent_grounding_v1:G1,,X=items|Y=wardrobe
G1,00404-QN2dRqwd84J/tasks-island_0.json,82,5,Arrange the books on the shelf.,OK,place_on,place_on,Place shelf on surface.,Place the books on the shelf.,on,on,;referent_grounding_v1:G1,,X=books|Y=shelf
G1,00404-QN2dRqwd84J/tasks-island_0.json,93,5,Sort the clothes in the wardrobe.,OK,place_in,place_in,Place wardrobe in receptacle.,Place the clothes in the wardrobe.,in,in,;referent_grounding_v1:G1,,X=clothes|Y=wardrobe
G2,00404-QN2dRqwd84J/tasks-island_0.json,97,6,Set the tray for serving.,OK,place_on,straighten,Place tray on surface.,Straighten the tray.,on,,;referent_grounding_v1:G2,,X=tray
G1,00407-NPHxDe6VeCc/tasks-island_1.json,5,3,Arrange the flower in the vase.,OK,place_in,place_in,Place flower in receptacle.,Place the flower in the vase.,in,in,;referent_grounding_v1:G1,,X=flower|Y=vase
G2,00407-NPHxDe6VeCc/tasks-island_1.json,22,2,Position the telescope.,OK,place_on,reposition,Place telescope on surface.,Reposition the telescope.,on,,;referent_grounding_v1:G2,,X=telescope
G2,00407-NPHxDe6VeCc/tasks-island_1.json,34,5,Arrange the candle.,OK,place_on,straighten,Place candle on surface.,Straighten the candle.,on,,;referent_grounding_v1:G2,,X=candle
G2,00407-NPHxDe6VeCc/tasks-island_1.json,53,2,Position the footrest.,OK,place_on,reposition,Place footrest on surface.,Reposition the footrest.,on,,;referent_grounding_v1:G2,,X=footrest
G1,00407-NPHxDe6VeCc/tasks-island_1.json,58,2,Arrange the flower in the vase.,OK,place_in,place_in,Place flower in receptacle.,Place the flower in the vase.,in,in,;referent_grounding_v1:G1,,X=flower|Y=vase
G2,00407-NPHxDe6VeCc/tasks-island_1.json,61,2,Position the guitar properly.,OK,place_on,reposition,Place guitar on surface.,Reposition the guitar.,on,,;referent_grounding_v1:G2,,X=guitar
G1,00407-NPHxDe6VeCc/tasks-island_1.json,63,5,Set a plate on the table.,OK,place_on,place_on,Place plate on surface.,Place the plate on the table.,on,on,;referent_grounding_v1:G1,,X=plate|Y=table
G2,00407-NPHxDe6VeCc/tasks-island_1.json,80,2,Arrange the flower.,OK,place_on,straighten,Place flower on surface.,Straighten the flower.,on,,;referent_grounding_v1:G2,,X=flower
G2,00407-NPHxDe6VeCc/tasks-island_1.json,86,6,Set the plate.,OK,place_on,straighten,Place plate on surface.,Straighten the plate.,on,,;referent_grounding_v1:G2,,X=plate
G2,00407-NPHxDe6VeCc/tasks-island_1.json,96,3,Arrange the lamp table.,OK,place_on,straighten,Place lamp table on surface.,Straighten the lamp table.,on,,;referent_grounding_v1:G2,,X=lamp table
G2,00407-NPHxDe6VeCc/tasks-island_1.json,100,1,Set the plate.,OK,place_on,straighten,Place plate on surface.,Straighten the plate.,on,,;referent_grounding_v1:G2,,X=plate
G2,00407-NPHxDe6VeCc/tasks-island_1.json,101,3,Position the footrest.,OK,place_on,reposition,Place footrest on surface.,Reposition the footrest.,on,,;referent_grounding_v1:G2,,X=footrest
G2,00407-NPHxDe6VeCc/tasks-island_1.json,129,4,Arrange the coffee table.,OK,place_on,straighten,Place coffee table on surface.,Straighten the coffee table.,on,,;referent_grounding_v1:G2,,X=coffee table
G1,00407-NPHxDe6VeCc/tasks-island_1.json,130,2,Set the plate on the counter.,OK,place_on,place_on,Place plate on surface.,Place the plate on the counter.,on,on,;referent_grounding_v1:G1,,X=plate|Y=counter
G2,00407-NPHxDe6VeCc/tasks-island_1.json,133,2,Arrange the firewood.,OK,place_on,straighten,Place firewood on surface.,Straighten the firewood.,on,,;referent_grounding_v1:G2,,X=firewood
G1,00407-NPHxDe6VeCc/tasks-island_1.json,149,7,Set the throw blanket on the couch.,OK,place_on,place_on,Place throw blanket on surface.,Place the throw blanket on the couch.,on,on,;referent_grounding_v1:G1,,X=throw blanket|Y=couch
G2,00407-NPHxDe6VeCc/tasks-island_1.json,156,5,Arrange the flower.,OK,place_on,straighten,Place flower on surface.,Straighten the flower.,on,,;referent_grounding_v1:G2,,X=flower
G4,00407-NPHxDe6VeCc/tasks-island_1.json,165,3,Refill water from the sink.,FLAG,fill,fill,Use the sink to fill a container.,Use the sink to fill a container.,,,;ungrounded_anaphora,,no_vessel_found
G1,00410-v7DzfFFEpsD/tasks-island_1.json,3,4,Arrange the shoe by the door.,OK,place_on,place_on,Place shoe on surface.,Place the shoe by the door.,on,at,;referent_grounding_v1:G1,,X=shoe|Y=door
G4,00410-v7DzfFFEpsD/tasks-island_1.json,5,2,Fill it at the water dispenser.,RESOLVED,fill,fill,Use the water dispenser to fill a container.,Use the water dispenser to fill the jar.,at,at,;referent_grounding_v1:G4,,vessel=jar
G1,00410-v7DzfFFEpsD/tasks-island_1.json,13,4,Arrange books on the bookshelf.,OK,place_on,place_on,Place bookshelf on surface.,Place the books on the bookshelf.,on,on,;referent_grounding_v1:G1,,X=books|Y=bookshelf
G1,00410-v7DzfFFEpsD/tasks-island_1.json,14,3,Arrange the shampoo bottle on the shelf.,OK,place_on,place_on,Place shampoo on surface.,Place the shampoo bottle on the shelf.,on,on,;referent_grounding_v1:G1,,X=shampoo bottle|Y=shelf
G1,00410-v7DzfFFEpsD/tasks-island_1.json,21,3,Set the place mat on the counter.,OK,place_on,place_on,Place place mat on surface.,Place the place mat on the counter.,on,on,;referent_grounding_v1:G1,,X=place mat|Y=counter
G2,00410-v7DzfFFEpsD/tasks-island_1.json,40,2,Set the place mat.,OK,place_on,straighten,Place place mat on surface.,Straighten the place mat.,on,,;referent_grounding_v1:G2,,X=place mat
G4,00410-v7DzfFFEpsD/tasks-island_1.json,60,2,Fill it at the water dispenser.,RESOLVED,fill,fill,Use the water dispenser to fill a container.,Use the water dispenser to fill the bowl.,at,at,;referent_grounding_v1:G4,,vessel=bowl
G1,00410-v7DzfFFEpsD/tasks-island_1.json,63,3,Arrange the shoe on the floor.,OK,place_on,place_on,Place shoe on surface.,Place the shoe on the floor.,on,on,;referent_grounding_v1:G1,,X=shoe|Y=floor
G2,00410-v7DzfFFEpsD/tasks-island_1.json,82,1,Arrange the shoe.,OK,place_on,straighten,Place shoe on surface.,Straighten the shoe.,on,,;referent_grounding_v1:G2,,X=shoe
G2,00410-v7DzfFFEpsD/tasks-island_1.json,84,5,Arrange the bookshelf.,OK,place_on,straighten,Place bookshelf on surface.,Straighten the bookshelf.,on,,;referent_grounding_v1:G2,,X=bookshelf
G2,00410-v7DzfFFEpsD/tasks-island_1.json,89,3,Arrange the candle holder.,OK,place_on,straighten,Place candle holder on surface.,Straighten the candle holder.,on,,;referent_grounding_v1:G2,,X=candle holder
G1,00410-v7DzfFFEpsD/tasks-island_1.json,102,1,Organize the papers on the sideboard.,OK,place_on,place_on,Place sideboard on surface.,Place the papers on the sideboard.,on,on,;referent_grounding_v1:G1,,X=papers|Y=sideboard
G2,00410-v7DzfFFEpsD/tasks-island_1.json,108,5,Arrange the rack.,OK,place_on,straighten,Place rack on surface.,Straighten the rack.,on,,;referent_grounding_v1:G2,,X=rack
G2,00410-v7DzfFFEpsD/tasks-island_1.json,113,5,Position the computer keyboard.,OK,place_on,reposition,Place computer keyboard on surface.,Reposition the computer keyboard.,on,,;referent_grounding_v1:G2,,X=computer keyboard
G2,00410-v7DzfFFEpsD/tasks-island_1.json,119,1,Arrange the bookshelf.,OK,place_on,straighten,Place bookshelf on surface.,Straighten the bookshelf.,on,,;referent_grounding_v1:G2,,X=bookshelf
G2,00410-v7DzfFFEpsD/tasks-island_1.json,121,2,Arrange the stuffed animal.,OK,place_on,straighten,Place stuffed animal on surface.,Straighten the stuffed animal.,on,,;referent_grounding_v1:G2,,X=stuffed animal
G1,00410-v7DzfFFEpsD/tasks-island_1.json,127,1,Sort mail on the sideboard.,OK,place_on,place_on,Place sideboard on surface.,Place the mail on the sideboard.,on,on,;referent_grounding_v1:G1,,X=mail|Y=sideboard
G2,00410-v7DzfFFEpsD/tasks-island_1.json,131,1,Arrange the kitchen cabinet.,OK,place_on,straighten,Place kitchen cabinet on surface.,Straighten the kitchen cabinet.,on,,;referent_grounding_v1:G2,,X=kitchen cabinet
G2,00410-v7DzfFFEpsD/tasks-island_1.json,142,4,Position the footrest for comfort.,OK,place_on,reposition,Place footrest on surface.,Reposition the footrest.,on,,;referent_grounding_v1:G2,,X=footrest
G3,00410-v7DzfFFEpsD/tasks-island_1.json,143,3,Place the mat on the table.,OK,place_on,place_on,Place items on the place mat.,Place the mat on the place mat.,on,on,;referent_grounding_v1:G3,,NP=mat
G1,00410-v7DzfFFEpsD/tasks-island_1.json,169,3,Organize the detergent on the shelf.,OK,place_on,place_on,Place shelf on surface.,Place the detergent on the shelf.,on,on,;referent_grounding_v1:G1,,X=detergent|Y=shelf
G1,00410-v7DzfFFEpsD/tasks-island_1.json,175,1,Sort through the papers in the folder.,OK,place_in,place_in,Place folder in receptacle.,Place the through the papers in the folder.,in,in,;referent_grounding_v1:G1,,X=through the papers|Y=folder
G1,00410-v7DzfFFEpsD/tasks-island_1.json,179,3,Organize the items on the rack.,OK,place_on,place_on,Place rack on surface.,Place the items on the rack.,on,on,;referent_grounding_v1:G1,,X=items|Y=rack
G1,00410-v7DzfFFEpsD/tasks-island_1.json,183,2,Arrange the ornament on the shelf.,OK,place_on,place_on,Place ornament on surface.,Place the ornament on the shelf.,on,on,;referent_grounding_v1:G1,,X=ornament|Y=shelf
G1,00410-v7DzfFFEpsD/tasks-island_1.json,186,2,Arrange the books on the bookshelf.,OK,place_on,place_on,Place bookshelf on surface.,Place the books on the bookshelf.,on,on,;referent_grounding_v1:G1,,X=books|Y=bookshelf
G1,00410-v7DzfFFEpsD/tasks-island_1.json,189,6,Set the box of tools on the table.,OK,place_on,place_on,Place box on surface.,Place the box of tools on the table.,on,on,;referent_grounding_v1:G1,,X=box of tools|Y=table
G2,00410-v7DzfFFEpsD/tasks-island_1.json,197,2,Arrange the bookshelf.,OK,place_on,straighten,Place bookshelf on surface.,Straighten the bookshelf.,on,,;referent_grounding_v1:G2,,X=bookshelf
G1,00410-v7DzfFFEpsD/tasks-island_1.json,198,6,Set the bowl on the table.,OK,place_on,place_on,Place bowl on surface.,Place the bowl on the table.,on,on,;referent_grounding_v1:G1,,X=bowl|Y=table
G2,00410-v7DzfFFEpsD/tasks-island_1.json,199,3,Position the computer keyboard properly.,OK,place_in,reposition,Place computer keyboard in receptacle.,Reposition the computer keyboard.,in,,;referent_grounding_v1:G2,,X=computer keyboard
G1,00410-v7DzfFFEpsD/tasks-island_1.json,199,4,Sort the documents into the folder.,OK,place_in,place_in,Place folder in receptacle.,Place the documents into the folder.,in,in,;referent_grounding_v1:G1,,X=documents|Y=folder
G2,00410-v7DzfFFEpsD/tasks-island_1.json,214,3,Arrange the sideboard.,OK,place_on,straighten,Place sideboard on surface.,Straighten the sideboard.,on,,;referent_grounding_v1:G2,,X=sideboard
G2,00410-v7DzfFFEpsD/tasks-island_1.json,214,7,Arrange the board game.,OK,place_on,straighten,Place board game on surface.,Straighten the board game.,on,,;referent_grounding_v1:G2,,X=board game
G2,00410-v7DzfFFEpsD/tasks-island_1.json,218,3,Arrange the coat rack.,OK,place_on,straighten,Place coat rack on surface.,Straighten the coat rack.,on,,;referent_grounding_v1:G2,,X=coat rack
G2,00410-v7DzfFFEpsD/tasks-island_1.json,230,5,Arrange the decoration.,OK,place_on,straighten,Place decoration on surface.,Straighten the decoration.,on,,;referent_grounding_v1:G2,,X=decoration
G1,00410-v7DzfFFEpsD/tasks-island_1.json,237,2,Set the bowl on the table.,OK,place_on,place_on,Place bowl on surface.,Place the bowl on the table.,on,on,;referent_grounding_v1:G1,,X=bowl|Y=table
G2,00410-v7DzfFFEpsD/tasks-island_1.json,243,3,Arrange the stuffed animal.,OK,place_on,straighten,Place stuffed animal on surface.,Straighten the stuffed animal.,on,,;referent_grounding_v1:G2,,X=stuffed animal
G2,00410-v7DzfFFEpsD/tasks-island_1.json,244,4,Set the tray.,OK,place_on,straighten,Place tray on surface.,Straighten the tray.,on,,;referent_grounding_v1:G2,,X=tray
G2,00410-v7DzfFFEpsD/tasks-island_1.json,251,5,Set the place mat.,OK,place_on,straighten,Place place mat on surface.,Straighten the place mat.,on,,;referent_grounding_v1:G2,,X=place mat
G2,00410-v7DzfFFEpsD/tasks-island_1.json,253,3,Arrange the cabinet /w cluttered art.,OK,place_on,straighten,Place cabinet /w cluttered art on surface.,Straighten the cabinet /w cluttered art.,on,,;referent_grounding_v1:G2,,X=cabinet /w cluttered art
G2,00410-v7DzfFFEpsD/tasks-island_1.json,268,3,Arrange the board game.,OK,place_on,straighten,Place board game on surface.,Straighten the board game.,on,,;referent_grounding_v1:G2,,X=board game
G1,00414-77mMEyxhs44/tasks-island_1.json,7,4,Arrange the book on the shelf.,OK,place_on,place_on,Place book on surface.,Place the book on the shelf.,on,on,;referent_grounding_v1:G1,,X=book|Y=shelf
G1,00414-77mMEyxhs44/tasks-island_1.json,17,4,Arrange the car model on the shelf.,OK,place_on,place_on,Place car model on surface.,Place the car model on the shelf.,on,on,;referent_grounding_v1:G1,,X=car model|Y=shelf
G1,00414-77mMEyxhs44/tasks-island_1.json,19,1,Arrange the book on the desk.,OK,place_on,place_on,Place book on surface.,Place the book on the desk.,on,on,;referent_grounding_v1:G1,,X=book|Y=desk
G2,00414-77mMEyxhs44/tasks-island_1.json,23,3,Arrange the music player.,OK,place_on,straighten,Place music player on surface.,Straighten the music player.,on,,;referent_grounding_v1:G2,,X=music player
G2,00414-77mMEyxhs44/tasks-island_1.json,29,3,Arrange the keyboard.,OK,place_on,straighten,Place keyboard on surface.,Straighten the keyboard.,on,,;referent_grounding_v1:G2,,X=keyboard
G2,00414-77mMEyxhs44/tasks-island_1.json,50,2,Arrange the shelf.,OK,place_on,straighten,Place shelf on surface.,Straighten the shelf.,on,,;referent_grounding_v1:G2,,X=shelf
G4,00414-77mMEyxhs44/tasks-island_1.json,75,2,Fill a jug at the sink.,FLAG,fill,fill,Use the sink to fill a container.,Use the sink to fill a container.,at,at,;ungrounded_anaphora,,no_vessel_found
G2,00414-77mMEyxhs44/tasks-island_1.json,90,5,Arrange the pile of magazines.,OK,place_on,straighten,Place pile of magazines on surface.,Straighten the pile of magazines.,on,,;referent_grounding_v1:G2,,X=pile of magazines
G2,00414-77mMEyxhs44/tasks-island_1.json,92,3,Arrange the kitchen seating.,OK,place_in,straighten,Place kitchen seating in receptacle.,Straighten the kitchen seating.,in,,;referent_grounding_v1:G2,,X=kitchen seating
G2,00414-77mMEyxhs44/tasks-island_1.json,100,3,Arrange the decorative plant.,OK,place_on,straighten,Place decorative plant on surface.,Straighten the decorative plant.,on,,;referent_grounding_v1:G2,,X=decorative plant
G2,00414-77mMEyxhs44/tasks-island_1.json,105,6,Arrange the kitchen seating.,OK,place_on,straighten,Place kitchen seating on surface.,Straighten the kitchen seating.,on,,;referent_grounding_v1:G2,,X=kitchen seating
G2,00414-77mMEyxhs44/tasks-island_1.json,114,6,Set the toaster for breakfast.,OK,place_on,straighten,Place toaster on surface.,Straighten the toaster.,on,,;referent_grounding_v1:G2,,X=toaster
G2,00414-77mMEyxhs44/tasks-island_1.json,114,7,Arrange the kitchen seating.,OK,place_on,straighten,Place kitchen seating on surface.,Straighten the kitchen seating.,on,,;referent_grounding_v1:G2,,X=kitchen seating
G2,00414-77mMEyxhs44/tasks-island_1.json,122,3,Arrange the chest.,OK,place_on,straighten,Place chest on surface.,Straighten the chest.,on,,;referent_grounding_v1:G2,,X=chest
G2,00414-77mMEyxhs44/tasks-island_1.json,125,6,Arrange the cabinet.,OK,place_on,straighten,Place cabinet on surface.,Straighten the cabinet.,on,,;referent_grounding_v1:G2,,X=cabinet
G2,00414-77mMEyxhs44/tasks-island_1.json,129,3,Arrange the pile of magazines.,OK,place_on,straighten,Place pile of magazines on surface.,Straighten the pile of magazines.,on,,;referent_grounding_v1:G2,,X=pile of magazines
G2,00414-77mMEyxhs44/tasks-island_1.json,131,6,Arrange the cabinet.,OK,place_in,straighten,Place cabinet in receptacle.,Straighten the cabinet.,in,,;referent_grounding_v1:G2,,X=cabinet
G2,00414-77mMEyxhs44/tasks-island_1.json,132,4,Arrange the kitchen cabinet.,OK,place_on,straighten,Place kitchen cabinet on surface.,Straighten the kitchen cabinet.,on,,;referent_grounding_v1:G2,,X=kitchen cabinet
G2,00414-77mMEyxhs44/tasks-island_1.json,141,5,Set the toaster,OK,place_on,straighten,Place toaster on surface.,Straighten the toaster.,on,,;referent_grounding_v1:G2,,X=toaster
G2,00417-nGhNxKrgBPb/tasks-island_0.json,10,2,Arrange the flower vase.,OK,place_on,straighten,Place flower vase on surface.,Straighten the flower vase.,on,,;referent_grounding_v1:G2,,X=flower vase
G2,00417-nGhNxKrgBPb/tasks-island_0.json,36,3,Arrange the flower vase.,OK,place_in,straighten,Place flower vase in receptacle.,Straighten the flower vase.,in,,;referent_grounding_v1:G2,,X=flower vase
G1,00417-nGhNxKrgBPb/tasks-island_0.json,48,1,Set the plate on the dining table.,OK,place_on,place_on,Place plate on surface.,Place the plate on the dining table.,on,on,;referent_grounding_v1:G1,,X=plate|Y=dining table
G2,00417-nGhNxKrgBPb/tasks-island_0.json,56,3,Arrange the shampoo bottles.,OK,place_on,straighten,Place shampoo on surface.,Straighten the shampoo bottles.,on,,;referent_grounding_v1:G2,,X=shampoo bottles
G1,00417-nGhNxKrgBPb/tasks-island_0.json,62,5,Set the bowl on the table.,OK,place_on,place_on,Place bowl on surface.,Place the bowl on the table.,on,on,;referent_grounding_v1:G1,,X=bowl|Y=table
G1,00417-nGhNxKrgBPb/tasks-island_0.json,76,3,Set the bowl on the counter.,OK,place_on,place_on,Place bowl on surface.,Place the bowl on the counter.,on,on,;referent_grounding_v1:G1,,X=bowl|Y=counter
G2,00417-nGhNxKrgBPb/tasks-island_0.json,83,2,Arrange the flower vase.,OK,place_on,straighten,Place flower vase on surface.,Straighten the flower vase.,on,,;referent_grounding_v1:G2,,X=flower vase
G2,00417-nGhNxKrgBPb/tasks-island_0.json,90,2,Arrange the plush toy.,OK,place_on,straighten,Place plush toy on surface.,Straighten the plush toy.,on,,;referent_grounding_v1:G2,,X=plush toy
G2,00417-nGhNxKrgBPb/tasks-island_0.json,91,5,Set the plate.,OK,place_on,straighten,Place plate on surface.,Straighten the plate.,on,,;referent_grounding_v1:G2,,X=plate
G2,00417-nGhNxKrgBPb/tasks-island_0.json,102,2,Arrange the bath towel.,OK,place_on,straighten,Place bath towel on surface.,Straighten the bath towel.,on,,;referent_grounding_v1:G2,,X=bath towel
G1,00417-nGhNxKrgBPb/tasks-island_0.json,135,4,Position the keyboard on the desk.,OK,place_in,place_on,Place computer keyboard in receptacle.,Place the keyboard on the desk.,in,on,;referent_grounding_v1:G1,,X=keyboard|Y=desk
G1,00417-nGhNxKrgBPb/tasks-island_0.json,139,2,Arrange the flower vase on the table.,OK,place_on,place_on,Place flower vase on surface.,Place the flower vase on the table.,on,on,;referent_grounding_v1:G1,,X=flower vase|Y=table
G1,00417-nGhNxKrgBPb/tasks-island_0.json,139,6,Set the plate on the table.,OK,place_on,place_on,Place plate on surface.,Place the plate on the table.,on,on,;referent_grounding_v1:G1,,X=plate|Y=table
G1,00417-nGhNxKrgBPb/tasks-island_0.json,142,4,Arrange the flower vase on the dresser.,OK,place_on,place_on,Place flower vase on surface.,Place the flower vase on the dresser.,on,on,;referent_grounding_v1:G1,,X=flower vase|Y=dresser
G2,00417-nGhNxKrgBPb/tasks-island_0.json,142,6,Position the decorative plant.,OK,place_on,reposition,Place decorative plant on surface.,Reposition the decorative plant.,on,,;referent_grounding_v1:G2,,X=decorative plant
G2,00417-nGhNxKrgBPb/tasks-island_0.json,153,4,Position the flower vase.,OK,place_on,reposition,Place flower vase on surface.,Reposition the flower vase.,on,,;referent_grounding_v1:G2,,X=flower vase
G2,00417-nGhNxKrgBPb/tasks-island_0.json,155,4,Arrange the decorative plant.,OK,place_on,straighten,Place decorative plant on surface.,Straighten the decorative plant.,on,,;referent_grounding_v1:G2,,X=decorative plant
G2,00417-nGhNxKrgBPb/tasks-island_0.json,155,5,Position the decoration.,OK,place_on,reposition,Place decoration on surface.,Reposition the decoration.,on,,;referent_grounding_v1:G2,,X=decoration
G2,00417-nGhNxKrgBPb/tasks-island_0.json,162,3,Arrange the flower vase.,OK,place_on,straighten,Place flower vase on surface.,Straighten the flower vase.,on,,;referent_grounding_v1:G2,,X=flower vase
G2,00417-nGhNxKrgBPb/tasks-island_0.json,162,4,Position the decorative plant.,OK,place_on,reposition,Place decorative plant on surface.,Reposition the decorative plant.,on,,;referent_grounding_v1:G2,,X=decorative plant
G2,00417-nGhNxKrgBPb/tasks-island_0.json,164,5,Position the lamp.,OK,place_in,reposition,Place lamp in receptacle.,Reposition the lamp.,in,,;referent_grounding_v1:G2,,X=lamp
G2,00417-nGhNxKrgBPb/tasks-island_0.json,166,4,Arrange the flower vase.,OK,place_on,straighten,Place flower vase on surface.,Straighten the flower vase.,on,,;referent_grounding_v1:G2,,X=flower vase
G2,00417-nGhNxKrgBPb/tasks-island_0.json,168,2,Arrange the plush toy.,OK,place_on,straighten,Place plush toy on surface.,Straighten the plush toy.,on,,;referent_grounding_v1:G2,,X=plush toy
G2,00417-nGhNxKrgBPb/tasks-island_0.json,173,5,Position the cap.,OK,place_on,reposition,Place cap on surface.,Reposition the cap.,on,,;referent_grounding_v1:G2,,X=cap
G2,00417-nGhNxKrgBPb/tasks-island_0.json,174,2,Arrange the hanging clothes.,OK,place_on,straighten,Place hanging clothes on surface.,Straighten the hanging clothes.,on,,;referent_grounding_v1:G2,,X=hanging clothes
G2,00417-nGhNxKrgBPb/tasks-island_0.json,176,3,Arrange the flower vase.,OK,place_on,straighten,Place flower vase on surface.,Straighten the flower vase.,on,,;referent_grounding_v1:G2,,X=flower vase
G2,00417-nGhNxKrgBPb/tasks-island_0.json,177,7,Position the lamp.,OK,place_in,reposition,Place lamp in receptacle.,Reposition the lamp.,in,,;referent_grounding_v1:G2,,X=lamp
G2,00417-nGhNxKrgBPb/tasks-island_0.json,183,1,Arrange the plush toy.,OK,place_on,straighten,Place plush toy on surface.,Straighten the plush toy.,on,,;referent_grounding_v1:G2,,X=plush toy
G2,00417-nGhNxKrgBPb/tasks-island_0.json,187,5,Set the bed table.,OK,place_in,straighten,Place bed table in receptacle.,Straighten the bed table.,in,,;referent_grounding_v1:G2,,X=bed table
G2,00417-nGhNxKrgBPb/tasks-island_0.json,189,2,Arrange the flower vase.,OK,place_on,straighten,Place flower vase on surface.,Straighten the flower vase.,on,,;referent_grounding_v1:G2,,X=flower vase
G2,00417-nGhNxKrgBPb/tasks-island_0.json,191,5,Arrange the flower vase.,OK,place_on,straighten,Place flower vase on surface.,Straighten the flower vase.,on,,;referent_grounding_v1:G2,,X=flower vase
G2,00417-nGhNxKrgBPb/tasks-island_0.json,192,6,Arrange the shampoo.,OK,place_on,straighten,Place shampoo on surface.,Straighten the shampoo.,on,,;referent_grounding_v1:G2,,X=shampoo
G2,00417-nGhNxKrgBPb/tasks-island_0.json,194,7,Arrange the plush toy.,OK,place_on,straighten,Place plush toy on surface.,Straighten the plush toy.,on,,;referent_grounding_v1:G2,,X=plush toy
G2,00417-nGhNxKrgBPb/tasks-island_0.json,198,5,Arrange the flower vase.,OK,place_on,straighten,Place flower vase on surface.,Straighten the flower vase.,on,,;referent_grounding_v1:G2,,X=flower vase
G2,00417-nGhNxKrgBPb/tasks-island_0.json,198,6,Set the blanket.,OK,place_on,straighten,Place blanket on surface.,Straighten the blanket.,on,,;referent_grounding_v1:G2,,X=blanket
G2,00417-nGhNxKrgBPb/tasks-island_0.json,201,4,Arrange the bowl.,OK,place_on,straighten,Place bowl on surface.,Straighten the bowl.,on,,;referent_grounding_v1:G2,,X=bowl
G2,00417-nGhNxKrgBPb/tasks-island_0.json,203,6,Arrange the flower vase.,OK,place_on,straighten,Place flower vase on surface.,Straighten the flower vase.,on,,;referent_grounding_v1:G2,,X=flower vase
G2,00417-nGhNxKrgBPb/tasks-island_2.json,2,1,Position the camera.,OK,place_on,reposition,Place camera on surface.,Reposition the camera.,on,,;referent_grounding_v1:G2,,X=camera
G2,00417-nGhNxKrgBPb/tasks-island_2.json,6,3,Set the plate aside.,OK,place_on,straighten,Place plate on surface.,Straighten the plate.,on,,;referent_grounding_v1:G2,,X=plate
G2,00417-nGhNxKrgBPb/tasks-island_2.json,8,1,Position the flashlight.,OK,place_on,reposition,Place flashlight on surface.,Reposition the flashlight.,on,,;referent_grounding_v1:G2,,X=flashlight
G2,00417-nGhNxKrgBPb/tasks-island_2.json,11,3,Position the flashlight.,OK,place_on,reposition,Place flashlight on surface.,Reposition the flashlight.,on,,;referent_grounding_v1:G2,,X=flashlight
G2,00417-nGhNxKrgBPb/tasks-island_2.json,20,5,Position the camera to record the project progress.,OK,place_on,reposition,Place camera on surface.,Reposition the camera.,on,,;referent_grounding_v1:G2,,X=camera
G2,00417-nGhNxKrgBPb/tasks-island_2.json,28,2,Reposition the camera.,OK,place_in,reposition,Place camera in receptacle.,Reposition the camera.,in,,;referent_grounding_v1:G2,,X=camera
G2,00422-8wJuSPJ9FXG/tasks-island_0.json,15,3,Display the decoration.,OK,place_on,straighten,Place decoration on surface.,Straighten the decoration.,on,,;referent_grounding_v1:G2,,X=decoration
G2,00422-8wJuSPJ9FXG/tasks-island_0.json,26,4,Arrange the rack.,OK,place_on,straighten,Place rack on surface.,Straighten the rack.,on,,;referent_grounding_v1:G2,,X=rack
G2,00422-8wJuSPJ9FXG/tasks-island_0.json,45,3,Set aside the briefcase.,OK,place_in,straighten,Place briefcase in receptacle.,Straighten the aside the briefcase.,in,,;referent_grounding_v1:G2,,X=aside the briefcase
G1,00422-8wJuSPJ9FXG/tasks-island_0.json,74,1,Arrange the books on the rack.,OK,place_on,place_on,Place rack on surface.,Place the books on the rack.,on,on,;referent_grounding_v1:G1,,X=books|Y=rack
G2,00422-8wJuSPJ9FXG/tasks-island_0.json,81,2,Position the monitor.,OK,place_on,reposition,Place monitor on surface.,Reposition the monitor.,on,,;referent_grounding_v1:G2,,X=monitor
G1,00422-8wJuSPJ9FXG/tasks-island_0.json,83,1,Sort items in the basket of something.,OK,place_in,place_in,Place basket of something in receptacle.,Place the items in the basket of something.,in,in,;referent_grounding_v1:G1,,X=items|Y=basket of something
G1,00422-8wJuSPJ9FXG/tasks-island_0.json,87,3,Sort items in the display cabinet.,OK,place_in,place_in,Place display cabinet in receptacle.,Place the items in the display cabinet.,in,in,;referent_grounding_v1:G1,,X=items|Y=display cabinet
G2,00422-8wJuSPJ9FXG/tasks-island_0.json,89,4,Rearrange the storage box.,OK,place_on,straighten,Place storage box on surface.,Straighten the storage box.,on,,;referent_grounding_v1:G2,,X=storage box
G2,00422-8wJuSPJ9FXG/tasks-island_0.json,104,7,Arrange the bouquet.,OK,place_on,straighten,Place bouquet on surface.,Straighten the bouquet.,on,,;referent_grounding_v1:G2,,X=bouquet
G1,00422-8wJuSPJ9FXG/tasks-island_0.json,117,5,Arrange the keyboard on the workstation.,OK,place_on,place_on,Place keyboard on surface.,Place the keyboard on the workstation.,on,on,;referent_grounding_v1:G1,,X=keyboard|Y=workstation
G2,00422-8wJuSPJ9FXG/tasks-island_0.json,120,2,Arrange the decorative plant.,OK,place_on,straighten,Place decorative plant on surface.,Straighten the decorative plant.,on,,;referent_grounding_v1:G2,,X=decorative plant
G2,00422-8wJuSPJ9FXG/tasks-island_0.json,122,7,Arrange the office table.,OK,place_on,straighten,Place office table on surface.,Straighten the office table.,on,,;referent_grounding_v1:G2,,X=office table
G1,00422-8wJuSPJ9FXG/tasks-island_0.json,125,4,Arrange the bouquet on the counter.,OK,place_on,place_on,Place bouquet on surface.,Place the bouquet on the counter.,on,on,;referent_grounding_v1:G1,,X=bouquet|Y=counter
G2,00422-8wJuSPJ9FXG/tasks-island_0.json,136,6,Position the keyboard.,OK,place_on,reposition,Place keyboard on surface.,Reposition the keyboard.,on,,;referent_grounding_v1:G2,,X=keyboard
G2,00434-L5QEsaVqwrY/tasks-island_0.json,14,2,Position the plant.,OK,place_on,reposition,Place plant on surface.,Reposition the plant.,on,,;referent_grounding_v1:G2,,X=plant
G1,00434-L5QEsaVqwrY/tasks-island_0.json,23,4,Organize the books on the bookshelf.,OK,place_on,place_on,Place bookshelf on surface.,Place the books on the bookshelf.,on,on,;referent_grounding_v1:G1,,X=books|Y=bookshelf
G2,00434-L5QEsaVqwrY/tasks-island_0.json,28,1,Set the cup.,OK,place_on,straighten,Place cup on surface.,Straighten the cup.,on,,;referent_grounding_v1:G2,,X=cup
G2,00434-L5QEsaVqwrY/tasks-island_0.json,48,1,Set the wine rack.,OK,place_on,straighten,Place wine rack on surface.,Straighten the wine rack.,on,,;referent_grounding_v1:G2,,X=wine rack
G2,00434-L5QEsaVqwrY/tasks-island_0.json,54,4,Set the cup down.,OK,place_on,straighten,Place cup on surface.,Straighten the cup.,on,,;referent_grounding_v1:G2,,X=cup
G2,00434-L5QEsaVqwrY/tasks-island_0.json,56,2,Arrange the shoes.,OK,place_on,straighten,Place shoe on surface.,Straighten the shoes.,on,,;referent_grounding_v1:G2,,X=shoes
G2,00434-L5QEsaVqwrY/tasks-island_0.json,59,4,Set the jar of honey.,OK,place_on,straighten,Place jar on surface.,Straighten the jar of honey.,on,,;referent_grounding_v1:G2,,X=jar of honey
G2,00434-L5QEsaVqwrY/tasks-island_0.json,67,1,Arrange the bookshelf.,OK,place_on,straighten,Place bookshelf on surface.,Straighten the bookshelf.,on,,;referent_grounding_v1:G2,,X=bookshelf
G1,00434-L5QEsaVqwrY/tasks-island_0.json,81,5,Tidy the items on the shelf.,OK,place_on,place_on,Place shelf on surface.,Place the items on the shelf.,on,on,;referent_grounding_v1:G1,,X=items|Y=shelf
G2,00434-L5QEsaVqwrY/tasks-island_0.json,93,3,Position the lounge chair.,OK,place_on,reposition,Place lounge chair on surface.,Reposition the lounge chair.,on,,;referent_grounding_v1:G2,,X=lounge chair
G1,00434-L5QEsaVqwrY/tasks-island_0.json,93,5,Set the cup on the coffee table.,OK,place_on,place_on,Place cup on surface.,Place the cup on the coffee table.,on,on,;referent_grounding_v1:G1,,X=cup|Y=coffee table
G1,00434-L5QEsaVqwrY/tasks-island_0.json,96,3,Tidy the items in the storage box.,OK,place_in,place_in,Place storage box in receptacle.,Place the items in the storage box.,in,in,;referent_grounding_v1:G1,,X=items|Y=storage box
G1,00434-L5QEsaVqwrY/tasks-island_0.json,100,5,Set a plate on the table.,OK,place_on,place_on,Place plate on surface.,Place the plate on the table.,on,on,;referent_grounding_v1:G1,,X=plate|Y=table
G2,00434-L5QEsaVqwrY/tasks-island_0.json,102,2,Arrange the cardboard boxes.,OK,place_on,straighten,Place cardboard box on surface.,Straighten the cardboard boxes.,on,,;referent_grounding_v1:G2,,X=cardboard boxes
G1,00434-L5QEsaVqwrY/tasks-island_0.json,109,5,Set a plate on the dining table.,OK,place_on,place_on,Place plate on surface.,Place the plate on the dining table.,on,on,;referent_grounding_v1:G1,,X=plate|Y=dining table
G1,00434-L5QEsaVqwrY/tasks-island_0.json,112,3,Arrange the books on the bookshelf.,OK,place_on,place_on,Place bookshelf on surface.,Place the books on the bookshelf.,on,on,;referent_grounding_v1:G1,,X=books|Y=bookshelf
G1,00434-L5QEsaVqwrY/tasks-island_0.json,113,3,Organize the items on the shelf.,OK,place_on,place_on,Place shelf on surface.,Place the items on the shelf.,on,on,;referent_grounding_v1:G1,,X=items|Y=shelf
G2,00434-L5QEsaVqwrY/tasks-island_0.json,118,3,Arrange the coffee table.,OK,place_on,straighten,Place coffee table on surface.,Straighten the coffee table.,on,,;referent_grounding_v1:G2,,X=coffee table
G1,00434-L5QEsaVqwrY/tasks-island_0.json,127,3,Arrange the books on the bookshelf.,OK,place_on,place_on,Place bookshelf on surface.,Place the books on the bookshelf.,on,on,;referent_grounding_v1:G1,,X=books|Y=bookshelf
G1,00434-L5QEsaVqwrY/tasks-island_0.json,132,5,Set the jar of olives on the table.,OK,place_on,place_on,Place jar on surface.,Place the jar of olives on the table.,on,on,;referent_grounding_v1:G1,,X=jar of olives|Y=table
G2,00434-L5QEsaVqwrY/tasks-island_0.json,136,2,Position the mouse next to it.,OK,place_on,reposition,Place mouse on surface.,Reposition the mouse.,on,,;referent_grounding_v1:G2,,X=mouse
G1,00434-L5QEsaVqwrY/tasks-island_0.json,136,4,Set the cup on the nightstand.,OK,place_on,place_on,Place cup on surface.,Place the cup on the nightstand.,on,on,;referent_grounding_v1:G1,,X=cup|Y=nightstand
G2,00434-L5QEsaVqwrY/tasks-island_0.json,141,3,Arrange the bookshelf.,OK,place_on,straighten,Place bookshelf on surface.,Straighten the bookshelf.,on,,;referent_grounding_v1:G2,,X=bookshelf
G1,00434-L5QEsaVqwrY/tasks-island_0.json,144,3,Set the pitcher on the counter.,OK,place_on,place_on,Place pitcher on surface.,Place the pitcher on the counter.,on,on,;referent_grounding_v1:G1,,X=pitcher|Y=counter
G1,00434-L5QEsaVqwrY/tasks-island_0.json,146,4,Arrange the shoe on the rack.,OK,place_on,place_on,Place shoe on surface.,Place the shoe on the rack.,on,on,;referent_grounding_v1:G1,,X=shoe|Y=rack
G1,00434-L5QEsaVqwrY/tasks-island_0.json,147,5,Position the plant in the corner.,OK,place_in,place_in,Place plant in receptacle.,Place the plant in the corner.,in,in,;referent_grounding_v1:G1,,X=plant|Y=corner
G2,00434-L5QEsaVqwrY/tasks-island_0.json,157,2,Arrange the bookshelf.,OK,place_on,straighten,Place bookshelf on surface.,Straighten the bookshelf.,on,,;referent_grounding_v1:G2,,X=bookshelf
G2,00434-L5QEsaVqwrY/tasks-island_0.json,159,4,Arrange the shoe pile.,OK,place_on,straighten,Place shoe on surface.,Straighten the shoe pile.,on,,;referent_grounding_v1:G2,,X=shoe pile
G2,00434-L5QEsaVqwrY/tasks-island_0.json,169,3,Arrange the seat for comfort.,OK,place_on,straighten,Place seat on surface.,Straighten the seat.,on,,;referent_grounding_v1:G2,,X=seat
G2,00434-L5QEsaVqwrY/tasks-island_0.json,177,6,Arrange the drying rack.,OK,place_on,straighten,Place rack on surface.,Straighten the drying rack.,on,,;referent_grounding_v1:G2,,X=drying rack
G2,00434-L5QEsaVqwrY/tasks-island_0.json,199,6,Arrange the bookshelf.,OK,place_on,straighten,Place bookshelf on surface.,Straighten the bookshelf.,on,,;referent_grounding_v1:G2,,X=bookshelf
G2,00434-L5QEsaVqwrY/tasks-island_0.json,206,6,Reposition the seat.,OK,place_on,reposition,Place seat on surface.,Reposition the seat.,on,,;referent_grounding_v1:G2,,X=seat
G2,00434-L5QEsaVqwrY/tasks-island_0.json,220,6,Set the plate.,OK,place_on,straighten,Place plate on surface.,Straighten the plate.,on,,;referent_grounding_v1:G2,,X=plate
G2,00434-L5QEsaVqwrY/tasks-island_0.json,240,2,Arrange the decoration.,OK,place_on,straighten,Place decoration on surface.,Straighten the decoration.,on,,;referent_grounding_v1:G2,,X=decoration
G2,00434-L5QEsaVqwrY/tasks-island_0.json,246,6,Set the plate.,OK,place_on,straighten,Place plate on surface.,Straighten the plate.,on,,;referent_grounding_v1:G2,,X=plate
G2,00434-L5QEsaVqwrY/tasks-island_0.json,250,4,Arrange the jar.,OK,place_on,straighten,Place jar on surface.,Straighten the jar.,on,,;referent_grounding_v1:G2,,X=jar
G2,00434-L5QEsaVqwrY/tasks-island_0.json,258,1,Set the plate.,OK,place_on,straighten,Place plate on surface.,Straighten the plate.,on,,;referent_grounding_v1:G2,,X=plate
G2,00434-L5QEsaVqwrY/tasks-island_0.json,262,7,Set the plate for a snack.,OK,place_on,straighten,Place plate on surface.,Straighten the plate.,on,,;referent_grounding_v1:G2,,X=plate
G2,00434-L5QEsaVqwrY/tasks-island_0.json,269,1,Arrange the seat.,OK,place_on,straighten,Place seat on surface.,Straighten the seat.,on,,;referent_grounding_v1:G2,,X=seat
G2,00434-L5QEsaVqwrY/tasks-island_0.json,269,5,Set the rack.,OK,place_on,straighten,Place rack on surface.,Straighten the rack.,on,,;referent_grounding_v1:G2,,X=rack
G2,00434-L5QEsaVqwrY/tasks-island_0.json,281,3,Set the plate.,OK,place_on,straighten,Place plate on surface.,Straighten the plate.,on,,;referent_grounding_v1:G2,,X=plate
G2,00434-L5QEsaVqwrY/tasks-island_0.json,299,6,Arrange the decoration.,OK,place_on,straighten,Place decoration on surface.,Straighten the decoration.,on,,;referent_grounding_v1:G2,,X=decoration
G2,00434-L5QEsaVqwrY/tasks-island_0.json,300,2,Arrange the seat.,OK,place_on,straighten,Place seat on surface.,Straighten the seat.,on,,;referent_grounding_v1:G2,,X=seat
G2,00434-L5QEsaVqwrY/tasks-island_0.json,310,7,Arrange the bookshelf.,OK,place_on,straighten,Place bookshelf on surface.,Straighten the bookshelf.,on,,;referent_grounding_v1:G2,,X=bookshelf
G2,00434-L5QEsaVqwrY/tasks-island_0.json,318,2,Position the mouse.,OK,place_on,reposition,Place mouse on surface.,Reposition the mouse.,on,,;referent_grounding_v1:G2,,X=mouse
G2,00434-L5QEsaVqwrY/tasks-island_0.json,331,4,Arrange the bookshelf.,OK,place_on,straighten,Place bookshelf on surface.,Straighten the bookshelf.,on,,;referent_grounding_v1:G2,,X=bookshelf
G1,00434-L5QEsaVqwrY/tasks-island_0.json,363,4,Set a bowl on the counter.,OK,place_on,place_on,Place bowl on surface.,Place the bowl on the counter.,on,on,;referent_grounding_v1:G1,,X=bowl|Y=counter
G1,00434-L5QEsaVqwrY/tasks-island_0.json,374,4,Set the bowl on the counter.,OK,place_on,place_on,Place bowl on surface.,Place the bowl on the counter.,on,on,;referent_grounding_v1:G1,,X=bowl|Y=counter
G2,00434-L5QEsaVqwrY/tasks-island_0.json,379,3,Arrange the wine rack.,OK,place_on,straighten,Place wine rack on surface.,Straighten the wine rack.,on,,;referent_grounding_v1:G2,,X=wine rack
G1,00434-L5QEsaVqwrY/tasks-island_0.json,384,2,Set the plate on the table.,OK,place_on,place_on,Place plate on surface.,Place the plate on the table.,on,on,;referent_grounding_v1:G1,,X=plate|Y=table
G2,00434-L5QEsaVqwrY/tasks-island_0.json,387,4,Arrange the clothes hanger.,OK,place_on,straighten,Place clothes hanger on surface.,Straighten the clothes hanger.,on,,;referent_grounding_v1:G2,,X=clothes hanger
G2,00434-L5QEsaVqwrY/tasks-island_0.json,397,3,Arrange the lounge chair.,OK,place_in,straighten,Place lounge chair in receptacle.,Straighten the lounge chair.,in,,;referent_grounding_v1:G2,,X=lounge chair
G1,00434-L5QEsaVqwrY/tasks-island_0.json,415,2,Organize books on the bookshelf.,OK,place_on,place_on,Place bookshelf on surface.,Place the books on the bookshelf.,on,on,;referent_grounding_v1:G1,,X=books|Y=bookshelf
G1,00434-L5QEsaVqwrY/tasks-island_0.json,418,3,Organize the items on the shelf.,OK,place_on,place_on,Place shelf on surface.,Place the items on the shelf.,on,on,;referent_grounding_v1:G1,,X=items|Y=shelf
G4,00434-L5QEsaVqwrY/tasks-island_0.json,421,6,Refill the soap at the sink.,RESOLVED,fill,fill,Use the sink to fill a container.,Fill the bottle at the sink.,at,at,;referent_grounding_v1:G4,,vessel=bottle
G1,00434-L5QEsaVqwrY/tasks-island_0.json,422,2,Sort the items in the laundry basket.,OK,place_in,place_in,Place laundry basket in receptacle.,Place the items in the laundry basket.,in,in,;referent_grounding_v1:G1,,X=items|Y=laundry basket
G1,00434-L5QEsaVqwrY/tasks-island_0.json,423,2,Arrange the lounge chair in the sunroom.,OK,place_in,place_in,Place lounge chair in receptacle.,Place the lounge chair in the sunroom.,in,in,;referent_grounding_v1:G1,,X=lounge chair|Y=sunroom
G1,00434-L5QEsaVqwrY/tasks-island_0.json,429,1,Set the jar on the counter.,OK,place_on,place_on,Place jar on surface.,Place the jar on the counter.,on,on,;referent_grounding_v1:G1,,X=jar|Y=counter
G1,00434-L5QEsaVqwrY/tasks-island_0.json,430,1,Arrange the shoe by the door.,OK,place_on,place_on,Place shoe on surface.,Place the shoe by the door.,on,at,;referent_grounding_v1:G1,,X=shoe|Y=door
G2,00434-L5QEsaVqwrY/tasks-island_0.json,442,5,Arrange the shoe in pairs.,OK,place_in,straighten,Place shoe in receptacle.,Straighten the shoe in pairs.,in,,;referent_grounding_v1:G2,,X=shoe in pairs
G2,00434-L5QEsaVqwrY/tasks-island_0.json,456,2,Arrange the coffee table for snacks.,OK,place_on,straighten,Place coffee table on surface.,Straighten the coffee table.,on,,;referent_grounding_v1:G2,,X=coffee table
G1,00434-L5QEsaVqwrY/tasks-island_0.json,460,5,Arrange hanging clothes in the wardrobe.,OK,place_in,place_in,Place hanging clothes in receptacle.,Place the hanging clothes in the wardrobe.,in,in,;referent_grounding_v1:G1,,X=hanging clothes|Y=wardrobe
G2,00434-L5QEsaVqwrY/tasks-island_0.json,468,4,Arrange the lounge chair for the morning.,OK,place_on,straighten,Place lounge chair on surface.,Straighten the lounge chair.,on,,;referent_grounding_v1:G2,,X=lounge chair
G2,00434-L5QEsaVqwrY/tasks-island_0.json,474,4,Arrange the lounge chair for guests.,OK,place_on,straighten,Place lounge chair on surface.,Straighten the lounge chair.,on,,;referent_grounding_v1:G2,,X=lounge chair
G2,00440-wPLokgvCnuk/tasks-island_0.json,57,6,Arrange the bath cabinet.,OK,place_on,straighten,Place bath cabinet on surface.,Straighten the bath cabinet.,on,,;referent_grounding_v1:G2,,X=bath cabinet
G2,00444-sX9xad6ULKc/tasks-island_0.json,1,2,Arrange the computer keyboard.,OK,place_on,straighten,Place computer keyboard on surface.,Straighten the computer keyboard.,on,,;referent_grounding_v1:G2,,X=computer keyboard
G2,00444-sX9xad6ULKc/tasks-island_0.json,4,3,Set the plate.,OK,place_on,straighten,Place plate on surface.,Straighten the plate.,on,,;referent_grounding_v1:G2,,X=plate
G2,00444-sX9xad6ULKc/tasks-island_0.json,8,2,Set the plate.,OK,place_on,straighten,Place plate on surface.,Straighten the plate.,on,,;referent_grounding_v1:G2,,X=plate
G2,00444-sX9xad6ULKc/tasks-island_0.json,16,2,Set the plate.,OK,place_on,straighten,Place plate on surface.,Straighten the plate.,on,,;referent_grounding_v1:G2,,X=plate
G2,00444-sX9xad6ULKc/tasks-island_0.json,21,3,Set the plate.,OK,place_on,straighten,Place plate on surface.,Straighten the plate.,on,,;referent_grounding_v1:G2,,X=plate
G2,00444-sX9xad6ULKc/tasks-island_0.json,23,3,Arrange the decoration.,OK,place_on,straighten,Place decoration on surface.,Straighten the decoration.,on,,;referent_grounding_v1:G2,,X=decoration
G2,00444-sX9xad6ULKc/tasks-island_0.json,23,4,Position the lamp.,OK,place_on,reposition,Place lamp on surface.,Reposition the lamp.,on,,;referent_grounding_v1:G2,,X=lamp
G2,00444-sX9xad6ULKc/tasks-island_0.json,33,5,Set the toaster for snacks.,OK,place_on,straighten,Place toaster on surface.,Straighten the toaster.,on,,;referent_grounding_v1:G2,,X=toaster
G2,00444-sX9xad6ULKc/tasks-island_0.json,45,4,Arrange the flower vase.,OK,place_on,straighten,Place flower vase on surface.,Straighten the flower vase.,on,,;referent_grounding_v1:G2,,X=flower vase
G2,00444-sX9xad6ULKc/tasks-island_0.json,86,4,Arrange the plate.,OK,place_on,straighten,Place plate on surface.,Straighten the plate.,on,,;referent_grounding_v1:G2,,X=plate
G4,00444-sX9xad6ULKc/tasks-island_0.json,123,2,Fill the cup using the tap.,RESOLVED,fill,fill,Use the tap to fill a container.,Fill the cup at the tap.,,,;referent_grounding_v1:G4,,vessel=cup
G1,00444-sX9xad6ULKc/tasks-island_0.json,126,5,Set the plate on the table.,OK,place_on,place_on,Place plate on surface.,Place the plate on the table.,on,on,;referent_grounding_v1:G1,,X=plate|Y=table
G1,00444-sX9xad6ULKc/tasks-island_0.json,127,6,Organize the items on the rack.,OK,place_on,place_on,Place rack on surface.,Place the items on the rack.,on,on,;referent_grounding_v1:G1,,X=items|Y=rack
G1,00444-sX9xad6ULKc/tasks-island_0.json,154,6,Set the plate on the table.,OK,place_on,place_on,Place plate on surface.,Place the plate on the table.,on,on,;referent_grounding_v1:G1,,X=plate|Y=table
G1,00466-xAHnY3QzFUN/tasks-island_1.json,3,1,Set out the waffle iron on the counter.,OK,place_on,place_on,Place waffle iron on surface.,Place the waffle iron on the counter.,on,on,;referent_grounding_v1:G1,,X=waffle iron|Y=counter
G2,00466-xAHnY3QzFUN/tasks-island_1.json,18,4,Set a cup down for the guest.,OK,place_on,straighten,Place cup on surface.,Straighten the cup.,on,,;referent_grounding_v1:G2,,X=cup
G4,00466-xAHnY3QzFUN/tasks-island_1.json,22,2,Fill the cup at the sink.,RESOLVED,fill,fill,Use the sink to fill a container.,Fill the cup at the sink.,at,at,;referent_grounding_v1:G4,,vessel=cup
G2,00466-xAHnY3QzFUN/tasks-island_1.json,23,2,Arrange the decorative plant for a photo.,OK,place_on,straighten,Place decorative plant on surface.,Straighten the decorative plant.,on,,;referent_grounding_v1:G2,,X=decorative plant
G2,00466-xAHnY3QzFUN/tasks-island_1.json,35,2,Arrange the decoration.,OK,place_on,straighten,Place decoration on surface.,Straighten the decoration.,on,,;referent_grounding_v1:G2,,X=decoration
G2,00466-xAHnY3QzFUN/tasks-island_1.json,39,2,Set the tray.,OK,place_on,straighten,Place tray on surface.,Straighten the tray.,on,,;referent_grounding_v1:G2,,X=tray
G2,00466-xAHnY3QzFUN/tasks-island_1.json,72,6,Set the tray.,OK,place_on,straighten,Place tray on surface.,Straighten the tray.,on,,;referent_grounding_v1:G2,,X=tray
G1,00466-xAHnY3QzFUN/tasks-island_1.json,101,4,Set the wine bottle on the counter.,OK,place_on,place_on,Place wine bottle on surface.,Place the wine bottle on the counter.,on,on,;referent_grounding_v1:G1,,X=wine bottle|Y=counter
G2,00466-xAHnY3QzFUN/tasks-island_1.json,120,2,Arrange the decorative plant.,OK,place_on,straighten,Place decorative plant on surface.,Straighten the decorative plant.,on,,;referent_grounding_v1:G2,,X=decorative plant
G1,00466-xAHnY3QzFUN/tasks-island_1.json,123,7,Set the cup on the counter.,OK,place_on,place_on,Place cup on surface.,Place the cup on the counter.,on,on,;referent_grounding_v1:G1,,X=cup|Y=counter
P0c,00475-g7hUFVNac26/tasks-island_0.json,0,3,Prepare the fireplace tool set to light a fire.,OK,turn_on,reposition,Turn on the fireplace tool set.,Reposition the fireplace tool set.,on,,;cleanup_v1:turn_on->reposition,vocab_gap:no_ignite_action,
G4,00475-g7hUFVNac26/tasks-island_0.json,16,3,Refill the supply at the sink.,RESOLVED,fill,fill,Use the sink to fill a container.,Fill the pitcher at the sink.,at,at,;referent_grounding_v1:G4,,vessel=pitcher
G1,00475-g7hUFVNac26/tasks-island_0.json,18,1,Organize items into the box.,OK,place_in,place_in,Place box in receptacle.,Place the items into the box.,in,in,;referent_grounding_v1:G1,,X=items|Y=box
G1,00475-g7hUFVNac26/tasks-island_0.json,18,4,Arrange things on the shelf.,OK,place_on,place_on,Place shelf on surface.,Place the things on the shelf.,on,on,;referent_grounding_v1:G1,,X=things|Y=shelf
G1,00475-g7hUFVNac26/tasks-island_0.json,32,3,Tidy the items on the rack.,OK,place_on,place_on,Place rack on surface.,Place the items on the rack.,on,on,;referent_grounding_v1:G1,,X=items|Y=rack
P0b,00475-g7hUFVNac26/tasks-island_0.json,38,1,Unload the laundry machine.,OK,open,unload,Open laundry machine.,Unload the laundry machine.,,,;vocab_extension_v1:open->unload,,
G4,00475-g7hUFVNac26/tasks-island_0.json,39,2,Refill water from the sink.,RESOLVED,fill,fill,Use the sink to fill a container.,Fill the kettle at the sink.,,,;referent_grounding_v1:G4,,vessel=kettle
G2,00475-g7hUFVNac26/tasks-island_0.json,39,4,Set a plate for tea bags.,OK,place_on,straighten,Place plate on surface.,Straighten the plate.,on,,;referent_grounding_v1:G2,,X=plate
G3,00475-g7hUFVNac26/tasks-island_0.json,48,2,Arrange the pillows on the bedframe.,OK,straighten,straighten,Straighten items on the bedframe.,Straighten the pillows on the bedframe.,on,on,;referent_grounding_v1:G3,,NP=pillows
G1,00475-g7hUFVNac26/tasks-island_0.json,49,2,Arrange the shoes neatly on the rack.,OK,place_on,place_on,Place rack on surface.,Place the shoes on the rack.,on,on,;referent_grounding_v1:G1,,X=shoes|Y=rack
G1,00475-g7hUFVNac26/tasks-island_0.json,55,4,Arrange the basket of something on the shelf.,OK,place_on,place_on,Place basket of something on surface.,Place the basket of something on the shelf.,on,on,;referent_grounding_v1:G1,,X=basket of something|Y=shelf
G1,00475-g7hUFVNac26/tasks-island_0.json,60,1,Organize the papers on the display table.,OK,place_on,place_on,Place display table on surface.,Place the papers on the display table.,on,on,;referent_grounding_v1:G1,,X=papers|Y=display table
G1,00475-g7hUFVNac26/tasks-island_0.json,65,4,Organize the shoes on the rack.,OK,place_on,place_on,Place rack on surface.,Place the shoes on the rack.,on,on,;referent_grounding_v1:G1,,X=shoes|Y=rack
G1,00475-g7hUFVNac26/tasks-island_0.json,77,2,Organize the books on the rack.,OK,place_in,place_on,Place rack in receptacle.,Place the books on the rack.,in,on,;referent_grounding_v1:G1,,X=books|Y=rack
G2,00475-g7hUFVNac26/tasks-island_0.json,80,1,Arrange the firewood.,OK,place_in,straighten,Place firewood in receptacle.,Straighten the firewood.,in,,;referent_grounding_v1:G2,,X=firewood
G2,00475-g7hUFVNac26/tasks-island_0.json,114,2,Arrange the shoe.,OK,place_on,straighten,Place shoe on surface.,Straighten the shoe.,on,,;referent_grounding_v1:G2,,X=shoe
G2,00475-g7hUFVNac26/tasks-island_0.json,120,1,Arrange the hanger.,OK,place_on,straighten,Place hanger on surface.,Straighten the hanger.,on,,;referent_grounding_v1:G2,,X=hanger
G2,00475-g7hUFVNac26/tasks-island_0.json,132,5,Set the plate,OK,place_on,straighten,Place plate on surface.,Straighten the plate.,on,,;referent_grounding_v1:G2,,X=plate
G2,00475-g7hUFVNac26/tasks-island_0.json,156,3,Arrange the hanger,OK,place_on,straighten,Place hanger on surface.,Straighten the hanger.,on,,;referent_grounding_v1:G2,,X=hanger
G2,00475-g7hUFVNac26/tasks-island_0.json,162,3,Arrange the hanger,OK,place_on,straighten,Place hanger on surface.,Straighten the hanger.,on,,;referent_grounding_v1:G2,,X=hanger
G2,00475-g7hUFVNac26/tasks-island_0.json,174,6,Arrange the rack,OK,place_on,straighten,Place rack on surface.,Straighten the rack.,on,,;referent_grounding_v1:G2,,X=rack
G2,00475-g7hUFVNac26/tasks-island_0.json,189,2,Arrange the hangers.,OK,place_on,straighten,Place hanger on surface.,Straighten the hangers.,on,,;referent_grounding_v1:G2,,X=hangers
G2,00475-g7hUFVNac26/tasks-island_0.json,193,3,Arrange the equipment case.,OK,place_on,straighten,Place case on surface.,Straighten the equipment case.,on,,;referent_grounding_v1:G2,,X=equipment case
G2,00475-g7hUFVNac26/tasks-island_0.json,195,5,Arrange the mini fridge items.,OK,place_on,straighten,Place mini fridge on surface.,Straighten the mini fridge items.,on,,;referent_grounding_v1:G2,,X=mini fridge items
G2,00475-g7hUFVNac26/tasks-island_0.json,203,4,Set the breakfast plate.,OK,place_on,straighten,Place plate on surface.,Straighten the breakfast plate.,on,,;referent_grounding_v1:G2,,X=breakfast plate
G1,00475-g7hUFVNac26/tasks-island_0.json,206,3,Arrange the case on the shelf.,OK,place_in,place_on,Place case in receptacle.,Place the case on the shelf.,in,on,;referent_grounding_v1:G1,,X=case|Y=shelf
G1,00475-g7hUFVNac26/tasks-island_0.json,206,4,Tidy the clothes on the hanger.,OK,place_in,place_on,Place hanger in receptacle.,Place the clothes on the hanger.,in,on,;referent_grounding_v1:G1,,X=clothes|Y=hanger
G1,00475-g7hUFVNac26/tasks-island_0.json,212,4,Arrange the clothes on the rack.,OK,place_on,place_on,Place rack on surface.,Place the clothes on the rack.,on,on,;referent_grounding_v1:G1,,X=clothes|Y=rack
G2,00475-g7hUFVNac26/tasks-island_0.json,224,4,Arrange the case.,OK,place_on,straighten,Place case on surface.,Straighten the case.,on,,;referent_grounding_v1:G2,,X=case
G2,00475-g7hUFVNac26/tasks-island_0.json,225,2,Arrange the hanger.,OK,place_on,straighten,Place hanger on surface.,Straighten the hanger.,on,,;referent_grounding_v1:G2,,X=hanger
G1,00475-g7hUFVNac26/tasks-island_0.json,243,5,Arrange the shoe on the rack.,OK,place_on,place_on,Place shoe on surface.,Place the shoe on the rack.,on,on,;referent_grounding_v1:G1,,X=shoe|Y=rack
G1,00475-g7hUFVNac26/tasks-island_0.json,257,5,Arrange the book on the nightstand.,OK,place_on,place_on,Place book on surface.,Place the book on the nightstand.,on,on,;referent_grounding_v1:G1,,X=book|Y=nightstand
G2,00475-g7hUFVNac26/tasks-island_0.json,293,5,Arrange the clothes.,OK,place_on,straighten,Place clothes on surface.,Straighten the clothes.,on,,;referent_grounding_v1:G2,,X=clothes
G2,00475-g7hUFVNac26/tasks-island_0.json,298,2,Arrange the pool stick.,OK,place_in,straighten,Place pool stick in receptacle.,Straighten the pool stick.,in,,;referent_grounding_v1:G2,,X=pool stick
G2,00475-g7hUFVNac26/tasks-island_0.json,314,3,Arrange the shoe.,OK,place_on,straighten,Place shoe on surface.,Straighten the shoe.,on,,;referent_grounding_v1:G2,,X=shoe
G2,00475-g7hUFVNac26/tasks-island_0.json,314,5,Arrange the belt.,OK,place_on,straighten,Place belt on surface.,Straighten the belt.,on,,;referent_grounding_v1:G2,,X=belt
G2,00475-g7hUFVNac26/tasks-island_0.json,327,4,Arrange the hanger.,OK,place_on,straighten,Place hanger on surface.,Straighten the hanger.,on,,;referent_grounding_v1:G2,,X=hanger
G2,00475-g7hUFVNac26/tasks-island_0.json,332,5,Arrange the shoe.,OK,place_on,straighten,Place shoe on surface.,Straighten the shoe.,on,,;referent_grounding_v1:G2,,X=shoe
G2,00475-g7hUFVNac26/tasks-island_0.json,339,3,Arrange the shoe.,OK,place_on,straighten,Place shoe on surface.,Straighten the shoe.,on,,;referent_grounding_v1:G2,,X=shoe
G2,00475-g7hUFVNac26/tasks-island_0.json,339,5,Arrange the belt.,OK,place_on,straighten,Place belt on surface.,Straighten the belt.,on,,;referent_grounding_v1:G2,,X=belt
G2,00475-g7hUFVNac26/tasks-island_0.json,351,1,Set the plate.,OK,place_on,straighten,Place plate on surface.,Straighten the plate.,on,,;referent_grounding_v1:G2,,X=plate
G2,00475-g7hUFVNac26/tasks-island_0.json,367,2,Arrange the book.,OK,place_on,straighten,Place book on surface.,Straighten the book.,on,,;referent_grounding_v1:G2,,X=book
G2,00475-g7hUFVNac26/tasks-island_0.json,370,3,Arrange the rack.,OK,place_on,straighten,Place rack on surface.,Straighten the rack.,on,,;referent_grounding_v1:G2,,X=rack
G2,00475-g7hUFVNac26/tasks-island_0.json,389,3,Arrange the rack.,OK,place_on,straighten,Place rack on surface.,Straighten the rack.,on,,;referent_grounding_v1:G2,,X=rack
G2,00475-g7hUFVNac26/tasks-island_0.json,393,3,Arrange the shoe.,OK,place_on,straighten,Place shoe on surface.,Straighten the shoe.,on,,;referent_grounding_v1:G2,,X=shoe
G2,00475-g7hUFVNac26/tasks-island_0.json,425,4,Set the plate.,OK,place_on,straighten,Place plate on surface.,Straighten the plate.,on,,;referent_grounding_v1:G2,,X=plate
G2,00475-g7hUFVNac26/tasks-island_0.json,457,1,Organize the supplies inside the kitchen cabinet.,OK,place_in,straighten,Place kitchen cabinet in receptacle.,Straighten the supplies inside the kitchen cabinet.,in,,;referent_grounding_v1:G2,,X=supplies inside the kitchen cabinet
G1,00475-g7hUFVNac26/tasks-island_0.json,457,5,Set the plate on the dining table.,OK,place_on,place_on,Place plate on surface.,Place the plate on the dining table.,on,on,;referent_grounding_v1:G1,,X=plate|Y=dining table
G2,00475-g7hUFVNac26/tasks-island_0.json,458,3,Arrange the fireplace tool set.,OK,place_on,straighten,Place fireplace tool set on surface.,Straighten the fireplace tool set.,on,,;referent_grounding_v1:G2,,X=fireplace tool set
G2,00475-g7hUFVNac26/tasks-island_0.json,459,5,Organize the items inside the drawer.,OK,place_in,straighten,Place drawer in receptacle.,Straighten the items inside the drawer.,in,,;referent_grounding_v1:G2,,X=items inside the drawer
G4,00475-g7hUFVNac26/tasks-island_0.json,472,2,Fill the kettle with water from the sink.,FLAG,fill,fill,Use the sink to fill a container.,Use the sink to fill a container.,,,;ungrounded_anaphora,,no_vessel_found
G4,00475-g7hUFVNac26/tasks-island_0.json,474,4,Fill a watering can at the sink.,FLAG,fill,fill,Use the sink to fill a container.,Use the sink to fill a container.,at,at,;ungrounded_anaphora,,no_vessel_found
G2,00475-g7hUFVNac26/tasks-island_0.json,474,6,Organize the pots inside the cabinet.,OK,place_in,straighten,Place cabinet in receptacle.,Straighten the pots inside the cabinet.,in,,;referent_grounding_v1:G2,,X=pots inside the cabinet
G1,00475-g7hUFVNac26/tasks-island_0.json,483,3,Reposition the hunting trophy in the lounge.,OK,place_in,place_in,Place hunting trophy in receptacle.,Place the hunting trophy in the lounge.,in,in,;referent_grounding_v1:G1,,X=hunting trophy|Y=lounge
G4,00475-g7hUFVNac26/tasks-island_0.json,485,6,Fill a bottle at the water dispenser.,FLAG,fill,fill,Use the water dispenser to fill a container.,Use the water dispenser to fill a container.,at,at,;ungrounded_anaphora,,no_vessel_found
G3,00475-g7hUFVNac26/tasks-island_0.json,488,2,Fluff the cushions on the sofa chair.,OK,fluff,fluff,Fluff items on the sofa chair.,Fluff the cushions on the sofa chair.,on,on,;referent_grounding_v1:G3,,NP=cushions
G1,00475-g7hUFVNac26/tasks-island_0.json,496,4,Organize books on the shelf.,OK,place_on,place_on,Place shelf on surface.,Place the books on the shelf.,on,on,;referent_grounding_v1:G1,,X=books|Y=shelf
G1,00475-g7hUFVNac26/tasks-island_0.json,498,4,Arrange hangers in the closet.,OK,place_in,place_in,Place hanger in receptacle.,Place the hangers in the closet.,in,in,;referent_grounding_v1:G1,,X=hangers|Y=closet
G2,00475-g7hUFVNac26/tasks-island_0.json,501,6,Arrange the spice rack.,OK,place_in,straighten,Place spice rack in receptacle.,Straighten the spice rack.,in,,;referent_grounding_v1:G2,,X=spice rack
G2,00475-g7hUFVNac26/tasks-island_0.json,503,2,Arrange the firewood.,OK,place_on,straighten,Place firewood on surface.,Straighten the firewood.,on,,;referent_grounding_v1:G2,,X=firewood
P0c,00475-g7hUFVNac26/tasks-island_0.json,503,3,Prepare the fireplace tool set.,OK,turn_on,reposition,Turn on the fireplace tool set.,Reposition the fireplace tool set.,on,,;cleanup_v1:turn_on->reposition,vocab_gap:no_ignite_action,
G2,00475-g7hUFVNac26/tasks-island_0.json,505,3,Arrange the shoes.,OK,place_on,straighten,Place shoe on surface.,Straighten the shoes.,on,,;referent_grounding_v1:G2,,X=shoes
P0c,00475-g7hUFVNac26/tasks-island_0.json,513,5,Prepare the fireplace tool set.,OK,turn_on,reposition,Turn on the fireplace tool set.,Reposition the fireplace tool set.,on,,;cleanup_v1:turn_on->reposition,vocab_gap:no_ignite_action,
G2,00475-g7hUFVNac26/tasks-island_0.json,528,3,Arrange the shoe.,OK,place_on,straighten,Place shoe on surface.,Straighten the shoe.,on,,;referent_grounding_v1:G2,,X=shoe
G1,00476-NtnvZSMK3en/tasks-island_0.json,6,2,Set the vase on the table.,OK,place_on,place_on,Place vase on surface.,Place the vase on the table.,on,on,;referent_grounding_v1:G1,,X=vase|Y=table
G2,00476-NtnvZSMK3en/tasks-island_0.json,10,2,Position the speaker.,OK,place_on,reposition,Place speaker on surface.,Reposition the speaker.,on,,;referent_grounding_v1:G2,,X=speaker
G2,00476-NtnvZSMK3en/tasks-island_0.json,55,1,Arrange the hanging clothes.,OK,place_on,straighten,Place hanging clothes on surface.,Straighten the hanging clothes.,on,,;referent_grounding_v1:G2,,X=hanging clothes
G1,00476-NtnvZSMK3en/tasks-island_0.json,66,2,Arrange the plush toy on the shelf.,OK,place_on,place_on,Place plush toy on surface.,Place the plush toy on the shelf.,on,on,;referent_grounding_v1:G1,,X=plush toy|Y=shelf
G1,00476-NtnvZSMK3en/tasks-island_0.json,66,6,Organize the items in the cabinet.,OK,place_in,place_in,Place cabinet in receptacle.,Place the items in the cabinet.,in,in,;referent_grounding_v1:G1,,X=items|Y=cabinet
G1,00476-NtnvZSMK3en/tasks-island_0.json,69,2,Arrange items on the storage shelving.,OK,place_on,place_on,Place storage shelving on surface.,Place the items on the storage shelving.,on,on,;referent_grounding_v1:G1,,X=items|Y=storage shelving
G1,00476-NtnvZSMK3en/tasks-island_0.json,78,4,Arrange the wine bottle on the table.,OK,place_on,place_on,Place wine bottle on surface.,Place the wine bottle on the table.,on,on,;referent_grounding_v1:G1,,X=wine bottle|Y=table
G2,00476-NtnvZSMK3en/tasks-island_0.json,79,6,Arrange the bookshelf.,OK,place_on,straighten,Place bookshelf on surface.,Straighten the bookshelf.,on,,;referent_grounding_v1:G2,,X=bookshelf
G2,00476-NtnvZSMK3en/tasks-island_0.json,87,2,Position the speaker for better sound.,OK,place_on,reposition,Place speaker on surface.,Reposition the speaker.,on,,;referent_grounding_v1:G2,,X=speaker
G2,00476-NtnvZSMK3en/tasks-island_0.json,87,5,Arrange the lounge chair.,OK,place_on,straighten,Place lounge chair on surface.,Straighten the lounge chair.,on,,;referent_grounding_v1:G2,,X=lounge chair
G1,00476-NtnvZSMK3en/tasks-island_0.json,89,2,Arrange the plush toy on the bed.,OK,place_on,place_on,Place plush toy on surface.,Place the plush toy on the bed.,on,on,;referent_grounding_v1:G1,,X=plush toy|Y=bed
G1,00476-NtnvZSMK3en/tasks-island_0.json,99,6,Set the end table on the patio area.,OK,place_on,place_on,Place end table on surface.,Place the end table on the patio area.,on,on,;referent_grounding_v1:G1,,X=end table|Y=patio area
G1,00476-NtnvZSMK3en/tasks-island_0.json,100,2,Arrange the vase on the table.,OK,place_on,place_on,Place vase on surface.,Place the vase on the table.,on,on,;referent_grounding_v1:G1,,X=vase|Y=table
G2,00476-NtnvZSMK3en/tasks-island_0.json,103,4,Arrange the cabinet contents.,OK,place_on,straighten,Place cabinet on surface.,Straighten the cabinet contents.,on,,;referent_grounding_v1:G2,,X=cabinet contents
G1,00476-NtnvZSMK3en/tasks-island_0.json,111,2,Arrange the plush toy on the bed.,OK,place_on,place_on,Place plush toy on surface.,Place the plush toy on the bed.,on,on,;referent_grounding_v1:G1,,X=plush toy|Y=bed
G2,00476-NtnvZSMK3en/tasks-island_0.json,117,2,Arrange the bag.,OK,place_on,straighten,Place bag on surface.,Straighten the bag.,on,,;referent_grounding_v1:G2,,X=bag
G2,00476-NtnvZSMK3en/tasks-island_0.json,122,1,Position the telescope.,OK,place_on,reposition,Place telescope on surface.,Reposition the telescope.,on,,;referent_grounding_v1:G2,,X=telescope
G2,00476-NtnvZSMK3en/tasks-island_0.json,123,3,Arrange the coffee table.,OK,place_on,straighten,Place coffee table on surface.,Straighten the coffee table.,on,,;referent_grounding_v1:G2,,X=coffee table
G2,00476-NtnvZSMK3en/tasks-island_0.json,130,6,Arrange the storage shelving.,OK,place_on,straighten,Place storage shelving on surface.,Straighten the storage shelving.,on,,;referent_grounding_v1:G2,,X=storage shelving
G1,00476-NtnvZSMK3en/tasks-island_0.json,132,4,Set the cup on the table.,OK,place_on,place_on,Place cup on surface.,Place the cup on the table.,on,on,;referent_grounding_v1:G1,,X=cup|Y=table
G2,00476-NtnvZSMK3en/tasks-island_0.json,136,6,Arrange the storage shelving.,OK,place_on,straighten,Place storage shelving on surface.,Straighten the storage shelving.,on,,;referent_grounding_v1:G2,,X=storage shelving
G2,00476-NtnvZSMK3en/tasks-island_0.json,141,7,Arrange the hanging clothes.,OK,place_on,straighten,Place hanging clothes on surface.,Straighten the hanging clothes.,on,,;referent_grounding_v1:G2,,X=hanging clothes
G2,00476-NtnvZSMK3en/tasks-island_0.json,143,5,Arrange the plush toy.,OK,place_on,straighten,Place plush toy on surface.,Straighten the plush toy.,on,,;referent_grounding_v1:G2,,X=plush toy
G2,00487-erXNfWVjqZ8/tasks-island_0.json,10,2,Arrange the stonework.,OK,place_on,straighten,Place stonework on surface.,Straighten the stonework.,on,,;referent_grounding_v1:G2,,X=stonework
G1,00487-erXNfWVjqZ8/tasks-island_0.json,14,3,Arrange the books on the shelf.,OK,place_on,place_on,Place book on surface.,Place the books on the shelf.,on,on,;referent_grounding_v1:G1,,X=books|Y=shelf
G1,00487-erXNfWVjqZ8/tasks-island_0.json,33,2,Set the plate on the table.,OK,place_on,place_on,Place plate on surface.,Place the plate on the table.,on,on,;referent_grounding_v1:G1,,X=plate|Y=table
G2,00487-erXNfWVjqZ8/tasks-island_0.json,47,5,Set the plate.,OK,place_on,straighten,Place plate on surface.,Straighten the plate.,on,,;referent_grounding_v1:G2,,X=plate
G3,00487-erXNfWVjqZ8/tasks-island_0.json,73,4,Put away clothes in the wardrobe.,OK,store,store,Store items in the wardrobe.,Store the clothes in the wardrobe.,in,in,;referent_grounding_v1:G3,,NP=clothes
G1,00487-erXNfWVjqZ8/tasks-island_0.json,90,2,Arrange the books on the shelf.,OK,place_in,place_on,Place shelf in receptacle.,Place the books on the shelf.,in,on,;referent_grounding_v1:G1,,X=books|Y=shelf
G2,00487-erXNfWVjqZ8/tasks-island_0.json,97,5,Arrange the book.,OK,place_on,straighten,Place book on surface.,Straighten the book.,on,,;referent_grounding_v1:G2,,X=book
G4,00487-erXNfWVjqZ8/tasks-island_0.json,111,3,Fill it from the refrigerator.,RESOLVED,fill,fill,Use the refrigerator to fill a container.,Use the refrigerator to fill the pitcher.,,,;referent_grounding_v1:G4,,vessel=pitcher
G2,00487-erXNfWVjqZ8/tasks-island_0.json,118,3,Arrange the book.,OK,place_in,straighten,Place book in receptacle.,Straighten the book.,in,,;referent_grounding_v1:G2,,X=book
G2,00487-erXNfWVjqZ8/tasks-island_0.json,121,6,Set the toaster.,OK,place_on,straighten,Place toaster on surface.,Straighten the toaster.,on,,;referent_grounding_v1:G2,,X=toaster
G2,00487-erXNfWVjqZ8/tasks-island_0.json,130,6,Arrange the shelf.,OK,place_in,straighten,Place shelf in receptacle.,Straighten the shelf.,in,,;referent_grounding_v1:G2,,X=shelf
G2,00487-erXNfWVjqZ8/tasks-island_0.json,141,4,Arrange the fireplace.,OK,place_on,straighten,Place fireplace on surface.,Straighten the fireplace.,on,,;referent_grounding_v1:G2,,X=fireplace
G2,00487-erXNfWVjqZ8/tasks-island_0.json,157,5,Arrange the book.,OK,place_on,straighten,Place book on surface.,Straighten the book.,on,,;referent_grounding_v1:G2,,X=book
G1,00487-erXNfWVjqZ8/tasks-island_0.json,163,6,Set the plate on the table.,OK,place_on,place_on,Place plate on surface.,Place the plate on the table.,on,on,;referent_grounding_v1:G1,,X=plate|Y=table
G2,00487-erXNfWVjqZ8/tasks-island_0.json,168,1,Arrange the book.,OK,place_on,straighten,Place book on surface.,Straighten the book.,on,,;referent_grounding_v1:G2,,X=book
G1,00487-erXNfWVjqZ8/tasks-island_0.json,173,5,Organize the other books on the shelf.,OK,place_on,place_on,Place shelf on surface.,Place the other books on the shelf.,on,on,;referent_grounding_v1:G1,,X=other books|Y=shelf
G1,00487-erXNfWVjqZ8/tasks-island_0.json,174,4,Set the plate on the dining table.,OK,place_on,place_on,Place plate on surface.,Place the plate on the dining table.,on,on,;referent_grounding_v1:G1,,X=plate|Y=dining table
G2,00487-erXNfWVjqZ8/tasks-island_0.json,181,5,Set the plate for breakfast.,OK,place_on,straighten,Place plate on surface.,Straighten the plate.,on,,;referent_grounding_v1:G2,,X=plate
G1,00487-erXNfWVjqZ8/tasks-island_0.json,187,3,Set the pitcher on the table.,OK,place_on,place_on,Place pitcher on surface.,Place the pitcher on the table.,on,on,;referent_grounding_v1:G1,,X=pitcher|Y=table
G2,00495-CQWES1bawee/tasks-island_0.json,55,2,Arrange the washing stuff.,OK,place_on,straighten,Place washing stuff on surface.,Straighten the washing stuff.,on,,;referent_grounding_v1:G2,,X=washing stuff
G2,00495-CQWES1bawee/tasks-island_0.json,62,1,Organize the items inside the container.,OK,place_in,straighten,Place container in receptacle.,Straighten the items inside the container.,in,,;referent_grounding_v1:G2,,X=items inside the container
G1,00495-CQWES1bawee/tasks-island_0.json,62,4,Sort the paper waste into the recycle bin.,OK,place_in,place_in,Place recycle bin in receptacle.,Place the paper waste into the recycle bin.,in,in,;referent_grounding_v1:G1,,X=paper waste|Y=recycle bin
G1,00495-CQWES1bawee/tasks-island_0.json,65,5,Organize the toiletries in the bathroom cabinet.,OK,place_in,place_in,Place bathroom cabinet in receptacle.,Place the toiletries in the bathroom cabinet.,in,in,;referent_grounding_v1:G1,,X=toiletries|Y=bathroom cabinet
G4,00495-CQWES1bawee/tasks-island_0.json,72,4,Fill a watering can at the sink.,FLAG,fill,fill,Use the sink to fill a container.,Use the sink to fill a container.,at,at,;ungrounded_anaphora,,no_vessel_found
G1,00495-CQWES1bawee/tasks-island_0.json,95,5,Organize the hair products in the bathroom cabinet.,OK,place_in,place_in,Place bathroom cabinet in receptacle.,Place the hair products in the bathroom cabinet.,in,in,;referent_grounding_v1:G1,,X=hair products|Y=bathroom cabinet
G1,00495-CQWES1bawee/tasks-island_0.json,98,5,Sort the plastic pots into the recycle bin.,OK,place_in,place_in,Place recycle bin in receptacle.,Place the plastic pots into the recycle bin.,in,in,;referent_grounding_v1:G1,,X=plastic pots|Y=recycle bin
G3,00495-CQWES1bawee/tasks-island_0.json,100,5,Put away the art supplies on the shelf.,OK,store,store,Store items on the shelf.,Store the art supplies on the shelf.,on,on,;referent_grounding_v1:G3,,NP=art supplies
G2,00495-CQWES1bawee/tasks-island_0.json,109,2,Arrange the cabinet contents.,OK,place_on,straighten,Place cabinet on surface.,Straighten the cabinet contents.,on,,;referent_grounding_v1:G2,,X=cabinet contents
G1,00495-CQWES1bawee/tasks-island_0.json,110,4,Arrange the items on the shelf.,OK,place_on,place_on,Place shelf on surface.,Place the items on the shelf.,on,on,;referent_grounding_v1:G1,,X=items|Y=shelf
G4,00495-CQWES1bawee/tasks-island_0.json,121,3,Fill the kettle at the sink.,RESOLVED,fill,fill,Use the sink to fill a container.,Fill the cup at the sink.,at,at,;referent_grounding_v1:G4,,vessel=cup
G4,00495-CQWES1bawee/tasks-island_0.json,122,3,Fill the watering can at the sink.,RESOLVED,fill,fill,Use the sink to fill a container.,Fill the pot at the sink.,at,at,;referent_grounding_v1:G4,,vessel=pot
G1,00495-CQWES1bawee/tasks-island_0.json,123,3,Arrange the books on the shelf.,OK,place_on,place_on,Place shelf on surface.,Place the books on the shelf.,on,on,;referent_grounding_v1:G1,,X=books|Y=shelf
G2,00495-CQWES1bawee/tasks-island_0.json,133,2,Arrange the tv stand neatly.,OK,place_on,straighten,Place tv stand on surface.,Straighten the tv stand.,on,,;referent_grounding_v1:G2,,X=tv stand
G2,00495-CQWES1bawee/tasks-island_0.json,133,3,Position the speaker for better sound.,OK,place_on,reposition,Place speaker on surface.,Reposition the speaker.,on,,;referent_grounding_v1:G2,,X=speaker
G1,00495-CQWES1bawee/tasks-island_0.json,137,2,Arrange the items on the shelf in the bedroom.,OK,place_in,place_on,Place shelf in receptacle.,Place the items on the shelf.,in,on,;referent_grounding_v1:G1,,X=items|Y=shelf
G4,00495-CQWES1bawee/tasks-island_0.json,151,5,Fill it at the sink.,RESOLVED,fill,fill,Use the sink to fill a container.,Fill the bowl at the sink.,at,at,;referent_grounding_v1:G4,,vessel=bowl
G1,00495-CQWES1bawee/tasks-island_0.json,176,3,Organize the objects on the shelf.,OK,place_on,place_on,Place shelf on surface.,Place the objects on the shelf.,on,on,;referent_grounding_v1:G1,,X=objects|Y=shelf
G1,00495-CQWES1bawee/tasks-island_0.json,179,4,Organize the books on the shelf.,OK,place_on,place_on,Place shelf on surface.,Place the books on the shelf.,on,on,;referent_grounding_v1:G1,,X=books|Y=shelf
G1,00495-CQWES1bawee/tasks-island_0.json,189,4,Organize the drawers in the dresser.,OK,place_in,place_in,Place dresser in receptacle.,Place the drawers in the dresser.,in,in,;referent_grounding_v1:G1,,X=drawers|Y=dresser
G4,00495-CQWES1bawee/tasks-island_0.json,190,1,Fill a vessel at the sink.,FLAG,fill,fill,Use the sink to fill a container.,Use the sink to fill a container.,at,at,;ungrounded_anaphora,,no_vessel_found
G1,00495-CQWES1bawee/tasks-island_0.json,191,4,Arrange the toys on the shelf.,OK,place_on,place_on,Place shelf on surface.,Place the toys on the shelf.,on,on,;referent_grounding_v1:G1,,X=toys|Y=shelf
G1,00495-CQWES1bawee/tasks-island_0.json,192,2,Sort the bottles in the wine rack.,OK,place_in,place_in,Place wine rack in receptacle.,Place the bottles in the wine rack.,in,in,;referent_grounding_v1:G1,,X=bottles|Y=wine rack
G2,00495-CQWES1bawee/tasks-island_0.json,193,6,Arrange the flower centerpiece.,OK,place_on,straighten,Place flower on surface.,Straighten the flower centerpiece.,on,,;referent_grounding_v1:G2,,X=flower centerpiece
G1,00495-CQWES1bawee/tasks-island_0.json,196,5,Organize the tools in the cabinet.,OK,place_in,place_in,Place cabinet in receptacle.,Place the tools in the cabinet.,in,in,;referent_grounding_v1:G1,,X=tools|Y=cabinet
G1,00495-CQWES1bawee/tasks-island_0.json,200,3,Sort the items in the bag.,OK,place_in,place_in,Place bag in receptacle.,Place the items in the bag.,in,in,;referent_grounding_v1:G1,,X=items|Y=bag
G1,00495-CQWES1bawee/tasks-island_0.json,205,1,Sort the bottles in the wine rack.,OK,place_in,place_in,Place wine rack in receptacle.,Place the bottles in the wine rack.,in,in,;referent_grounding_v1:G1,,X=bottles|Y=wine rack
G4,00495-CQWES1bawee/tasks-island_0.json,210,2,Fill the soap dispenser at the sink.,FLAG,fill,fill,Use the sink to fill a container.,Use the sink to fill a container.,at,at,;ungrounded_anaphora,,no_vessel_found
G2,00495-CQWES1bawee/tasks-island_0.json,214,3,Arrange the plush toy.,OK,place_on,straighten,Place plush toy on surface.,Straighten the plush toy.,on,,;referent_grounding_v1:G2,,X=plush toy
G2,00495-CQWES1bawee/tasks-island_0.json,222,3,Arrange the flower.,OK,place_on,straighten,Place flower on surface.,Straighten the flower.,on,,;referent_grounding_v1:G2,,X=flower
G4,00495-CQWES1bawee/tasks-island_0.json,225,4,Fill a bottle at the sink.,FLAG,fill,fill,Use the sink to fill a container.,Use the sink to fill a container.,at,at,;ungrounded_anaphora,,no_vessel_found
G2,00495-CQWES1bawee/tasks-island_0.json,227,2,Arrange the flower.,OK,place_on,straighten,Place flower on surface.,Straighten the flower.,on,,;referent_grounding_v1:G2,,X=flower
G2,00495-CQWES1bawee/tasks-island_0.json,231,2,Set the pillow.,OK,place_on,straighten,Place pillow on surface.,Straighten the pillow.,on,,;referent_grounding_v1:G2,,X=pillow
G4,00495-CQWES1bawee/tasks-island_0.json,233,4,Fill a jug at the sink.,FLAG,fill,fill,Use the sink to fill a container.,Use the sink to fill a container.,at,at,;ungrounded_anaphora,,no_vessel_found
G2,00495-CQWES1bawee/tasks-island_0.json,235,3,Set the pillow.,OK,place_on,straighten,Place pillow on surface.,Straighten the pillow.,on,,;referent_grounding_v1:G2,,X=pillow
G2,00495-CQWES1bawee/tasks-island_0.json,264,2,Set the heater.,OK,place_on,straighten,Place heater on surface.,Straighten the heater.,on,,;referent_grounding_v1:G2,,X=heater
G2,00495-CQWES1bawee/tasks-island_0.json,266,5,Arrange the display cabinet.,OK,place_on,straighten,Place display cabinet on surface.,Straighten the display cabinet.,on,,;referent_grounding_v1:G2,,X=display cabinet
G2,00495-CQWES1bawee/tasks-island_0.json,268,7,Arrange the stand.,OK,place_on,straighten,Place stand on surface.,Straighten the stand.,on,,;referent_grounding_v1:G2,,X=stand
G1,00495-CQWES1bawee/tasks-island_0.json,296,2,Arrange the items on the shelf.,OK,place_on,place_on,Place shelf on surface.,Place the items on the shelf.,on,on,;referent_grounding_v1:G1,,X=items|Y=shelf
G1,00495-CQWES1bawee/tasks-island_0.json,302,4,Organize the books on the shelf.,OK,place_on,place_on,Place shelf on surface.,Place the books on the shelf.,on,on,;referent_grounding_v1:G1,,X=books|Y=shelf
G1,00495-CQWES1bawee/tasks-island_0.json,304,3,Organize the tools on the rack.,OK,place_on,place_on,Place rack on surface.,Place the tools on the rack.,on,on,;referent_grounding_v1:G1,,X=tools|Y=rack
G1,00495-CQWES1bawee/tasks-island_0.json,305,3,Set the bowl in the center.,OK,place_in,place_in,Place bowl in receptacle.,Place the bowl in the center.,in,in,;referent_grounding_v1:G1,,X=bowl|Y=center
G1,00495-CQWES1bawee/tasks-island_0.json,321,4,Set a flower in a vase.,OK,place_in,place_in,Place flower in receptacle.,Place the flower in the vase.,in,in,;referent_grounding_v1:G1,,X=flower|Y=vase
G2,00495-CQWES1bawee/tasks-island_0.json,330,4,Set the bowl.,OK,place_on,straighten,Place bowl on surface.,Straighten the bowl.,on,,;referent_grounding_v1:G2,,X=bowl
G2,00506-QVAA6zecMHu/tasks-island_0.json,11,1,Arrange the shelf.,OK,place_on,straighten,Place shelf on surface.,Straighten the shelf.,on,,;referent_grounding_v1:G2,,X=shelf
G2,00506-QVAA6zecMHu/tasks-island_0.json,86,1,Arrange the plate.,OK,place_on,straighten,Place plate on surface.,Straighten the plate.,on,,;referent_grounding_v1:G2,,X=plate
G2,00508-4vwGX7U38Ux/tasks-island_0.json,7,4,Arrange the shower hose.,OK,place_on,straighten,Place shower hose on surface.,Straighten the shower hose.,on,,;referent_grounding_v1:G2,,X=shower hose
G2,00508-4vwGX7U38Ux/tasks-island_0.json,41,2,Reposition the speaker.,OK,place_on,reposition,Place speaker on surface.,Reposition the speaker.,on,,;referent_grounding_v1:G2,,X=speaker
G2,00508-4vwGX7U38Ux/tasks-island_0.json,45,5,Arrange the towel.,OK,place_on,straighten,Place towel on surface.,Straighten the towel.,on,,;referent_grounding_v1:G2,,X=towel
G2,00508-4vwGX7U38Ux/tasks-island_0.json,57,5,Arrange the cloth.,OK,place_on,straighten,Place cloth on surface.,Straighten the cloth.,on,,;referent_grounding_v1:G2,,X=cloth
G2,00508-4vwGX7U38Ux/tasks-island_0.json,58,5,Arrange the towel.,OK,place_on,straighten,Place towel on surface.,Straighten the towel.,on,,;referent_grounding_v1:G2,,X=towel
G3,00525-iKFn6fzyRqs/tasks-island_0.json,20,4,Store detergent on the shelf.,OK,place_on,place_on,Place items on the shelf.,Place the detergent on the shelf.,on,on,;referent_grounding_v1:G3,,NP=detergent
G4,00525-iKFn6fzyRqs/tasks-island_0.json,40,2,Fill it at the sink.,RESOLVED,fill,fill,Use the sink to fill a container.,Fill the cup at the sink.,at,at,;referent_grounding_v1:G4,,vessel=cup
G2,00525-iKFn6fzyRqs/tasks-island_0.json,40,5,Set the tray.,OK,place_on,straighten,Place tray on surface.,Straighten the tray.,on,,;referent_grounding_v1:G2,,X=tray
G2,00525-iKFn6fzyRqs/tasks-island_0.json,77,2,Position the rocking chair.,OK,place_on,reposition,Place rocking chair on surface.,Reposition the rocking chair.,on,,;referent_grounding_v1:G2,,X=rocking chair
G1,00525-iKFn6fzyRqs/tasks-island_0.json,100,6,Set the mouse on the table.,OK,place_on,place_on,Place mouse on surface.,Place the mouse on the table.,on,on,;referent_grounding_v1:G1,,X=mouse|Y=table
G2,00525-iKFn6fzyRqs/tasks-island_0.json,109,5,Set the bowl.,OK,place_on,straighten,Place bowl on surface.,Straighten the bowl.,on,,;referent_grounding_v1:G2,,X=bowl
G2,00525-iKFn6fzyRqs/tasks-island_0.json,116,5,Arrange the flowerpot.,OK,place_on,straighten,Place flowerpot on surface.,Straighten the flowerpot.,on,,;referent_grounding_v1:G2,,X=flowerpot
G2,00525-iKFn6fzyRqs/tasks-island_0.json,118,5,Set the tray.,OK,place_on,straighten,Place tray on surface.,Straighten the tray.,on,,;referent_grounding_v1:G2,,X=tray
G2,00525-iKFn6fzyRqs/tasks-island_0.json,131,2,Arrange the mouse.,OK,place_in,straighten,Place mouse in receptacle.,Straighten the mouse.,in,,;referent_grounding_v1:G2,,X=mouse
G2,00525-iKFn6fzyRqs/tasks-island_0.json,188,4,Arrange the vanity.,OK,place_on,straighten,Place vanity on surface.,Straighten the vanity.,on,,;referent_grounding_v1:G2,,X=vanity
G2,00525-iKFn6fzyRqs/tasks-island_0.json,198,4,Arrange the rocking chair.,OK,place_on,straighten,Place rocking chair on surface.,Straighten the rocking chair.,on,,;referent_grounding_v1:G2,,X=rocking chair
G2,00525-iKFn6fzyRqs/tasks-island_0.json,201,5,Arrange the towel.,OK,place_on,straighten,Place towel on surface.,Straighten the towel.,on,,;referent_grounding_v1:G2,,X=towel
G2,00525-iKFn6fzyRqs/tasks-island_0.json,212,3,Arrange the vanity.,OK,place_on,straighten,Place vanity on surface.,Straighten the vanity.,on,,;referent_grounding_v1:G2,,X=vanity
G2,00525-iKFn6fzyRqs/tasks-island_0.json,214,6,Arrange the rocking chair.,OK,place_on,straighten,Place rocking chair on surface.,Straighten the rocking chair.,on,,;referent_grounding_v1:G2,,X=rocking chair
G1,00529-W9YAR9qcuvN/tasks-island_0.json,4,4,Set the tray on the table.,OK,place_on,place_on,Place tray on surface.,Place the tray on the table.,on,on,;referent_grounding_v1:G1,,X=tray|Y=table
G2,00529-W9YAR9qcuvN/tasks-island_0.json,9,1,Rearrange the ornament.,OK,place_on,straighten,Place ornament on surface.,Straighten the ornament.,on,,;referent_grounding_v1:G2,,X=ornament
G2,00529-W9YAR9qcuvN/tasks-island_0.json,30,3,Arrange the dresser.,OK,place_on,straighten,Place dresser on surface.,Straighten the dresser.,on,,;referent_grounding_v1:G2,,X=dresser
G2,00529-W9YAR9qcuvN/tasks-island_0.json,31,3,Set the tray.,OK,place_on,straighten,Place tray on surface.,Straighten the tray.,on,,;referent_grounding_v1:G2,,X=tray
G1,00529-W9YAR9qcuvN/tasks-island_0.json,43,3,Organize the items in the refrigerator.,OK,place_in,place_in,Place refrigerator in receptacle.,Place the items in the refrigerator.,in,in,;referent_grounding_v1:G1,,X=items|Y=refrigerator
G2,00529-W9YAR9qcuvN/tasks-island_0.json,72,3,Arrange the towel.,OK,place_on,straighten,Place towel on surface.,Straighten the towel.,on,,;referent_grounding_v1:G2,,X=towel
G2,00529-W9YAR9qcuvN/tasks-island_0.json,72,4,Set the pillow.,OK,place_on,straighten,Place pillow on surface.,Straighten the pillow.,on,,;referent_grounding_v1:G2,,X=pillow
G2,00529-W9YAR9qcuvN/tasks-island_0.json,76,6,Set the tray.,OK,place_on,straighten,Place tray on surface.,Straighten the tray.,on,,;referent_grounding_v1:G2,,X=tray
G2,00529-W9YAR9qcuvN/tasks-island_0.json,81,6,Arrange the basket.,OK,place_on,straighten,Place basket on surface.,Straighten the basket.,on,,;referent_grounding_v1:G2,,X=basket
G2,00529-W9YAR9qcuvN/tasks-island_0.json,84,2,Set the tray.,OK,place_on,straighten,Place tray on surface.,Straighten the tray.,on,,;referent_grounding_v1:G2,,X=tray
G4,00529-W9YAR9qcuvN/tasks-island_0.json,87,6,Fill a glass from the water dispenser.,FLAG,fill,fill,Use the water dispenser to fill a container.,Use the water dispenser to fill a container.,,,;ungrounded_anaphora,,no_vessel_found
G2,00529-W9YAR9qcuvN/tasks-island_0.json,88,5,Arrange the basket.,OK,place_on,straighten,Place basket on surface.,Straighten the basket.,on,,;referent_grounding_v1:G2,,X=basket
G2,00529-W9YAR9qcuvN/tasks-island_0.json,96,4,Set the pillow.,OK,place_on,straighten,Place pillow on surface.,Straighten the pillow.,on,,;referent_grounding_v1:G2,,X=pillow
G2,00529-W9YAR9qcuvN/tasks-island_0.json,98,7,Set the tray.,OK,place_on,straighten,Place tray on surface.,Straighten the tray.,on,,;referent_grounding_v1:G2,,X=tray
G2,00529-W9YAR9qcuvN/tasks-island_0.json,103,3,Arrange the basket.,OK,place_on,straighten,Place basket on surface.,Straighten the basket.,on,,;referent_grounding_v1:G2,,X=basket
G1,00534-DBBESbk4Y3k/tasks-island_0.json,2,4,Arrange the knives in the knife holder.,OK,place_in,place_in,Place knife holder in receptacle.,Place the knives in the knife holder.,in,in,;referent_grounding_v1:G1,,X=knives|Y=knife holder
G1,00534-DBBESbk4Y3k/tasks-island_0.json,19,2,Set the pitcher on the table.,OK,place_on,place_on,Place pitcher on surface.,Place the pitcher on the table.,on,on,;referent_grounding_v1:G1,,X=pitcher|Y=table
G4,00534-DBBESbk4Y3k/tasks-island_0.json,28,3,Refill the water at the sink.,RESOLVED,fill,fill,Use the sink to fill a container.,Fill the pitcher at the sink.,at,at,;referent_grounding_v1:G4,,vessel=pitcher
G1,00534-DBBESbk4Y3k/tasks-island_0.json,43,2,Set the pitcher on the dining table.,OK,place_on,place_on,Place pitcher on surface.,Place the pitcher on the dining table.,on,on,;referent_grounding_v1:G1,,X=pitcher|Y=dining table
G2,00534-DBBESbk4Y3k/tasks-island_0.json,45,3,Organize the items inside the handbag.,OK,place_in,straighten,Place handbag in receptacle.,Straighten the items inside the handbag.,in,,;referent_grounding_v1:G2,,X=items inside the handbag
G1,00534-DBBESbk4Y3k/tasks-island_0.json,48,4,Organize the knives in the knife holder.,OK,place_in,place_in,Place knife holder in receptacle.,Place the knives in the knife holder.,in,in,;referent_grounding_v1:G1,,X=knives|Y=knife holder
G1,00534-DBBESbk4Y3k/tasks-island_0.json,49,3,Arrange the decorative plant on the mantle.,OK,place_on,place_on,Place decorative plant on surface.,Place the decorative plant on the mantle.,on,on,;referent_grounding_v1:G1,,X=decorative plant|Y=mantle
G1,00534-DBBESbk4Y3k/tasks-island_0.json,50,1,Organize the items on the dressing table.,OK,place_in,place_on,Place dressing table in receptacle.,Place the items on the dressing table.,in,on,;referent_grounding_v1:G1,,X=items|Y=dressing table
G4,00534-DBBESbk4Y3k/tasks-island_0.json,63,2,Fill the pitcher at the sink.,RESOLVED,fill,fill,Use the sink to fill a container.,Fill the pitcher at the sink.,at,at,;referent_grounding_v1:G4,,vessel=pitcher
G2,00534-DBBESbk4Y3k/tasks-island_0.json,68,1,Reposition the decorative plant.,OK,place_on,reposition,Place decorative plant on surface.,Reposition the decorative plant.,on,,;referent_grounding_v1:G2,,X=decorative plant
G1,00534-DBBESbk4Y3k/tasks-island_0.json,73,3,Arrange the jar on the counter.,OK,place_on,place_on,Place jar on surface.,Place the jar on the counter.,on,on,;referent_grounding_v1:G1,,X=jar|Y=counter
G1,00534-DBBESbk4Y3k/tasks-island_0.json,76,1,Set the wine bottle on the counter.,OK,place_on,place_on,Place wine bottle on surface.,Place the wine bottle on the counter.,on,on,;referent_grounding_v1:G1,,X=wine bottle|Y=counter
G2,00534-DBBESbk4Y3k/tasks-island_0.json,110,2,Reposition the decorative plant.,OK,place_on,reposition,Place decorative plant on surface.,Reposition the decorative plant.,on,,;referent_grounding_v1:G2,,X=decorative plant
G1,00537-oahi4u45xMf/tasks-island_0.json,11,5,Organize the items on the shelf.,OK,place_on,place_on,Place shelf on surface.,Place the items on the shelf.,on,on,;referent_grounding_v1:G1,,X=items|Y=shelf
G3,00537-oahi4u45xMf/tasks-island_0.json,14,2,Fluff the pillows on the couch.,OK,fluff,fluff,Fluff items on the couch.,Fluff the pillows on the couch.,on,on,;referent_grounding_v1:G3,,NP=pillows
G3,00537-oahi4u45xMf/tasks-island_0.json,15,4,Put away the extra supplies in the cabinet.,OK,store,store,Store items in the cabinet.,Store the extra supplies in the cabinet.,in,in,;referent_grounding_v1:G3,,NP=extra supplies
G3,00537-oahi4u45xMf/tasks-island_0.json,19,4,Put the handbag away in the cabinet.,OK,store,store,Store items in the cabinet.,Store the handbag in the cabinet.,in,in,;referent_grounding_v1:G3,,NP=handbag
G1,00537-oahi4u45xMf/tasks-island_0.json,22,5,Organize the containers in the cabinet.,OK,place_in,place_in,Place cabinet in receptacle.,Place the containers in the cabinet.,in,in,;referent_grounding_v1:G1,,X=containers|Y=cabinet
G1,00537-oahi4u45xMf/tasks-island_0.json,24,4,Arrange the containers on the shelf.,OK,place_on,place_on,Place shelf on surface.,Place the containers on the shelf.,on,on,;referent_grounding_v1:G1,,X=containers|Y=shelf
G2,00537-oahi4u45xMf/tasks-island_0.json,26,4,Organize the items inside the cabinet.,OK,place_in,straighten,Place cabinet in receptacle.,Straighten the items inside the cabinet.,in,,;referent_grounding_v1:G2,,X=items inside the cabinet
G1,00537-oahi4u45xMf/tasks-island_0.json,29,5,Organize the spices on the shelf.,OK,place_on,place_on,Place shelf on surface.,Place the spices on the shelf.,on,on,;referent_grounding_v1:G1,,X=spices|Y=shelf
G1,00537-oahi4u45xMf/tasks-island_0.json,30,6,Organize the supplies in the cabinet.,OK,place_in,place_in,Place cabinet in receptacle.,Place the supplies in the cabinet.,in,in,;referent_grounding_v1:G1,,X=supplies|Y=cabinet
G1,00537-oahi4u45xMf/tasks-island_0.json,35,4,Organize the containers in the cabinet.,OK,place_in,place_in,Place cabinet in receptacle.,Place the containers in the cabinet.,in,in,;referent_grounding_v1:G1,,X=containers|Y=cabinet
G1,00537-oahi4u45xMf/tasks-island_0.json,37,2,Organize the dinnerware in the cabinet.,OK,place_in,place_in,Place cabinet in receptacle.,Place the dinnerware in the cabinet.,in,in,;referent_grounding_v1:G1,,X=dinnerware|Y=cabinet
G3,00537-oahi4u45xMf/tasks-island_0.json,37,5,Fluff the pillows on the couch.,OK,fluff,fluff,Fluff items on the couch.,Fluff the pillows on the couch.,on,on,;referent_grounding_v1:G3,,NP=pillows
G1,00537-oahi4u45xMf/tasks-island_0.json,38,1,Sort the dry goods in the cabinet.,OK,place_in,place_in,Place cabinet in receptacle.,Place the dry goods in the cabinet.,in,in,;referent_grounding_v1:G1,,X=dry goods|Y=cabinet
G2,00537-oahi4u45xMf/tasks-island_0.json,39,6,Arrange the basket of something nearby.,OK,place_in,straighten,Place basket of something in receptacle.,Straighten the basket of something.,in,,;referent_grounding_v1:G2,,X=basket of something
G2,00537-oahi4u45xMf/tasks-island_0.json,48,7,Arrange the clothes.,OK,place_on,straighten,Place clothes on surface.,Straighten the clothes.,on,,;referent_grounding_v1:G2,,X=clothes
G2,00537-oahi4u45xMf/tasks-island_1.json,18,3,Arrange the display cabinet.,OK,place_on,straighten,Place display cabinet on surface.,Straighten the display cabinet.,on,,;referent_grounding_v1:G2,,X=display cabinet
G1,00537-oahi4u45xMf/tasks-island_1.json,21,3,Set the jar on the dresser.,OK,place_on,place_on,Place jar on surface.,Place the jar on the dresser.,on,on,;referent_grounding_v1:G1,,X=jar|Y=dresser
G1,00537-oahi4u45xMf/tasks-island_1.json,32,5,Set the jar on the dresser.,OK,place_on,place_on,Place jar on surface.,Place the jar on the dresser.,on,on,;referent_grounding_v1:G1,,X=jar|Y=dresser
G3,00537-oahi4u45xMf/tasks-island_1.json,52,6,Place the toy in the basket.,OK,place_in,place_in,Place items in the basket of something.,Place the toy in the basket of something.,in,in,;referent_grounding_v1:G3,,NP=toy
G2,00537-oahi4u45xMf/tasks-island_1.json,53,6,Arrange the shelf.,OK,place_on,straighten,Place shelf on surface.,Straighten the shelf.,on,,;referent_grounding_v1:G2,,X=shelf
G1,00537-oahi4u45xMf/tasks-island_1.json,54,6,Set the jar on the dresser.,OK,place_on,place_on,Place jar on surface.,Place the jar on the dresser.,on,on,;referent_grounding_v1:G1,,X=jar|Y=dresser
G2,00537-oahi4u45xMf/tasks-island_1.json,59,7,Arrange the shelf.,OK,place_on,straighten,Place shelf on surface.,Straighten the shelf.,on,,;referent_grounding_v1:G2,,X=shelf
G2,00537-oahi4u45xMf/tasks-island_1.json,63,2,Arrange the shelf.,OK,place_on,straighten,Place shelf on surface.,Straighten the shelf.,on,,;referent_grounding_v1:G2,,X=shelf
G2,00537-oahi4u45xMf/tasks-island_1.json,67,7,Arrange the shelf.,OK,place_on,straighten,Place shelf on surface.,Straighten the shelf.,on,,;referent_grounding_v1:G2,,X=shelf
G1,00537-oahi4u45xMf/tasks-island_1.json,68,3,Set the jar on the dresser.,OK,place_on,place_on,Place jar on surface.,Place the jar on the dresser.,on,on,;referent_grounding_v1:G1,,X=jar|Y=dresser
G2,00537-oahi4u45xMf/tasks-island_1.json,69,4,Arrange the lamp.,OK,place_on,straighten,Place lamp on surface.,Straighten the lamp.,on,,;referent_grounding_v1:G2,,X=lamp
G1,00538-3CBBjsNkhqW/tasks-island_0.json,0,3,Organize the items on the cart.,OK,place_on,place_on,Place cart on surface.,Place the items on the cart.,on,on,;referent_grounding_v1:G1,,X=items|Y=cart
G1,00538-3CBBjsNkhqW/tasks-island_0.json,2,3,Arrange the fruit in the bowl of fruit.,OK,place_in,place_in,Place bowl of fruit in receptacle.,Place the fruit in the bowl of fruit.,in,in,;referent_grounding_v1:G1,,X=fruit|Y=bowl of fruit
G1,00538-3CBBjsNkhqW/tasks-island_0.json,2,4,Arrange the flowers in the vase.,OK,place_in,place_in,Place flower in receptacle.,Place the flowers in the vase.,in,in,;referent_grounding_v1:G1,,X=flowers|Y=vase
G1,00538-3CBBjsNkhqW/tasks-island_0.json,8,1,Organize the files in the file cabinet.,OK,place_in,place_in,Place file cabinet in receptacle.,Place the files in the file cabinet.,in,in,;referent_grounding_v1:G1,,X=files|Y=file cabinet
G2,00538-3CBBjsNkhqW/tasks-island_0.json,45,3,Set the plate.,OK,place_on,straighten,Place plate on surface.,Straighten the plate.,on,,;referent_grounding_v1:G2,,X=plate
G2,00538-3CBBjsNkhqW/tasks-island_0.json,51,1,Arrange the bookshelf.,OK,place_on,straighten,Place bookshelf on surface.,Straighten the bookshelf.,on,,;referent_grounding_v1:G2,,X=bookshelf
G1,00538-3CBBjsNkhqW/tasks-island_0.json,71,3,Organize the books on the bookshelf.,OK,place_on,place_on,Place bookshelf on surface.,Place the books on the bookshelf.,on,on,;referent_grounding_v1:G1,,X=books|Y=bookshelf
G1,00538-3CBBjsNkhqW/tasks-island_0.json,73,2,Set a plate on the dining table.,OK,place_on,place_on,Place plate on surface.,Place the plate on the dining table.,on,on,;referent_grounding_v1:G1,,X=plate|Y=dining table
G2,00538-3CBBjsNkhqW/tasks-island_0.json,80,3,Position the lamp stand.,OK,place_on,reposition,Place lamp stand on surface.,Reposition the lamp stand.,on,,;referent_grounding_v1:G2,,X=lamp stand
G1,00538-3CBBjsNkhqW/tasks-island_0.json,88,4,Set the plate on the table.,OK,place_on,place_on,Place plate on surface.,Place the plate on the table.,on,on,;referent_grounding_v1:G1,,X=plate|Y=table
G2,00538-3CBBjsNkhqW/tasks-island_0.json,90,4,Arrange the seat.,OK,place_on,straighten,Place seat on surface.,Straighten the seat.,on,,;referent_grounding_v1:G2,,X=seat
G2,00538-3CBBjsNkhqW/tasks-island_0.json,95,2,Arrange the tray.,OK,place_on,straighten,Place tray on surface.,Straighten the tray.,on,,;referent_grounding_v1:G2,,X=tray
G2,00538-3CBBjsNkhqW/tasks-island_0.json,99,3,Arrange the storage box.,OK,place_on,straighten,Place storage box on surface.,Straighten the storage box.,on,,;referent_grounding_v1:G2,,X=storage box
G2,00538-3CBBjsNkhqW/tasks-island_0.json,99,4,Position the lamp stand.,OK,place_on,reposition,Place lamp stand on surface.,Reposition the lamp stand.,on,,;referent_grounding_v1:G2,,X=lamp stand
G2,00538-3CBBjsNkhqW/tasks-island_0.json,100,2,Arrange the seat.,OK,place_on,straighten,Place seat on surface.,Straighten the seat.,on,,;referent_grounding_v1:G2,,X=seat
G2,00538-3CBBjsNkhqW/tasks-island_0.json,102,5,Set the plate.,OK,place_on,straighten,Place plate on surface.,Straighten the plate.,on,,;referent_grounding_v1:G2,,X=plate
G2,00538-3CBBjsNkhqW/tasks-island_0.json,104,2,Arrange the hairbrush.,OK,place_on,straighten,Place hairbrush on surface.,Straighten the hairbrush.,on,,;referent_grounding_v1:G2,,X=hairbrush
G2,00538-3CBBjsNkhqW/tasks-island_0.json,108,3,Arrange the storage box.,OK,place_on,straighten,Place storage box on surface.,Straighten the storage box.,on,,;referent_grounding_v1:G2,,X=storage box
G1,00538-3CBBjsNkhqW/tasks-island_0.json,112,5,Set the newspaper on the table.,OK,place_on,place_on,Place newspaper on surface.,Place the newspaper on the table.,on,on,;referent_grounding_v1:G1,,X=newspaper|Y=table
G2,00538-3CBBjsNkhqW/tasks-island_0.json,114,4,Arrange the bowl of fruit.,OK,place_on,straighten,Place bowl of fruit on surface.,Straighten the bowl of fruit.,on,,;referent_grounding_v1:G2,,X=bowl of fruit
G2,00538-3CBBjsNkhqW/tasks-island_0.json,122,2,Arrange the piano bench.,OK,place_on,straighten,Place piano bench on surface.,Straighten the piano bench.,on,,;referent_grounding_v1:G2,,X=piano bench
G2,00538-3CBBjsNkhqW/tasks-island_0.json,127,4,Set the plate.,OK,place_on,straighten,Place plate on surface.,Straighten the plate.,on,,;referent_grounding_v1:G2,,X=plate
G2,00538-3CBBjsNkhqW/tasks-island_0.json,130,3,Arrange the file cabinet.,OK,place_on,straighten,Place file cabinet on surface.,Straighten the file cabinet.,on,,;referent_grounding_v1:G2,,X=file cabinet
G2,00538-3CBBjsNkhqW/tasks-island_0.json,132,4,Set the newspaper.,OK,place_on,straighten,Place newspaper on surface.,Straighten the newspaper.,on,,;referent_grounding_v1:G2,,X=newspaper
G2,00538-3CBBjsNkhqW/tasks-island_0.json,137,5,Arrange the flower.,OK,place_on,straighten,Place flower on surface.,Straighten the flower.,on,,;referent_grounding_v1:G2,,X=flower
G2,00538-3CBBjsNkhqW/tasks-island_0.json,140,1,Arrange the file cabinet.,OK,place_on,straighten,Place file cabinet on surface.,Straighten the file cabinet.,on,,;referent_grounding_v1:G2,,X=file cabinet
G2,00538-3CBBjsNkhqW/tasks-island_0.json,149,2,Set the plate.,OK,place_on,straighten,Place plate on surface.,Straighten the plate.,on,,;referent_grounding_v1:G2,,X=plate
G2,00538-3CBBjsNkhqW/tasks-island_0.json,155,6,Arrange the hanger.,OK,place_on,straighten,Place hanger on surface.,Straighten the hanger.,on,,;referent_grounding_v1:G2,,X=hanger
G2,00538-3CBBjsNkhqW/tasks-island_0.json,156,5,Arrange the tray.,OK,place_on,straighten,Place tray on surface.,Straighten the tray.,on,,;referent_grounding_v1:G2,,X=tray
G2,00538-3CBBjsNkhqW/tasks-island_0.json,158,5,Set the plate.,OK,place_on,straighten,Place plate on surface.,Straighten the plate.,on,,;referent_grounding_v1:G2,,X=plate
G2,00538-3CBBjsNkhqW/tasks-island_0.json,166,5,Set the plate.,OK,place_on,straighten,Place plate on surface.,Straighten the plate.,on,,;referent_grounding_v1:G2,,X=plate
G2,00538-3CBBjsNkhqW/tasks-island_0.json,172,1,Arrange the container.,OK,place_on,straighten,Place container on surface.,Straighten the container.,on,,;referent_grounding_v1:G2,,X=container
G2,00538-3CBBjsNkhqW/tasks-island_0.json,175,5,Set the plate.,OK,place_on,straighten,Place plate on surface.,Straighten the plate.,on,,;referent_grounding_v1:G2,,X=plate
G2,00538-3CBBjsNkhqW/tasks-island_0.json,182,3,Set the book.,OK,place_on,straighten,Place book on surface.,Straighten the book.,on,,;referent_grounding_v1:G2,,X=book
G2,00538-3CBBjsNkhqW/tasks-island_0.json,185,5,Arrange the piano bench.,OK,place_on,straighten,Place piano bench on surface.,Straighten the piano bench.,on,,;referent_grounding_v1:G2,,X=piano bench
G2,00538-3CBBjsNkhqW/tasks-island_0.json,188,3,Arrange the rack.,OK,place_on,straighten,Place rack on surface.,Straighten the rack.,on,,;referent_grounding_v1:G2,,X=rack
G2,00538-3CBBjsNkhqW/tasks-island_0.json,197,3,Arrange the piano bench.,OK,place_on,straighten,Place piano bench on surface.,Straighten the piano bench.,on,,;referent_grounding_v1:G2,,X=piano bench
G2,00538-3CBBjsNkhqW/tasks-island_0.json,212,2,Arrange the book.,OK,place_on,straighten,Place book on surface.,Straighten the book.,on,,;referent_grounding_v1:G2,,X=book
G4,00538-3CBBjsNkhqW/tasks-island_0.json,213,2,Fill it at the sink.,FLAG,fill,fill,Use the sink to fill a container.,Use the sink to fill a container.,at,at,;ungrounded_anaphora,,no_vessel_found
G1,00538-3CBBjsNkhqW/tasks-island_0.json,222,4,Set the plate on the counter.,OK,place_on,place_on,Place plate on surface.,Place the plate on the counter.,on,on,;referent_grounding_v1:G1,,X=plate|Y=counter
G2,00538-3CBBjsNkhqW/tasks-island_0.json,227,5,Set the plate.,OK,place_on,straighten,Place plate on surface.,Straighten the plate.,on,,;referent_grounding_v1:G2,,X=plate
G2,00538-3CBBjsNkhqW/tasks-island_0.json,230,3,Set the plate.,OK,place_on,straighten,Place plate on surface.,Straighten the plate.,on,,;referent_grounding_v1:G2,,X=plate
G2,00538-3CBBjsNkhqW/tasks-island_0.json,236,5,Arrange the bowl of fruit.,OK,place_on,straighten,Place bowl of fruit on surface.,Straighten the bowl of fruit.,on,,;referent_grounding_v1:G2,,X=bowl of fruit
G2,00538-3CBBjsNkhqW/tasks-island_0.json,238,3,Set the plate.,OK,place_on,straighten,Place plate on surface.,Straighten the plate.,on,,;referent_grounding_v1:G2,,X=plate
G2,00538-3CBBjsNkhqW/tasks-island_0.json,240,5,Arrange the storage box.,OK,place_on,straighten,Place storage box on surface.,Straighten the storage box.,on,,;referent_grounding_v1:G2,,X=storage box
G2,00538-3CBBjsNkhqW/tasks-island_0.json,241,6,Set the plate.,OK,place_on,straighten,Place plate on surface.,Straighten the plate.,on,,;referent_grounding_v1:G2,,X=plate
G2,00538-3CBBjsNkhqW/tasks-island_0.json,249,5,Arrange the hanger.,OK,place_on,straighten,Place hanger on surface.,Straighten the hanger.,on,,;referent_grounding_v1:G2,,X=hanger
G2,00538-3CBBjsNkhqW/tasks-island_0.json,250,6,Arrange the cabinet.,OK,place_on,straighten,Place cabinet on surface.,Straighten the cabinet.,on,,;referent_grounding_v1:G2,,X=cabinet
G2,00538-3CBBjsNkhqW/tasks-island_0.json,251,4,Set the plate.,OK,place_on,straighten,Place plate on surface.,Straighten the plate.,on,,;referent_grounding_v1:G2,,X=plate
G2,00538-3CBBjsNkhqW/tasks-island_0.json,258,4,Set the plate.,OK,place_on,straighten,Place plate on surface.,Straighten the plate.,on,,;referent_grounding_v1:G2,,X=plate
G2,00538-3CBBjsNkhqW/tasks-island_0.json,259,4,Arrange the storage box.,OK,place_on,straighten,Place storage box on surface.,Straighten the storage box.,on,,;referent_grounding_v1:G2,,X=storage box
G2,00538-3CBBjsNkhqW/tasks-island_0.json,261,5,Arrange the rack.,OK,place_on,straighten,Place rack on surface.,Straighten the rack.,on,,;referent_grounding_v1:G2,,X=rack
G2,00538-3CBBjsNkhqW/tasks-island_0.json,262,4,Set the plate.,OK,place_on,straighten,Place plate on surface.,Straighten the plate.,on,,;referent_grounding_v1:G2,,X=plate
G2,00538-3CBBjsNkhqW/tasks-island_0.json,262,7,Arrange the ornament.,OK,place_on,straighten,Place ornament on surface.,Straighten the ornament.,on,,;referent_grounding_v1:G2,,X=ornament
G2,00538-3CBBjsNkhqW/tasks-island_0.json,268,2,Position the piano bench.,OK,place_on,reposition,Place piano bench on surface.,Reposition the piano bench.,on,,;referent_grounding_v1:G2,,X=piano bench
G2,00538-3CBBjsNkhqW/tasks-island_0.json,277,3,Position the piano bench.,OK,place_on,reposition,Place piano bench on surface.,Reposition the piano bench.,on,,;referent_grounding_v1:G2,,X=piano bench
G2,00538-3CBBjsNkhqW/tasks-island_0.json,283,1,Arrange the rack.,OK,place_on,straighten,Place rack on surface.,Straighten the rack.,on,,;referent_grounding_v1:G2,,X=rack
G2,00538-3CBBjsNkhqW/tasks-island_0.json,286,4,Set the plate.,OK,place_on,straighten,Place plate on surface.,Straighten the plate.,on,,;referent_grounding_v1:G2,,X=plate
G2,00538-3CBBjsNkhqW/tasks-island_0.json,290,2,Arrange the bookshelf.,OK,place_on,straighten,Place bookshelf on surface.,Straighten the bookshelf.,on,,;referent_grounding_v1:G2,,X=bookshelf
G2,00538-3CBBjsNkhqW/tasks-island_0.json,294,7,Arrange the basket of something.,OK,place_on,straighten,Place basket of something on surface.,Straighten the basket of something.,on,,;referent_grounding_v1:G2,,X=basket of something
G1,00538-3CBBjsNkhqW/tasks-island_0.json,302,1,Set the plate on the table.,OK,place_on,place_on,Place plate on surface.,Place the plate on the table.,on,on,;referent_grounding_v1:G1,,X=plate|Y=table
G2,00538-3CBBjsNkhqW/tasks-island_0.json,303,3,Arrange the l-shaped sofa.,OK,place_in,straighten,Place l-shaped sofa in receptacle.,Straighten the l-shaped sofa.,in,,;referent_grounding_v1:G2,,X=l-shaped sofa
G2,00538-3CBBjsNkhqW/tasks-island_0.json,317,1,Arrange the l-shaped sofa.,OK,place_in,straighten,Place l-shaped sofa in receptacle.,Straighten the l-shaped sofa.,in,,;referent_grounding_v1:G2,,X=l-shaped sofa
G1,00539-zUG6FL9TYeR/tasks-island_0.json,2,2,Set the plate on the table.,OK,place_on,place_on,Place plate on surface.,Place the plate on the table.,on,on,;referent_grounding_v1:G1,,X=plate|Y=table
G2,00539-zUG6FL9TYeR/tasks-island_0.json,42,1,Position the laptop computer.,OK,place_on,reposition,Place laptop computer on surface.,Reposition the laptop computer.,on,,;referent_grounding_v1:G2,,X=laptop computer
G3,00539-zUG6FL9TYeR/tasks-island_0.json,46,1,Fluff the pillows on the couch.,OK,fluff,fluff,Fluff items on the couch.,Fluff the pillows on the couch.,on,on,;referent_grounding_v1:G3,,NP=pillows
G1,00539-zUG6FL9TYeR/tasks-island_0.json,51,1,Set the plate on the table.,OK,place_on,place_on,Place plate on surface.,Place the plate on the table.,on,on,;referent_grounding_v1:G1,,X=plate|Y=table
G2,00539-zUG6FL9TYeR/tasks-island_0.json,56,1,Position the laptop computer.,OK,place_on,reposition,Place laptop computer on surface.,Reposition the laptop computer.,on,,;referent_grounding_v1:G2,,X=laptop computer
G2,00539-zUG6FL9TYeR/tasks-island_0.json,64,2,Position the laptop computer.,OK,place_on,reposition,Place laptop computer on surface.,Reposition the laptop computer.,on,,;referent_grounding_v1:G2,,X=laptop computer
G1,00539-zUG6FL9TYeR/tasks-island_0.json,80,6,Set the bowl on the table.,OK,place_on,place_on,Place bowl on surface.,Place the bowl on the table.,on,on,;referent_grounding_v1:G1,,X=bowl|Y=table
G2,00539-zUG6FL9TYeR/tasks-island_0.json,148,7,Arrange the vase.,OK,place_on,straighten,Place vase on surface.,Straighten the vase.,on,,;referent_grounding_v1:G2,,X=vase
G4,00541-FnDDfrBZPhh/tasks-island_0.json,0,2,Fill the pitcher at the sink.,RESOLVED,fill,fill,Use the sink to fill a container.,Fill the pitcher at the sink.,at,at,;referent_grounding_v1:G4,,vessel=pitcher
G2,00541-FnDDfrBZPhh/tasks-island_0.json,5,2,Position the keyboard correctly.,OK,place_on,reposition,Place keyboard on surface.,Reposition the keyboard correctly.,on,,;referent_grounding_v1:G2,,X=keyboard correctly
G4,00541-FnDDfrBZPhh/tasks-island_0.json,8,3,Fill the pot at the sink.,RESOLVED,fill,fill,Use the sink to fill a container.,Fill the pot at the sink.,at,at,;referent_grounding_v1:G4,,vessel=pot
G4,00541-FnDDfrBZPhh/tasks-island_0.json,15,2,Fill it with water at the sink.,RESOLVED,fill,fill,Use the sink to fill a container.,Fill the vase at the sink.,at,at,;referent_grounding_v1:G4,,vessel=vase
G2,00541-FnDDfrBZPhh/tasks-island_0.json,25,2,Arrange the stuffed animal.,OK,place_on,straighten,Place stuffed animal on surface.,Straighten the stuffed animal.,on,,;referent_grounding_v1:G2,,X=stuffed animal
G2,00541-FnDDfrBZPhh/tasks-island_0.json,28,2,Arrange the drawer.,OK,place_on,straighten,Place drawers on surface.,Straighten the drawer.,on,,;referent_grounding_v1:G2,,X=drawer
G2,00541-FnDDfrBZPhh/tasks-island_0.json,29,4,Arrange the bedroom cabinet.,OK,place_on,straighten,Place cabinet on surface.,Straighten the bedroom cabinet.,on,,;referent_grounding_v1:G2,,X=bedroom cabinet
G4,00541-FnDDfrBZPhh/tasks-island_0.json,36,2,Fill the kettle at the sink.,RESOLVED,fill,fill,Use the sink to fill a container.,Fill the kettle at the sink.,at,at,;referent_grounding_v1:G4,,vessel=kettle
G2,00541-FnDDfrBZPhh/tasks-island_0.json,37,3,Arrange the keyboard.,OK,place_on,straighten,Place keyboard on surface.,Straighten the keyboard.,on,,;referent_grounding_v1:G2,,X=keyboard
G2,00541-FnDDfrBZPhh/tasks-island_0.json,43,2,Arrange the box.,OK,place_on,straighten,Place box on surface.,Straighten the box.,on,,;referent_grounding_v1:G2,,X=box
G2,00541-FnDDfrBZPhh/tasks-island_0.json,49,4,Arrange the box.,OK,place_on,straighten,Place box on surface.,Straighten the box.,on,,;referent_grounding_v1:G2,,X=box
G2,00541-FnDDfrBZPhh/tasks-island_0.json,54,5,Arrange the basket.,OK,place_on,straighten,Place basket on surface.,Straighten the basket.,on,,;referent_grounding_v1:G2,,X=basket
G2,00541-FnDDfrBZPhh/tasks-island_0.json,59,4,Arrange the box.,OK,place_on,straighten,Place box on surface.,Straighten the box.,on,,;referent_grounding_v1:G2,,X=box
G2,00541-FnDDfrBZPhh/tasks-island_0.json,60,3,Arrange the container.,OK,place_on,straighten,Place container on surface.,Straighten the container.,on,,;referent_grounding_v1:G2,,X=container
G1,00541-FnDDfrBZPhh/tasks-island_0.json,63,4,Tidy the laundry in the laundry basket.,OK,place_in,place_in,Place laundry basket in receptacle.,Place the laundry in the laundry basket.,in,in,;referent_grounding_v1:G1,,X=laundry|Y=laundry basket
G2,00541-FnDDfrBZPhh/tasks-island_0.json,80,4,Position the keyboard.,OK,place_on,reposition,Place keyboard on surface.,Reposition the keyboard.,on,,;referent_grounding_v1:G2,,X=keyboard
G2,00541-FnDDfrBZPhh/tasks-island_0.json,82,3,Arrange the kitchenware.,OK,place_on,straighten,Place kitchenware on surface.,Straighten the kitchenware.,on,,;referent_grounding_v1:G2,,X=kitchenware
G2,00541-FnDDfrBZPhh/tasks-island_0.json,89,4,Arrange the stuffed animal.,OK,place_on,straighten,Place stuffed animal on surface.,Straighten the stuffed animal.,on,,;referent_grounding_v1:G2,,X=stuffed animal
G2,00541-FnDDfrBZPhh/tasks-island_0.json,91,3,Arrange the cabinet.,OK,place_on,straighten,Place cabinet on surface.,Straighten the cabinet.,on,,;referent_grounding_v1:G2,,X=cabinet
G2,00541-FnDDfrBZPhh/tasks-island_0.json,95,6,Reposition the soundbar.,OK,place_on,reposition,Place soundbar on surface.,Reposition the soundbar.,on,,;referent_grounding_v1:G2,,X=soundbar
G2,00541-FnDDfrBZPhh/tasks-island_0.json,100,4,Arrange the wood.,OK,place_on,straighten,Place wood on surface.,Straighten the wood.,on,,;referent_grounding_v1:G2,,X=wood
G2,00541-FnDDfrBZPhh/tasks-island_0.json,107,2,Arrange the shelving.,OK,place_on,straighten,Place shelving on surface.,Straighten the shelving.,on,,;referent_grounding_v1:G2,,X=shelving
G1,00541-FnDDfrBZPhh/tasks-island_0.json,115,5,Set a flower vase on the cabinet.,OK,place_on,place_on,Place flower vase on surface.,Place the flower vase on the cabinet.,on,on,;referent_grounding_v1:G1,,X=flower vase|Y=cabinet
G2,00541-FnDDfrBZPhh/tasks-island_0.json,125,2,Arrange the containers.,OK,place_on,straighten,Place container on surface.,Straighten the containers.,on,,;referent_grounding_v1:G2,,X=containers
G2,00541-FnDDfrBZPhh/tasks-island_0.json,134,6,Arrange the ball chair for comfort.,OK,place_on,straighten,Place ball chair on surface.,Straighten the ball chair.,on,,;referent_grounding_v1:G2,,X=ball chair
G1,00541-FnDDfrBZPhh/tasks-island_0.json,135,4,Organize the magazines into the basket.,OK,place_in,place_in,Place basket in receptacle.,Place the magazines into the basket.,in,in,;referent_grounding_v1:G1,,X=magazines|Y=basket
G1,00541-FnDDfrBZPhh/tasks-island_0.json,135,7,Rearrange the flowers in the flower vase.,OK,place_in,place_in,Place flower vase in receptacle.,Place the flowers in the flower vase.,in,in,;referent_grounding_v1:G1,,X=flowers|Y=flower vase
G1,00541-FnDDfrBZPhh/tasks-island_0.json,137,6,Tidy the toiletries in the cabinet.,OK,place_in,place_in,Place cabinet in receptacle.,Place the toiletries in the cabinet.,in,in,;referent_grounding_v1:G1,,X=toiletries|Y=cabinet
G4,00541-FnDDfrBZPhh/tasks-island_0.json,141,3,Fill the pitcher at the sink.,RESOLVED,fill,fill,Use the sink to fill a container.,Fill the pitcher at the sink.,at,at,;referent_grounding_v1:G4,,vessel=pitcher
G1,00541-FnDDfrBZPhh/tasks-island_0.json,147,6,Organize the tea bags in the cabinet.,OK,place_in,place_in,Place cabinet in receptacle.,Place the tea bags in the cabinet.,in,in,;referent_grounding_v1:G1,,X=tea bags|Y=cabinet
G4,00541-FnDDfrBZPhh/tasks-island_0.json,150,7,Fill the water bowl at the sink.,FLAG,fill,fill,Use the sink to fill a container.,Use the sink to fill a container.,at,at,;ungrounded_anaphora,,no_vessel_found
G2,00546-nS8T59Aw3sf/tasks-island_2.json,11,4,Arrange the fruit bowl.,OK,place_on,straighten,Place fruit bowl on surface.,Straighten the fruit bowl.,on,,;referent_grounding_v1:G2,,X=fruit bowl
G2,00546-nS8T59Aw3sf/tasks-island_2.json,33,6,Arrange the flower.,OK,place_on,straighten,Place flower on surface.,Straighten the flower.,on,,;referent_grounding_v1:G2,,X=flower
G1,00546-nS8T59Aw3sf/tasks-island_2.json,40,5,Organize the books on the shelf.,OK,place_on,place_on,Place shelf on surface.,Place the books on the shelf.,on,on,;referent_grounding_v1:G1,,X=books|Y=shelf
G1,00546-nS8T59Aw3sf/tasks-island_2.json,41,2,Arrange the books on the bookshelf.,OK,place_on,place_on,Place bookshelf on surface.,Place the books on the bookshelf.,on,on,;referent_grounding_v1:G1,,X=books|Y=bookshelf
G2,00546-nS8T59Aw3sf/tasks-island_2.json,42,7,Arrange the fruit bowl.,OK,place_on,straighten,Place fruit bowl on surface.,Straighten the fruit bowl.,on,,;referent_grounding_v1:G2,,X=fruit bowl
G2,00546-nS8T59Aw3sf/tasks-island_2.json,49,7,Arrange the bottles.,OK,place_on,straighten,Place bottles on surface.,Straighten the bottles.,on,,;referent_grounding_v1:G2,,X=bottles
G2,00547-9h5JJxM6E5S/tasks-island_0.json,3,4,Organize the items inside the cabinet.,OK,place_in,straighten,Place cabinet in receptacle.,Straighten the items inside the cabinet.,in,,;referent_grounding_v1:G2,,X=items inside the cabinet
G1,00547-9h5JJxM6E5S/tasks-island_0.json,7,4,Organize the clothes in the wardrobe.,OK,place_in,place_in,Place wardrobe in receptacle.,Place the clothes in the wardrobe.,in,in,;referent_grounding_v1:G1,,X=clothes|Y=wardrobe
G4,00547-9h5JJxM6E5S/tasks-island_0.json,8,3,Fill the cup at the sink.,RESOLVED,fill,fill,Use the sink to fill a container.,Fill the cup at the sink.,at,at,;referent_grounding_v1:G4,,vessel=cup
G1,00547-9h5JJxM6E5S/tasks-island_0.json,11,2,Organize files in the chest of drawers.,OK,place_in,place_in,Place chest of drawers in receptacle.,Place the files in the chest of drawers.,in,in,;referent_grounding_v1:G1,,X=files|Y=chest of drawers
G2,00547-9h5JJxM6E5S/tasks-island_0.json,16,2,Reposition the plant.,OK,place_on,reposition,Place plant on surface.,Reposition the plant.,on,,;referent_grounding_v1:G2,,X=plant
G1,00547-9h5JJxM6E5S/tasks-island_0.json,24,1,Sort items in the wardrobe.,OK,place_in,place_in,Place wardrobe in receptacle.,Place the items in the wardrobe.,in,in,;referent_grounding_v1:G1,,X=items|Y=wardrobe
G3,00547-9h5JJxM6E5S/tasks-island_0.json,28,4,Put away clothes in the chest of drawers.,OK,store,store,Store items in the chest of drawers.,Store the clothes in the chest of drawers.,in,in,;referent_grounding_v1:G3,,NP=clothes
G2,00547-9h5JJxM6E5S/tasks-island_0.json,59,3,Arrange the pot.,OK,place_on,straighten,Place pot on surface.,Straighten the pot.,on,,;referent_grounding_v1:G2,,X=pot
G1,00547-9h5JJxM6E5S/tasks-island_0.json,113,6,Set the cup on the table.,OK,place_on,place_on,Place cup on surface.,Place the cup on the table.,on,on,;referent_grounding_v1:G1,,X=cup|Y=table
G2,00547-9h5JJxM6E5S/tasks-island_0.json,114,4,Position the mouse for use.,OK,place_on,reposition,Place mouse on surface.,Reposition the mouse.,on,,;referent_grounding_v1:G2,,X=mouse
G1,00547-9h5JJxM6E5S/tasks-island_0.json,121,5,Arrange items on the shelf.,OK,place_on,place_on,Place shelf on surface.,Place the items on the shelf.,on,on,;referent_grounding_v1:G1,,X=items|Y=shelf
G1,00547-9h5JJxM6E5S/tasks-island_0.json,126,6,Set the cup on the table.,OK,place_on,place_on,Place cup on surface.,Place the cup on the table.,on,on,;referent_grounding_v1:G1,,X=cup|Y=table
G2,00547-9h5JJxM6E5S/tasks-island_0.json,136,6,Set the plate.,OK,place_on,straighten,Place plate on surface.,Straighten the plate.,on,,;referent_grounding_v1:G2,,X=plate
G2,00547-9h5JJxM6E5S/tasks-island_0.json,153,1,Arrange the bookshelf.,OK,place_on,straighten,Place bookshelf on surface.,Straighten the bookshelf.,on,,;referent_grounding_v1:G2,,X=bookshelf
G1,00547-9h5JJxM6E5S/tasks-island_0.json,159,1,Organize the books on the bookshelf.,OK,place_on,place_on,Place bookshelf on surface.,Place the books on the bookshelf.,on,on,;referent_grounding_v1:G1,,X=books|Y=bookshelf
G2,00547-9h5JJxM6E5S/tasks-island_0.json,165,3,Arrange the wardrobe.,OK,place_on,straighten,Place wardrobe on surface.,Straighten the wardrobe.,on,,;referent_grounding_v1:G2,,X=wardrobe
G1,00547-9h5JJxM6E5S/tasks-island_0.json,168,6,Set a plate on the table.,OK,place_on,place_on,Place plate on surface.,Place the plate on the table.,on,on,;referent_grounding_v1:G1,,X=plate|Y=table
G2,00547-9h5JJxM6E5S/tasks-island_0.json,169,2,Arrange the hanging clothes.,OK,place_on,straighten,Place hanging clothes on surface.,Straighten the hanging clothes.,on,,;referent_grounding_v1:G2,,X=hanging clothes
G2,00547-9h5JJxM6E5S/tasks-island_0.json,173,1,Arrange the bookshelf.,OK,place_on,straighten,Place bookshelf on surface.,Straighten the bookshelf.,on,,;referent_grounding_v1:G2,,X=bookshelf
G2,00547-9h5JJxM6E5S/tasks-island_0.json,186,6,Set the cup.,OK,place_on,straighten,Place cup on surface.,Straighten the cup.,on,,;referent_grounding_v1:G2,,X=cup
G2,00547-9h5JJxM6E5S/tasks-island_0.json,200,4,Set the toaster.,OK,place_on,straighten,Place toaster on surface.,Straighten the toaster.,on,,;referent_grounding_v1:G2,,X=toaster
G2,00557-fRZhp6vWGw7/tasks-island_1.json,14,3,Reposition the plant.,OK,place_on,reposition,Place plant on surface.,Reposition the plant.,on,,;referent_grounding_v1:G2,,X=plant
G2,00557-fRZhp6vWGw7/tasks-island_1.json,23,2,Display the boat model.,OK,place_on,straighten,Place boat model on surface.,Straighten the boat model.,on,,;referent_grounding_v1:G2,,X=boat model
G2,00557-fRZhp6vWGw7/tasks-island_1.json,38,3,Arrange the boat model.,OK,place_on,straighten,Place boat model on surface.,Straighten the boat model.,on,,;referent_grounding_v1:G2,,X=boat model
G2,00557-fRZhp6vWGw7/tasks-island_1.json,43,2,Arrange the chess set.,OK,place_on,straighten,Place chess on surface.,Straighten the chess set.,on,,;referent_grounding_v1:G2,,X=chess set
G1,00557-fRZhp6vWGw7/tasks-island_1.json,55,4,Tidy the books on the shelving.,OK,place_on,place_on,Place shelving on surface.,Place the books on the shelving.,on,on,;referent_grounding_v1:G1,,X=books|Y=shelving
G1,00557-fRZhp6vWGw7/tasks-island_1.json,80,2,Organize files in the cabinet.,OK,place_in,place_in,Place cabinet in receptacle.,Place the files in the cabinet.,in,in,;referent_grounding_v1:G1,,X=files|Y=cabinet
G4,00557-fRZhp6vWGw7/tasks-island_1.json,90,3,Fill the glass at the sink.,RESOLVED,fill,fill,Use the sink to fill a container.,Fill the glass at the sink.,at,at,;referent_grounding_v1:G4,,vessel=glass
G3,00557-fRZhp6vWGw7/tasks-island_1.json,103,2,Put away the leftovers in the fridge.,OK,store,store,Store items in the fridge.,Store the leftovers in the fridge.,in,in,;referent_grounding_v1:G3,,NP=leftovers
G1,00557-fRZhp6vWGw7/tasks-island_1.json,131,3,Set the bowl on the coffee table.,OK,place_in,place_on,Place bowl in receptacle.,Place the bowl on the coffee table.,in,on,;referent_grounding_v1:G1,,X=bowl|Y=coffee table
G1,00557-fRZhp6vWGw7/tasks-island_1.json,141,1,Organize the items in the cabinet.,OK,place_in,place_in,Place cabinet in receptacle.,Place the items in the cabinet.,in,in,;referent_grounding_v1:G1,,X=items|Y=cabinet
G1,00557-fRZhp6vWGw7/tasks-island_1.json,142,4,Organize books on the bookshelf.,OK,place_on,place_on,Place bookshelf on surface.,Place the books on the bookshelf.,on,on,;referent_grounding_v1:G1,,X=books|Y=bookshelf
G2,00557-fRZhp6vWGw7/tasks-island_1.json,159,2,Arrange the basket.,OK,place_on,straighten,Place basket on surface.,Straighten the basket.,on,,;referent_grounding_v1:G2,,X=basket
G2,00557-fRZhp6vWGw7/tasks-island_1.json,160,6,Arrange the coffee table.,OK,place_on,straighten,Place coffee table on surface.,Straighten the coffee table.,on,,;referent_grounding_v1:G2,,X=coffee table
G2,00557-fRZhp6vWGw7/tasks-island_1.json,167,2,Arrange the book.,OK,place_on,straighten,Place book on surface.,Straighten the book.,on,,;referent_grounding_v1:G2,,X=book
G1,00557-fRZhp6vWGw7/tasks-island_1.json,206,5,Organize the objects on the rack.,OK,place_on,place_on,Place rack on surface.,Place the objects on the rack.,on,on,;referent_grounding_v1:G1,,X=objects|Y=rack
G1,00557-fRZhp6vWGw7/tasks-island_1.json,215,3,Organize the files in the cabinet.,OK,place_in,place_in,Place cabinet in receptacle.,Place the files in the cabinet.,in,in,;referent_grounding_v1:G1,,X=files|Y=cabinet
G1,00557-fRZhp6vWGw7/tasks-island_1.json,228,4,Organize the items on the rack.,OK,place_on,place_on,Place rack on surface.,Place the items on the rack.,on,on,;referent_grounding_v1:G1,,X=items|Y=rack
G1,00560-gjhYih4upQ9/tasks-island_0.json,4,4,Organize the items on the shelf.,OK,place_on,place_on,Place shelf on surface.,Place the items on the shelf.,on,on,;referent_grounding_v1:G1,,X=items|Y=shelf
G3,00560-gjhYih4upQ9/tasks-island_0.json,16,4,Put away the dry clothes in the wardrobe.,OK,store,store,Store items in the wardrobe.,Store the dry clothes in the wardrobe.,in,in,;referent_grounding_v1:G3,,NP=dry clothes
G2,00560-gjhYih4upQ9/tasks-island_0.json,26,4,Position the computer keyboard.,OK,place_on,reposition,Place computer keyboard on surface.,Reposition the computer keyboard.,on,,;referent_grounding_v1:G2,,X=computer keyboard
G1,00560-gjhYih4upQ9/tasks-island_0.json,41,2,Set the jar on the nightstand.,OK,place_on,place_on,Place jar on surface.,Place the jar on the nightstand.,on,on,;referent_grounding_v1:G1,,X=jar|Y=nightstand
G4,00560-gjhYih4upQ9/tasks-island_0.json,48,1,Fill a cup with water at the sink.,FLAG,fill,fill,Use the sink to fill a container.,Use the sink to fill a container.,at,at,;ungrounded_anaphora,,no_vessel_found
G3,00560-gjhYih4upQ9/tasks-island_0.json,58,3,Place fresh flowers in the vase.,OK,place_in,place_in,Place items in the flower vase.,Place the fresh flowers in the flower vase.,in,in,;referent_grounding_v1:G3,,NP=fresh flowers
G1,00560-gjhYih4upQ9/tasks-island_0.json,59,1,Sort clothes in the wardrobe.,OK,place_in,place_in,Place wardrobe in receptacle.,Place the clothes in the wardrobe.,in,in,;referent_grounding_v1:G1,,X=clothes|Y=wardrobe
G4,00560-gjhYih4upQ9/tasks-island_0.json,68,1,Fill a pitcher at the sink.,FLAG,fill,fill,Use the sink to fill a container.,Use the sink to fill a container.,at,at,;ungrounded_anaphora,,no_vessel_found
G3,00560-gjhYih4upQ9/tasks-island_0.json,74,1,Put away supplies in the cabinet.,OK,store,store,Store items in the cabinet.,Store the supplies in the cabinet.,in,in,;referent_grounding_v1:G3,,NP=supplies
G2,00560-gjhYih4upQ9/tasks-island_0.json,85,3,Arrange the flower vase.,OK,place_on,straighten,Place flower vase on surface.,Straighten the flower vase.,on,,;referent_grounding_v1:G2,,X=flower vase
G2,00560-gjhYih4upQ9/tasks-island_0.json,91,5,Arrange the jar.,OK,place_on,straighten,Place jar on surface.,Straighten the jar.,on,,;referent_grounding_v1:G2,,X=jar
G3,00560-gjhYih4upQ9/tasks-island_0.json,98,3,Place the laptop on the desk.,OK,place_on,place_on,Place items on the laptop_computer.,Place the laptop on the laptop_computer.,on,on,;referent_grounding_v1:G3,,NP=laptop
G1,00560-gjhYih4upQ9/tasks-island_0.json,99,2,Organize items in the cabinet.,OK,place_in,place_in,Place cabinet in receptacle.,Place the items in the cabinet.,in,in,;referent_grounding_v1:G1,,X=items|Y=cabinet
G3,00560-gjhYih4upQ9/tasks-island_0.json,100,6,Place flowers in the vase.,OK,place_in,place_in,Place items in the flower vase.,Place the flowers in the flower vase.,in,in,;referent_grounding_v1:G3,,NP=flowers
G2,00560-gjhYih4upQ9/tasks-island_0.json,107,2,Arrange the shampoo bottle.,OK,place_on,straighten,Place shampoo on surface.,Straighten the shampoo bottle.,on,,;referent_grounding_v1:G2,,X=shampoo bottle
G1,00560-gjhYih4upQ9/tasks-island_0.json,108,5,Tidy the items on the shelf.,OK,place_on,place_on,Place shelf on surface.,Place the items on the shelf.,on,on,;referent_grounding_v1:G1,,X=items|Y=shelf
G3,00560-gjhYih4upQ9/tasks-island_0.json,113,2,Place the laptop on the table.,OK,place_on,place_on,Place items on the laptop_computer.,Place the laptop on the laptop_computer.,on,on,;referent_grounding_v1:G3,,NP=laptop
G2,00560-gjhYih4upQ9/tasks-island_0.json,113,6,Arrange the computer keyboard.,OK,place_on,straighten,Place computer keyboard on surface.,Straighten the computer keyboard.,on,,;referent_grounding_v1:G2,,X=computer keyboard
G2,00560-gjhYih4upQ9/tasks-island_0.json,118,3,Position the lamp.,OK,place_on,reposition,Place lamp on surface.,Reposition the lamp.,on,,;referent_grounding_v1:G2,,X=lamp
G2,00560-gjhYih4upQ9/tasks-island_0.json,124,4,Set the hairbrush.,OK,place_on,straighten,Place hairbrush on surface.,Straighten the hairbrush.,on,,;referent_grounding_v1:G2,,X=hairbrush
G1,00560-gjhYih4upQ9/tasks-island_0.json,128,4,Sort clothes in the bag.,OK,place_in,place_in,Place bag in receptacle.,Place the clothes in the bag.,in,in,;referent_grounding_v1:G1,,X=clothes|Y=bag
G2,00560-gjhYih4upQ9/tasks-island_0.json,135,2,Arrange the bag.,OK,place_on,straighten,Place bag on surface.,Straighten the bag.,on,,;referent_grounding_v1:G2,,X=bag
G2,00560-gjhYih4upQ9/tasks-island_0.json,136,5,Set aside the device.,OK,place_on,straighten,Place device on surface.,Straighten the aside the device.,on,,;referent_grounding_v1:G2,,X=aside the device
G2,00560-gjhYih4upQ9/tasks-island_0.json,141,6,Arrange the flower vase.,OK,place_on,straighten,Place flower vase on surface.,Straighten the flower vase.,on,,;referent_grounding_v1:G2,,X=flower vase
G2,00560-gjhYih4upQ9/tasks-island_0.json,148,3,Set the coffee maker.,OK,place_on,straighten,Place coffee maker on surface.,Straighten the coffee maker.,on,,;referent_grounding_v1:G2,,X=coffee maker
G3,00560-gjhYih4upQ9/tasks-island_0.json,152,4,Put the bag away in the wardrobe.,OK,store,store,Store items in the wardrobe.,Store the bag in the wardrobe.,in,in,;referent_grounding_v1:G3,,NP=bag
G1,00560-gjhYih4upQ9/tasks-island_0.json,156,2,Organize toiletries in the sink cabinet.,OK,place_in,place_in,Place sink cabinet in receptacle.,Place the toiletries in the sink cabinet.,in,in,;referent_grounding_v1:G1,,X=toiletries|Y=sink cabinet
G3,00560-gjhYih4upQ9/tasks-island_0.json,160,2,Put away plates in the cabinet.,OK,store,store,Store items in the cabinet.,Store the plates in the cabinet.,in,in,;referent_grounding_v1:G3,,NP=plates
G1,00560-gjhYih4upQ9/tasks-island_0.json,164,1,Sort clothes in the wardrobe.,OK,place_in,place_in,Place wardrobe in receptacle.,Place the clothes in the wardrobe.,in,in,;referent_grounding_v1:G1,,X=clothes|Y=wardrobe
G1,00560-gjhYih4upQ9/tasks-island_0.json,166,6,Organize jars on the shelf.,OK,place_on,place_on,Place shelf on surface.,Place the jars on the shelf.,on,on,;referent_grounding_v1:G1,,X=jars|Y=shelf
G4,00560-gjhYih4upQ9/tasks-island_0.json,172,1,Fill a water bottle at the sink.,FLAG,fill,fill,Use the sink to fill a container.,Use the sink to fill a container.,at,at,;ungrounded_anaphora,,no_vessel_found
G1,00560-gjhYih4upQ9/tasks-island_0.json,173,6,Organize cleaning supplies on the shelf.,OK,place_in,place_on,Place shelf in receptacle.,Place the cleaning supplies on the shelf.,in,on,;referent_grounding_v1:G1,,X=cleaning supplies|Y=shelf
G1,00560-gjhYih4upQ9/tasks-island_0.json,174,1,Rearrange pans in the cabinet.,OK,place_in,place_in,Place cabinet in receptacle.,Place the pans in the cabinet.,in,in,;referent_grounding_v1:G1,,X=pans|Y=cabinet
G1,00560-gjhYih4upQ9/tasks-island_0.json,174,2,Organize shelves in the refrigerator.,OK,place_in,place_in,Place refrigerator in receptacle.,Place the shelves in the refrigerator.,in,in,;referent_grounding_v1:G1,,X=shelves|Y=refrigerator
G1,00569-YJDUB7hWg9h/tasks-island_0.json,1,4,Organize the documents in the cabinet.,OK,place_in,place_in,Place cabinet in receptacle.,Place the documents in the cabinet.,in,in,;referent_grounding_v1:G1,,X=documents|Y=cabinet
G2,00569-YJDUB7hWg9h/tasks-island_0.json,9,1,Position the keyboard correctly.,OK,place_on,reposition,Place keyboard on surface.,Reposition the keyboard correctly.,on,,;referent_grounding_v1:G2,,X=keyboard correctly
G2,00569-YJDUB7hWg9h/tasks-island_0.json,9,3,Tidy the items inside the cabinet.,OK,place_in,straighten,Place cabinet in receptacle.,Straighten the items inside the cabinet.,in,,;referent_grounding_v1:G2,,X=items inside the cabinet
G1,00569-YJDUB7hWg9h/tasks-island_0.json,14,2,Organize the items on the dresser.,OK,place_on,place_on,Place dresser on surface.,Place the items on the dresser.,on,on,;referent_grounding_v1:G1,,X=items|Y=dresser
G2,00569-YJDUB7hWg9h/tasks-island_0.json,75,4,Set the plate.,OK,place_on,straighten,Place plate on surface.,Straighten the plate.,on,,;referent_grounding_v1:G2,,X=plate
G2,00569-YJDUB7hWg9h/tasks-island_0.json,92,5,Set the plate.,OK,place_on,straighten,Place plate on surface.,Straighten the plate.,on,,;referent_grounding_v1:G2,,X=plate
G2,00569-YJDUB7hWg9h/tasks-island_0.json,101,5,Set the plate.,OK,place_on,straighten,Place plate on surface.,Straighten the plate.,on,,;referent_grounding_v1:G2,,X=plate
G2,00582-TYDavTf8oyy/tasks-island_0.json,8,3,Arrange the sofa seat.,OK,place_on,straighten,Place sofa seat on surface.,Straighten the sofa seat.,on,,;referent_grounding_v1:G2,,X=sofa seat
G2,00582-TYDavTf8oyy/tasks-island_0.json,20,2,Arrange the coat hanger.,OK,place_on,straighten,Place coat hanger on surface.,Straighten the coat hanger.,on,,;referent_grounding_v1:G2,,X=coat hanger
G2,00582-TYDavTf8oyy/tasks-island_0.json,30,3,Arrange the exercise equipment.,OK,place_on,straighten,Place exercise equipment on surface.,Straighten the exercise equipment.,on,,;referent_grounding_v1:G2,,X=exercise equipment
G2,00582-TYDavTf8oyy/tasks-island_0.json,33,1,Arrange the hanging clothes.,OK,place_on,straighten,Place hanging clothes on surface.,Straighten the hanging clothes.,on,,;referent_grounding_v1:G2,,X=hanging clothes
G1,00582-TYDavTf8oyy/tasks-island_0.json,40,5,Arrange plates in the dish cabinet.,OK,place_in,place_in,Place dish cabinet in receptacle.,Place the plates in the dish cabinet.,in,in,;referent_grounding_v1:G1,,X=plates|Y=dish cabinet
G1,00582-TYDavTf8oyy/tasks-island_0.json,42,3,Organize items on the dresser.,OK,place_on,place_on,Place dresser on surface.,Place the items on the dresser.,on,on,;referent_grounding_v1:G1,,X=items|Y=dresser
G1,00582-TYDavTf8oyy/tasks-island_0.json,44,3,Sort clothes in the wardrobe.,OK,place_in,place_in,Place wardrobe in receptacle.,Place the clothes in the wardrobe.,in,in,;referent_grounding_v1:G1,,X=clothes|Y=wardrobe
G1,00582-TYDavTf8oyy/tasks-island_0.json,52,4,Arrange items in the chest.,OK,place_in,place_in,Place chest in receptacle.,Place the items in the chest.,in,in,;referent_grounding_v1:G1,,X=items|Y=chest
G1,00582-TYDavTf8oyy/tasks-island_0.json,54,3,Sort the clothes in the wardrobe.,OK,place_in,place_in,Place wardrobe in receptacle.,Place the clothes in the wardrobe.,in,in,;referent_grounding_v1:G1,,X=clothes|Y=wardrobe
G1,00582-TYDavTf8oyy/tasks-island_0.json,56,4,Arrange the chest in the bedroom.,OK,place_in,place_in,Place chest in receptacle.,Place the chest in the bedroom.,in,in,;referent_grounding_v1:G1,,X=chest|Y=bedroom
G1,00582-TYDavTf8oyy/tasks-island_0.json,59,3,Arrange the flower vase in the living area.,OK,place_in,place_in,Place flower vase in receptacle.,Place the flower vase in the living area.,in,in,;referent_grounding_v1:G1,,X=flower vase|Y=living area
G1,00582-TYDavTf8oyy/tasks-island_0.json,65,3,Arrange the decorative plant in the dining area.,OK,place_in,place_in,Place decorative plant in receptacle.,Place the decorative plant in the dining area.,in,in,;referent_grounding_v1:G1,,X=decorative plant|Y=dining area
G1,00582-TYDavTf8oyy/tasks-island_0.json,68,3,Arrange the sofa seat in the living area.,OK,place_in,place_in,Place sofa seat in receptacle.,Place the sofa seat in the living area.,in,in,;referent_grounding_v1:G1,,X=sofa seat|Y=living area
G1,00582-TYDavTf8oyy/tasks-island_0.json,69,4,Arrange the chest in the bedroom.,OK,place_in,place_in,Place chest in receptacle.,Place the chest in the bedroom.,in,in,;referent_grounding_v1:G1,,X=chest|Y=bedroom
G2,00582-TYDavTf8oyy/tasks-island_0.json,83,3,Set the toaster.,OK,place_on,straighten,Place toaster on surface.,Straighten the toaster.,on,,;referent_grounding_v1:G2,,X=toaster
G2,00582-TYDavTf8oyy/tasks-island_0.json,88,4,Arrange the sofa seat.,OK,place_on,straighten,Place sofa seat on surface.,Straighten the sofa seat.,on,,;referent_grounding_v1:G2,,X=sofa seat
G2,00582-TYDavTf8oyy/tasks-island_0.json,91,2,Set the toaster.,OK,place_on,straighten,Place toaster on surface.,Straighten the toaster.,on,,;referent_grounding_v1:G2,,X=toaster
G2,00582-TYDavTf8oyy/tasks-island_0.json,94,2,Arrange the sofa seat.,OK,place_on,straighten,Place sofa seat on surface.,Straighten the sofa seat.,on,,;referent_grounding_v1:G2,,X=sofa seat
G2,00582-TYDavTf8oyy/tasks-island_0.json,96,4,Set the toaster.,OK,place_on,straighten,Place toaster on surface.,Straighten the toaster.,on,,;referent_grounding_v1:G2,,X=toaster
G2,00582-TYDavTf8oyy/tasks-island_0.json,101,3,Arrange the exercise equipment.,OK,place_on,straighten,Place exercise equipment on surface.,Straighten the exercise equipment.,on,,;referent_grounding_v1:G2,,X=exercise equipment
G2,00582-TYDavTf8oyy/tasks-island_0.json,106,6,Arrange the box.,OK,place_on,straighten,Place box on surface.,Straighten the box.,on,,;referent_grounding_v1:G2,,X=box
G2,00582-TYDavTf8oyy/tasks-island_0.json,112,3,Arrange the flower vase.,OK,place_on,straighten,Place flower vase on surface.,Straighten the flower vase.,on,,;referent_grounding_v1:G2,,X=flower vase
G1,00582-TYDavTf8oyy/tasks-island_0.json,116,4,Sort items on the dresser.,OK,place_on,place_on,Place dresser on surface.,Place the items on the dresser.,on,on,;referent_grounding_v1:G1,,X=items|Y=dresser
G2,00582-TYDavTf8oyy/tasks-island_0.json,118,3,Arrange the exercise equipment.,OK,place_on,straighten,Place exercise equipment on surface.,Straighten the exercise equipment.,on,,;referent_grounding_v1:G2,,X=exercise equipment
G1,00582-TYDavTf8oyy/tasks-island_0.json,134,4,Organize files in the cabinet.,OK,place_in,place_in,Place cabinet in receptacle.,Place the files in the cabinet.,in,in,;referent_grounding_v1:G1,,X=files|Y=cabinet
G2,00582-TYDavTf8oyy/tasks-island_0.json,137,5,Arrange the flower stand.,OK,place_on,straighten,Place flower stand on surface.,Straighten the flower stand.,on,,;referent_grounding_v1:G2,,X=flower stand
G1,00582-TYDavTf8oyy/tasks-island_0.json,138,3,Organize items in the cabinet.,OK,place_in,place_in,Place cabinet in receptacle.,Place the items in the cabinet.,in,in,;referent_grounding_v1:G1,,X=items|Y=cabinet
G1,00582-TYDavTf8oyy/tasks-island_0.json,145,4,Organize gloves in the chest.,OK,place_in,place_in,Place chest in receptacle.,Place the gloves in the chest.,in,in,;referent_grounding_v1:G1,,X=gloves|Y=chest
G2,00582-TYDavTf8oyy/tasks-island_0.json,150,2,Reposition the exercise machine.,OK,place_on,reposition,Place exercise machine on surface.,Reposition the exercise machine.,on,,;referent_grounding_v1:G2,,X=exercise machine
G3,00582-TYDavTf8oyy/tasks-island_0.json,152,6,Put away supplies in the kitchen cabinet.,OK,store,store,Store items in the kitchen cabinet.,Store the supplies in the kitchen cabinet.,in,in,;referent_grounding_v1:G3,,NP=supplies
G3,00582-TYDavTf8oyy/tasks-island_0.json,155,5,Put away coats in the wardrobe.,OK,store,store,Store items in the wardrobe.,Store the coats in the wardrobe.,in,in,;referent_grounding_v1:G3,,NP=coats
G1,00582-TYDavTf8oyy/tasks-island_0.json,155,6,Sort linens into the chest.,OK,place_in,place_in,Place chest in receptacle.,Place the linens into the chest.,in,in,;referent_grounding_v1:G1,,X=linens|Y=chest
G4,00582-TYDavTf8oyy/tasks-island_0.json,156,1,Fill the kettle at the sink.,FLAG,fill,fill,Use the sink to fill a container.,Use the sink to fill a container.,at,at,;ungrounded_anaphora,,no_vessel_found
G2,00582-TYDavTf8oyy/tasks-island_0.json,162,6,Arrange the cardboard box.,OK,place_on,straighten,Place cardboard box on surface.,Straighten the cardboard box.,on,,;referent_grounding_v1:G2,,X=cardboard box
G1,00590-qgZhhx1MpTi/tasks-island_0.json,48,4,Tidy the items on the dresser.,OK,place_on,place_on,Place dresser on surface.,Place the items on the dresser.,on,on,;referent_grounding_v1:G1,,X=items|Y=dresser
G1,00590-qgZhhx1MpTi/tasks-island_0.json,48,5,Organize the shirts in the wardrobe.,OK,place_in,place_in,Place wardrobe in receptacle.,Place the shirts in the wardrobe.,in,in,;referent_grounding_v1:G1,,X=shirts|Y=wardrobe
G3,00590-qgZhhx1MpTi/tasks-island_0.json,49,3,Fluff the cushions on the couch.,OK,fluff,fluff,Fluff items on the couch.,Fluff the cushions on the couch.,on,on,;referent_grounding_v1:G3,,NP=cushions
G2,00590-qgZhhx1MpTi/tasks-island_0.json,55,3,Position the lamp.,OK,place_on,reposition,Place lamp on surface.,Reposition the lamp.,on,,;referent_grounding_v1:G2,,X=lamp
G2,00590-qgZhhx1MpTi/tasks-island_0.json,61,4,Arrange the stand.,OK,place_on,straighten,Place stand on surface.,Straighten the stand.,on,,;referent_grounding_v1:G2,,X=stand
G2,00590-qgZhhx1MpTi/tasks-island_0.json,64,3,Arrange the stand.,OK,place_on,straighten,Place stand on surface.,Straighten the stand.,on,,;referent_grounding_v1:G2,,X=stand
G2,00590-qgZhhx1MpTi/tasks-island_0.json,65,6,Set the wine bottle.,OK,place_on,straighten,Place wine bottle on surface.,Straighten the wine bottle.,on,,;referent_grounding_v1:G2,,X=wine bottle
G2,00590-qgZhhx1MpTi/tasks-island_0.json,70,3,Arrange the rack.,OK,place_on,straighten,Place rack on surface.,Straighten the rack.,on,,;referent_grounding_v1:G2,,X=rack
G2,00590-qgZhhx1MpTi/tasks-island_0.json,72,3,Position the lamp.,OK,place_in,reposition,Place lamp in receptacle.,Reposition the lamp.,in,,;referent_grounding_v1:G2,,X=lamp
G1,00590-qgZhhx1MpTi/tasks-island_0.json,95,4,Arrange items in the storage bin.,OK,place_in,place_in,Place storage bin in receptacle.,Place the items in the storage bin.,in,in,;referent_grounding_v1:G1,,X=items|Y=storage bin
G1,00590-qgZhhx1MpTi/tasks-island_0.json,95,5,Sort the clothes on the rack.,OK,place_on,place_on,Place rack on surface.,Place the clothes on the rack.,on,on,;referent_grounding_v1:G1,,X=clothes|Y=rack
G1,00590-qgZhhx1MpTi/tasks-island_0.json,100,3,Organize the books on the cabinet.,OK,place_on,place_on,Place cabinet on surface.,Place the books on the cabinet.,on,on,;referent_grounding_v1:G1,,X=books|Y=cabinet
G1,00590-qgZhhx1MpTi/tasks-island_0.json,103,1,Sort the clothes in the basket.,OK,place_in,place_in,Place basket in receptacle.,Place the clothes in the basket.,in,in,;referent_grounding_v1:G1,,X=clothes|Y=basket
G1,00590-qgZhhx1MpTi/tasks-island_0.json,110,1,Arrange the clothes on the rack.,OK,place_on,place_on,Place rack on surface.,Place the clothes on the rack.,on,on,;referent_grounding_v1:G1,,X=clothes|Y=rack
G2,00590-qgZhhx1MpTi/tasks-island_0.json,122,6,Arrange the boxes.,OK,place_on,straighten,Place box on surface.,Straighten the boxes.,on,,;referent_grounding_v1:G2,,X=boxes
G2,00590-qgZhhx1MpTi/tasks-island_0.json,125,6,Arrange the book.,OK,place_on,straighten,Place book on surface.,Straighten the book.,on,,;referent_grounding_v1:G2,,X=book
G2,00590-qgZhhx1MpTi/tasks-island_0.json,127,6,Arrange the basket.,OK,place_on,straighten,Place basket on surface.,Straighten the basket.,on,,;referent_grounding_v1:G2,,X=basket
G2,00590-qgZhhx1MpTi/tasks-island_0.json,134,2,Arrange the bath cabinet.,OK,place_on,straighten,Place bath cabinet on surface.,Straighten the bath cabinet.,on,,;referent_grounding_v1:G2,,X=bath cabinet
G1,00591-JptJPosx1Z6/tasks-island_0.json,2,2,Tidy the books on the bookshelf.,OK,place_on,place_on,Place bookshelf on surface.,Place the books on the bookshelf.,on,on,;referent_grounding_v1:G1,,X=books|Y=bookshelf
G2,00591-JptJPosx1Z6/tasks-island_0.json,14,1,Position the sculpture.,OK,place_on,reposition,Place sculpture on surface.,Reposition the sculpture.,on,,;referent_grounding_v1:G2,,X=sculpture
G2,00591-JptJPosx1Z6/tasks-island_0.json,14,2,Arrange the figure.,OK,place_on,straighten,Place figure on surface.,Straighten the figure.,on,,;referent_grounding_v1:G2,,X=figure
G2,00591-JptJPosx1Z6/tasks-island_0.json,18,2,Position the figure.,OK,place_on,reposition,Place figure on surface.,Reposition the figure.,on,,;referent_grounding_v1:G2,,X=figure
G2,00591-JptJPosx1Z6/tasks-island_0.json,24,2,Position the sculpture.,OK,place_on,reposition,Place sculpture on surface.,Reposition the sculpture.,on,,;referent_grounding_v1:G2,,X=sculpture
G4,00591-JptJPosx1Z6/tasks-island_0.json,33,3,Fill the reservoir at the faucet.,RESOLVED,fill,fill,Use the faucet to fill a container.,Use the faucet to fill the cup.,at,at,;referent_grounding_v1:G4,,vessel=cup
G2,00591-JptJPosx1Z6/tasks-island_0.json,48,2,Arrange the book.,OK,place_on,straighten,Place book on surface.,Straighten the book.,on,,;referent_grounding_v1:G2,,X=book
G2,00591-JptJPosx1Z6/tasks-island_0.json,50,2,Position the sculpture.,OK,place_on,reposition,Place sculpture on surface.,Reposition the sculpture.,on,,;referent_grounding_v1:G2,,X=sculpture
G1,00591-JptJPosx1Z6/tasks-island_0.json,61,4,Set the cup on the table.,OK,place_on,place_on,Place cup on surface.,Place the cup on the table.,on,on,;referent_grounding_v1:G1,,X=cup|Y=table
G2,00591-JptJPosx1Z6/tasks-island_0.json,67,2,Arrange the sculpture.,OK,place_on,straighten,Place sculpture on surface.,Straighten the sculpture.,on,,;referent_grounding_v1:G2,,X=sculpture
G1,00591-JptJPosx1Z6/tasks-island_0.json,72,1,Sort the clothes in the wardrobe.,OK,place_in,place_in,Place wardrobe in receptacle.,Place the clothes in the wardrobe.,in,in,;referent_grounding_v1:G1,,X=clothes|Y=wardrobe
G2,00591-JptJPosx1Z6/tasks-island_0.json,103,5,Set the coffee maker.,OK,place_on,straighten,Place coffee maker on surface.,Straighten the coffee maker.,on,,;referent_grounding_v1:G2,,X=coffee maker
G2,00591-JptJPosx1Z6/tasks-island_0.json,199,2,Arrange the doll.,OK,place_on,straighten,Place doll on surface.,Straighten the doll.,on,,;referent_grounding_v1:G2,,X=doll
G2,00591-JptJPosx1Z6/tasks-island_0.json,203,3,Arrange the sculpture.,OK,place_on,straighten,Place sculpture on surface.,Straighten the sculpture.,on,,;referent_grounding_v1:G2,,X=sculpture
G1,00591-JptJPosx1Z6/tasks-island_0.json,239,4,Arrange the book on the shelf.,OK,place_on,place_on,Place book on surface.,Place the book on the shelf.,on,on,;referent_grounding_v1:G1,,X=book|Y=shelf
G2,00591-JptJPosx1Z6/tasks-island_0.json,249,6,Arrange the hanger.,OK,place_on,straighten,Place hanger on surface.,Straighten the hanger.,on,,;referent_grounding_v1:G2,,X=hanger
G2,00591-JptJPosx1Z6/tasks-island_0.json,252,7,Arrange the vase.,OK,place_on,straighten,Place vase on surface.,Straighten the vase.,on,,;referent_grounding_v1:G2,,X=vase
G2,00591-JptJPosx1Z6/tasks-island_0.json,270,6,Arrange the doll.,OK,place_on,straighten,Place doll on surface.,Straighten the doll.,on,,;referent_grounding_v1:G2,,X=doll
G2,00591-JptJPosx1Z6/tasks-island_0.json,292,3,Arrange the shoe.,OK,place_on,straighten,Place shoe on surface.,Straighten the shoe.,on,,;referent_grounding_v1:G2,,X=shoe
G2,00591-JptJPosx1Z6/tasks-island_0.json,306,3,Arrange the seat.,OK,place_in,straighten,Place seat in receptacle.,Straighten the seat.,in,,;referent_grounding_v1:G2,,X=seat
G2,00591-JptJPosx1Z6/tasks-island_0.json,325,3,Set the cup.,OK,place_on,straighten,Place cup on surface.,Straighten the cup.,on,,;referent_grounding_v1:G2,,X=cup
G2,00591-JptJPosx1Z6/tasks-island_0.json,327,2,Arrange the sculpture.,OK,place_on,straighten,Place sculpture on surface.,Straighten the sculpture.,on,,;referent_grounding_v1:G2,,X=sculpture
G2,00591-JptJPosx1Z6/tasks-island_0.json,327,4,Position the vase.,OK,place_on,reposition,Place vase on surface.,Reposition the vase.,on,,;referent_grounding_v1:G2,,X=vase
G1,00591-JptJPosx1Z6/tasks-island_0.json,337,1,Tidy the items in the cabinet.,OK,place_in,place_in,Place cabinet in receptacle.,Place the items in the cabinet.,in,in,;referent_grounding_v1:G1,,X=items|Y=cabinet
G1,00591-JptJPosx1Z6/tasks-island_0.json,368,2,Sort clothes into the basket.,OK,place_in,place_in,Place basket in receptacle.,Place the clothes into the basket.,in,in,;referent_grounding_v1:G1,,X=clothes|Y=basket
G2,00591-JptJPosx1Z6/tasks-island_0.json,371,2,Arrange the vase.,OK,place_on,straighten,Place vase on surface.,Straighten the vase.,on,,;referent_grounding_v1:G2,,X=vase
G2,00591-JptJPosx1Z6/tasks-island_0.json,371,4,Position the figure.,OK,place_on,reposition,Place figure on surface.,Reposition the figure.,on,,;referent_grounding_v1:G2,,X=figure
G1,00591-JptJPosx1Z6/tasks-island_0.json,386,2,Put clothes in the basket.,OK,store,place_in,Store the basket.,Place the clothes in the basket.,,in,;referent_grounding_v1:G1,,X=clothes|Y=basket
G2,00591-JptJPosx1Z6/tasks-island_0.json,388,3,Arrange the vase.,OK,place_on,straighten,Place vase on surface.,Straighten the vase.,on,,;referent_grounding_v1:G2,,X=vase
G2,00591-JptJPosx1Z6/tasks-island_0.json,388,4,Position the figure.,OK,place_on,reposition,Place figure on surface.,Reposition the figure.,on,,;referent_grounding_v1:G2,,X=figure
G2,00592-CthA7sQNTPK/tasks-island_0.json,5,5,Reposition the flowerpot.,OK,place_on,reposition,Place flowerpot on surface.,Reposition the flowerpot.,on,,;referent_grounding_v1:G2,,X=flowerpot
G2,00592-CthA7sQNTPK/tasks-island_0.json,14,3,Position the speaker.,OK,place_in,reposition,Place speaker in receptacle.,Reposition the speaker.,in,,;referent_grounding_v1:G2,,X=speaker
G2,00592-CthA7sQNTPK/tasks-island_0.json,15,7,Reposition the flowerpot.,OK,place_on,reposition,Place flowerpot on surface.,Reposition the flowerpot.,on,,;referent_grounding_v1:G2,,X=flowerpot
G2,00592-CthA7sQNTPK/tasks-island_0.json,20,5,Reposition the flowerpot.,OK,place_on,reposition,Place flowerpot on surface.,Reposition the flowerpot.,on,,;referent_grounding_v1:G2,,X=flowerpot
G2,00592-CthA7sQNTPK/tasks-island_1.json,53,3,Arrange the seat.,OK,place_on,straighten,Place seat on surface.,Straighten the seat.,on,,;referent_grounding_v1:G2,,X=seat
G2,00592-CthA7sQNTPK/tasks-island_1.json,55,4,Arrange the coffee maker.,OK,place_on,straighten,Place coffee maker on surface.,Straighten the coffee maker.,on,,;referent_grounding_v1:G2,,X=coffee maker
G2,00592-CthA7sQNTPK/tasks-island_1.json,57,3,Arrange the seat.,OK,place_on,straighten,Place seat on surface.,Straighten the seat.,on,,;referent_grounding_v1:G2,,X=seat
G2,00592-CthA7sQNTPK/tasks-island_1.json,58,3,Arrange the coffee maker.,OK,place_on,straighten,Place coffee maker on surface.,Straighten the coffee maker.,on,,;referent_grounding_v1:G2,,X=coffee maker
G2,00592-CthA7sQNTPK/tasks-island_1.json,64,3,Arrange the seat.,OK,place_on,straighten,Place seat on surface.,Straighten the seat.,on,,;referent_grounding_v1:G2,,X=seat
G1,00592-CthA7sQNTPK/tasks-island_1.json,69,7,Organize the items on the dresser.,OK,place_on,place_on,Place dresser on surface.,Place the items on the dresser.,on,on,;referent_grounding_v1:G1,,X=items|Y=dresser
G2,00592-CthA7sQNTPK/tasks-island_1.json,88,4,Arrange the backpack.,OK,place_on,straighten,Place backpack on surface.,Straighten the backpack.,on,,;referent_grounding_v1:G2,,X=backpack
G2,00592-CthA7sQNTPK/tasks-island_1.json,95,6,Arrange the backpack.,OK,place_on,straighten,Place backpack on surface.,Straighten the backpack.,on,,;referent_grounding_v1:G2,,X=backpack
G2,00598-mt9H8KcxRKD/tasks-island_0.json,17,3,Position the lamp.,OK,place_on,reposition,Place lamp on surface.,Reposition the lamp.,on,,;referent_grounding_v1:G2,,X=lamp
G2,00598-mt9H8KcxRKD/tasks-island_0.json,18,3,Set the plate.,OK,place_on,straighten,Place plate on surface.,Straighten the plate.,on,,;referent_grounding_v1:G2,,X=plate
G2,00598-mt9H8KcxRKD/tasks-island_0.json,47,3,Set the bowl.,OK,place_on,straighten,Place bowl on surface.,Straighten the bowl.,on,,;referent_grounding_v1:G2,,X=bowl
G1,00598-mt9H8KcxRKD/tasks-island_0.json,58,1,Organize the books on the shelf.,OK,place_on,place_on,Place shelf on surface.,Place the books on the shelf.,on,on,;referent_grounding_v1:G1,,X=books|Y=shelf
G1,00598-mt9H8KcxRKD/tasks-island_0.json,59,4,Tidy the toiletries in the cabinet.,OK,place_in,place_in,Place cabinet in receptacle.,Place the toiletries in the cabinet.,in,in,;referent_grounding_v1:G1,,X=toiletries|Y=cabinet
G3,00598-mt9H8KcxRKD/tasks-island_0.json,64,1,Fluff the cushions on the couch.,OK,fluff,fluff,Fluff items on the couch.,Fluff the cushions on the couch.,on,on,;referent_grounding_v1:G3,,NP=cushions
G1,00598-mt9H8KcxRKD/tasks-island_0.json,64,4,Organize the items on the shelf.,OK,place_on,place_on,Place shelf on surface.,Place the items on the shelf.,on,on,;referent_grounding_v1:G1,,X=items|Y=shelf
G1,00598-mt9H8KcxRKD/tasks-island_0.json,68,2,Organize the shirts in the wardrobe.,OK,place_in,place_in,Place wardrobe in receptacle.,Place the shirts in the wardrobe.,in,in,;referent_grounding_v1:G1,,X=shirts|Y=wardrobe
G1,00598-mt9H8KcxRKD/tasks-island_0.json,72,3,Set the plate on the table.,OK,place_on,place_on,Place plate on surface.,Place the plate on the table.,on,on,;referent_grounding_v1:G1,,X=plate|Y=table
G1,00598-mt9H8KcxRKD/tasks-island_0.json,73,1,Organize the clothes in the wardrobe.,OK,place_in,place_in,Place wardrobe in receptacle.,Place the clothes in the wardrobe.,in,in,;referent_grounding_v1:G1,,X=clothes|Y=wardrobe
G1,00598-mt9H8KcxRKD/tasks-island_0.json,76,4,Tidy the items in the cabinet.,OK,place_in,place_in,Place cabinet in receptacle.,Place the items in the cabinet.,in,in,;referent_grounding_v1:G1,,X=items|Y=cabinet
G1,00598-mt9H8KcxRKD/tasks-island_0.json,77,2,Arrange the display in the cabinet.,OK,place_in,place_in,Place cabinet in receptacle.,Place the display in the cabinet.,in,in,;referent_grounding_v1:G1,,X=display|Y=cabinet
G2,00598-mt9H8KcxRKD/tasks-island_0.json,80,4,Set the plate with biscuits.,OK,place_on,straighten,Place plate on surface.,Straighten the plate.,on,,;referent_grounding_v1:G2,,X=plate
G2,00598-mt9H8KcxRKD/tasks-island_0.json,85,4,Set the plate with cheese.,OK,place_on,straighten,Place plate on surface.,Straighten the plate.,on,,;referent_grounding_v1:G2,,X=plate
G1,00598-mt9H8KcxRKD/tasks-island_0.json,97,3,Organize files in the cabinet.,OK,place_in,place_in,Place cabinet in receptacle.,Place the files in the cabinet.,in,in,;referent_grounding_v1:G1,,X=files|Y=cabinet
G3,00598-mt9H8KcxRKD/tasks-island_0.json,110,1,Fluff the cushion on the armchair.,OK,fluff,fluff,Fluff items on the armchair.,Fluff the cushion on the armchair.,on,on,;referent_grounding_v1:G3,,NP=cushion
G2,00598-mt9H8KcxRKD/tasks-island_0.json,114,4,Set a plate for cheese.,OK,place_on,straighten,Place plate on surface.,Straighten the plate.,on,,;referent_grounding_v1:G2,,X=plate
G1,00598-mt9H8KcxRKD/tasks-island_0.json,122,5,Organize books in the cabinet.,OK,place_in,place_in,Place cabinet in receptacle.,Place the books in the cabinet.,in,in,;referent_grounding_v1:G1,,X=books|Y=cabinet
G1,00598-mt9H8KcxRKD/tasks-island_0.json,126,3,Arrange snacks on a plate.,OK,place_on,place_on,Place plate on surface.,Place the snacks on the plate.,on,on,;referent_grounding_v1:G1,,X=snacks|Y=plate
G1,00598-mt9H8KcxRKD/tasks-island_0.json,136,6,Set a plate on the side table.,OK,place_on,place_on,Place plate on surface.,Place the plate on the side table.,on,on,;referent_grounding_v1:G1,,X=plate|Y=side table
G1,00598-mt9H8KcxRKD/tasks-island_0.json,139,4,Organize files on the shelf.,OK,place_on,place_on,Place shelf on surface.,Place the files on the shelf.,on,on,;referent_grounding_v1:G1,,X=files|Y=shelf
G1,00598-mt9H8KcxRKD/tasks-island_0.json,141,4,Sort clean clothes in the wardrobe.,OK,place_in,place_in,Place wardrobe in receptacle.,Place the clean clothes in the wardrobe.,in,in,;referent_grounding_v1:G1,,X=clean clothes|Y=wardrobe
G1,00598-mt9H8KcxRKD/tasks-island_0.json,152,6,Organize supplies in the cabinet.,OK,place_in,place_in,Place cabinet in receptacle.,Place the supplies in the cabinet.,in,in,;referent_grounding_v1:G1,,X=supplies|Y=cabinet
G1,00598-mt9H8KcxRKD/tasks-island_0.json,159,4,Organize folders in the cabinet.,OK,place_in,place_in,Place cabinet in receptacle.,Place the folders in the cabinet.,in,in,;referent_grounding_v1:G1,,X=folders|Y=cabinet
G3,00598-mt9H8KcxRKD/tasks-island_0.json,160,6,Put tools away in the cabinet.,OK,store,store,Store items in the cabinet.,Store the tools in the cabinet.,in,in,;referent_grounding_v1:G3,,NP=tools
G2,00598-mt9H8KcxRKD/tasks-island_0.json,161,5,Set a plate for biscuits.,OK,place_on,straighten,Place plate on surface.,Straighten the plate.,on,,;referent_grounding_v1:G2,,X=plate
G2,00598-mt9H8KcxRKD/tasks-island_0.json,170,5,Arrange the shelf.,OK,place_on,straighten,Place shelf on surface.,Straighten the shelf.,on,,;referent_grounding_v1:G2,,X=shelf
G2,00598-mt9H8KcxRKD/tasks-island_0.json,174,3,Set the plate.,OK,place_on,straighten,Place plate on surface.,Straighten the plate.,on,,;referent_grounding_v1:G2,,X=plate
G2,00598-mt9H8KcxRKD/tasks-island_0.json,177,5,Set the cup.,OK,place_on,straighten,Place cup on surface.,Straighten the cup.,on,,;referent_grounding_v1:G2,,X=cup
G2,00598-mt9H8KcxRKD/tasks-island_0.json,179,6,Set the plate.,OK,place_on,straighten,Place plate on surface.,Straighten the plate.,on,,;referent_grounding_v1:G2,,X=plate
G2,00598-mt9H8KcxRKD/tasks-island_0.json,186,3,Set the cup.,OK,place_on,straighten,Place cup on surface.,Straighten the cup.,on,,;referent_grounding_v1:G2,,X=cup
G2,00598-mt9H8KcxRKD/tasks-island_0.json,196,6,Set the cup.,OK,place_on,straighten,Place cup on surface.,Straighten the cup.,on,,;referent_grounding_v1:G2,,X=cup
G2,00598-mt9H8KcxRKD/tasks-island_0.json,201,6,Set the cup.,OK,place_on,straighten,Place cup on surface.,Straighten the cup.,on,,;referent_grounding_v1:G2,,X=cup
G1,00598-mt9H8KcxRKD/tasks-island_0.json,207,7,Organize books on the shelf.,OK,place_on,place_on,Place shelf on surface.,Place the books on the shelf.,on,on,;referent_grounding_v1:G1,,X=books|Y=shelf
G1,00598-mt9H8KcxRKD/tasks-island_0.json,211,6,Set a plate on the counter.,OK,place_on,place_on,Place plate on surface.,Place the plate on the counter.,on,on,;referent_grounding_v1:G1,,X=plate|Y=counter
G2,00598-mt9H8KcxRKD/tasks-island_0.json,233,5,Set the plate.,OK,place_on,straighten,Place plate on surface.,Straighten the plate.,on,,;referent_grounding_v1:G2,,X=plate
G2,00598-mt9H8KcxRKD/tasks-island_0.json,244,6,Set the plate.,OK,place_on,straighten,Place plate on surface.,Straighten the plate.,on,,;referent_grounding_v1:G2,,X=plate
G2,00598-mt9H8KcxRKD/tasks-island_0.json,255,6,Arrange the plate.,OK,place_on,straighten,Place plate on surface.,Straighten the plate.,on,,;referent_grounding_v1:G2,,X=plate
G3,00598-mt9H8KcxRKD/tasks-island_0.json,288,4,Fluff the pillows on the couch.,OK,fluff,fluff,Fluff items on the couch.,Fluff the pillows on the couch.,on,on,;referent_grounding_v1:G3,,NP=pillows
G2,00598-mt9H8KcxRKD/tasks-island_0.json,295,2,Set aside the guest's handbag.,OK,place_on,straighten,Place handbag on surface.,Straighten the aside the guest's handbag.,on,,;referent_grounding_v1:G2,,X=aside the guest's handbag
G1,00598-mt9H8KcxRKD/tasks-island_0.json,298,2,Organize essentials in the backpack.,OK,place_in,place_in,Place backpack in receptacle.,Place the essentials in the backpack.,in,in,;referent_grounding_v1:G1,,X=essentials|Y=backpack
G3,00598-mt9H8KcxRKD/tasks-island_0.json,301,4,Put the tools away in the cabinet.,OK,store,store,Store items in the cabinet.,Store the tools in the cabinet.,in,in,;referent_grounding_v1:G3,,NP=tools
G2,00598-mt9H8KcxRKD/tasks-island_0.json,314,7,Set the bin.,OK,place_on,straighten,Place bin on surface.,Straighten the bin.,on,,;referent_grounding_v1:G2,,X=bin
G2,00598-mt9H8KcxRKD/tasks-island_0.json,321,5,Set the cup.,OK,place_on,straighten,Place cup on surface.,Straighten the cup.,on,,;referent_grounding_v1:G2,,X=cup
G1,00606-W16Bm4ysK8v/tasks-island_0.json,10,1,Organize the glassware in the cabinet.,OK,place_in,place_in,Place cabinet in receptacle.,Place the glassware in the cabinet.,in,in,;referent_grounding_v1:G1,,X=glassware|Y=cabinet
G1,00606-W16Bm4ysK8v/tasks-island_0.json,12,4,Organize the equipment on the stand.,OK,place_on,place_on,Place stand on surface.,Place the equipment on the stand.,on,on,;referent_grounding_v1:G1,,X=equipment|Y=stand
G3,00606-W16Bm4ysK8v/tasks-island_0.json,16,1,Put away the linens in the cabinet.,OK,store,store,Store items in the cabinet.,Store the linens in the cabinet.,in,in,;referent_grounding_v1:G3,,NP=linens
G1,00606-W16Bm4ysK8v/tasks-island_0.json,23,2,Sort the items in the box.,OK,place_in,place_in,Place box in receptacle.,Place the items in the box.,in,in,;referent_grounding_v1:G1,,X=items|Y=box
G2,00606-W16Bm4ysK8v/tasks-island_0.json,26,4,Position the rocking chair.,OK,place_on,reposition,Place rocking chair on surface.,Reposition the rocking chair.,on,,;referent_grounding_v1:G2,,X=rocking chair
G2,00606-W16Bm4ysK8v/tasks-island_0.json,50,1,Position the laptop.,OK,place_on,reposition,Place laptop on surface.,Reposition the laptop.,on,,;referent_grounding_v1:G2,,X=laptop
G2,00606-W16Bm4ysK8v/tasks-island_0.json,57,2,Position the plant ornament.,OK,place_on,reposition,Place plant ornament on surface.,Reposition the plant ornament.,on,,;referent_grounding_v1:G2,,X=plant ornament
G1,00606-W16Bm4ysK8v/tasks-island_0.json,63,3,Organize small items in the cabinet.,OK,place_in,place_in,Place cabinet in receptacle.,Place the small items in the cabinet.,in,in,;referent_grounding_v1:G1,,X=small items|Y=cabinet
G2,00606-W16Bm4ysK8v/tasks-island_0.json,64,5,Position the keyboard correctly.,OK,place_on,reposition,Place keyboard on surface.,Reposition the keyboard correctly.,on,,;referent_grounding_v1:G2,,X=keyboard correctly
G1,00606-W16Bm4ysK8v/tasks-island_0.json,66,4,Arrange the containers on the shelf.,OK,place_on,place_on,Place shelf on surface.,Place the containers on the shelf.,on,on,;referent_grounding_v1:G1,,X=containers|Y=shelf
G3,00606-W16Bm4ysK8v/tasks-island_0.json,67,2,Fluff the pillows on the couch.,OK,fluff,fluff,Fluff items on the couch.,Fluff the pillows on the couch.,on,on,;referent_grounding_v1:G3,,NP=pillows
G1,00606-W16Bm4ysK8v/tasks-island_0.json,69,5,Organize the items on the dressing table.,OK,place_on,place_on,Place dressing table on surface.,Place the items on the dressing table.,on,on,;referent_grounding_v1:G1,,X=items|Y=dressing table
G2,00606-W16Bm4ysK8v/tasks-island_0.json,80,3,Position the stand to hold the easel.,OK,place_on,reposition,Place stand on surface.,Reposition the stand.,on,,;referent_grounding_v1:G2,,X=stand
G3,00606-W16Bm4ysK8v/tasks-island_0.json,88,6,Put away the cleaning supplies in the cabinet.,OK,store,store,Store items in the cabinet.,Store the cleaning supplies in the cabinet.,in,in,;referent_grounding_v1:G3,,NP=cleaning supplies
G1,00606-W16Bm4ysK8v/tasks-island_0.json,93,2,Arrange tools on the shelf.,OK,place_on,place_on,Place shelf on surface.,Place the tools on the shelf.,on,on,;referent_grounding_v1:G1,,X=tools|Y=shelf
G1,00606-W16Bm4ysK8v/tasks-island_0.json,95,3,Organize bottles in the shower caddy.,OK,place_in,place_in,Place shower caddy in receptacle.,Place the bottles in the shower caddy.,in,in,;referent_grounding_v1:G1,,X=bottles|Y=shower caddy
G2,00606-W16Bm4ysK8v/tasks-island_0.json,120,2,Position the exercise ball.,OK,place_on,reposition,Place exercise ball on surface.,Reposition the exercise ball.,on,,;referent_grounding_v1:G2,,X=exercise ball
G1,00606-W16Bm4ysK8v/tasks-island_0.json,140,3,Organize the items on the shelf.,OK,place_on,place_on,Place shelf on surface.,Place the items on the shelf.,on,on,;referent_grounding_v1:G1,,X=items|Y=shelf
G2,00606-W16Bm4ysK8v/tasks-island_0.json,147,3,Set the wine bottle out.,OK,place_on,straighten,Place wine bottle on surface.,Straighten the wine bottle.,on,,;referent_grounding_v1:G2,,X=wine bottle
G1,00606-W16Bm4ysK8v/tasks-island_0.json,147,5,Arrange flowers in the vase.,OK,place_in,place_in,Place vase in receptacle.,Place the flowers in the vase.,in,in,;referent_grounding_v1:G1,,X=flowers|Y=vase
G2,00606-W16Bm4ysK8v/tasks-island_0.json,150,4,Position the mouse.,OK,place_on,reposition,Place mouse on surface.,Reposition the mouse.,on,,;referent_grounding_v1:G2,,X=mouse
G4,00612-GsQBY83r3hb/tasks-island_0.json,0,2,Fill the pitcher at the sink.,RESOLVED,fill,fill,Use the sink to fill a container.,Fill the pitcher at the sink.,at,at,;referent_grounding_v1:G4,,vessel=pitcher
G2,00612-GsQBY83r3hb/tasks-island_0.json,30,3,Arrange the towel.,OK,place_on,straighten,Place towel on surface.,Straighten the towel.,on,,;referent_grounding_v1:G2,,X=towel
G2,00612-GsQBY83r3hb/tasks-island_0.json,46,6,Tidy up the items inside the cabinet.,OK,place_in,straighten,Place cabinet in receptacle.,Straighten the items inside the cabinet.,in,,;referent_grounding_v1:G2,,X=items inside the cabinet
G2,00612-GsQBY83r3hb/tasks-island_0.json,74,6,Arrange the tray.,OK,place_on,straighten,Place tray on surface.,Straighten the tray.,on,,;referent_grounding_v1:G2,,X=tray
G2,00612-GsQBY83r3hb/tasks-island_0.json,83,3,Arrange the tray.,OK,place_on,straighten,Place tray on surface.,Straighten the tray.,on,,;referent_grounding_v1:G2,,X=tray
G2,00619-R9fYpvCUkV7/tasks-island_1.json,7,4,Position the exercise ball.,OK,place_on,reposition,Place exercise ball on surface.,Reposition the exercise ball.,on,,;referent_grounding_v1:G2,,X=exercise ball
G2,00619-R9fYpvCUkV7/tasks-island_1.json,17,5,Position the barbell.,OK,place_on,reposition,Place barbell on surface.,Reposition the barbell.,on,,;referent_grounding_v1:G2,,X=barbell
G2,00619-R9fYpvCUkV7/tasks-island_1.json,25,2,Position the camera.,OK,place_on,reposition,Place camera on surface.,Reposition the camera.,on,,;referent_grounding_v1:G2,,X=camera
G2,00619-R9fYpvCUkV7/tasks-island_1.json,31,1,Position the camera.,OK,place_on,reposition,Place camera on surface.,Reposition the camera.,on,,;referent_grounding_v1:G2,,X=camera
G2,00619-R9fYpvCUkV7/tasks-island_1.json,36,1,Position the camera.,OK,place_on,reposition,Place camera on surface.,Reposition the camera.,on,,;referent_grounding_v1:G2,,X=camera
G2,00624-ooq3SnvC79d/tasks-island_0.json,1,2,Set the plate.,OK,place_on,straighten,Place plate on surface.,Straighten the plate.,on,,;referent_grounding_v1:G2,,X=plate
G2,00624-ooq3SnvC79d/tasks-island_0.json,7,1,Arrange the alcohol bottles.,OK,place_on,straighten,Place alcohol bottles on surface.,Straighten the alcohol bottles.,on,,;referent_grounding_v1:G2,,X=alcohol bottles
G2,00624-ooq3SnvC79d/tasks-island_0.json,8,2,Position the vase.,OK,place_on,reposition,Place vase on surface.,Reposition the vase.,on,,;referent_grounding_v1:G2,,X=vase
G2,00624-ooq3SnvC79d/tasks-island_0.json,15,2,Arrange the decoration.,OK,place_on,straighten,Place decoration on surface.,Straighten the decoration.,on,,;referent_grounding_v1:G2,,X=decoration
G2,00624-ooq3SnvC79d/tasks-island_0.json,17,2,Set the plate.,OK,place_on,straighten,Place plate on surface.,Straighten the plate.,on,,;referent_grounding_v1:G2,,X=plate
G2,00624-ooq3SnvC79d/tasks-island_0.json,20,2,Set the pitcher.,OK,place_on,straighten,Place pitcher on surface.,Straighten the pitcher.,on,,;referent_grounding_v1:G2,,X=pitcher
G1,00624-ooq3SnvC79d/tasks-island_0.json,27,3,Organize the books on the coffee table.,OK,place_on,place_on,Place coffee table on surface.,Place the books on the coffee table.,on,on,;referent_grounding_v1:G1,,X=books|Y=coffee table
G1,00624-ooq3SnvC79d/tasks-island_0.json,28,4,Tidy up the items in the basket.,OK,place_in,place_in,Place basket in receptacle.,Place the items in the basket.,in,in,;referent_grounding_v1:G1,,X=items|Y=basket
G2,00624-ooq3SnvC79d/tasks-island_0.json,34,4,Arrange the decoration next to the photos.,OK,place_on,straighten,Place decoration on surface.,Straighten the decoration.,on,,;referent_grounding_v1:G2,,X=decoration
G1,00624-ooq3SnvC79d/tasks-island_0.json,42,4,Arrange the vase on the shelf.,OK,place_on,place_on,Place vase on surface.,Place the vase on the shelf.,on,on,;referent_grounding_v1:G1,,X=vase|Y=shelf
G2,00624-ooq3SnvC79d/tasks-island_0.json,42,5,Organize the items inside the cabinet.,OK,place_in,straighten,Place cabinet in receptacle.,Straighten the items inside the cabinet.,in,,;referent_grounding_v1:G2,,X=items inside the cabinet
G1,00624-ooq3SnvC79d/tasks-island_0.json,45,2,Arrange the decoration on the mantel.,OK,place_in,place_on,Place decoration in receptacle.,Place the decoration on the mantel.,in,on,;referent_grounding_v1:G1,,X=decoration|Y=mantel
G1,00624-ooq3SnvC79d/tasks-island_0.json,46,5,Tidy up the loose items in the basket.,OK,place_in,place_in,Place basket in receptacle.,Place the loose items in the basket.,in,in,;referent_grounding_v1:G1,,X=loose items|Y=basket
G1,00624-ooq3SnvC79d/tasks-island_0.json,49,1,Arrange the vase on the dining shelf.,OK,place_on,place_on,Place vase on surface.,Place the vase on the dining shelf.,on,on,;referent_grounding_v1:G1,,X=vase|Y=dining shelf
G2,00624-ooq3SnvC79d/tasks-island_0.json,56,5,Organize the items inside the drawers.,OK,place_in,straighten,Place drawers in receptacle.,Straighten the items inside the drawers.,in,,;referent_grounding_v1:G2,,X=items inside the drawers
G2,00624-ooq3SnvC79d/tasks-island_0.json,60,4,Arrange the kitchenware neatly.,OK,place_on,straighten,Place kitchenware on surface.,Straighten the kitchenware.,on,,;referent_grounding_v1:G2,,X=kitchenware
G1,00624-ooq3SnvC79d/tasks-island_0.json,63,5,Set the plate on the side table.,OK,place_in,place_on,Place plate in receptacle.,Place the plate on the side table.,in,on,;referent_grounding_v1:G1,,X=plate|Y=side table
G1,00624-ooq3SnvC79d/tasks-island_0.json,66,5,Arrange the decorative plate on the sideboard.,OK,place_on,place_on,Place decorative plate on surface.,Place the decorative plate on the sideboard.,on,on,;referent_grounding_v1:G1,,X=decorative plate|Y=sideboard
G1,00624-ooq3SnvC79d/tasks-island_0.json,70,1,Arrange the display of pictures on the shelf.,OK,place_on,place_on,Place display of pictures on surface.,Place the display of pictures on the shelf.,on,on,;referent_grounding_v1:G1,,X=display of pictures|Y=shelf
G1,00624-ooq3SnvC79d/tasks-island_0.json,71,6,Organize the cds near the cd player.,OK,place_in,place_on,Place cd player in receptacle.,Place the cds near the cd player.,in,at,;referent_grounding_v1:G1,,X=cds|Y=cd player
G1,00624-ooq3SnvC79d/tasks-island_0.json,72,5,Arrange the rack in the pantry.,OK,place_in,place_in,Place rack in receptacle.,Place the rack in the pantry.,in,in,;referent_grounding_v1:G1,,X=rack|Y=pantry
G1,00624-ooq3SnvC79d/tasks-island_0.json,76,5,Arrange the flowers in the vase.,OK,place_in,place_in,Place vase in receptacle.,Place the flowers in the vase.,in,in,;referent_grounding_v1:G1,,X=flowers|Y=vase
G1,00624-ooq3SnvC79d/tasks-island_0.json,78,2,Organize the items in the handbag.,OK,place_in,place_in,Place handbag in receptacle.,Place the items in the handbag.,in,in,;referent_grounding_v1:G1,,X=items|Y=handbag
G1,00624-ooq3SnvC79d/tasks-island_0.json,78,4,Arrange the rack in the storage closet.,OK,place_in,place_in,Place rack in receptacle.,Place the rack in the storage closet.,in,in,;referent_grounding_v1:G1,,X=rack|Y=storage closet
G2,00624-ooq3SnvC79d/tasks-island_0.json,81,5,Arrange the basket neatly.,OK,place_on,straighten,Place basket on surface.,Straighten the basket.,on,,;referent_grounding_v1:G2,,X=basket
G1,00624-ooq3SnvC79d/tasks-island_0.json,84,6,Set the teapot on the cabinet.,OK,place_on,place_on,Place teapot on surface.,Place the teapot on the cabinet.,on,on,;referent_grounding_v1:G1,,X=teapot|Y=cabinet
G2,00624-ooq3SnvC79d/tasks-island_0.json,85,4,Arrange the decorative plant.,OK,place_on,straighten,Place decorative plant on surface.,Straighten the decorative plant.,on,,;referent_grounding_v1:G2,,X=decorative plant
G2,00624-ooq3SnvC79d/tasks-island_0.json,90,2,Arrange the decoration.,OK,place_on,straighten,Place decoration on surface.,Straighten the decoration.,on,,;referent_grounding_v1:G2,,X=decoration
G2,00624-ooq3SnvC79d/tasks-island_0.json,94,4,Arrange the display of pictures.,OK,place_on,straighten,Place display of pictures on surface.,Straighten the display of pictures.,on,,;referent_grounding_v1:G2,,X=display of pictures
G2,00624-ooq3SnvC79d/tasks-island_0.json,96,5,Arrange the decoration.,OK,place_on,straighten,Place decoration on surface.,Straighten the decoration.,on,,;referent_grounding_v1:G2,,X=decoration
G1,00624-ooq3SnvC79d/tasks-island_0.json,96,6,Set the teapot on the table.,OK,place_on,place_on,Place teapot on surface.,Place the teapot on the table.,on,on,;referent_grounding_v1:G1,,X=teapot|Y=table
G1,00624-ooq3SnvC79d/tasks-island_0.json,97,4,Set the book on the coffee table.,OK,place_in,place_on,Place book in receptacle.,Place the book on the coffee table.,in,on,;referent_grounding_v1:G1,,X=book|Y=coffee table
G2,00624-ooq3SnvC79d/tasks-island_0.json,99,6,Set the pitcher.,OK,place_on,straighten,Place pitcher on surface.,Straighten the pitcher.,on,,;referent_grounding_v1:G2,,X=pitcher
G2,00624-ooq3SnvC79d/tasks-island_0.json,100,3,Arrange the decoration.,OK,place_on,straighten,Place decoration on surface.,Straighten the decoration.,on,,;referent_grounding_v1:G2,,X=decoration
G2,00624-ooq3SnvC79d/tasks-island_0.json,104,3,Arrange the alcohol bottles.,OK,place_on,straighten,Place alcohol bottles on surface.,Straighten the alcohol bottles.,on,,;referent_grounding_v1:G2,,X=alcohol bottles
G2,00626-XiJhRLvpKpX/tasks-island_0.json,54,3,Arrange the clothing stand.,OK,place_on,straighten,Place clothing stand on surface.,Straighten the clothing stand.,on,,;referent_grounding_v1:G2,,X=clothing stand
G2,00626-XiJhRLvpKpX/tasks-island_0.json,93,3,Arrange the plant nearby.,OK,place_on,straighten,Place plant on surface.,Straighten the plant.,on,,;referent_grounding_v1:G2,,X=plant
G1,00626-XiJhRLvpKpX/tasks-island_0.json,211,5,Set the cup on the table.,OK,place_on,place_on,Place cup on surface.,Place the cup on the table.,on,on,;referent_grounding_v1:G1,,X=cup|Y=table
G2,00626-XiJhRLvpKpX/tasks-island_0.json,272,1,Position the speaker.,OK,place_on,reposition,Place speaker on surface.,Reposition the speaker.,on,,;referent_grounding_v1:G2,,X=speaker
G2,00626-XiJhRLvpKpX/tasks-island_0.json,280,3,Position the exercise ball.,OK,place_on,reposition,Place exercise ball on surface.,Reposition the exercise ball.,on,,;referent_grounding_v1:G2,,X=exercise ball
G2,00626-XiJhRLvpKpX/tasks-island_0.json,283,6,Position the flowerpot.,OK,place_on,reposition,Place flowerpot on surface.,Reposition the flowerpot.,on,,;referent_grounding_v1:G2,,X=flowerpot
G2,00626-XiJhRLvpKpX/tasks-island_0.json,287,3,Set the wine bottle.,OK,place_on,straighten,Place wine bottle on surface.,Straighten the wine bottle.,on,,;referent_grounding_v1:G2,,X=wine bottle
G2,00626-XiJhRLvpKpX/tasks-island_0.json,288,4,Position the cap.,OK,place_on,reposition,Place cap on surface.,Reposition the cap.,on,,;referent_grounding_v1:G2,,X=cap
G2,00626-XiJhRLvpKpX/tasks-island_0.json,290,4,Position the screen.,OK,place_in,reposition,Place screen in receptacle.,Reposition the screen.,in,,;referent_grounding_v1:G2,,X=screen
G2,00626-XiJhRLvpKpX/tasks-island_0.json,292,1,Arrange the exercise machine.,OK,place_on,straighten,Place exercise machine on surface.,Straighten the exercise machine.,on,,;referent_grounding_v1:G2,,X=exercise machine
G2,00626-XiJhRLvpKpX/tasks-island_0.json,292,3,Position the exercise ball.,OK,place_on,reposition,Place exercise ball on surface.,Reposition the exercise ball.,on,,;referent_grounding_v1:G2,,X=exercise ball
G2,00626-XiJhRLvpKpX/tasks-island_0.json,298,5,Arrange the cellular telephone.,OK,place_on,straighten,Place cellular telephone on surface.,Straighten the cellular telephone.,on,,;referent_grounding_v1:G2,,X=cellular telephone
G2,00626-XiJhRLvpKpX/tasks-island_0.json,300,1,Position the speaker.,OK,place_on,reposition,Place speaker on surface.,Reposition the speaker.,on,,;referent_grounding_v1:G2,,X=speaker
G2,00626-XiJhRLvpKpX/tasks-island_0.json,305,3,Set the wine bottle.,OK,place_on,straighten,Place wine bottle on surface.,Straighten the wine bottle.,on,,;referent_grounding_v1:G2,,X=wine bottle
G2,00626-XiJhRLvpKpX/tasks-island_0.json,308,3,Position the exercise ball.,OK,place_on,reposition,Place exercise ball on surface.,Reposition the exercise ball.,on,,;referent_grounding_v1:G2,,X=exercise ball
G2,00626-XiJhRLvpKpX/tasks-island_0.json,313,2,Arrange the dumbbell.,OK,place_on,straighten,Place dumbbell on surface.,Straighten the dumbbell.,on,,;referent_grounding_v1:G2,,X=dumbbell
G2,00626-XiJhRLvpKpX/tasks-island_0.json,313,3,Position the exercise ball.,OK,place_on,reposition,Place exercise ball on surface.,Reposition the exercise ball.,on,,;referent_grounding_v1:G2,,X=exercise ball
G2,00626-XiJhRLvpKpX/tasks-island_0.json,314,3,Arrange the seat.,OK,place_on,straighten,Place seat on surface.,Straighten the seat.,on,,;referent_grounding_v1:G2,,X=seat
G2,00626-XiJhRLvpKpX/tasks-island_0.json,318,1,Position the speaker.,OK,place_on,reposition,Place speaker on surface.,Reposition the speaker.,on,,;referent_grounding_v1:G2,,X=speaker
G1,00626-XiJhRLvpKpX/tasks-island_0.json,322,6,Store tools in the rack.,OK,place_on,store,Place items on the rack.,Store the tools in the rack.,on,in,;referent_grounding_v1:G1,,X=tools|Y=rack
G2,00626-XiJhRLvpKpX/tasks-island_0.json,327,1,Arrange the exercise machine.,OK,place_in,straighten,Place exercise machine in receptacle.,Straighten the exercise machine.,in,,;referent_grounding_v1:G2,,X=exercise machine
G2,00626-XiJhRLvpKpX/tasks-island_0.json,327,3,Position the exercise ball.,OK,place_in,reposition,Place exercise ball in receptacle.,Reposition the exercise ball.,in,,;referent_grounding_v1:G2,,X=exercise ball
G2,00626-XiJhRLvpKpX/tasks-island_0.json,345,2,Arrange the rack.,OK,place_on,straighten,Place rack on surface.,Straighten the rack.,on,,;referent_grounding_v1:G2,,X=rack
G2,00626-XiJhRLvpKpX/tasks-island_0.json,353,3,Position the exercise ball.,OK,place_on,reposition,Place exercise ball on surface.,Reposition the exercise ball.,on,,;referent_grounding_v1:G2,,X=exercise ball
G2,00626-XiJhRLvpKpX/tasks-island_0.json,358,4,Arrange the wine rack.,OK,place_on,straighten,Place wine rack on surface.,Straighten the wine rack.,on,,;referent_grounding_v1:G2,,X=wine rack
G2,00626-XiJhRLvpKpX/tasks-island_0.json,360,1,Arrange the pile of magazines.,OK,place_in,straighten,Place pile of magazines in receptacle.,Straighten the pile of magazines.,in,,;referent_grounding_v1:G2,,X=pile of magazines
G2,00626-XiJhRLvpKpX/tasks-island_0.json,364,3,Position the lamp.,OK,place_on,reposition,Place lamp on surface.,Reposition the lamp.,on,,;referent_grounding_v1:G2,,X=lamp
G2,00626-XiJhRLvpKpX/tasks-island_0.json,366,4,Position the screen.,OK,place_on,reposition,Place screen on surface.,Reposition the screen.,on,,;referent_grounding_v1:G2,,X=screen
G2,00626-XiJhRLvpKpX/tasks-island_0.json,367,4,Set the cup.,OK,place_on,straighten,Place cup on surface.,Straighten the cup.,on,,;referent_grounding_v1:G2,,X=cup
G2,00626-XiJhRLvpKpX/tasks-island_0.json,370,3,Position the exercise ball.,OK,place_on,reposition,Place exercise ball on surface.,Reposition the exercise ball.,on,,;referent_grounding_v1:G2,,X=exercise ball
G2,00626-XiJhRLvpKpX/tasks-island_0.json,392,3,Position the clothing stand.,OK,place_in,reposition,Place clothing stand in receptacle.,Reposition the clothing stand.,in,,;referent_grounding_v1:G2,,X=clothing stand
G2,00626-XiJhRLvpKpX/tasks-island_0.json,399,2,Position the speaker.,OK,place_on,reposition,Place speaker on surface.,Reposition the speaker.,on,,;referent_grounding_v1:G2,,X=speaker
G2,00626-XiJhRLvpKpX/tasks-island_0.json,402,3,Arrange the rack.,OK,place_in,straighten,Place rack in receptacle.,Straighten the rack.,in,,;referent_grounding_v1:G2,,X=rack
G2,00626-XiJhRLvpKpX/tasks-island_0.json,409,1,Arrange the fireplace tool set.,OK,place_on,straighten,Place fireplace tool set on surface.,Straighten the fireplace tool set.,on,,;referent_grounding_v1:G2,,X=fireplace tool set
G2,00626-XiJhRLvpKpX/tasks-island_0.json,411,2,Arrange the sculpture.,OK,place_in,straighten,Place sculpture in receptacle.,Straighten the sculpture.,in,,;referent_grounding_v1:G2,,X=sculpture
G2,00626-XiJhRLvpKpX/tasks-island_0.json,416,3,Position the monitor.,OK,place_on,reposition,Place monitor on surface.,Reposition the monitor.,on,,;referent_grounding_v1:G2,,X=monitor
G2,00626-XiJhRLvpKpX/tasks-island_0.json,431,1,Arrange the exercise machine neatly.,OK,place_on,straighten,Place exercise machine on surface.,Straighten the exercise machine.,on,,;referent_grounding_v1:G2,,X=exercise machine
G1,00626-XiJhRLvpKpX/tasks-island_0.json,436,3,Organize the items on the shelf.,OK,place_on,place_on,Place shelf on surface.,Place the items on the shelf.,on,on,;referent_grounding_v1:G1,,X=items|Y=shelf
G2,00626-XiJhRLvpKpX/tasks-island_0.json,484,2,Arrange the bookshelf.,OK,place_on,straighten,Place bookshelf on surface.,Straighten the bookshelf.,on,,;referent_grounding_v1:G2,,X=bookshelf
G2,00626-XiJhRLvpKpX/tasks-island_0.json,491,3,Arrange the monitor.,OK,place_on,straighten,Place monitor on surface.,Straighten the monitor.,on,,;referent_grounding_v1:G2,,X=monitor
G2,00626-XiJhRLvpKpX/tasks-island_0.json,494,4,Arrange the toy.,OK,place_on,straighten,Place toy on surface.,Straighten the toy.,on,,;referent_grounding_v1:G2,,X=toy
G2,00626-XiJhRLvpKpX/tasks-island_0.json,499,4,Arrange the fireplace tool set.,OK,place_on,straighten,Place fireplace tool set on surface.,Straighten the fireplace tool set.,on,,;referent_grounding_v1:G2,,X=fireplace tool set
G2,00626-XiJhRLvpKpX/tasks-island_0.json,513,3,Arrange the pile of magazines.,OK,place_on,straighten,Place pile of magazines on surface.,Straighten the pile of magazines.,on,,;referent_grounding_v1:G2,,X=pile of magazines
G2,00626-XiJhRLvpKpX/tasks-island_0.json,520,4,Arrange the flower vase.,OK,place_on,straighten,Place flower vase on surface.,Straighten the flower vase.,on,,;referent_grounding_v1:G2,,X=flower vase
G1,00626-XiJhRLvpKpX/tasks-island_0.json,530,3,Organize files in the cabinet.,OK,place_in,place_in,Place cabinet in receptacle.,Place the files in the cabinet.,in,in,;referent_grounding_v1:G1,,X=files|Y=cabinet
G2,00626-XiJhRLvpKpX/tasks-island_0.json,538,2,Position the speaker.,OK,place_on,reposition,Place speaker on surface.,Reposition the speaker.,on,,;referent_grounding_v1:G2,,X=speaker
G1,00626-XiJhRLvpKpX/tasks-island_0.json,546,6,Set the cup on the table.,OK,place_on,place_on,Place cup on surface.,Place the cup on the table.,on,on,;referent_grounding_v1:G1,,X=cup|Y=table
G2,00626-XiJhRLvpKpX/tasks-island_0.json,560,1,Position the speaker.,OK,place_on,reposition,Place speaker on surface.,Reposition the speaker.,on,,;referent_grounding_v1:G2,,X=speaker
G1,00626-XiJhRLvpKpX/tasks-island_0.json,568,5,Position the laptop computer on the desk.,OK,place_on,place_on,Place laptop computer on surface.,Place the laptop computer on the desk.,on,on,;referent_grounding_v1:G1,,X=laptop computer|Y=desk
G3,00626-XiJhRLvpKpX/tasks-island_0.json,569,4,Fluff the pillows on the sofa.,OK,fluff,fluff,Fluff items on the sofa.,Fluff the pillows on the sofa.,on,on,;referent_grounding_v1:G3,,NP=pillows
G1,00626-XiJhRLvpKpX/tasks-island_0.json,572,6,Arrange the flowerpot on the shelf.,OK,place_on,place_on,Place flowerpot on surface.,Place the flowerpot on the shelf.,on,on,;referent_grounding_v1:G1,,X=flowerpot|Y=shelf
G1,00626-XiJhRLvpKpX/tasks-island_0.json,573,3,Organize the books on the bookshelf.,OK,place_on,place_on,Place bookshelf on surface.,Place the books on the bookshelf.,on,on,;referent_grounding_v1:G1,,X=books|Y=bookshelf
G1,00626-XiJhRLvpKpX/tasks-island_0.json,576,3,Organize the items in the bathroom cabinet.,OK,place_in,place_in,Place bathroom cabinet in receptacle.,Place the items in the bathroom cabinet.,in,in,;referent_grounding_v1:G1,,X=items|Y=bathroom cabinet
G1,00626-XiJhRLvpKpX/tasks-island_0.json,576,5,Arrange toiletries in the wall cabinet.,OK,place_in,place_in,Place wall cabinet in receptacle.,Place the toiletries in the wall cabinet.,in,in,;referent_grounding_v1:G1,,X=toiletries|Y=wall cabinet
G1,00626-XiJhRLvpKpX/tasks-island_0.json,582,4,Organize bottles on the wine rack.,OK,place_on,place_on,Place wine rack on surface.,Place the bottles on the wine rack.,on,on,;referent_grounding_v1:G1,,X=bottles|Y=wine rack
G1,00626-XiJhRLvpKpX/tasks-island_0.json,583,6,Set the handbag on the chair.,OK,place_on,place_on,Place handbag on surface.,Place the handbag on the chair.,on,on,;referent_grounding_v1:G1,,X=handbag|Y=chair
G3,00626-XiJhRLvpKpX/tasks-island_0.json,584,3,Fluff the cushions on the sofa.,OK,fluff,fluff,Fluff items on the sofa.,Fluff the cushions on the sofa.,on,on,;referent_grounding_v1:G3,,NP=cushions
G2,00626-XiJhRLvpKpX/tasks-island_0.json,588,1,Position the separator to create a path.,OK,place_on,reposition,Place separator on surface.,Reposition the separator.,on,,;referent_grounding_v1:G2,,X=separator
G1,00626-XiJhRLvpKpX/tasks-island_0.json,588,5,Organize items on the shelf.,OK,place_on,place_on,Place shelf on surface.,Place the items on the shelf.,on,on,;referent_grounding_v1:G1,,X=items|Y=shelf
G3,00626-XiJhRLvpKpX/tasks-island_0.json,593,6,Fluff the cushion on the armchair.,OK,fluff,fluff,Fluff items on the armchair.,Fluff the cushion on the armchair.,on,on,;referent_grounding_v1:G3,,NP=cushion
G1,00626-XiJhRLvpKpX/tasks-island_0.json,599,3,Organize books on the bookshelf.,OK,place_on,place_on,Place bookshelf on surface.,Place the books on the bookshelf.,on,on,;referent_grounding_v1:G1,,X=books|Y=bookshelf
G1,00626-XiJhRLvpKpX/tasks-island_0.json,604,7,Set the handbag on the desk.,OK,place_on,place_on,Place handbag on surface.,Place the handbag on the desk.,on,on,;referent_grounding_v1:G1,,X=handbag|Y=desk
G3,00626-XiJhRLvpKpX/tasks-island_0.json,605,2,Fluff the pillows on the sofa.,OK,fluff,fluff,Fluff items on the sofa.,Fluff the pillows on the sofa.,on,on,;referent_grounding_v1:G3,,NP=pillows
G1,00626-XiJhRLvpKpX/tasks-island_0.json,608,5,Organize the books on the bookshelf.,OK,place_on,place_on,Place bookshelf on surface.,Place the books on the bookshelf.,on,on,;referent_grounding_v1:G1,,X=books|Y=bookshelf
G2,00626-XiJhRLvpKpX/tasks-island_0.json,609,6,Arrange the swing neatly.,OK,place_on,straighten,Place swing on surface.,Straighten the swing.,on,,;referent_grounding_v1:G2,,X=swing
G1,00626-XiJhRLvpKpX/tasks-island_0.json,610,2,Organize the items in the cabinet.,OK,place_in,place_in,Place cabinet in receptacle.,Place the items in the cabinet.,in,in,;referent_grounding_v1:G1,,X=items|Y=cabinet
G1,00626-XiJhRLvpKpX/tasks-island_0.json,610,5,Arrange the pot on the counter.,OK,place_on,place_on,Place pot on surface.,Place the pot on the counter.,on,on,;referent_grounding_v1:G1,,X=pot|Y=counter
G2,00626-XiJhRLvpKpX/tasks-island_0.json,613,1,Arrange the seat.,OK,place_on,straighten,Place seat on surface.,Straighten the seat.,on,,;referent_grounding_v1:G2,,X=seat
G2,00626-XiJhRLvpKpX/tasks-island_0.json,614,6,Position the exercise ball.,OK,place_on,reposition,Place exercise ball on surface.,Reposition the exercise ball.,on,,;referent_grounding_v1:G2,,X=exercise ball
G1,00626-XiJhRLvpKpX/tasks-island_0.json,616,2,Set the flowerpot on the ledge.,OK,place_on,place_on,Place flowerpot on surface.,Place the flowerpot on the ledge.,on,on,;referent_grounding_v1:G1,,X=flowerpot|Y=ledge
G2,00626-XiJhRLvpKpX/tasks-island_0.json,619,3,Arrange the seat.,OK,place_on,straighten,Place seat on surface.,Straighten the seat.,on,,;referent_grounding_v1:G2,,X=seat
G2,00626-XiJhRLvpKpX/tasks-island_0.json,621,6,Arrange the decoration.,OK,place_on,straighten,Place decoration on surface.,Straighten the decoration.,on,,;referent_grounding_v1:G2,,X=decoration
G1,00626-XiJhRLvpKpX/tasks-island_0.json,623,4,Set the pitcher on the counter.,OK,place_on,place_on,Place pitcher on surface.,Place the pitcher on the counter.,on,on,;referent_grounding_v1:G1,,X=pitcher|Y=counter
G2,00626-XiJhRLvpKpX/tasks-island_0.json,628,6,Position the statue.,OK,place_on,reposition,Place statue on surface.,Reposition the statue.,on,,;referent_grounding_v1:G2,,X=statue
G2,00626-XiJhRLvpKpX/tasks-island_0.json,629,3,Position the speaker.,OK,place_on,reposition,Place speaker on surface.,Reposition the speaker.,on,,;referent_grounding_v1:G2,,X=speaker
G1,00626-XiJhRLvpKpX/tasks-island_0.json,631,6,Set the handbag on the chair.,OK,place_on,place_on,Place handbag on surface.,Place the handbag on the chair.,on,on,;referent_grounding_v1:G1,,X=handbag|Y=chair
G2,00626-XiJhRLvpKpX/tasks-island_0.json,633,5,Position the dumbbell.,OK,place_on,reposition,Place dumbbell on surface.,Reposition the dumbbell.,on,,;referent_grounding_v1:G2,,X=dumbbell
G2,00626-XiJhRLvpKpX/tasks-island_0.json,633,6,Arrange the exercise ball.,OK,place_on,straighten,Place exercise ball on surface.,Straighten the exercise ball.,on,,;referent_grounding_v1:G2,,X=exercise ball
G2,00626-XiJhRLvpKpX/tasks-island_0.json,636,2,Arrange the flowerpot.,OK,place_on,straighten,Place flowerpot on surface.,Straighten the flowerpot.,on,,;referent_grounding_v1:G2,,X=flowerpot
G2,00626-XiJhRLvpKpX/tasks-island_0.json,637,7,Position the seat.,OK,place_on,reposition,Place seat on surface.,Reposition the seat.,on,,;referent_grounding_v1:G2,,X=seat
G2,00626-XiJhRLvpKpX/tasks-island_0.json,640,2,Arrange the seat.,OK,place_on,straighten,Place seat on surface.,Straighten the seat.,on,,;referent_grounding_v1:G2,,X=seat
G1,00638-iePHCSf119p/tasks-island_0.json,9,1,Organize the books on the shelf.,OK,place_on,place_on,Place shelf on surface.,Place the books on the shelf.,on,on,;referent_grounding_v1:G1,,X=books|Y=shelf
G2,00638-iePHCSf119p/tasks-island_0.json,10,2,Arrange the plant for a background.,OK,place_on,straighten,Place plant on surface.,Straighten the plant.,on,,;referent_grounding_v1:G2,,X=plant
G2,00638-iePHCSf119p/tasks-island_0.json,19,2,Arrange the bottles.,OK,place_on,straighten,Place bottles on surface.,Straighten the bottles.,on,,;referent_grounding_v1:G2,,X=bottles
G2,00638-iePHCSf119p/tasks-island_0.json,25,5,Arrange the vase.,OK,place_on,straighten,Place vase on surface.,Straighten the vase.,on,,;referent_grounding_v1:G2,,X=vase
G2,00638-iePHCSf119p/tasks-island_0.json,27,2,Arrange the figurine.,OK,place_on,straighten,Place figurine on surface.,Straighten the figurine.,on,,;referent_grounding_v1:G2,,X=figurine
G2,00638-iePHCSf119p/tasks-island_0.json,27,4,Position the antlers.,OK,place_on,reposition,Place antlers on surface.,Reposition the antlers.,on,,;referent_grounding_v1:G2,,X=antlers
G2,00638-iePHCSf119p/tasks-island_0.json,35,5,Arrange the shelf.,OK,place_on,straighten,Place shelf on surface.,Straighten the shelf.,on,,;referent_grounding_v1:G2,,X=shelf
G2,00638-iePHCSf119p/tasks-island_0.json,39,2,Position the photo.,OK,place_on,reposition,Place photo on surface.,Reposition the photo.,on,,;referent_grounding_v1:G2,,X=photo
G2,00638-iePHCSf119p/tasks-island_0.json,39,3,Arrange the antlers.,OK,place_on,straighten,Place antlers on surface.,Straighten the antlers.,on,,;referent_grounding_v1:G2,,X=antlers
G2,00638-iePHCSf119p/tasks-island_0.json,46,2,Arrange the photo display.,OK,place_on,straighten,Place photo on surface.,Straighten the photo display.,on,,;referent_grounding_v1:G2,,X=photo display
G1,00638-iePHCSf119p/tasks-island_0.json,51,2,Arrange the plant in the corner.,OK,place_in,place_in,Place plant in receptacle.,Place the plant in the corner.,in,in,;referent_grounding_v1:G1,,X=plant|Y=corner
G2,00638-iePHCSf119p/tasks-island_0.json,51,4,Position the figurine.,OK,place_on,reposition,Place figurine on surface.,Reposition the figurine.,on,,;referent_grounding_v1:G2,,X=figurine
G2,00638-iePHCSf119p/tasks-island_0.json,54,2,Arrange the antlers.,OK,place_on,straighten,Place antlers on surface.,Straighten the antlers.,on,,;referent_grounding_v1:G2,,X=antlers
G2,00638-iePHCSf119p/tasks-island_0.json,54,4,Position the plant.,OK,place_on,reposition,Place plant on surface.,Reposition the plant.,on,,;referent_grounding_v1:G2,,X=plant
G2,00638-iePHCSf119p/tasks-island_0.json,56,5,Position the highchair.,OK,place_on,reposition,Place highchair on surface.,Reposition the highchair.,on,,;referent_grounding_v1:G2,,X=highchair
G2,00638-iePHCSf119p/tasks-island_0.json,60,4,Position the menu board.,OK,place_on,reposition,Place menu board on surface.,Reposition the menu board.,on,,;referent_grounding_v1:G2,,X=menu board
G2,00638-iePHCSf119p/tasks-island_0.json,62,5,Arrange the plant.,OK,place_on,straighten,Place plant on surface.,Straighten the plant.,on,,;referent_grounding_v1:G2,,X=plant
G2,00638-iePHCSf119p/tasks-island_0.json,65,4,Arrange the document.,OK,place_on,straighten,Place document on surface.,Straighten the document.,on,,;referent_grounding_v1:G2,,X=document
G2,00638-iePHCSf119p/tasks-island_0.json,79,1,Arrange the bottles.,OK,place_on,straighten,Place bottles on surface.,Straighten the bottles.,on,,;referent_grounding_v1:G2,,X=bottles
G2,00638-iePHCSf119p/tasks-island_0.json,88,6,Display the flower.,OK,place_on,straighten,Place flower on surface.,Straighten the flower.,on,,;referent_grounding_v1:G2,,X=flower
G2,00638-iePHCSf119p/tasks-island_0.json,90,5,Display the figurine.,OK,place_on,straighten,Place figurine on surface.,Straighten the figurine.,on,,;referent_grounding_v1:G2,,X=figurine
G2,00638-iePHCSf119p/tasks-island_0.json,94,1,Display the flower.,OK,place_on,straighten,Place flower on surface.,Straighten the flower.,on,,;referent_grounding_v1:G2,,X=flower
G2,00638-iePHCSf119p/tasks-island_0.json,100,1,Display the flower.,OK,place_on,straighten,Place flower on surface.,Straighten the flower.,on,,;referent_grounding_v1:G2,,X=flower
G1,00643-ggNAcMh8JPT/tasks-island_0.json,3,3,Organize the items on the tray.,OK,place_on,place_on,Place tray on surface.,Place the items on the tray.,on,on,;referent_grounding_v1:G1,,X=items|Y=tray
G2,00643-ggNAcMh8JPT/tasks-island_0.json,7,3,Arrange the flower vase.,OK,place_on,straighten,Place flower vase on surface.,Straighten the flower vase.,on,,;referent_grounding_v1:G2,,X=flower vase
G2,00643-ggNAcMh8JPT/tasks-island_0.json,15,3,Arrange the rack.,OK,place_on,straighten,Place rack on surface.,Straighten the rack.,on,,;referent_grounding_v1:G2,,X=rack
G2,00643-ggNAcMh8JPT/tasks-island_0.json,25,4,Arrange the rack.,OK,place_on,straighten,Place rack on surface.,Straighten the rack.,on,,;referent_grounding_v1:G2,,X=rack
G1,00643-ggNAcMh8JPT/tasks-island_0.json,33,2,Sort items in the basket of something.,OK,place_in,place_in,Place basket of something in receptacle.,Place the items in the basket of something.,in,in,;referent_grounding_v1:G1,,X=items|Y=basket of something
G2,00643-ggNAcMh8JPT/tasks-island_0.json,42,2,Arrange the flower vase.,OK,place_on,straighten,Place flower vase on surface.,Straighten the flower vase.,on,,;referent_grounding_v1:G2,,X=flower vase
G3,00643-ggNAcMh8JPT/tasks-island_0.json,44,1,Place the laptop on the table.,OK,place_on,place_on,Place items on the laptop_computer.,Place the laptop on the laptop_computer.,on,on,;referent_grounding_v1:G3,,NP=laptop
G4,00643-ggNAcMh8JPT/tasks-island_0.json,52,3,Refill the pitcher at the sink.,RESOLVED,fill,fill,Use the sink to fill a container.,Fill the vase at the sink.,at,at,;referent_grounding_v1:G4,,vessel=vase
G2,00643-ggNAcMh8JPT/tasks-island_0.json,56,3,Rearrange the display cabinet.,OK,place_on,straighten,Place display cabinet on surface.,Straighten the display cabinet.,on,,;referent_grounding_v1:G2,,X=display cabinet
G1,00643-ggNAcMh8JPT/tasks-island_0.json,69,6,Arrange items in the display cabinet.,OK,place_in,place_in,Place display cabinet in receptacle.,Place the items in the display cabinet.,in,in,;referent_grounding_v1:G1,,X=items|Y=display cabinet
G2,00643-ggNAcMh8JPT/tasks-island_0.json,75,5,Arrange the kitchen countertop item.,OK,place_on,straighten,Place kitchen countertop item on surface.,Straighten the kitchen countertop item.,on,,;referent_grounding_v1:G2,,X=kitchen countertop item
G1,00643-ggNAcMh8JPT/tasks-island_0.json,77,1,Arrange the rack in the storage room.,OK,place_in,place_in,Place rack in receptacle.,Place the rack in the storage room.,in,in,;referent_grounding_v1:G1,,X=rack|Y=storage room
G2,00643-ggNAcMh8JPT/tasks-island_0.json,80,2,Position the speaker for better sound.,OK,place_on,reposition,Place speaker on surface.,Reposition the speaker.,on,,;referent_grounding_v1:G2,,X=speaker
G1,00643-ggNAcMh8JPT/tasks-island_0.json,82,3,Set the cup on the kitchen counter.,OK,place_on,place_on,Place cup on surface.,Place the cup on the kitchen counter.,on,on,;referent_grounding_v1:G1,,X=cup|Y=kitchen counter
G2,00643-ggNAcMh8JPT/tasks-island_0.json,83,3,Rearrange the display cabinet.,OK,place_on,straighten,Place display cabinet on surface.,Straighten the display cabinet.,on,,;referent_grounding_v1:G2,,X=display cabinet
G1,00643-ggNAcMh8JPT/tasks-island_0.json,84,2,Arrange flowers in the flower vase.,OK,place_in,place_in,Place flower vase in receptacle.,Place the flowers in the flower vase.,in,in,;referent_grounding_v1:G1,,X=flowers|Y=flower vase
G1,00643-ggNAcMh8JPT/tasks-island_0.json,93,3,Set the cup on the counter.,OK,place_on,place_on,Place cup on surface.,Place the cup on the counter.,on,on,;referent_grounding_v1:G1,,X=cup|Y=counter
G2,00643-ggNAcMh8JPT/tasks-island_0.json,95,5,Arrange the flowerpot.,OK,place_on,straighten,Place flowerpot on surface.,Straighten the flowerpot.,on,,;referent_grounding_v1:G2,,X=flowerpot
G2,00643-ggNAcMh8JPT/tasks-island_0.json,97,3,Arrange the towel.,OK,place_on,straighten,Place towel on surface.,Straighten the towel.,on,,;referent_grounding_v1:G2,,X=towel
G2,00643-ggNAcMh8JPT/tasks-island_0.json,99,6,Arrange the shampoo.,OK,place_on,straighten,Place shampoo on surface.,Straighten the shampoo.,on,,;referent_grounding_v1:G2,,X=shampoo
G2,00643-ggNAcMh8JPT/tasks-island_0.json,100,6,Arrange the flowerpot.,OK,place_on,straighten,Place flowerpot on surface.,Straighten the flowerpot.,on,,;referent_grounding_v1:G2,,X=flowerpot
G2,00643-ggNAcMh8JPT/tasks-island_0.json,102,7,Arrange the cabinet.,OK,place_on,straighten,Place cabinet on surface.,Straighten the cabinet.,on,,;referent_grounding_v1:G2,,X=cabinet
G2,00643-ggNAcMh8JPT/tasks-island_0.json,104,4,Arrange the flower vase.,OK,place_on,straighten,Place flower vase on surface.,Straighten the flower vase.,on,,;referent_grounding_v1:G2,,X=flower vase
G2,00643-ggNAcMh8JPT/tasks-island_0.json,110,2,Arrange the basket of something.,OK,place_on,straighten,Place basket of something on surface.,Straighten the basket of something.,on,,;referent_grounding_v1:G2,,X=basket of something
G2,00643-ggNAcMh8JPT/tasks-island_0.json,114,6,Arrange the flower vase.,OK,place_on,straighten,Place flower vase on surface.,Straighten the flower vase.,on,,;referent_grounding_v1:G2,,X=flower vase
G2,00643-ggNAcMh8JPT/tasks-island_0.json,126,6,Arrange the flower vase.,OK,place_on,straighten,Place flower vase on surface.,Straighten the flower vase.,on,,;referent_grounding_v1:G2,,X=flower vase
G1,00643-ggNAcMh8JPT/tasks-island_0.json,131,3,Sort items in the basket of something.,OK,place_in,place_in,Place basket of something in receptacle.,Place the items in the basket of something.,in,in,;referent_grounding_v1:G1,,X=items|Y=basket of something
G1,00643-ggNAcMh8JPT/tasks-island_1.json,5,2,Organize the items on the rack.,OK,place_on,place_on,Place rack on surface.,Place the items on the rack.,on,on,;referent_grounding_v1:G1,,X=items|Y=rack
G1,00643-ggNAcMh8JPT/tasks-island_1.json,15,1,Organize the magazines on the shelf.,OK,place_on,place_on,Place shelf on surface.,Place the magazines on the shelf.,on,on,;referent_grounding_v1:G1,,X=magazines|Y=shelf
G1,00643-ggNAcMh8JPT/tasks-island_1.json,16,2,Arrange the tools on the rack.,OK,place_on,place_on,Place rack on surface.,Place the tools on the rack.,on,on,;referent_grounding_v1:G1,,X=tools|Y=rack
G2,00643-ggNAcMh8JPT/tasks-island_1.json,16,4,Tidy the items inside the cabinet.,OK,place_in,straighten,Place cabinet in receptacle.,Straighten the items inside the cabinet.,in,,;referent_grounding_v1:G2,,X=items inside the cabinet
G2,00643-ggNAcMh8JPT/tasks-island_1.json,23,4,Arrange the book rack.,OK,place_on,straighten,Place book rack on surface.,Straighten the book rack.,on,,;referent_grounding_v1:G2,,X=book rack
G2,00643-ggNAcMh8JPT/tasks-island_1.json,32,3,Arrange the book rack.,OK,place_on,straighten,Place book rack on surface.,Straighten the book rack.,on,,;referent_grounding_v1:G2,,X=book rack
G2,00643-ggNAcMh8JPT/tasks-island_1.json,40,2,Arrange the pipe.,OK,place_on,straighten,Place pipe on surface.,Straighten the pipe.,on,,;referent_grounding_v1:G2,,X=pipe
G1,00643-ggNAcMh8JPT/tasks-island_1.json,47,1,Organize the items on the shelf.,OK,place_on,place_on,Place shelf on surface.,Place the items on the shelf.,on,on,;referent_grounding_v1:G1,,X=items|Y=shelf
G2,00643-ggNAcMh8JPT/tasks-island_1.json,52,5,Arrange the cabinet contents.,OK,place_in,straighten,Place cabinet in receptacle.,Straighten the cabinet contents.,in,,;referent_grounding_v1:G2,,X=cabinet contents
G1,00643-ggNAcMh8JPT/tasks-island_1.json,52,6,Organize the items on the rack.,OK,place_in,place_on,Place rack in receptacle.,Place the items on the rack.,in,on,;referent_grounding_v1:G1,,X=items|Y=rack
G1,00643-ggNAcMh8JPT/tasks-island_1.json,58,1,Organize the tools on the shelf.,OK,place_on,place_on,Place shelf on surface.,Place the tools on the shelf.,on,on,;referent_grounding_v1:G1,,X=tools|Y=shelf
G1,00643-ggNAcMh8JPT/tasks-island_1.json,58,5,Organize the items in the case.,OK,place_in,place_in,Place case in receptacle.,Place the items in the case.,in,in,;referent_grounding_v1:G1,,X=items|Y=case
G2,00643-ggNAcMh8JPT/tasks-island_1.json,59,3,Position the ladder for high spots.,OK,place_on,reposition,Place ladder on surface.,Reposition the ladder.,on,,;referent_grounding_v1:G2,,X=ladder
G2,00643-ggNAcMh8JPT/tasks-island_1.json,63,4,Arrange the exercise machine.,OK,place_on,straighten,Place exercise machine on surface.,Straighten the exercise machine.,on,,;referent_grounding_v1:G2,,X=exercise machine
G2,00643-ggNAcMh8JPT/tasks-island_1.json,63,5,Position the fan for better airflow.,OK,place_on,reposition,Place fan on surface.,Reposition the fan.,on,,;referent_grounding_v1:G2,,X=fan
G2,00643-ggNAcMh8JPT/tasks-island_1.json,69,2,Arrange the book rack.,OK,place_on,straighten,Place book rack on surface.,Straighten the book rack.,on,,;referent_grounding_v1:G2,,X=book rack
G1,00643-ggNAcMh8JPT/tasks-island_1.json,74,1,Organize the items on the shelf.,OK,place_on,place_on,Place shelf on surface.,Place the items on the shelf.,on,on,;referent_grounding_v1:G1,,X=items|Y=shelf
G2,00643-ggNAcMh8JPT/tasks-island_1.json,74,5,Arrange the rack.,OK,place_on,straighten,Place rack on surface.,Straighten the rack.,on,,;referent_grounding_v1:G2,,X=rack
G2,00643-ggNAcMh8JPT/tasks-island_1.json,91,1,Arrange the rack.,OK,place_on,straighten,Place rack on surface.,Straighten the rack.,on,,;referent_grounding_v1:G2,,X=rack
G2,00643-ggNAcMh8JPT/tasks-island_1.json,100,7,Arrange the rack.,OK,place_on,straighten,Place rack on surface.,Straighten the rack.,on,,;referent_grounding_v1:G2,,X=rack
G2,00657-TSJmdttd2GV/tasks-island_2.json,4,3,Arrange the chest of drawers.,OK,place_on,straighten,Place chest of drawers on surface.,Straighten the chest of drawers.,on,,;referent_grounding_v1:G2,,X=chest of drawers
G2,00657-TSJmdttd2GV/tasks-island_2.json,6,3,Reposition the flowerpot.,OK,place_in,reposition,Place flowerpot in receptacle.,Reposition the flowerpot.,in,,;referent_grounding_v1:G2,,X=flowerpot
G1,00657-TSJmdttd2GV/tasks-island_2.json,11,3,Arrange the book on the shelving.,OK,place_on,place_on,Place book on surface.,Place the book on the shelving.,on,on,;referent_grounding_v1:G1,,X=book|Y=shelving
G2,00657-TSJmdttd2GV/tasks-island_2.json,19,3,Arrange the basket.,OK,place_on,straighten,Place basket on surface.,Straighten the basket.,on,,;referent_grounding_v1:G2,,X=basket
G2,00657-TSJmdttd2GV/tasks-island_2.json,23,3,Arrange the side table.,OK,place_on,straighten,Place side table on surface.,Straighten the side table.,on,,;referent_grounding_v1:G2,,X=side table
G2,00657-TSJmdttd2GV/tasks-island_2.json,24,2,Arrange the chess board.,OK,place_on,straighten,Place chess on surface.,Straighten the chess board.,on,,;referent_grounding_v1:G2,,X=chess board
G1,00657-TSJmdttd2GV/tasks-island_2.json,28,4,Arrange objects on the shelving.,OK,place_on,place_on,Place shelving on surface.,Place the objects on the shelving.,on,on,;referent_grounding_v1:G1,,X=objects|Y=shelving
G4,00657-TSJmdttd2GV/tasks-island_2.json,36,2,Fill the cup at the sink.,RESOLVED,fill,fill,Use the sink to fill a container.,Fill the cup at the sink.,at,at,;referent_grounding_v1:G4,,vessel=cup
G4,00657-TSJmdttd2GV/tasks-island_2.json,37,2,Fill a pitcher at the sink.,FLAG,fill,fill,Use the sink to fill a container.,Use the sink to fill a container.,at,at,;ungrounded_anaphora,,no_vessel_found
G2,00657-TSJmdttd2GV/tasks-island_2.json,38,2,Arrange the hanging clothes.,OK,place_on,straighten,Place hanging clothes on surface.,Straighten the hanging clothes.,on,,;referent_grounding_v1:G2,,X=hanging clothes
G2,00657-TSJmdttd2GV/tasks-island_2.json,68,3,Arrange the cabinet.,OK,place_on,straighten,Place cabinet on surface.,Straighten the cabinet.,on,,;referent_grounding_v1:G2,,X=cabinet
G2,00657-TSJmdttd2GV/tasks-island_2.json,76,6,Set the cup.,OK,place_on,straighten,Place cup on surface.,Straighten the cup.,on,,;referent_grounding_v1:G2,,X=cup
G2,00657-TSJmdttd2GV/tasks-island_2.json,92,3,Arrange the shelving.,OK,place_on,straighten,Place shelving on surface.,Straighten the shelving.,on,,;referent_grounding_v1:G2,,X=shelving
G2,00657-TSJmdttd2GV/tasks-island_2.json,97,6,Arrange the spice rack.,OK,place_on,straighten,Place spice rack on surface.,Straighten the spice rack.,on,,;referent_grounding_v1:G2,,X=spice rack
G1,00657-TSJmdttd2GV/tasks-island_2.json,99,5,Arrange the flowerpot on the dining table.,OK,place_on,place_on,Place flowerpot on surface.,Place the flowerpot on the dining table.,on,on,;referent_grounding_v1:G1,,X=flowerpot|Y=dining table
G1,00657-TSJmdttd2GV/tasks-island_2.json,100,4,Organize the books on the shelving.,OK,place_on,place_on,Place shelving on surface.,Place the books on the shelving.,on,on,;referent_grounding_v1:G1,,X=books|Y=shelving
G1,00662-aRKASs4e8j1/tasks-island_0.json,1,3,Organize the papers into the folder.,OK,place_in,place_in,Place folder in receptacle.,Place the papers into the folder.,in,in,;referent_grounding_v1:G1,,X=papers|Y=folder
G1,00662-aRKASs4e8j1/tasks-island_0.json,6,3,Arrange the items on the rack.,OK,place_on,place_on,Place rack on surface.,Place the items on the rack.,on,on,;referent_grounding_v1:G1,,X=items|Y=rack
G1,00662-aRKASs4e8j1/tasks-island_0.json,7,2,Organize the tools on the rack.,OK,place_on,place_on,Place rack on surface.,Place the tools on the rack.,on,on,;referent_grounding_v1:G1,,X=tools|Y=rack
G1,00662-aRKASs4e8j1/tasks-island_0.json,10,2,Organize the pages in the folder.,OK,place_in,place_in,Place folder in receptacle.,Place the pages in the folder.,in,in,;referent_grounding_v1:G1,,X=pages|Y=folder
G2,00662-aRKASs4e8j1/tasks-island_0.json,13,4,Set the tray with water glasses.,OK,place_on,straighten,Place tray on surface.,Straighten the tray.,on,,;referent_grounding_v1:G2,,X=tray
G2,00662-aRKASs4e8j1/tasks-island_0.json,27,3,Arrange the shelf.,OK,place_on,straighten,Place shelf on surface.,Straighten the shelf.,on,,;referent_grounding_v1:G2,,X=shelf
G2,00662-aRKASs4e8j1/tasks-island_0.json,69,4,Position the monitor.,OK,place_on,reposition,Place monitor on surface.,Reposition the monitor.,on,,;referent_grounding_v1:G2,,X=monitor
G2,00662-aRKASs4e8j1/tasks-island_0.json,76,2,Arrange the shelf.,OK,place_on,straighten,Place shelf on surface.,Straighten the shelf.,on,,;referent_grounding_v1:G2,,X=shelf
G2,00662-aRKASs4e8j1/tasks-island_0.json,77,1,Arrange the coat.,OK,place_on,straighten,Place coat on surface.,Straighten the coat.,on,,;referent_grounding_v1:G2,,X=coat
G2,00662-aRKASs4e8j1/tasks-island_0.json,85,3,Position the pillar.,OK,place_on,reposition,Place pillar on surface.,Reposition the pillar.,on,,;referent_grounding_v1:G2,,X=pillar
G2,00662-aRKASs4e8j1/tasks-island_0.json,87,3,Position the monitor.,OK,place_on,reposition,Place monitor on surface.,Reposition the monitor.,on,,;referent_grounding_v1:G2,,X=monitor
G2,00662-aRKASs4e8j1/tasks-island_0.json,87,5,Set the handbag down.,OK,place_on,straighten,Place handbag on surface.,Straighten the handbag.,on,,;referent_grounding_v1:G2,,X=handbag
G2,00662-aRKASs4e8j1/tasks-island_0.json,93,5,Arrange the rack.,OK,place_on,straighten,Place rack on surface.,Straighten the rack.,on,,;referent_grounding_v1:G2,,X=rack
G2,00662-aRKASs4e8j1/tasks-island_0.json,102,5,Arrange the shelf.,OK,place_on,straighten,Place shelf on surface.,Straighten the shelf.,on,,;referent_grounding_v1:G2,,X=shelf
G2,00662-aRKASs4e8j1/tasks-island_0.json,103,2,Position the monitor.,OK,place_on,reposition,Place monitor on surface.,Reposition the monitor.,on,,;referent_grounding_v1:G2,,X=monitor
P0a,00664-u5atqC7vRCY/tasks-island_0.json,16,1,Inspect and repair the support beam.,OK,reposition,tighten,Reposition the support beam.,Tighten the support beam.,,,;vocab_extension_v1:repair_remap->tighten,,
G1,00664-u5atqC7vRCY/tasks-island_0.json,51,3,Organize the books on the shelf.,OK,place_on,place_on,Place shelf on surface.,Place the books on the shelf.,on,on,;referent_grounding_v1:G1,,X=books|Y=shelf
G2,00664-u5atqC7vRCY/tasks-island_0.json,55,2,Arrange the basket of something.,OK,place_on,straighten,Place basket of something on surface.,Straighten the basket of something.,on,,;referent_grounding_v1:G2,,X=basket of something
G1,00664-u5atqC7vRCY/tasks-island_0.json,97,6,Organize files in the cabinet.,OK,place_in,place_in,Place cabinet in receptacle.,Place the files in the cabinet.,in,in,;referent_grounding_v1:G1,,X=files|Y=cabinet
G1,00664-u5atqC7vRCY/tasks-island_0.json,100,5,Set the plate on the table.,OK,place_on,place_on,Place plate on surface.,Place the plate on the table.,on,on,;referent_grounding_v1:G1,,X=plate|Y=table
G1,00664-u5atqC7vRCY/tasks-island_0.json,121,6,Set the plate on the counter.,OK,place_on,place_on,Place plate on surface.,Place the plate on the counter.,on,on,;referent_grounding_v1:G1,,X=plate|Y=counter
G2,00664-u5atqC7vRCY/tasks-island_0.json,132,1,Set the coffee maker for the visitors.,OK,place_on,straighten,Place coffee maker on surface.,Straighten the coffee maker.,on,,;referent_grounding_v1:G2,,X=coffee maker
G2,00664-u5atqC7vRCY/tasks-island_0.json,147,1,Set the coffee maker for the morning.,OK,place_on,straighten,Place coffee maker on surface.,Straighten the coffee maker.,on,,;referent_grounding_v1:G2,,X=coffee maker
G2,00664-u5atqC7vRCY/tasks-island_0.json,153,7,Arrange the beanbag for a break.,OK,place_on,straighten,Place beanbag on surface.,Straighten the beanbag.,on,,;referent_grounding_v1:G2,,X=beanbag
G1,00664-u5atqC7vRCY/tasks-island_0.json,156,2,Set the plate on the table.,OK,place_on,place_on,Place plate on surface.,Place the plate on the table.,on,on,;referent_grounding_v1:G1,,X=plate|Y=table
G2,00664-u5atqC7vRCY/tasks-island_0.json,157,4,Rearrange the shelf display.,OK,place_on,straighten,Place shelf on surface.,Straighten the shelf display.,on,,;referent_grounding_v1:G2,,X=shelf display
G2,00664-u5atqC7vRCY/tasks-island_0.json,170,1,Position the laptop computer.,OK,place_on,reposition,Place laptop computer on surface.,Reposition the laptop computer.,on,,;referent_grounding_v1:G2,,X=laptop computer
G3,00668-6YtDG3FhNvx/tasks-island_0.json,5,4,Put the handbag away in the cabinet.,OK,store,store,Store items in the cabinet.,Store the handbag in the cabinet.,in,in,;referent_grounding_v1:G3,,NP=handbag
G2,00668-6YtDG3FhNvx/tasks-island_0.json,11,3,Set the heater for a warm room.,OK,place_on,straighten,Place heater on surface.,Straighten the heater.,on,,;referent_grounding_v1:G2,,X=heater
G2,00668-6YtDG3FhNvx/tasks-island_0.json,31,2,Arrange the vase.,OK,place_on,straighten,Place vase on surface.,Straighten the vase.,on,,;referent_grounding_v1:G2,,X=vase
G3,00668-6YtDG3FhNvx/tasks-island_0.json,40,2,Put the handbag away in the cabinet.,OK,store,store,Store items in the cabinet.,Store the handbag in the cabinet.,in,in,;referent_grounding_v1:G3,,NP=handbag
G1,00668-6YtDG3FhNvx/tasks-island_0.json,49,2,Organize the items in the cabinet.,OK,place_in,place_in,Place cabinet in receptacle.,Place the items in the cabinet.,in,in,;referent_grounding_v1:G1,,X=items|Y=cabinet
G2,00668-6YtDG3FhNvx/tasks-island_0.json,66,7,Arrange the vase.,OK,place_on,straighten,Place vase on surface.,Straighten the vase.,on,,;referent_grounding_v1:G2,,X=vase
G2,00668-6YtDG3FhNvx/tasks-island_0.json,82,7,Set the heater.,OK,place_on,straighten,Place heater on surface.,Straighten the heater.,on,,;referent_grounding_v1:G2,,X=heater
G2,00668-6YtDG3FhNvx/tasks-island_0.json,84,2,Arrange the vase.,OK,place_on,straighten,Place vase on surface.,Straighten the vase.,on,,;referent_grounding_v1:G2,,X=vase
G1,00669-DNWbUAJYsPy/tasks-island_0.json,2,3,Arrange the pillows on the sofa seat.,OK,place_on,place_on,Place sofa seat on surface.,Place the pillows on the sofa seat.,on,on,;referent_grounding_v1:G1,,X=pillows|Y=sofa seat
G1,00669-DNWbUAJYsPy/tasks-island_0.json,10,3,Organize the items in the cabinet.,OK,place_in,place_in,Place cabinet in receptacle.,Place the items in the cabinet.,in,in,;referent_grounding_v1:G1,,X=items|Y=cabinet
G1,00669-DNWbUAJYsPy/tasks-island_0.json,18,3,Arrange the pillows on the sofa seat.,OK,place_on,place_on,Place sofa seat on surface.,Place the pillows on the sofa seat.,on,on,;referent_grounding_v1:G1,,X=pillows|Y=sofa seat
G1,00669-DNWbUAJYsPy/tasks-island_0.json,29,2,Arrange the pillows on the sofa seat.,OK,place_on,place_on,Place sofa seat on surface.,Place the pillows on the sofa seat.,on,on,;referent_grounding_v1:G1,,X=pillows|Y=sofa seat
G1,00669-DNWbUAJYsPy/tasks-island_0.json,33,5,Set the cup on the table.,OK,place_on,place_on,Place cup on surface.,Place the cup on the table.,on,on,;referent_grounding_v1:G1,,X=cup|Y=table
G2,00669-DNWbUAJYsPy/tasks-island_0.json,42,1,Arrange the towel.,OK,place_on,straighten,Place towel on surface.,Straighten the towel.,on,,;referent_grounding_v1:G2,,X=towel
G2,00669-DNWbUAJYsPy/tasks-island_0.json,42,6,Arrange the cup.,OK,place_on,straighten,Place cup on surface.,Straighten the cup.,on,,;referent_grounding_v1:G2,,X=cup
G2,00669-DNWbUAJYsPy/tasks-island_0.json,46,3,Arrange the shelf.,OK,place_on,straighten,Place shelf on surface.,Straighten the shelf.,on,,;referent_grounding_v1:G2,,X=shelf
G1,00669-DNWbUAJYsPy/tasks-island_0.json,47,3,Arrange the pillows on the sofa seat.,OK,place_on,place_on,Place sofa seat on surface.,Place the pillows on the sofa seat.,on,on,;referent_grounding_v1:G1,,X=pillows|Y=sofa seat
G2,00669-DNWbUAJYsPy/tasks-island_0.json,56,3,Rearrange the cabinet.,OK,place_on,straighten,Place cabinet on surface.,Straighten the cabinet.,on,,;referent_grounding_v1:G2,,X=cabinet
G3,00669-DNWbUAJYsPy/tasks-island_0.json,58,5,Put the handbag on the chair.,OK,place_on,place_on,Place items on the armchair.,Place the handbag on the armchair.,on,on,;referent_grounding_v1:G3,,NP=handbag
G2,00669-DNWbUAJYsPy/tasks-island_0.json,61,2,Arrange the sofa seat.,OK,place_on,straighten,Place sofa seat on surface.,Straighten the sofa seat.,on,,;referent_grounding_v1:G2,,X=sofa seat
G2,00669-DNWbUAJYsPy/tasks-island_0.json,65,1,Arrange the towel.,OK,place_on,straighten,Place towel on surface.,Straighten the towel.,on,,;referent_grounding_v1:G2,,X=towel
G1,00680-YmWinf3mhb5/tasks-island_0.json,2,3,Organize the items on the shelf.,OK,place_on,place_on,Place shelf on surface.,Place the items on the shelf.,on,on,;referent_grounding_v1:G1,,X=items|Y=shelf
G1,00680-YmWinf3mhb5/tasks-island_0.json,5,4,Arrange the seat in the room.,OK,place_in,place_in,Place seat in receptacle.,Place the seat in the room.,in,in,;referent_grounding_v1:G1,,X=seat|Y=room
G4,00680-YmWinf3mhb5/tasks-island_0.json,13,2,Fill a pitcher at the sink.,FLAG,fill,fill,Use the sink to fill a container.,Use the sink to fill a container.,at,at,;ungrounded_anaphora,,no_vessel_found
G1,00680-YmWinf3mhb5/tasks-island_0.json,28,3,Arrange the bouquet on the living room shelf.,OK,place_on,place_on,Place bouquet on surface.,Place the bouquet on the living room shelf.,on,on,;referent_grounding_v1:G1,,X=bouquet|Y=living room shelf
G2,00680-YmWinf3mhb5/tasks-island_0.json,29,2,Organize the items inside the box.,OK,place_in,straighten,Place box in receptacle.,Straighten the items inside the box.,in,,;referent_grounding_v1:G2,,X=items inside the box
G1,00680-YmWinf3mhb5/tasks-island_0.json,34,2,Arrange the bouquet on the side table.,OK,place_on,place_on,Place bouquet on surface.,Place the bouquet on the side table.,on,on,;referent_grounding_v1:G1,,X=bouquet|Y=side table
G1,00680-YmWinf3mhb5/tasks-island_0.json,34,5,Organize the remotes in the cabinet.,OK,place_in,place_in,Place cabinet in receptacle.,Place the remotes in the cabinet.,in,in,;referent_grounding_v1:G1,,X=remotes|Y=cabinet
G1,00680-YmWinf3mhb5/tasks-island_0.json,46,4,Organize shoes in the wardrobe.,OK,place_in,place_in,Place wardrobe in receptacle.,Place the shoes in the wardrobe.,in,in,;referent_grounding_v1:G1,,X=shoes|Y=wardrobe
G1,00680-YmWinf3mhb5/tasks-island_0.json,57,4,Organize toiletries in the sink cabinet.,OK,place_in,place_in,Place sink cabinet in receptacle.,Place the toiletries in the sink cabinet.,in,in,;referent_grounding_v1:G1,,X=toiletries|Y=sink cabinet
G2,00680-YmWinf3mhb5/tasks-island_0.json,66,3,Arrange the cosmetics.,OK,place_on,straighten,Place cosmetics on surface.,Straighten the cosmetics.,on,,;referent_grounding_v1:G2,,X=cosmetics
G2,00680-YmWinf3mhb5/tasks-island_0.json,74,3,Position the seat.,OK,place_on,reposition,Place seat on surface.,Reposition the seat.,on,,;referent_grounding_v1:G2,,X=seat
G2,00680-YmWinf3mhb5/tasks-island_0.json,82,6,Set the cup down.,OK,place_on,straighten,Place cup on surface.,Straighten the cup.,on,,;referent_grounding_v1:G2,,X=cup
G2,00680-YmWinf3mhb5/tasks-island_0.json,86,5,Arrange the bouquet.,OK,place_on,straighten,Place bouquet on surface.,Straighten the bouquet.,on,,;referent_grounding_v1:G2,,X=bouquet
G2,00680-YmWinf3mhb5/tasks-island_0.json,87,3,Position the desk lamp.,OK,place_on,reposition,Place desk lamp on surface.,Reposition the desk lamp.,on,,;referent_grounding_v1:G2,,X=desk lamp
G2,00680-YmWinf3mhb5/tasks-island_0.json,88,6,Position the seat.,OK,place_in,reposition,Place seat in receptacle.,Reposition the seat.,in,,;referent_grounding_v1:G2,,X=seat
G3,00680-YmWinf3mhb5/tasks-island_0.json,89,3,Put away dishes in the kitchen lower cabinet.,OK,store,store,Store items in the kitchen lower cabinet.,Store the dishes in the kitchen lower cabinet.,in,in,;referent_grounding_v1:G3,,NP=dishes
G2,00680-YmWinf3mhb5/tasks-island_0.json,90,2,Arrange the bouquet.,OK,place_on,straighten,Place bouquet on surface.,Straighten the bouquet.,on,,;referent_grounding_v1:G2,,X=bouquet
G3,00685-ENiCjXWB6aQ/tasks-island_0.json,0,1,Put the laptop in the cabinet.,OK,place_in,place_in,Place items in the shelf / cabinet.,Place the laptop in the shelf / cabinet.,in,in,;referent_grounding_v1:G3,,NP=laptop
G2,00685-ENiCjXWB6aQ/tasks-island_0.json,9,5,Arrange the medal.,OK,place_on,straighten,Place medal on surface.,Straighten the medal.,on,,;referent_grounding_v1:G2,,X=medal
G2,00685-ENiCjXWB6aQ/tasks-island_0.json,10,3,Arrange the plush toy.,OK,place_on,straighten,Place plush toy on surface.,Straighten the plush toy.,on,,;referent_grounding_v1:G2,,X=plush toy
G2,00685-ENiCjXWB6aQ/tasks-island_0.json,16,2,Arrange the piano stool.,OK,place_on,straighten,Place piano stool on surface.,Straighten the piano stool.,on,,;referent_grounding_v1:G2,,X=piano stool
G2,00685-ENiCjXWB6aQ/tasks-island_0.json,49,5,Set the pillow.,OK,place_on,straighten,Place pillow on surface.,Straighten the pillow.,on,,;referent_grounding_v1:G2,,X=pillow
G4,00685-ENiCjXWB6aQ/tasks-island_1.json,9,2,Refill the bottle at the sink.,FLAG,fill,fill,Use the sink to fill a container.,Use the sink to fill a container.,at,at,;ungrounded_anaphora,,no_vessel_found
G2,00685-ENiCjXWB6aQ/tasks-island_1.json,36,4,Arrange the ornament.,OK,place_on,straighten,Place ornament on surface.,Straighten the ornament.,on,,;referent_grounding_v1:G2,,X=ornament
G1,00685-ENiCjXWB6aQ/tasks-island_1.json,39,5,Set the wine bottle on the table.,OK,place_on,place_on,Place wine bottle on surface.,Place the wine bottle on the table.,on,on,;referent_grounding_v1:G1,,X=wine bottle|Y=table
G1,00685-ENiCjXWB6aQ/tasks-island_3.json,1,4,Arrange the luggage in the corner.,OK,place_in,place_in,Place luggage in receptacle.,Place the luggage in the corner.,in,in,;referent_grounding_v1:G1,,X=luggage|Y=corner
G2,00685-ENiCjXWB6aQ/tasks-island_3.json,7,3,Arrange the cabinet drawer.,OK,place_in,straighten,Place cabinet drawer in receptacle.,Straighten the cabinet drawer.,in,,;referent_grounding_v1:G2,,X=cabinet drawer
G2,00685-ENiCjXWB6aQ/tasks-island_3.json,13,4,Arrange the bathroom utensil.,OK,place_on,straighten,Place bathroom utensil on surface.,Straighten the bathroom utensil.,on,,;referent_grounding_v1:G2,,X=bathroom utensil
G2,00685-ENiCjXWB6aQ/tasks-island_3.json,17,2,Rearrange the photo mount.,OK,place_on,straighten,Place photo mount on surface.,Straighten the photo mount.,on,,;referent_grounding_v1:G2,,X=photo mount
G2,00685-ENiCjXWB6aQ/tasks-island_3.json,20,4,Set aside the towel.,OK,place_on,straighten,Place towel on surface.,Straighten the aside the towel.,on,,;referent_grounding_v1:G2,,X=aside the towel
G1,00685-ENiCjXWB6aQ/tasks-island_3.json,24,2,Set the luggage aside in the bathroom.,OK,place_in,place_in,Place luggage in receptacle.,Place the luggage in the bathroom.,in,in,;referent_grounding_v1:G1,,X=luggage|Y=bathroom
G1,00685-ENiCjXWB6aQ/tasks-island_3.json,24,5,Arrange the shampoo on the ledge.,OK,place_on,place_on,Place shampoo on surface.,Place the shampoo on the ledge.,on,on,;referent_grounding_v1:G1,,X=shampoo|Y=ledge
G2,00685-ENiCjXWB6aQ/tasks-island_3.json,26,6,Arrange the wash cabinet.,OK,place_on,straighten,Place wash cabinet on surface.,Straighten the wash cabinet.,on,,;referent_grounding_v1:G2,,X=wash cabinet
G1,00685-ENiCjXWB6aQ/tasks-island_3.json,35,3,Organize items on the chest of drawers.,OK,place_on,place_on,Place chest of drawers on surface.,Place the items on the chest of drawers.,on,on,;referent_grounding_v1:G1,,X=items|Y=chest of drawers
G2,00685-ENiCjXWB6aQ/tasks-island_3.json,35,6,Arrange the bathroom utensil neatly.,OK,place_on,straighten,Place bathroom utensil on surface.,Straighten the bathroom utensil.,on,,;referent_grounding_v1:G2,,X=bathroom utensil
G2,00688-SgkmkWjjmDJ/tasks-island_0.json,16,3,Arrange the flower.,OK,place_on,straighten,Place flower on surface.,Straighten the flower.,on,,;referent_grounding_v1:G2,,X=flower
G2,00688-SgkmkWjjmDJ/tasks-island_0.json,17,3,Arrange the rack.,OK,place_on,straighten,Place rack on surface.,Straighten the rack.,on,,;referent_grounding_v1:G2,,X=rack
G2,00688-SgkmkWjjmDJ/tasks-island_0.json,32,3,Arrange the flower.,OK,place_on,straighten,Place flower on surface.,Straighten the flower.,on,,;referent_grounding_v1:G2,,X=flower
G1,00688-SgkmkWjjmDJ/tasks-island_0.json,41,3,Arrange the books on the shelf.,OK,place_on,place_on,Place shelf on surface.,Place the books on the shelf.,on,on,;referent_grounding_v1:G1,,X=books|Y=shelf
G1,00688-SgkmkWjjmDJ/tasks-island_0.json,45,1,Arrange items on the bathroom shelf.,OK,place_on,place_on,Place shelf on surface.,Place the items on the bathroom shelf.,on,on,;referent_grounding_v1:G1,,X=items|Y=bathroom shelf
G2,00688-SgkmkWjjmDJ/tasks-island_0.json,94,2,Arrange the computer keyboard.,OK,place_on,straighten,Place computer keyboard on surface.,Straighten the computer keyboard.,on,,;referent_grounding_v1:G2,,X=computer keyboard
G3,00688-SgkmkWjjmDJ/tasks-island_0.json,115,2,Put away food in the refrigerator.,OK,store,store,Store items in the refrigerator.,Store the food in the refrigerator.,in,in,;referent_grounding_v1:G3,,NP=food
G2,00688-SgkmkWjjmDJ/tasks-island_0.json,129,3,Arrange the rack.,OK,place_on,straighten,Place rack on surface.,Straighten the rack.,on,,;referent_grounding_v1:G2,,X=rack
G2,00696-DsEJeNPcZtE/tasks-island_1.json,1,2,Set the plate.,OK,place_on,straighten,Place plate on surface.,Straighten the plate.,on,,;referent_grounding_v1:G2,,X=plate
G1,00696-DsEJeNPcZtE/tasks-island_1.json,23,2,Set the plate on the table.,OK,place_on,place_on,Place plate on surface.,Place the plate on the table.,on,on,;referent_grounding_v1:G1,,X=plate|Y=table
G1,00696-DsEJeNPcZtE/tasks-island_1.json,31,4,Organize files in the cabinet.,OK,place_in,place_in,Place cabinet in receptacle.,Place the files in the cabinet.,in,in,;referent_grounding_v1:G1,,X=files|Y=cabinet
G1,00696-DsEJeNPcZtE/tasks-island_1.json,32,4,Set the plate on the dining table.,OK,place_on,place_on,Place plate on surface.,Place the plate on the dining table.,on,on,;referent_grounding_v1:G1,,X=plate|Y=dining table
G1,00696-DsEJeNPcZtE/tasks-island_1.json,34,5,Organize items on the shelf.,OK,place_on,place_on,Place shelf on surface.,Place the items on the shelf.,on,on,;referent_grounding_v1:G1,,X=items|Y=shelf
G1,00696-DsEJeNPcZtE/tasks-island_1.json,37,2,Arrange items on the shelf.,OK,place_on,place_on,Place shelf on surface.,Place the items on the shelf.,on,on,;referent_grounding_v1:G1,,X=items|Y=shelf
G1,00696-DsEJeNPcZtE/tasks-island_1.json,41,5,Arrange flowers in the flower vase.,OK,place_in,place_in,Place flower vase in receptacle.,Place the flowers in the flower vase.,in,in,;referent_grounding_v1:G1,,X=flowers|Y=flower vase
G2,00696-DsEJeNPcZtE/tasks-island_1.json,45,1,Position the monitor.,OK,place_on,reposition,Place monitor on surface.,Reposition the monitor.,on,,;referent_grounding_v1:G2,,X=monitor
G2,00696-DsEJeNPcZtE/tasks-island_1.json,62,6,Set the plate.,OK,place_on,straighten,Place plate on surface.,Straighten the plate.,on,,;referent_grounding_v1:G2,,X=plate
G2,00696-DsEJeNPcZtE/tasks-island_1.json,64,5,Arrange the vase.,OK,place_on,straighten,Place vase on surface.,Straighten the vase.,on,,;referent_grounding_v1:G2,,X=vase
G2,00696-DsEJeNPcZtE/tasks-island_1.json,66,6,Arrange the flower vase.,OK,place_on,straighten,Place flower vase on surface.,Straighten the flower vase.,on,,;referent_grounding_v1:G2,,X=flower vase
G2,00696-DsEJeNPcZtE/tasks-island_1.json,68,4,Arrange the toothbrush.,OK,place_in,straighten,Place toothbrush in receptacle.,Straighten the toothbrush.,in,,;referent_grounding_v1:G2,,X=toothbrush
G2,00696-DsEJeNPcZtE/tasks-island_1.json,70,3,Set the plate.,OK,place_on,straighten,Place plate on surface.,Straighten the plate.,on,,;referent_grounding_v1:G2,,X=plate
G2,00696-DsEJeNPcZtE/tasks-island_1.json,72,2,Arrange the decoration.,OK,place_on,straighten,Place decoration on surface.,Straighten the decoration.,on,,;referent_grounding_v1:G2,,X=decoration
G1,00696-DsEJeNPcZtE/tasks-island_1.json,73,1,Organize the books on the shelf.,OK,place_on,place_on,Place shelf on surface.,Place the books on the shelf.,on,on,;referent_grounding_v1:G1,,X=books|Y=shelf
G1,00696-DsEJeNPcZtE/tasks-island_1.json,75,5,Set the plate on the dining table.,OK,place_on,place_on,Place plate on surface.,Place the plate on the dining table.,on,on,;referent_grounding_v1:G1,,X=plate|Y=dining table
G1,00696-DsEJeNPcZtE/tasks-island_1.json,77,3,Arrange the flower vase on the table.,OK,place_in,place_on,Place flower vase in receptacle.,Place the flower vase on the table.,in,on,;referent_grounding_v1:G1,,X=flower vase|Y=table
G1,00696-DsEJeNPcZtE/tasks-island_1.json,84,3,Set the flower vase on the table.,OK,place_on,place_on,Place flower vase on surface.,Place the flower vase on the table.,on,on,;referent_grounding_v1:G1,,X=flower vase|Y=table
G1,00696-DsEJeNPcZtE/tasks-island_1.json,84,5,Arrange the books on the bathroom shelf.,OK,place_on,place_on,Place shelf on surface.,Place the books on the bathroom shelf.,on,on,;referent_grounding_v1:G1,,X=books|Y=bathroom shelf
G2,00696-DsEJeNPcZtE/tasks-island_1.json,87,5,Set the plate for the finished goods.,OK,place_on,straighten,Place plate on surface.,Straighten the plate.,on,,;referent_grounding_v1:G2,,X=plate
G1,00696-DsEJeNPcZtE/tasks-island_1.json,88,5,Organize the books on the shelf.,OK,place_on,place_on,Place shelf on surface.,Place the books on the shelf.,on,on,;referent_grounding_v1:G1,,X=books|Y=shelf
G1,00696-DsEJeNPcZtE/tasks-island_1.json,91,1,Set the toothbrush on the counter.,OK,place_on,place_on,Place toothbrush on surface.,Place the toothbrush on the counter.,on,on,;referent_grounding_v1:G1,,X=toothbrush|Y=counter
G2,00696-DsEJeNPcZtE/tasks-island_1.json,99,3,Arrange the fruit.,OK,place_on,straighten,Place fruit on surface.,Straighten the fruit.,on,,;referent_grounding_v1:G2,,X=fruit
G1,00696-DsEJeNPcZtE/tasks-island_1.json,99,4,Set the wine bottle on the table.,OK,place_on,place_on,Place wine bottle on surface.,Place the wine bottle on the table.,on,on,;referent_grounding_v1:G1,,X=wine bottle|Y=table
G1,00696-DsEJeNPcZtE/tasks-island_2.json,3,3,Organize the travel cables in the container.,OK,place_in,place_in,Place container in receptacle.,Place the travel cables in the container.,in,in,;referent_grounding_v1:G1,,X=travel cables|Y=container
G1,00696-DsEJeNPcZtE/tasks-island_2.json,8,2,Organize items into the container.,OK,place_in,place_in,Place container in receptacle.,Place the items into the container.,in,in,;referent_grounding_v1:G1,,X=items|Y=container
G1,00696-DsEJeNPcZtE/tasks-island_2.json,8,3,Tidy the items in the basket.,OK,place_in,place_in,Place basket in receptacle.,Place the items in the basket.,in,in,;referent_grounding_v1:G1,,X=items|Y=basket
G1,00696-DsEJeNPcZtE/tasks-island_2.json,15,1,Sort the parts into the container.,OK,place_in,place_in,Place container in receptacle.,Place the parts into the container.,in,in,;referent_grounding_v1:G1,,X=parts|Y=container
G1,00696-DsEJeNPcZtE/tasks-island_2.json,22,6,Organize the cleaning supplies in the container.,OK,place_in,place_in,Place container in receptacle.,Place the cleaning supplies in the container.,in,in,;referent_grounding_v1:G1,,X=cleaning supplies|Y=container
G1,00696-DsEJeNPcZtE/tasks-island_2.json,23,6,Organize items in the bag.,OK,place_in,place_in,Place bag in receptacle.,Place the items in the bag.,in,in,;referent_grounding_v1:G1,,X=items|Y=bag
G1,00696-DsEJeNPcZtE/tasks-island_2.json,25,3,Sort the hardware in the container.,OK,place_in,place_in,Place container in receptacle.,Place the hardware in the container.,in,in,;referent_grounding_v1:G1,,X=hardware|Y=container
G3,00696-DsEJeNPcZtE/tasks-island_2.json,26,4,Stack the linens in the basket.,OK,place_in,place_in,Place items in the basket.,Place the linens in the basket.,in,in,;referent_grounding_v1:G3,,NP=linens
G1,00696-DsEJeNPcZtE/tasks-island_2.json,28,3,Organize the toiletries in the bag.,OK,place_in,place_in,Place bag in receptacle.,Place the toiletries in the bag.,in,in,;referent_grounding_v1:G1,,X=toiletries|Y=bag
G2,00706-YHmAkqgwe2p/tasks-island_0.json,11,3,Set the cup.,OK,place_on,straighten,Place cup on surface.,Straighten the cup.,on,,;referent_grounding_v1:G2,,X=cup
G2,00706-YHmAkqgwe2p/tasks-island_0.json,12,2,Set the plate.,OK,place_on,straighten,Place plate on surface.,Straighten the plate.,on,,;referent_grounding_v1:G2,,X=plate
G2,00706-YHmAkqgwe2p/tasks-island_0.json,29,3,Set the plate.,OK,place_on,straighten,Place plate on surface.,Straighten the plate.,on,,;referent_grounding_v1:G2,,X=plate
G2,00706-YHmAkqgwe2p/tasks-island_0.json,64,2,Arrange the sculpture.,OK,place_on,straighten,Place sculpture on surface.,Straighten the sculpture.,on,,;referent_grounding_v1:G2,,X=sculpture
G2,00706-YHmAkqgwe2p/tasks-island_0.json,65,4,Arrange the shelf.,OK,place_on,straighten,Place shelf on surface.,Straighten the shelf.,on,,;referent_grounding_v1:G2,,X=shelf
G2,00706-YHmAkqgwe2p/tasks-island_0.json,77,3,Set the plate.,OK,place_on,straighten,Place plate on surface.,Straighten the plate.,on,,;referent_grounding_v1:G2,,X=plate
G2,00706-YHmAkqgwe2p/tasks-island_0.json,83,4,Arrange the toothbrush.,OK,place_on,straighten,Place toothbrush on surface.,Straighten the toothbrush.,on,,;referent_grounding_v1:G2,,X=toothbrush
G2,00706-YHmAkqgwe2p/tasks-island_0.json,87,4,Arrange the pan.,OK,place_on,straighten,Place pan on surface.,Straighten the pan.,on,,;referent_grounding_v1:G2,,X=pan
G2,00712-HZ2iMMBsBQ9/tasks-island_0.json,3,4,Arrange the flower.,OK,place_on,straighten,Place flower on surface.,Straighten the flower.,on,,;referent_grounding_v1:G2,,X=flower
G2,00712-HZ2iMMBsBQ9/tasks-island_0.json,9,4,Arrange the clothes.,OK,place_on,straighten,Place clothes on surface.,Straighten the clothes.,on,,;referent_grounding_v1:G2,,X=clothes
G2,00712-HZ2iMMBsBQ9/tasks-island_0.json,10,4,Arrange the flower.,OK,place_on,straighten,Place flower on surface.,Straighten the flower.,on,,;referent_grounding_v1:G2,,X=flower
G1,00712-HZ2iMMBsBQ9/tasks-island_0.json,20,3,Organize the items in the box.,OK,place_in,place_in,Place box in receptacle.,Place the items in the box.,in,in,;referent_grounding_v1:G1,,X=items|Y=box
G1,00712-HZ2iMMBsBQ9/tasks-island_0.json,23,4,Set the bowl of fruit on the coffee table.,OK,place_in,place_on,Place bowl of fruit in receptacle.,Place the bowl of fruit on the coffee table.,in,on,;referent_grounding_v1:G1,,X=bowl of fruit|Y=coffee table
G2,00712-HZ2iMMBsBQ9/tasks-island_0.json,29,5,Arrange the suitcase.,OK,place_on,straighten,Place suitcase on surface.,Straighten the suitcase.,on,,;referent_grounding_v1:G2,,X=suitcase
G2,00712-HZ2iMMBsBQ9/tasks-island_0.json,36,5,Arrange the clothes.,OK,place_on,straighten,Place clothes on surface.,Straighten the clothes.,on,,;referent_grounding_v1:G2,,X=clothes
G2,00712-HZ2iMMBsBQ9/tasks-island_0.json,38,5,Arrange the bowl.,OK,place_on,straighten,Place bowl on surface.,Straighten the bowl.,on,,;referent_grounding_v1:G2,,X=bowl
G2,00712-HZ2iMMBsBQ9/tasks-island_0.json,52,2,Rearrange the shelf.,OK,place_on,straighten,Place shelf on surface.,Straighten the shelf.,on,,;referent_grounding_v1:G2,,X=shelf
G1,00712-HZ2iMMBsBQ9/tasks-island_0.json,58,3,Arrange the flowers in the vase.,OK,place_in,place_in,Place vase in receptacle.,Place the flowers in the vase.,in,in,;referent_grounding_v1:G1,,X=flowers|Y=vase
G2,00712-HZ2iMMBsBQ9/tasks-island_0.json,65,3,Arrange the shelf.,OK,place_on,straighten,Place shelf on surface.,Straighten the shelf.,on,,;referent_grounding_v1:G2,,X=shelf
G2,00712-HZ2iMMBsBQ9/tasks-island_0.json,71,3,Arrange the bowl of fruit.,OK,place_on,straighten,Place bowl of fruit on surface.,Straighten the bowl of fruit.,on,,;referent_grounding_v1:G2,,X=bowl of fruit
G2,00712-HZ2iMMBsBQ9/tasks-island_0.json,86,6,Arrange the decorative plant.,OK,place_on,straighten,Place decorative plant on surface.,Straighten the decorative plant.,on,,;referent_grounding_v1:G2,,X=decorative plant
G1,00712-HZ2iMMBsBQ9/tasks-island_0.json,115,6,Set the cup on the table.,OK,place_on,place_on,Place cup on surface.,Place the cup on the table.,on,on,;referent_grounding_v1:G1,,X=cup|Y=table
G2,00712-HZ2iMMBsBQ9/tasks-island_0.json,117,4,Arrange the flower.,OK,place_on,straighten,Place flower on surface.,Straighten the flower.,on,,;referent_grounding_v1:G2,,X=flower
G2,00712-HZ2iMMBsBQ9/tasks-island_0.json,120,5,Position the speaker.,OK,place_on,reposition,Place speaker on surface.,Reposition the speaker.,on,,;referent_grounding_v1:G2,,X=speaker
G2,00712-HZ2iMMBsBQ9/tasks-island_0.json,125,3,Position the vase.,OK,place_on,reposition,Place vase on surface.,Reposition the vase.,on,,;referent_grounding_v1:G2,,X=vase
G1,00712-HZ2iMMBsBQ9/tasks-island_0.json,132,2,Organize the items in the handbag.,OK,place_in,place_in,Place handbag in receptacle.,Place the items in the handbag.,in,in,;referent_grounding_v1:G1,,X=items|Y=handbag
G1,00712-HZ2iMMBsBQ9/tasks-island_0.json,133,7,Arrange the fruit in the bowl of fruit.,OK,place_in,place_in,Place bowl of fruit in receptacle.,Place the fruit in the bowl of fruit.,in,in,;referent_grounding_v1:G1,,X=fruit|Y=bowl of fruit
G1,00712-HZ2iMMBsBQ9/tasks-island_0.json,134,6,Organize the items on the shelf.,OK,place_on,place_on,Place shelf on surface.,Place the items on the shelf.,on,on,;referent_grounding_v1:G1,,X=items|Y=shelf
G1,00712-HZ2iMMBsBQ9/tasks-island_0.json,137,7,Set the cup on the table.,OK,place_on,place_on,Place cup on surface.,Place the cup on the table.,on,on,;referent_grounding_v1:G1,,X=cup|Y=table
G1,00712-HZ2iMMBsBQ9/tasks-island_0.json,156,2,Organize the toiletries in the cabinet.,OK,place_in,place_in,Place cabinet in receptacle.,Place the toiletries in the cabinet.,in,in,;referent_grounding_v1:G1,,X=toiletries|Y=cabinet
G1,00712-HZ2iMMBsBQ9/tasks-island_0.json,159,2,Arrange items on the shelf.,OK,place_on,place_on,Place shelf on surface.,Place the items on the shelf.,on,on,;referent_grounding_v1:G1,,X=items|Y=shelf
G4,00720-8B43pG641ff/tasks-island_0.json,16,2,Fill it at the tap.,RESOLVED,fill,fill,Use the tap to fill a container.,Fill the cup at the tap.,at,at,;referent_grounding_v1:G4,,vessel=cup
G1,00720-8B43pG641ff/tasks-island_0.json,37,3,Arrange the book on the shelf,OK,place_on,place_on,Place book on surface.,Place the book on the shelf.,on,on,;referent_grounding_v1:G1,,X=book|Y=shelf
G2,00720-8B43pG641ff/tasks-island_0.json,58,3,Arrange the flower,OK,place_on,straighten,Place flower on surface.,Straighten the flower.,on,,;referent_grounding_v1:G2,,X=flower
G2,00720-8B43pG641ff/tasks-island_0.json,67,1,Sort clothes from the clothes hamper.,OK,place_in,straighten,Place clothes hamper in receptacle.,Straighten the clothes.,in,,;referent_grounding_v1:G2,,X=clothes
G2,00720-8B43pG641ff/tasks-island_0.json,68,3,Arrange the ottoman.,OK,place_on,straighten,Place ottoman on surface.,Straighten the ottoman.,on,,;referent_grounding_v1:G2,,X=ottoman
G2,00720-8B43pG641ff/tasks-island_0.json,75,4,Set a cup for water.,OK,place_on,straighten,Place cup on surface.,Straighten the cup.,on,,;referent_grounding_v1:G2,,X=cup
G2,00720-8B43pG641ff/tasks-island_0.json,76,3,Set the decorative tray.,OK,place_on,straighten,Place decorative tray on surface.,Straighten the decorative tray.,on,,;referent_grounding_v1:G2,,X=decorative tray
G2,00720-8B43pG641ff/tasks-island_0.json,76,4,Arrange the decorative plant.,OK,place_on,straighten,Place decorative plant on surface.,Straighten the decorative plant.,on,,;referent_grounding_v1:G2,,X=decorative plant
G2,00720-8B43pG641ff/tasks-island_0.json,82,4,Arrange the decorative vase.,OK,place_on,straighten,Place decorative vase on surface.,Straighten the decorative vase.,on,,;referent_grounding_v1:G2,,X=decorative vase
G1,00720-8B43pG641ff/tasks-island_0.json,86,3,Organize the books on the shelf.,OK,place_on,place_on,Place shelf on surface.,Place the books on the shelf.,on,on,;referent_grounding_v1:G1,,X=books|Y=shelf
G3,00720-8B43pG641ff/tasks-island_0.json,88,3,Fluff the pillow on the armchair.,OK,fluff,fluff,Fluff items on the armchair.,Fluff the pillow on the armchair.,on,on,;referent_grounding_v1:G3,,NP=pillow
G2,00720-8B43pG641ff/tasks-island_0.json,93,1,Arrange the flowerpot.,OK,place_on,straighten,Place flowerpot on surface.,Straighten the flowerpot.,on,,;referent_grounding_v1:G2,,X=flowerpot
G2,00720-8B43pG641ff/tasks-island_0.json,96,6,Arrange the decoration.,OK,place_on,straighten,Place decoration on surface.,Straighten the decoration.,on,,;referent_grounding_v1:G2,,X=decoration
G2,00720-8B43pG641ff/tasks-island_0.json,105,2,Reposition the decoration.,OK,place_on,reposition,Place decoration on surface.,Reposition the decoration.,on,,;referent_grounding_v1:G2,,X=decoration
G2,00720-8B43pG641ff/tasks-island_0.json,105,3,Arrange the decorative vase.,OK,place_on,straighten,Place decorative vase on surface.,Straighten the decorative vase.,on,,;referent_grounding_v1:G2,,X=decorative vase
G1,00720-8B43pG641ff/tasks-island_0.json,110,5,Set the cup on the table.,OK,place_on,place_on,Place cup on surface.,Place the cup on the table.,on,on,;referent_grounding_v1:G1,,X=cup|Y=table
G1,00720-8B43pG641ff/tasks-island_0.json,116,6,Set the book on the stand.,OK,place_on,place_on,Place book on surface.,Place the book on the stand.,on,on,;referent_grounding_v1:G1,,X=book|Y=stand
G2,00720-8B43pG641ff/tasks-island_0.json,119,3,Arrange the ottoman.,OK,place_on,straighten,Place ottoman on surface.,Straighten the ottoman.,on,,;referent_grounding_v1:G2,,X=ottoman
G2,00720-8B43pG641ff/tasks-island_0.json,138,4,Arrange the basket.,OK,place_on,straighten,Place basket on surface.,Straighten the basket.,on,,;referent_grounding_v1:G2,,X=basket
G1,00720-8B43pG641ff/tasks-island_0.json,142,1,Sort clothes in the wardrobe.,OK,place_in,place_in,Place wardrobe in receptacle.,Place the clothes in the wardrobe.,in,in,;referent_grounding_v1:G1,,X=clothes|Y=wardrobe
G2,00720-8B43pG641ff/tasks-island_0.json,166,6,Arrange the kitchen utensils.,OK,place_on,straighten,Place kitchen utensils on surface.,Straighten the kitchen utensils.,on,,;referent_grounding_v1:G2,,X=kitchen utensils
G1,00720-8B43pG641ff/tasks-island_0.json,169,4,Arrange the toy on the shelf.,OK,place_on,place_on,Place toy on surface.,Place the toy on the shelf.,on,on,;referent_grounding_v1:G1,,X=toy|Y=shelf
G1,00720-8B43pG641ff/tasks-island_0.json,194,3,Arrange books on the shelf.,OK,place_on,place_on,Place shelf on surface.,Place the books on the shelf.,on,on,;referent_grounding_v1:G1,,X=books|Y=shelf
G2,00720-8B43pG641ff/tasks-island_0.json,195,2,Arrange the flower.,OK,place_on,straighten,Place flower on surface.,Straighten the flower.,on,,;referent_grounding_v1:G2,,X=flower
G2,00720-8B43pG641ff/tasks-island_0.json,205,5,Arrange the basket.,OK,place_on,straighten,Place basket on surface.,Straighten the basket.,on,,;referent_grounding_v1:G2,,X=basket
G2,00720-8B43pG641ff/tasks-island_0.json,208,6,Arrange the flowerpot.,OK,place_on,straighten,Place flowerpot on surface.,Straighten the flowerpot.,on,,;referent_grounding_v1:G2,,X=flowerpot
G2,00720-8B43pG641ff/tasks-island_0.json,212,4,Arrange the aisle frame.,OK,place_on,straighten,Place aisle frame on surface.,Straighten the aisle frame.,on,,;referent_grounding_v1:G2,,X=aisle frame
G2,00720-8B43pG641ff/tasks-island_0.json,221,3,Arrange the basket.,OK,place_on,straighten,Place basket on surface.,Straighten the basket.,on,,;referent_grounding_v1:G2,,X=basket
G2,00720-8B43pG641ff/tasks-island_1.json,14,5,Organize the items inside the cabinet.,OK,place_in,straighten,Place cabinet in receptacle.,Straighten the items inside the cabinet.,in,,;referent_grounding_v1:G2,,X=items inside the cabinet
G1,00720-8B43pG641ff/tasks-island_1.json,16,4,Sort the items in the basket.,OK,place_in,place_in,Place basket in receptacle.,Place the items in the basket.,in,in,;referent_grounding_v1:G1,,X=items|Y=basket
G2,00720-8B43pG641ff/tasks-island_1.json,27,5,Arrange the trophy.,OK,place_on,straighten,Place trophy on surface.,Straighten the trophy.,on,,;referent_grounding_v1:G2,,X=trophy
G2,00720-8B43pG641ff/tasks-island_1.json,32,3,Position the speaker for better sound.,OK,place_on,reposition,Place speaker on surface.,Reposition the speaker.,on,,;referent_grounding_v1:G2,,X=speaker
G2,00720-8B43pG641ff/tasks-island_1.json,48,5,Arrange the papers.,OK,place_on,straighten,Place papers on surface.,Straighten the papers.,on,,;referent_grounding_v1:G2,,X=papers
G1,00723-hWDDQnSDMXb/tasks-island_0.json,5,4,Organize the items in the display cabinet.,OK,place_in,place_in,Place display cabinet in receptacle.,Place the items in the display cabinet.,in,in,;referent_grounding_v1:G1,,X=items|Y=display cabinet
G2,00723-hWDDQnSDMXb/tasks-island_0.json,8,6,Position the pool stick.,OK,place_on,reposition,Place pool stick on surface.,Reposition the pool stick.,on,,;referent_grounding_v1:G2,,X=pool stick
G2,00723-hWDDQnSDMXb/tasks-island_0.json,14,2,Arrange the pool stick.,OK,place_on,straighten,Place pool stick on surface.,Straighten the pool stick.,on,,;referent_grounding_v1:G2,,X=pool stick
G2,00723-hWDDQnSDMXb/tasks-island_1.json,4,3,Arrange the decoration.,OK,place_on,straighten,Place decoration on surface.,Straighten the decoration.,on,,;referent_grounding_v1:G2,,X=decoration
G2,00723-hWDDQnSDMXb/tasks-island_1.json,19,3,Position the computer chair.,OK,place_on,reposition,Place computer chair on surface.,Reposition the computer chair.,on,,;referent_grounding_v1:G2,,X=computer chair
G2,00723-hWDDQnSDMXb/tasks-island_1.json,50,5,Arrange the computer chair.,OK,place_on,straighten,Place computer chair on surface.,Straighten the computer chair.,on,,;referent_grounding_v1:G2,,X=computer chair
G2,00723-hWDDQnSDMXb/tasks-island_1.json,96,4,Set aside the camera.,OK,place_on,straighten,Place camera on surface.,Straighten the aside the camera.,on,,;referent_grounding_v1:G2,,X=aside the camera
G1,00723-hWDDQnSDMXb/tasks-island_1.json,126,1,Organize the items in the cabinet.,OK,place_in,place_in,Place cabinet in receptacle.,Place the items in the cabinet.,in,in,;referent_grounding_v1:G1,,X=items|Y=cabinet
G1,00723-hWDDQnSDMXb/tasks-island_1.json,126,2,Tidy the clothes in the wardrobe.,OK,place_in,place_in,Place wardrobe in receptacle.,Place the clothes in the wardrobe.,in,in,;referent_grounding_v1:G1,,X=clothes|Y=wardrobe
G2,00723-hWDDQnSDMXb/tasks-island_1.json,127,4,Position the floor lamp correctly.,OK,place_on,reposition,Place floor lamp on surface.,Reposition the floor lamp correctly.,on,,;referent_grounding_v1:G2,,X=floor lamp correctly
G1,00723-hWDDQnSDMXb/tasks-island_1.json,128,2,Organize the items on the shelf.,OK,place_on,place_on,Place shelf on surface.,Place the items on the shelf.,on,on,;referent_grounding_v1:G1,,X=items|Y=shelf
G4,00723-hWDDQnSDMXb/tasks-island_1.json,132,2,Refill the watering can at the sink.,FLAG,fill,fill,Use the sink to fill a container.,Use the sink to fill a container.,at,at,;ungrounded_anaphora,,no_vessel_found
G1,00723-hWDDQnSDMXb/tasks-island_1.json,135,6,Organize files in the wall cabinet.,OK,place_in,place_in,Place wall cabinet in receptacle.,Place the files in the wall cabinet.,in,in,;referent_grounding_v1:G1,,X=files|Y=wall cabinet
G1,00723-hWDDQnSDMXb/tasks-island_1.json,136,3,Organize essentials in the handbag.,OK,place_in,place_in,Place handbag in receptacle.,Place the essentials in the handbag.,in,in,;referent_grounding_v1:G1,,X=essentials|Y=handbag
G2,00723-hWDDQnSDMXb/tasks-island_1.json,137,4,Arrange the decorative flower.,OK,place_on,straighten,Place flower on surface.,Straighten the decorative flower.,on,,;referent_grounding_v1:G2,,X=decorative flower
G1,00723-hWDDQnSDMXb/tasks-island_1.json,144,7,Organize the books on the shelf.,OK,place_on,place_on,Place shelf on surface.,Place the books on the shelf.,on,on,;referent_grounding_v1:G1,,X=books|Y=shelf
G1,00723-hWDDQnSDMXb/tasks-island_1.json,146,4,Organize the items in the cabinet.,OK,place_in,place_in,Place cabinet in receptacle.,Place the items in the cabinet.,in,in,;referent_grounding_v1:G1,,X=items|Y=cabinet
G1,00723-hWDDQnSDMXb/tasks-island_1.json,150,1,Arrange the flower in the vase.,OK,place_in,place_in,Place flower in receptacle.,Place the flower in the vase.,in,in,;referent_grounding_v1:G1,,X=flower|Y=vase
G2,00723-hWDDQnSDMXb/tasks-island_1.json,153,1,Arrange the cosmetics.,OK,place_on,straighten,Place cosmetics on surface.,Straighten the cosmetics.,on,,;referent_grounding_v1:G2,,X=cosmetics
G2,00723-hWDDQnSDMXb/tasks-island_1.json,156,3,Arrange the flower.,OK,place_on,straighten,Place flower on surface.,Straighten the flower.,on,,;referent_grounding_v1:G2,,X=flower
G2,00723-hWDDQnSDMXb/tasks-island_1.json,160,7,Arrange the staircase handrail.,OK,place_on,straighten,Place staircase handrail on surface.,Straighten the staircase handrail.,on,,;referent_grounding_v1:G2,,X=staircase handrail
G2,00723-hWDDQnSDMXb/tasks-island_1.json,162,4,Arrange the flower.,OK,place_on,straighten,Place flower on surface.,Straighten the flower.,on,,;referent_grounding_v1:G2,,X=flower
G2,00723-hWDDQnSDMXb/tasks-island_1.json,165,6,Arrange the hat.,OK,place_on,straighten,Place hat on surface.,Straighten the hat.,on,,;referent_grounding_v1:G2,,X=hat
G2,00723-hWDDQnSDMXb/tasks-island_1.json,166,4,Arrange the decoration.,OK,place_on,straighten,Place decoration on surface.,Straighten the decoration.,on,,;referent_grounding_v1:G2,,X=decoration
G2,00723-hWDDQnSDMXb/tasks-island_3.json,3,4,Arrange the closet.,OK,place_on,straighten,Place closet on surface.,Straighten the closet.,on,,;referent_grounding_v1:G2,,X=closet
G2,00723-hWDDQnSDMXb/tasks-island_3.json,14,2,Organize the items inside the closet.,OK,place_in,straighten,Place closet in receptacle.,Straighten the items inside the closet.,in,,;referent_grounding_v1:G2,,X=items inside the closet
G1,00723-hWDDQnSDMXb/tasks-island_3.json,14,4,Set the hat on the shelf.,OK,place_on,place_on,Place hat on surface.,Place the hat on the shelf.,on,on,;referent_grounding_v1:G1,,X=hat|Y=shelf
G1,00723-hWDDQnSDMXb/tasks-island_3.json,15,4,Arrange the papers near the printer.,OK,place_on,place_on,Place printer on surface.,Place the papers near the printer.,on,at,;referent_grounding_v1:G1,,X=papers|Y=printer
G1,00723-hWDDQnSDMXb/tasks-island_3.json,18,3,Rearrange the items in the closet.,OK,place_in,place_in,Place closet in receptacle.,Place the items in the closet.,in,in,;referent_grounding_v1:G1,,X=items|Y=closet
G2,00732-Z2DQddYp1fn/tasks-island_0.json,6,4,Arrange the bar cabinet.,OK,place_on,straighten,Place bar cabinet on surface.,Straighten the bar cabinet.,on,,;referent_grounding_v1:G2,,X=bar cabinet
G1,00732-Z2DQddYp1fn/tasks-island_0.json,10,3,Set the basket of something on the desk.,OK,place_in,place_on,Place basket of something in receptacle.,Place the basket of something on the desk.,in,on,;referent_grounding_v1:G1,,X=basket of something|Y=desk
G2,00732-Z2DQddYp1fn/tasks-island_0.json,20,3,Arrange the couch.,OK,place_on,straighten,Place coach on surface.,Straighten the couch.,on,,;referent_grounding_v1:G2,,X=couch
G2,00732-Z2DQddYp1fn/tasks-island_0.json,24,2,Arrange the wine cabinet.,OK,place_on,straighten,Place wine cabinet on surface.,Straighten the wine cabinet.,on,,;referent_grounding_v1:G2,,X=wine cabinet
G2,00732-Z2DQddYp1fn/tasks-island_0.json,30,4,Arrange the bookshelf.,OK,place_on,straighten,Place bookshelf on surface.,Straighten the bookshelf.,on,,;referent_grounding_v1:G2,,X=bookshelf
G2,00732-Z2DQddYp1fn/tasks-island_0.json,33,5,Arrange the computer keyboard.,OK,place_on,straighten,Place computer keyboard on surface.,Straighten the computer keyboard.,on,,;referent_grounding_v1:G2,,X=computer keyboard
G2,00732-Z2DQddYp1fn/tasks-island_0.json,35,5,Arrange the bookshelf.,OK,place_on,straighten,Place bookshelf on surface.,Straighten the bookshelf.,on,,;referent_grounding_v1:G2,,X=bookshelf
G2,00732-Z2DQddYp1fn/tasks-island_0.json,41,3,Arrange the coach.,OK,place_on,straighten,Place coach on surface.,Straighten the coach.,on,,;referent_grounding_v1:G2,,X=coach
G2,00732-Z2DQddYp1fn/tasks-island_0.json,54,3,Arrange the computer keyboard.,OK,place_on,straighten,Place computer keyboard on surface.,Straighten the computer keyboard.,on,,;referent_grounding_v1:G2,,X=computer keyboard
G2,00732-Z2DQddYp1fn/tasks-island_0.json,67,5,Arrange the computer keyboard.,OK,place_on,straighten,Place computer keyboard on surface.,Straighten the computer keyboard.,on,,;referent_grounding_v1:G2,,X=computer keyboard
G2,00732-Z2DQddYp1fn/tasks-island_0.json,80,4,Arrange the shoe.,OK,place_on,straighten,Place shoe on surface.,Straighten the shoe.,on,,;referent_grounding_v1:G2,,X=shoe
G2,00732-Z2DQddYp1fn/tasks-island_0.json,83,2,Arrange the shelf.,OK,place_on,straighten,Place shelf on surface.,Straighten the shelf.,on,,;referent_grounding_v1:G2,,X=shelf
G2,00732-Z2DQddYp1fn/tasks-island_0.json,92,1,Arrange the shoe.,OK,place_on,straighten,Place shoe on surface.,Straighten the shoe.,on,,;referent_grounding_v1:G2,,X=shoe
G1,00732-Z2DQddYp1fn/tasks-island_0.json,103,5,Arrange books on the bookshelf.,OK,place_on,place_on,Place bookshelf on surface.,Place the books on the bookshelf.,on,on,;referent_grounding_v1:G1,,X=books|Y=bookshelf
G2,00732-Z2DQddYp1fn/tasks-island_0.json,110,4,Arrange the basket.,OK,place_on,straighten,Place basket on surface.,Straighten the basket.,on,,;referent_grounding_v1:G2,,X=basket
G2,00732-Z2DQddYp1fn/tasks-island_0.json,119,7,Arrange the towel.,OK,place_on,straighten,Place towel on surface.,Straighten the towel.,on,,;referent_grounding_v1:G2,,X=towel
G2,00732-Z2DQddYp1fn/tasks-island_0.json,126,3,Arrange the coach.,OK,place_on,straighten,Place coach on surface.,Straighten the coach.,on,,;referent_grounding_v1:G2,,X=coach
G1,00732-Z2DQddYp1fn/tasks-island_0.json,129,3,Organize items on the cabinet.,OK,place_on,place_on,Place cabinet on surface.,Place the items on the cabinet.,on,on,;referent_grounding_v1:G1,,X=items|Y=cabinet
G2,00732-Z2DQddYp1fn/tasks-island_0.json,129,5,Arrange the shoe.,OK,place_on,straighten,Place shoe on surface.,Straighten the shoe.,on,,;referent_grounding_v1:G2,,X=shoe
G2,00732-Z2DQddYp1fn/tasks-island_0.json,132,2,Arrange the wine cabinet.,OK,place_on,straighten,Place wine cabinet on surface.,Straighten the wine cabinet.,on,,;referent_grounding_v1:G2,,X=wine cabinet
G2,00732-Z2DQddYp1fn/tasks-island_0.json,135,4,Arrange the tool box.,OK,place_on,straighten,Place tool box on surface.,Straighten the tool box.,on,,;referent_grounding_v1:G2,,X=tool box
G1,00732-Z2DQddYp1fn/tasks-island_0.json,136,3,Sort clothes in the wardrobe.,OK,place_in,place_in,Place wardrobe in receptacle.,Place the clothes in the wardrobe.,in,in,;referent_grounding_v1:G1,,X=clothes|Y=wardrobe
G2,00732-Z2DQddYp1fn/tasks-island_0.json,140,5,Arrange the coach.,OK,place_on,straighten,Place coach on surface.,Straighten the coach.,on,,;referent_grounding_v1:G2,,X=coach
G2,00732-Z2DQddYp1fn/tasks-island_0.json,147,4,Arrange the basket of something.,OK,place_on,straighten,Place basket of something on surface.,Straighten the basket of something.,on,,;referent_grounding_v1:G2,,X=basket of something
G2,00732-Z2DQddYp1fn/tasks-island_0.json,150,3,Arrange the paper storage.,OK,place_on,straighten,Place paper storage on surface.,Straighten the paper storage.,on,,;referent_grounding_v1:G2,,X=paper storage
G2,00732-Z2DQddYp1fn/tasks-island_0.json,151,3,Set the sauna heater.,OK,place_on,straighten,Place sauna heater on surface.,Straighten the sauna heater.,on,,;referent_grounding_v1:G2,,X=sauna heater
G2,00732-Z2DQddYp1fn/tasks-island_0.json,154,4,Arrange the container.,OK,place_on,straighten,Place container on surface.,Straighten the container.,on,,;referent_grounding_v1:G2,,X=container
G2,00733-GtM3JtRvvvR/tasks-island_0.json,21,1,Arrange the wardrobe.,OK,place_on,straighten,Place wardrobe on surface.,Straighten the wardrobe.,on,,;referent_grounding_v1:G2,,X=wardrobe
G2,00733-GtM3JtRvvvR/tasks-island_0.json,32,4,Arrange the shelf items.,OK,place_on,straighten,Place shelf on surface.,Straighten the shelf items.,on,,;referent_grounding_v1:G2,,X=shelf items
G2,00733-GtM3JtRvvvR/tasks-island_0.json,54,5,Arrange the plant.,OK,place_in,straighten,Place plant in receptacle.,Straighten the plant.,in,,;referent_grounding_v1:G2,,X=plant
G2,00733-GtM3JtRvvvR/tasks-island_0.json,55,3,Rearrange the side table.,OK,place_on,straighten,Place side table on surface.,Straighten the side table.,on,,;referent_grounding_v1:G2,,X=side table
G1,00733-GtM3JtRvvvR/tasks-island_0.json,68,3,Set the plate on the table.,OK,place_on,place_on,Place plate on surface.,Place the plate on the table.,on,on,;referent_grounding_v1:G1,,X=plate|Y=table
G2,00733-GtM3JtRvvvR/tasks-island_0.json,71,4,Arrange the shelf.,OK,place_on,straighten,Place shelf on surface.,Straighten the shelf.,on,,;referent_grounding_v1:G2,,X=shelf
G1,00733-GtM3JtRvvvR/tasks-island_0.json,73,5,Set the plate on the counter.,OK,place_on,place_on,Place plate on surface.,Place the plate on the counter.,on,on,;referent_grounding_v1:G1,,X=plate|Y=counter
G2,00733-GtM3JtRvvvR/tasks-island_0.json,76,4,Set the pillow.,OK,place_on,straighten,Place pillow on surface.,Straighten the pillow.,on,,;referent_grounding_v1:G2,,X=pillow
G2,00733-GtM3JtRvvvR/tasks-island_0.json,82,3,Arrange the photo mount.,OK,place_on,straighten,Place photo mount on surface.,Straighten the photo mount.,on,,;referent_grounding_v1:G2,,X=photo mount
G2,00733-GtM3JtRvvvR/tasks-island_0.json,92,5,Set the plate.,OK,place_on,straighten,Place plate on surface.,Straighten the plate.,on,,;referent_grounding_v1:G2,,X=plate
G2,00733-GtM3JtRvvvR/tasks-island_0.json,93,5,Arrange the backpack.,OK,place_on,straighten,Place backpack on surface.,Straighten the backpack.,on,,;referent_grounding_v1:G2,,X=backpack
G1,00733-GtM3JtRvvvR/tasks-island_0.json,103,5,Set the handbag on the shelf.,OK,place_on,place_on,Place handbag on surface.,Place the handbag on the shelf.,on,on,;referent_grounding_v1:G1,,X=handbag|Y=shelf
G2,00733-GtM3JtRvvvR/tasks-island_0.json,106,3,Position the computer keyboard.,OK,place_on,reposition,Place computer keyboard on surface.,Reposition the computer keyboard.,on,,;referent_grounding_v1:G2,,X=computer keyboard
G1,00733-GtM3JtRvvvR/tasks-island_0.json,108,4,Organize the books on the shelf.,OK,place_on,place_on,Place shelf on surface.,Place the books on the shelf.,on,on,;referent_grounding_v1:G1,,X=books|Y=shelf
G1,00738-GPyDUnjwZQy/tasks-island_0.json,2,3,Arrange the shampoo bottle on the shelf.,OK,place_on,place_on,Place shampoo on surface.,Place the shampoo bottle on the shelf.,on,on,;referent_grounding_v1:G1,,X=shampoo bottle|Y=shelf
G1,00738-GPyDUnjwZQy/tasks-island_0.json,4,2,Organize the items on the shelf.,OK,place_on,place_on,Place shelf on surface.,Place the items on the shelf.,on,on,;referent_grounding_v1:G1,,X=items|Y=shelf
G1,00738-GPyDUnjwZQy/tasks-island_0.json,10,3,Organize the books on the shelf.,OK,place_on,place_on,Place shelf on surface.,Place the books on the shelf.,on,on,;referent_grounding_v1:G1,,X=books|Y=shelf
G2,00738-GPyDUnjwZQy/tasks-island_0.json,13,2,Arrange the decorative plant.,OK,place_on,straighten,Place decorative plant on surface.,Straighten the decorative plant.,on,,;referent_grounding_v1:G2,,X=decorative plant
G2,00738-GPyDUnjwZQy/tasks-island_0.json,15,4,Arrange the stuffed animal.,OK,place_on,straighten,Place stuffed animal on surface.,Straighten the stuffed animal.,on,,;referent_grounding_v1:G2,,X=stuffed animal
G2,00738-GPyDUnjwZQy/tasks-island_0.json,16,2,Arrange the guitar.,OK,place_on,straighten,Place guitar on surface.,Straighten the guitar.,on,,;referent_grounding_v1:G2,,X=guitar
G2,00738-GPyDUnjwZQy/tasks-island_0.json,17,3,Arrange the shelf.,OK,place_on,straighten,Place shelf on surface.,Straighten the shelf.,on,,;referent_grounding_v1:G2,,X=shelf
G2,00738-GPyDUnjwZQy/tasks-island_0.json,18,2,Arrange the shampoo bottle.,OK,place_on,straighten,Place shampoo on surface.,Straighten the shampoo bottle.,on,,;referent_grounding_v1:G2,,X=shampoo bottle
G2,00738-GPyDUnjwZQy/tasks-island_0.json,19,3,Arrange the decorative plant.,OK,place_in,straighten,Place decorative plant in receptacle.,Straighten the decorative plant.,in,,;referent_grounding_v1:G2,,X=decorative plant
G4,00738-GPyDUnjwZQy/tasks-island_0.json,20,2,Fill it with water from the sink.,RESOLVED,fill,fill,Use the sink to fill a container.,Fill the cup at the sink.,,,;referent_grounding_v1:G4,,vessel=cup
G1,00738-GPyDUnjwZQy/tasks-island_0.json,38,1,Set a cup on the desk.,OK,place_on,place_on,Place cup on surface.,Place the cup on the desk.,on,on,;referent_grounding_v1:G1,,X=cup|Y=desk
G2,00738-GPyDUnjwZQy/tasks-island_0.json,48,1,Arrange the stuffed animal.,OK,place_in,straighten,Place stuffed animal in receptacle.,Straighten the stuffed animal.,in,,;referent_grounding_v1:G2,,X=stuffed animal
G3,00738-GPyDUnjwZQy/tasks-island_0.json,67,1,Put the handbag away in the cabinet.,OK,store,store,Store items in the cabinet.,Store the handbag in the cabinet.,in,in,;referent_grounding_v1:G3,,NP=handbag
G1,00738-GPyDUnjwZQy/tasks-island_0.json,67,3,Arrange the table lamp on the bedside table.,OK,place_on,place_on,Place table lamp on surface.,Place the table lamp on the bedside table.,on,on,;referent_grounding_v1:G1,,X=table lamp|Y=bedside table
G2,00738-GPyDUnjwZQy/tasks-island_0.json,71,5,Position the keyboard.,OK,place_on,reposition,Place keyboard on surface.,Reposition the keyboard.,on,,;referent_grounding_v1:G2,,X=keyboard
G2,00738-GPyDUnjwZQy/tasks-island_0.json,82,3,Position the keyboard stand.,OK,place_on,reposition,Place keyboard stand on surface.,Reposition the keyboard stand.,on,,;referent_grounding_v1:G2,,X=keyboard stand
G4,00738-GPyDUnjwZQy/tasks-island_0.json,95,2,Fill the cup at the sink.,RESOLVED,fill,fill,Use the sink to fill a container.,Fill the cup at the sink.,at,at,;referent_grounding_v1:G4,,vessel=cup
G2,00738-GPyDUnjwZQy/tasks-island_0.json,97,3,Position the keyboard.,OK,place_in,reposition,Place keyboard in receptacle.,Reposition the keyboard.,in,,;referent_grounding_v1:G2,,X=keyboard
G2,00738-GPyDUnjwZQy/tasks-island_0.json,108,4,Position the monitor.,OK,place_on,reposition,Place monitor on surface.,Reposition the monitor.,on,,;referent_grounding_v1:G2,,X=monitor
G2,00738-GPyDUnjwZQy/tasks-island_0.json,109,2,Arrange the stuffed animal.,OK,place_on,straighten,Place stuffed animal on surface.,Straighten the stuffed animal.,on,,;referent_grounding_v1:G2,,X=stuffed animal
G2,00738-GPyDUnjwZQy/tasks-island_0.json,125,4,Position the monitor.,OK,place_on,reposition,Place monitor on surface.,Reposition the monitor.,on,,;referent_grounding_v1:G2,,X=monitor
G2,00738-GPyDUnjwZQy/tasks-island_0.json,127,2,Arrange the stuffed animal.,OK,place_on,straighten,Place stuffed animal on surface.,Straighten the stuffed animal.,on,,;referent_grounding_v1:G2,,X=stuffed animal
G1,00741-w8GiikYuFRk/tasks-island_0.json,4,2,Set the plate on the serving area.,OK,place_on,place_on,Place plate on surface.,Place the plate on the serving area.,on,on,;referent_grounding_v1:G1,,X=plate|Y=serving area
G1,00741-w8GiikYuFRk/tasks-island_0.json,11,2,Arrange the holy cross in the display.,OK,place_in,place_in,Place holy cross in receptacle.,Place the holy cross in the display.,in,in,;referent_grounding_v1:G1,,X=holy cross|Y=display
G1,00741-w8GiikYuFRk/tasks-island_0.json,16,4,Arrange the decorative plant near the window.,OK,place_in,place_on,Place decorative plant in receptacle.,Place the decorative plant near the window.,in,at,;referent_grounding_v1:G1,,X=decorative plant|Y=window
G2,00741-w8GiikYuFRk/tasks-island_0.json,25,3,Position the statue.,OK,place_on,reposition,Place statue on surface.,Reposition the statue.,on,,;referent_grounding_v1:G2,,X=statue
G1,00741-w8GiikYuFRk/tasks-island_0.json,34,3,Organize the items in the backpack.,OK,place_in,place_in,Place backpack in receptacle.,Place the items in the backpack.,in,in,;referent_grounding_v1:G1,,X=items|Y=backpack
G2,00741-w8GiikYuFRk/tasks-island_0.json,37,4,Position the mouse for use.,OK,place_on,reposition,Place mouse on surface.,Reposition the mouse.,on,,;referent_grounding_v1:G2,,X=mouse
G1,00741-w8GiikYuFRk/tasks-island_0.json,40,1,Arrange flowers on the flower stand.,OK,place_on,place_on,Place flower stand on surface.,Place the flowers on the flower stand.,on,on,;referent_grounding_v1:G1,,X=flowers|Y=flower stand
G1,00741-w8GiikYuFRk/tasks-island_0.json,42,4,Arrange the volumes on the book display.,OK,place_on,place_on,Place book display on surface.,Place the volumes on the book display.,on,on,;referent_grounding_v1:G1,,X=volumes|Y=book display
G1,00741-w8GiikYuFRk/tasks-island_0.json,46,4,Organize gardening tools in the cabinet.,OK,place_in,place_in,Place cabinet in receptacle.,Place the gardening tools in the cabinet.,in,in,;referent_grounding_v1:G1,,X=gardening tools|Y=cabinet
G2,00741-w8GiikYuFRk/tasks-island_0.json,47,4,Position the computer keyboard.,OK,place_on,reposition,Place computer keyboard on surface.,Reposition the computer keyboard.,on,,;referent_grounding_v1:G2,,X=computer keyboard
G3,00741-w8GiikYuFRk/tasks-island_0.json,51,2,Fluff the pillow on the armchair.,OK,fluff,fluff,Fluff items on the armchair.,Fluff the pillow on the armchair.,on,on,;referent_grounding_v1:G3,,NP=pillow
G2,00741-w8GiikYuFRk/tasks-island_0.json,59,5,Arrange the book.,OK,place_on,straighten,Place book on surface.,Straighten the book.,on,,;referent_grounding_v1:G2,,X=book
G2,00741-w8GiikYuFRk/tasks-island_0.json,61,5,Arrange the backpack.,OK,place_on,straighten,Place backpack on surface.,Straighten the backpack.,on,,;referent_grounding_v1:G2,,X=backpack
G2,00741-w8GiikYuFRk/tasks-island_0.json,62,4,Arrange the bouquet.,OK,place_on,straighten,Place bouquet on surface.,Straighten the bouquet.,on,,;referent_grounding_v1:G2,,X=bouquet
G2,00741-w8GiikYuFRk/tasks-island_0.json,65,5,Arrange the book display.,OK,place_on,straighten,Place book display on surface.,Straighten the book display.,on,,;referent_grounding_v1:G2,,X=book display
G2,00741-w8GiikYuFRk/tasks-island_0.json,68,3,Position the pillar.,OK,place_on,reposition,Place pillar on surface.,Reposition the pillar.,on,,;referent_grounding_v1:G2,,X=pillar
G2,00741-w8GiikYuFRk/tasks-island_0.json,70,2,Arrange the stand.,OK,place_on,straighten,Place stand on surface.,Straighten the stand.,on,,;referent_grounding_v1:G2,,X=stand
G2,00741-w8GiikYuFRk/tasks-island_0.json,76,3,Position the statue.,OK,place_on,reposition,Place statue on surface.,Reposition the statue.,on,,;referent_grounding_v1:G2,,X=statue
G1,00741-w8GiikYuFRk/tasks-island_0.json,83,1,Organize the books on the cabinet.,OK,place_on,place_on,Place cabinet on surface.,Place the books on the cabinet.,on,on,;referent_grounding_v1:G1,,X=books|Y=cabinet
G2,00741-w8GiikYuFRk/tasks-island_0.json,84,3,Arrange the books.,OK,place_on,straighten,Place book on surface.,Straighten the books.,on,,;referent_grounding_v1:G2,,X=books
G2,00741-w8GiikYuFRk/tasks-island_0.json,89,2,Position the easel.,OK,place_on,reposition,Place easel on surface.,Reposition the easel.,on,,;referent_grounding_v1:G2,,X=easel
G2,00741-w8GiikYuFRk/tasks-island_0.json,103,5,Reposition the statue.,OK,place_on,reposition,Place statue on surface.,Reposition the statue.,on,,;referent_grounding_v1:G2,,X=statue
G1,00741-w8GiikYuFRk/tasks-island_0.json,113,4,Set the cup on the table.,OK,place_on,place_on,Place cup on surface.,Place the cup on the table.,on,on,;referent_grounding_v1:G1,,X=cup|Y=table
G1,00741-w8GiikYuFRk/tasks-island_0.json,114,4,Organize the materials in the cabinet.,OK,place_in,place_in,Place cabinet in receptacle.,Place the materials in the cabinet.,in,in,;referent_grounding_v1:G1,,X=materials|Y=cabinet
G1,00741-w8GiikYuFRk/tasks-island_0.json,115,5,Arrange the books on the book display.,OK,place_on,place_on,Place book display on surface.,Place the books on the book display.,on,on,;referent_grounding_v1:G1,,X=books|Y=book display
G1,00741-w8GiikYuFRk/tasks-island_0.json,116,6,Set the plate on the counter.,OK,place_on,place_on,Place plate on surface.,Place the plate on the counter.,on,on,;referent_grounding_v1:G1,,X=plate|Y=counter
G3,00741-w8GiikYuFRk/tasks-island_0.json,118,1,Fluff the pillows on the couch.,OK,fluff,fluff,Fluff items on the couch.,Fluff the pillows on the couch.,on,on,;referent_grounding_v1:G3,,NP=pillows
G1,00741-w8GiikYuFRk/tasks-island_0.json,120,2,Sort items in the cabinet.,OK,place_in,place_in,Place cabinet in receptacle.,Place the items in the cabinet.,in,in,;referent_grounding_v1:G1,,X=items|Y=cabinet
G2,00741-w8GiikYuFRk/tasks-island_0.json,124,2,Position the easel.,OK,place_on,reposition,Place easel on surface.,Reposition the easel.,on,,;referent_grounding_v1:G2,,X=easel
G2,00741-w8GiikYuFRk/tasks-island_0.json,125,4,Arrange the bouquet.,OK,place_on,straighten,Place bouquet on surface.,Straighten the bouquet.,on,,;referent_grounding_v1:G2,,X=bouquet
G2,00741-w8GiikYuFRk/tasks-island_0.json,131,1,Reposition the statue.,OK,place_on,reposition,Place statue on surface.,Reposition the statue.,on,,;referent_grounding_v1:G2,,X=statue
G2,00741-w8GiikYuFRk/tasks-island_0.json,135,5,Arrange the stuffed animal.,OK,place_on,straighten,Place stuffed animal on surface.,Straighten the stuffed animal.,on,,;referent_grounding_v1:G2,,X=stuffed animal
G2,00741-w8GiikYuFRk/tasks-island_0.json,137,4,Arrange the seat.,OK,place_on,straighten,Place seat on surface.,Straighten the seat.,on,,;referent_grounding_v1:G2,,X=seat
G2,00741-w8GiikYuFRk/tasks-island_0.json,138,5,Arrange the bouquet.,OK,place_on,straighten,Place bouquet on surface.,Straighten the bouquet.,on,,;referent_grounding_v1:G2,,X=bouquet
G2,00741-w8GiikYuFRk/tasks-island_0.json,140,1,Reposition the easel.,OK,place_on,reposition,Place easel on surface.,Reposition the easel.,on,,;referent_grounding_v1:G2,,X=easel
G3,00741-w8GiikYuFRk/tasks-island_0.json,143,6,Fluff the pillows on the couch.,OK,fluff,fluff,Fluff items on the couch.,Fluff the pillows on the couch.,on,on,;referent_grounding_v1:G3,,NP=pillows
G1,00741-w8GiikYuFRk/tasks-island_0.json,144,2,Organize art supplies in the cabinet.,OK,place_in,place_in,Place cabinet in receptacle.,Place the art supplies in the cabinet.,in,in,;referent_grounding_v1:G1,,X=art supplies|Y=cabinet
G2,00741-w8GiikYuFRk/tasks-island_0.json,145,2,Arrange the books inside the cabinet.,OK,place_in,straighten,Place cabinet in receptacle.,Straighten the books inside the cabinet.,in,,;referent_grounding_v1:G2,,X=books inside the cabinet
G3,00741-w8GiikYuFRk/tasks-island_0.json,146,4,Put the book away in the cabinet.,OK,store,store,Store items in the cabinet.,Store the book in the cabinet.,in,in,;referent_grounding_v1:G3,,NP=book
G1,00741-w8GiikYuFRk/tasks-island_0.json,153,4,Organize items in the chest.,OK,place_in,place_in,Place chest in receptacle.,Place the items in the chest.,in,in,;referent_grounding_v1:G1,,X=items|Y=chest
G1,00741-w8GiikYuFRk/tasks-island_0.json,164,4,Organize tools in the cabinet.,OK,place_in,place_in,Place cabinet in receptacle.,Place the tools in the cabinet.,in,in,;referent_grounding_v1:G1,,X=tools|Y=cabinet
G3,00741-w8GiikYuFRk/tasks-island_0.json,166,5,Put away shoes in the chest.,OK,store,store,Store items in the chest.,Store the shoes in the chest.,in,in,;referent_grounding_v1:G3,,NP=shoes
G2,00741-w8GiikYuFRk/tasks-island_0.json,171,7,Arrange the bouquet.,OK,place_on,straighten,Place bouquet on surface.,Straighten the bouquet.,on,,;referent_grounding_v1:G2,,X=bouquet
G2,00741-w8GiikYuFRk/tasks-island_0.json,173,5,Arrange the flower stand.,OK,place_on,straighten,Place flower stand on surface.,Straighten the flower stand.,on,,;referent_grounding_v1:G2,,X=flower stand
G2,00741-w8GiikYuFRk/tasks-island_0.json,177,2,Arrange the bouquet.,OK,place_on,straighten,Place bouquet on surface.,Straighten the bouquet.,on,,;referent_grounding_v1:G2,,X=bouquet
G2,00741-w8GiikYuFRk/tasks-island_0.json,189,3,Arrange the bouquet.,OK,place_on,straighten,Place bouquet on surface.,Straighten the bouquet.,on,,;referent_grounding_v1:G2,,X=bouquet
G2,00741-w8GiikYuFRk/tasks-island_1.json,1,2,Arrange the book display.,OK,place_on,straighten,Place book display on surface.,Straighten the book display.,on,,;referent_grounding_v1:G2,,X=book display
G2,00741-w8GiikYuFRk/tasks-island_1.json,6,3,Arrange the wine bottle.,OK,place_on,straighten,Place wine bottle on surface.,Straighten the wine bottle.,on,,;referent_grounding_v1:G2,,X=wine bottle
G2,00741-w8GiikYuFRk/tasks-island_1.json,8,4,Arrange the rack.,OK,place_on,straighten,Place rack on surface.,Straighten the rack.,on,,;referent_grounding_v1:G2,,X=rack
G2,00741-w8GiikYuFRk/tasks-island_1.json,16,4,Arrange the rack.,OK,place_on,straighten,Place rack on surface.,Straighten the rack.,on,,;referent_grounding_v1:G2,,X=rack
G2,00741-w8GiikYuFRk/tasks-island_1.json,20,4,Arrange the book display.,OK,place_on,straighten,Place book display on surface.,Straighten the book display.,on,,;referent_grounding_v1:G2,,X=book display
G2,00741-w8GiikYuFRk/tasks-island_1.json,25,3,Arrange the rack for kitchen supplies.,OK,place_on,straighten,Place rack on surface.,Straighten the rack.,on,,;referent_grounding_v1:G2,,X=rack
G2,00741-w8GiikYuFRk/tasks-island_1.json,29,2,Reposition the sculpture for a fresh perspective.,OK,place_on,reposition,Place sculpture on surface.,Reposition the sculpture.,on,,;referent_grounding_v1:G2,,X=sculpture
G2,00741-w8GiikYuFRk/tasks-island_1.json,30,6,Position the stand.,OK,place_on,reposition,Place stand on surface.,Reposition the stand.,on,,;referent_grounding_v1:G2,,X=stand
G2,00741-w8GiikYuFRk/tasks-island_1.json,31,7,Arrange the stand.,OK,place_on,straighten,Place stand on surface.,Straighten the stand.,on,,;referent_grounding_v1:G2,,X=stand
G2,00741-w8GiikYuFRk/tasks-island_1.json,34,1,Arrange the book display.,OK,place_on,straighten,Place book display on surface.,Straighten the book display.,on,,;referent_grounding_v1:G2,,X=book display
G2,00741-w8GiikYuFRk/tasks-island_1.json,35,1,Position the stand.,OK,place_on,reposition,Place stand on surface.,Reposition the stand.,on,,;referent_grounding_v1:G2,,X=stand
G2,00741-w8GiikYuFRk/tasks-island_1.json,35,7,Arrange the rack.,OK,place_on,straighten,Place rack on surface.,Straighten the rack.,on,,;referent_grounding_v1:G2,,X=rack
G2,00741-w8GiikYuFRk/tasks-island_1.json,39,3,Reposition the stand.,OK,place_on,reposition,Place stand on surface.,Reposition the stand.,on,,;referent_grounding_v1:G2,,X=stand
G2,00741-w8GiikYuFRk/tasks-island_1.json,41,4,Position the sculpture.,OK,place_on,reposition,Place sculpture on surface.,Reposition the sculpture.,on,,;referent_grounding_v1:G2,,X=sculpture
G2,00741-w8GiikYuFRk/tasks-island_1.json,43,6,Arrange the book display.,OK,place_on,straighten,Place book display on surface.,Straighten the book display.,on,,;referent_grounding_v1:G2,,X=book display
G2,00741-w8GiikYuFRk/tasks-island_1.json,47,3,Arrange the book display.,OK,place_on,straighten,Place book display on surface.,Straighten the book display.,on,,;referent_grounding_v1:G2,,X=book display
G4,00744-1S7LAXRdDqK/tasks-island_0.json,0,2,Fill the cup at the sink.,RESOLVED,fill,fill,Use the sink to fill a container.,Fill the cup at the sink.,at,at,;referent_grounding_v1:G4,,vessel=cup
G2,00744-1S7LAXRdDqK/tasks-island_0.json,4,2,Position the mouse for use.,OK,place_on,reposition,Place mouse on surface.,Reposition the mouse.,on,,;referent_grounding_v1:G2,,X=mouse
G2,00744-1S7LAXRdDqK/tasks-island_0.json,45,4,Arrange the dog leash neatly.,OK,place_on,straighten,Place dog leash on surface.,Straighten the dog leash.,on,,;referent_grounding_v1:G2,,X=dog leash
G2,00744-1S7LAXRdDqK/tasks-island_0.json,68,4,Arrange the hanger.,OK,place_on,straighten,Place hanger on surface.,Straighten the hanger.,on,,;referent_grounding_v1:G2,,X=hanger
G2,00744-1S7LAXRdDqK/tasks-island_0.json,71,2,Arrange the kitchen utensil.,OK,place_on,straighten,Place kitchen utensil on surface.,Straighten the kitchen utensil.,on,,;referent_grounding_v1:G2,,X=kitchen utensil
G2,00744-1S7LAXRdDqK/tasks-island_0.json,73,5,Set the cup.,OK,place_on,straighten,Place cup on surface.,Straighten the cup.,on,,;referent_grounding_v1:G2,,X=cup
G2,00744-1S7LAXRdDqK/tasks-island_0.json,80,4,Set the cup.,OK,place_on,straighten,Place cup on surface.,Straighten the cup.,on,,;referent_grounding_v1:G2,,X=cup
G2,00744-1S7LAXRdDqK/tasks-island_0.json,86,5,Arrange the decoration.,OK,place_on,straighten,Place decoration on surface.,Straighten the decoration.,on,,;referent_grounding_v1:G2,,X=decoration
G2,00744-1S7LAXRdDqK/tasks-island_0.json,88,2,Arrange the breadbox.,OK,place_on,straighten,Place breadbox on surface.,Straighten the breadbox.,on,,;referent_grounding_v1:G2,,X=breadbox
G2,00744-1S7LAXRdDqK/tasks-island_0.json,93,3,Set the coffee maker.,OK,place_on,straighten,Place coffee maker on surface.,Straighten the coffee maker.,on,,;referent_grounding_v1:G2,,X=coffee maker
G1,00744-1S7LAXRdDqK/tasks-island_0.json,104,5,Set the cup on the table.,OK,place_on,place_on,Place cup on surface.,Place the cup on the table.,on,on,;referent_grounding_v1:G1,,X=cup|Y=table
G1,00744-1S7LAXRdDqK/tasks-island_0.json,106,5,Arrange the footrest in the study.,OK,place_in,place_in,Place footrest in receptacle.,Place the footrest in the study.,in,in,;referent_grounding_v1:G1,,X=footrest|Y=study
G2,00744-1S7LAXRdDqK/tasks-island_0.json,120,2,Arrange the plant for a photo.,OK,place_on,straighten,Place plant on surface.,Straighten the plant.,on,,;referent_grounding_v1:G2,,X=plant
G2,00744-1S7LAXRdDqK/tasks-island_0.json,122,4,Arrange the side table.,OK,place_on,straighten,Place side table on surface.,Straighten the side table.,on,,;referent_grounding_v1:G2,,X=side table
G2,00744-1S7LAXRdDqK/tasks-island_1.json,0,4,Organize the items inside the closet.,OK,place_in,straighten,Place closet in receptacle.,Straighten the items inside the closet.,in,,;referent_grounding_v1:G2,,X=items inside the closet
G1,00744-1S7LAXRdDqK/tasks-island_1.json,5,2,Organize the equipment on the stand.,OK,place_in,place_on,Place stand in receptacle.,Place the equipment on the stand.,in,on,;referent_grounding_v1:G1,,X=equipment|Y=stand
G2,00744-1S7LAXRdDqK/tasks-island_1.json,14,2,Arrange the guitar on its stand.,OK,place_on,straighten,Place guitar on surface.,Straighten the guitar on its stand.,on,,;referent_grounding_v1:G2,,X=guitar on its stand
G1,00744-1S7LAXRdDqK/tasks-island_1.json,14,3,Organize the books on the bookshelf.,OK,place_on,place_on,Place bookshelf on surface.,Place the books on the bookshelf.,on,on,;referent_grounding_v1:G1,,X=books|Y=bookshelf
G1,00744-1S7LAXRdDqK/tasks-island_1.json,19,1,Sort the books on the shelf.,OK,place_on,place_on,Place shelf on surface.,Place the books on the shelf.,on,on,;referent_grounding_v1:G1,,X=books|Y=shelf
G1,00744-1S7LAXRdDqK/tasks-island_1.json,19,2,Arrange the books on the bookshelf.,OK,place_on,place_on,Place bookshelf on surface.,Place the books on the bookshelf.,on,on,;referent_grounding_v1:G1,,X=books|Y=bookshelf
G2,00744-1S7LAXRdDqK/tasks-island_1.json,36,6,Arrange the guitar.,OK,place_on,straighten,Place guitar on surface.,Straighten the guitar.,on,,;referent_grounding_v1:G2,,X=guitar
G2,00744-1S7LAXRdDqK/tasks-island_1.json,39,3,Set the radio.,OK,place_on,straighten,Place radio on surface.,Straighten the radio.,on,,;referent_grounding_v1:G2,,X=radio
G2,00744-1S7LAXRdDqK/tasks-island_1.json,44,4,Rearrange the shelving.,OK,place_on,straighten,Place shelving on surface.,Straighten the shelving.,on,,;referent_grounding_v1:G2,,X=shelving
G2,00744-1S7LAXRdDqK/tasks-island_1.json,51,5,Position the keyboard.,OK,place_on,reposition,Place keyboard on surface.,Reposition the keyboard.,on,,;referent_grounding_v1:G2,,X=keyboard
G2,00744-1S7LAXRdDqK/tasks-island_1.json,56,2,Set the basket.,OK,place_on,straighten,Place basket on surface.,Straighten the basket.,on,,;referent_grounding_v1:G2,,X=basket
G1,00746-RTV2n6fXB2w/tasks-island_0.json,0,4,Organize the files on the cabinet.,OK,place_on,place_on,Place cabinet on surface.,Place the files on the cabinet.,on,on,;referent_grounding_v1:G1,,X=files|Y=cabinet
G1,00746-RTV2n6fXB2w/tasks-island_0.json,2,1,Set the jar on the counter.,OK,place_on,place_on,Place jar on surface.,Place the jar on the counter.,on,on,;referent_grounding_v1:G1,,X=jar|Y=counter
G2,00746-RTV2n6fXB2w/tasks-island_0.json,8,4,Display the photo mount nearby.,OK,place_on,straighten,Place photo mount on surface.,Straighten the photo mount.,on,,;referent_grounding_v1:G2,,X=photo mount
G1,00746-RTV2n6fXB2w/tasks-island_0.json,14,1,Arrange the items on the shelf.,OK,place_on,place_on,Place shelf on surface.,Place the items on the shelf.,on,on,;referent_grounding_v1:G1,,X=items|Y=shelf
G2,00746-RTV2n6fXB2w/tasks-island_0.json,17,4,Arrange the kitchen chair.,OK,place_in,straighten,Place kitchen chair in receptacle.,Straighten the kitchen chair.,in,,;referent_grounding_v1:G2,,X=kitchen chair
G2,00746-RTV2n6fXB2w/tasks-island_0.json,25,1,Position the christmas tree.,OK,place_on,reposition,Place christmas tree on surface.,Reposition the christmas tree.,on,,;referent_grounding_v1:G2,,X=christmas tree
G2,00746-RTV2n6fXB2w/tasks-island_0.json,25,2,Arrange the gift.,OK,place_on,straighten,Place gift on surface.,Straighten the gift.,on,,;referent_grounding_v1:G2,,X=gift
G2,00746-RTV2n6fXB2w/tasks-island_0.json,25,5,Position the board.,OK,place_on,reposition,Place board on surface.,Reposition the board.,on,,;referent_grounding_v1:G2,,X=board
G2,00746-RTV2n6fXB2w/tasks-island_0.json,36,4,Position the kitchen chair.,OK,place_on,reposition,Place kitchen chair on surface.,Reposition the kitchen chair.,on,,;referent_grounding_v1:G2,,X=kitchen chair
G1,00746-RTV2n6fXB2w/tasks-island_0.json,46,1,Organize the ingredients on the shelf.,OK,place_on,place_on,Place shelf on surface.,Place the ingredients on the shelf.,on,on,;referent_grounding_v1:G1,,X=ingredients|Y=shelf
G2,00746-RTV2n6fXB2w/tasks-island_0.json,46,4,Arrange the spice rack.,OK,place_on,straighten,Place spice rack on surface.,Straighten the spice rack.,on,,;referent_grounding_v1:G2,,X=spice rack
G1,00746-RTV2n6fXB2w/tasks-island_0.json,51,2,Set the salver on the table.,OK,place_on,place_on,Place salver on surface.,Place the salver on the table.,on,on,;referent_grounding_v1:G1,,X=salver|Y=table
G1,00746-RTV2n6fXB2w/tasks-island_0.json,54,1,Organize my textbooks on the shelf.,OK,place_on,place_on,Place shelf on surface.,Place the textbooks on the shelf.,on,on,;referent_grounding_v1:G1,,X=textbooks|Y=shelf
G2,00746-RTV2n6fXB2w/tasks-island_0.json,56,2,Set the kitchen cabinet for serving.,OK,place_on,straighten,Place kitchen cabinet on surface.,Straighten the kitchen cabinet.,on,,;referent_grounding_v1:G2,,X=kitchen cabinet
G1,00746-RTV2n6fXB2w/tasks-island_0.json,59,1,Organize the items on the shelf.,OK,place_on,place_on,Place shelf on surface.,Place the items on the shelf.,on,on,;referent_grounding_v1:G1,,X=items|Y=shelf
G2,00746-RTV2n6fXB2w/tasks-island_0.json,60,5,Set the kitchen chair back in place.,OK,place_in,straighten,Place kitchen chair in receptacle.,Straighten the kitchen chair back in place.,in,,;referent_grounding_v1:G2,,X=kitchen chair back in place
G2,00746-RTV2n6fXB2w/tasks-island_0.json,62,2,Arrange the basket contents.,OK,place_on,straighten,Place basket on surface.,Straighten the basket contents.,on,,;referent_grounding_v1:G2,,X=basket contents
G1,00746-RTV2n6fXB2w/tasks-island_0.json,64,1,Organize the writing supplies on the shelf.,OK,place_on,place_on,Place shelf on surface.,Place the writing supplies on the shelf.,on,on,;referent_grounding_v1:G1,,X=writing supplies|Y=shelf
G1,00746-RTV2n6fXB2w/tasks-island_0.json,64,6,Arrange the photo mount on the desk.,OK,place_on,place_on,Place photo mount on surface.,Place the photo mount on the desk.,on,on,;referent_grounding_v1:G1,,X=photo mount|Y=desk
G2,00746-RTV2n6fXB2w/tasks-island_0.json,77,6,Arrange the kitchen cabinet.,OK,place_on,straighten,Place kitchen cabinet on surface.,Straighten the kitchen cabinet.,on,,;referent_grounding_v1:G2,,X=kitchen cabinet
G2,00746-RTV2n6fXB2w/tasks-island_0.json,78,3,Arrange the gift.,OK,place_on,straighten,Place gift on surface.,Straighten the gift.,on,,;referent_grounding_v1:G2,,X=gift
G2,00746-RTV2n6fXB2w/tasks-island_0.json,84,3,Arrange the gift.,OK,place_on,straighten,Place gift on surface.,Straighten the gift.,on,,;referent_grounding_v1:G2,,X=gift
G2,00746-RTV2n6fXB2w/tasks-island_0.json,85,6,Arrange the kitchen chair.,OK,place_on,straighten,Place kitchen chair on surface.,Straighten the kitchen chair.,on,,;referent_grounding_v1:G2,,X=kitchen chair
G2,00746-RTV2n6fXB2w/tasks-island_0.json,88,2,Arrange the kitchen chair.,OK,place_on,straighten,Place kitchen chair on surface.,Straighten the kitchen chair.,on,,;referent_grounding_v1:G2,,X=kitchen chair
G2,00746-RTV2n6fXB2w/tasks-island_0.json,90,2,Arrange the spice rack.,OK,place_on,straighten,Place spice rack on surface.,Straighten the spice rack.,on,,;referent_grounding_v1:G2,,X=spice rack
G3,00750-E1NrAhMoqvB/tasks-island_0.json,22,3,Place the drink on the stand.,OK,place_on,place_on,Place items on the stand/small table.,Place the drink on the stand/small table.,on,on,;referent_grounding_v1:G3,,NP=drink
G1,00750-E1NrAhMoqvB/tasks-island_0.json,41,2,Set the cup on the table.,OK,place_on,place_on,Place cup on surface.,Place the cup on the table.,on,on,;referent_grounding_v1:G1,,X=cup|Y=table
G1,00750-E1NrAhMoqvB/tasks-island_0.json,44,1,Sort items in the basket of something.,OK,place_in,place_in,Place basket of something in receptacle.,Place the items in the basket of something.,in,in,;referent_grounding_v1:G1,,X=items|Y=basket of something
G1,00750-E1NrAhMoqvB/tasks-island_0.json,47,2,Set the bowl on the table.,OK,place_on,place_on,Place bowl on surface.,Place the bowl on the table.,on,on,;referent_grounding_v1:G1,,X=bowl|Y=table
G2,00750-E1NrAhMoqvB/tasks-island_0.json,56,1,Arrange the handbag.,OK,place_on,straighten,Place handbag on surface.,Straighten the handbag.,on,,;referent_grounding_v1:G2,,X=handbag
G2,00750-E1NrAhMoqvB/tasks-island_0.json,60,3,Arrange the shoe.,OK,place_on,straighten,Place shoe on surface.,Straighten the shoe.,on,,;referent_grounding_v1:G2,,X=shoe
G2,00750-E1NrAhMoqvB/tasks-island_0.json,63,3,Arrange the shampoo.,OK,place_on,straighten,Place shampoo on surface.,Straighten the shampoo.,on,,;referent_grounding_v1:G2,,X=shampoo
G2,00750-E1NrAhMoqvB/tasks-island_0.json,65,1,Position the computer chair.,OK,place_on,reposition,Place computer chair on surface.,Reposition the computer chair.,on,,;referent_grounding_v1:G2,,X=computer chair
G2,00750-E1NrAhMoqvB/tasks-island_0.json,67,5,Arrange the coat hanger.,OK,place_on,straighten,Place coat hanger on surface.,Straighten the coat hanger.,on,,;referent_grounding_v1:G2,,X=coat hanger
G2,00750-E1NrAhMoqvB/tasks-island_0.json,70,3,Set the cup.,OK,place_on,straighten,Place cup on surface.,Straighten the cup.,on,,;referent_grounding_v1:G2,,X=cup
G2,00750-E1NrAhMoqvB/tasks-island_0.json,77,3,Arrange the shoe.,OK,place_on,straighten,Place shoe on surface.,Straighten the shoe.,on,,;referent_grounding_v1:G2,,X=shoe
G2,00750-E1NrAhMoqvB/tasks-island_0.json,80,3,Position the round chair.,OK,place_on,reposition,Place round chair on surface.,Reposition the round chair.,on,,;referent_grounding_v1:G2,,X=round chair
G2,00750-E1NrAhMoqvB/tasks-island_0.json,83,4,Position the mouse.,OK,place_on,reposition,Place mouse on surface.,Reposition the mouse.,on,,;referent_grounding_v1:G2,,X=mouse
G2,00750-E1NrAhMoqvB/tasks-island_0.json,100,4,Position the mouse.,OK,place_on,reposition,Place mouse on surface.,Reposition the mouse.,on,,;referent_grounding_v1:G2,,X=mouse
G2,00750-E1NrAhMoqvB/tasks-island_0.json,104,3,Arrange the book.,OK,place_on,straighten,Place book on surface.,Straighten the book.,on,,;referent_grounding_v1:G2,,X=book
G2,00750-E1NrAhMoqvB/tasks-island_0.json,114,3,Position the computer chair.,OK,place_on,reposition,Place computer chair on surface.,Reposition the computer chair.,on,,;referent_grounding_v1:G2,,X=computer chair
G2,00750-E1NrAhMoqvB/tasks-island_0.json,116,4,Arrange the shoe.,OK,place_on,straighten,Place shoe on surface.,Straighten the shoe.,on,,;referent_grounding_v1:G2,,X=shoe
G2,00750-E1NrAhMoqvB/tasks-island_0.json,121,5,Arrange the flower vase.,OK,place_on,straighten,Place flower vase on surface.,Straighten the flower vase.,on,,;referent_grounding_v1:G2,,X=flower vase
G1,00750-E1NrAhMoqvB/tasks-island_0.json,130,2,Organize the items in the sink cabinet.,OK,place_in,place_in,Place sink cabinet in receptacle.,Place the items in the sink cabinet.,in,in,;referent_grounding_v1:G1,,X=items|Y=sink cabinet
G2,00750-E1NrAhMoqvB/tasks-island_0.json,134,1,Arrange the small table.,OK,place_on,straighten,Place small table/stand on surface.,Straighten the small table.,on,,;referent_grounding_v1:G2,,X=small table
G2,00750-E1NrAhMoqvB/tasks-island_0.json,136,3,Arrange the flower.,OK,place_on,straighten,Place flower on surface.,Straighten the flower.,on,,;referent_grounding_v1:G2,,X=flower
G2,00750-E1NrAhMoqvB/tasks-island_0.json,144,3,Arrange the computer chair.,OK,place_on,straighten,Place computer chair on surface.,Straighten the computer chair.,on,,;referent_grounding_v1:G2,,X=computer chair
G2,00750-E1NrAhMoqvB/tasks-island_0.json,164,2,Position the keyboard.,OK,place_on,reposition,Place keyboard on surface.,Reposition the keyboard.,on,,;referent_grounding_v1:G2,,X=keyboard
G2,00750-E1NrAhMoqvB/tasks-island_0.json,175,4,Position the computer chair properly.,OK,place_on,reposition,Place computer chair on surface.,Reposition the computer chair.,on,,;referent_grounding_v1:G2,,X=computer chair
G2,00750-E1NrAhMoqvB/tasks-island_0.json,179,1,Position the speaker.,OK,place_on,reposition,Place speaker on surface.,Reposition the speaker.,on,,;referent_grounding_v1:G2,,X=speaker
G1,00750-E1NrAhMoqvB/tasks-island_0.json,182,3,Tidy the items on the high shelf.,OK,place_on,place_on,Place high shelf on surface.,Place the items on the high shelf.,on,on,;referent_grounding_v1:G1,,X=items|Y=high shelf
G2,00750-E1NrAhMoqvB/tasks-island_0.json,189,1,Arrange the fresh flower.,OK,place_on,straighten,Place flower on surface.,Straighten the fresh flower.,on,,;referent_grounding_v1:G2,,X=fresh flower
G2,00750-E1NrAhMoqvB/tasks-island_0.json,192,4,Arrange the mouse.,OK,place_in,straighten,Place mouse in receptacle.,Straighten the mouse.,in,,;referent_grounding_v1:G2,,X=mouse
G1,00750-E1NrAhMoqvB/tasks-island_0.json,203,7,Organize books on the high shelf.,OK,place_on,place_on,Place high shelf on surface.,Place the books on the high shelf.,on,on,;referent_grounding_v1:G1,,X=books|Y=high shelf
G2,00750-E1NrAhMoqvB/tasks-island_0.json,206,5,Arrange the shoes.,OK,place_on,straighten,Place shoe on surface.,Straighten the shoes.,on,,;referent_grounding_v1:G2,,X=shoes
G2,00750-E1NrAhMoqvB/tasks-island_0.json,209,3,Arrange the folding chair.,OK,place_on,straighten,Place folding chair on surface.,Straighten the folding chair.,on,,;referent_grounding_v1:G2,,X=folding chair
G2,00750-E1NrAhMoqvB/tasks-island_0.json,216,5,Arrange the round chair.,OK,place_on,straighten,Place round chair on surface.,Straighten the round chair.,on,,;referent_grounding_v1:G2,,X=round chair
G2,00750-E1NrAhMoqvB/tasks-island_0.json,224,4,Arrange the toothbrush.,OK,place_on,straighten,Place toothbrush on surface.,Straighten the toothbrush.,on,,;referent_grounding_v1:G2,,X=toothbrush
G2,00750-E1NrAhMoqvB/tasks-island_0.json,225,2,Arrange the flower.,OK,place_on,straighten,Place flower on surface.,Straighten the flower.,on,,;referent_grounding_v1:G2,,X=flower
G3,00750-E1NrAhMoqvB/tasks-island_0.json,230,2,Put the toy in the basket.,OK,place_in,place_in,Place items in the basket of something.,Place the toy in the basket of something.,in,in,;referent_grounding_v1:G3,,NP=toy
G2,00750-E1NrAhMoqvB/tasks-island_0.json,236,2,Arrange the flower.,OK,place_on,straighten,Place flower on surface.,Straighten the flower.,on,,;referent_grounding_v1:G2,,X=flower
G2,00750-E1NrAhMoqvB/tasks-island_0.json,237,3,Arrange the handbag.,OK,place_on,straighten,Place handbag on surface.,Straighten the handbag.,on,,;referent_grounding_v1:G2,,X=handbag
G2,00750-E1NrAhMoqvB/tasks-island_0.json,241,4,Arrange the shoe.,OK,place_on,straighten,Place shoe on surface.,Straighten the shoe.,on,,;referent_grounding_v1:G2,,X=shoe
G2,00750-E1NrAhMoqvB/tasks-island_2.json,0,2,Arrange the patio chair.,OK,place_on,straighten,Place patio chair on surface.,Straighten the patio chair.,on,,;referent_grounding_v1:G2,,X=patio chair
G2,00750-E1NrAhMoqvB/tasks-island_2.json,2,5,Reposition the flowerpot.,OK,place_on,reposition,Place flowerpot on surface.,Reposition the flowerpot.,on,,;referent_grounding_v1:G2,,X=flowerpot
G2,00750-E1NrAhMoqvB/tasks-island_2.json,5,4,Arrange the firewood.,OK,place_on,straighten,Place firewood on surface.,Straighten the firewood.,on,,;referent_grounding_v1:G2,,X=firewood
G1,00750-E1NrAhMoqvB/tasks-island_2.json,6,2,Set the plate on the table.,OK,place_on,place_on,Place plate on surface.,Place the plate on the table.,on,on,;referent_grounding_v1:G1,,X=plate|Y=table
G2,00750-E1NrAhMoqvB/tasks-island_2.json,10,4,Reposition the flowerpot to improve the background.,OK,place_on,reposition,Place flowerpot on surface.,Reposition the flowerpot.,on,,;referent_grounding_v1:G2,,X=flowerpot
G1,00750-E1NrAhMoqvB/tasks-island_2.json,12,2,Set down the plate on the table.,OK,place_on,place_on,Place plate on surface.,Place the plate on the table.,on,on,;referent_grounding_v1:G1,,X=plate|Y=table
G2,00750-E1NrAhMoqvB/tasks-island_2.json,16,6,Arrange the firewood neatly for the photo.,OK,place_on,straighten,Place firewood on surface.,Straighten the firewood.,on,,;referent_grounding_v1:G2,,X=firewood
G2,00750-E1NrAhMoqvB/tasks-island_2.json,19,1,Arrange the patio chair.,OK,place_on,straighten,Place patio chair on surface.,Straighten the patio chair.,on,,;referent_grounding_v1:G2,,X=patio chair
G1,00750-E1NrAhMoqvB/tasks-island_2.json,19,3,Set the plate on the table.,OK,place_on,place_on,Place plate on surface.,Place the plate on the table.,on,on,;referent_grounding_v1:G1,,X=plate|Y=table
G2,00750-E1NrAhMoqvB/tasks-island_2.json,19,7,Arrange the firewood.,OK,place_on,straighten,Place firewood on surface.,Straighten the firewood.,on,,;referent_grounding_v1:G2,,X=firewood
G2,00750-E1NrAhMoqvB/tasks-island_2.json,20,7,Reposition the flowerpot.,OK,place_on,reposition,Place flowerpot on surface.,Reposition the flowerpot.,on,,;referent_grounding_v1:G2,,X=flowerpot
G2,00757-LVgQNuK8vtv/tasks-island_0.json,3,2,Arrange the towel.,OK,place_on,straighten,Place towel on surface.,Straighten the towel.,on,,;referent_grounding_v1:G2,,X=towel
G2,00757-LVgQNuK8vtv/tasks-island_0.json,47,4,Arrange the chest.,OK,place_on,straighten,Place chest on surface.,Straighten the chest.,on,,;referent_grounding_v1:G2,,X=chest
G2,00757-LVgQNuK8vtv/tasks-island_0.json,54,5,Arrange the shelving.,OK,place_on,straighten,Place shelving on surface.,Straighten the shelving.,on,,;referent_grounding_v1:G2,,X=shelving
G3,00757-LVgQNuK8vtv/tasks-island_0.json,55,1,Fluff the pillow on the couch.,OK,fluff,fluff,Fluff items on the couch.,Fluff the pillow on the couch.,on,on,;referent_grounding_v1:G3,,NP=pillow
G2,00757-LVgQNuK8vtv/tasks-island_0.json,66,5,Arrange the shelving.,OK,place_in,straighten,Place shelving in receptacle.,Straighten the shelving.,in,,;referent_grounding_v1:G2,,X=shelving
G2,00757-LVgQNuK8vtv/tasks-island_0.json,75,4,Arrange the cans.,OK,place_on,straighten,Place can on surface.,Straighten the cans.,on,,;referent_grounding_v1:G2,,X=cans
G2,00757-LVgQNuK8vtv/tasks-island_0.json,80,5,Set the tray.,OK,place_on,straighten,Place tray on surface.,Straighten the tray.,on,,;referent_grounding_v1:G2,,X=tray
G2,00757-LVgQNuK8vtv/tasks-island_0.json,81,4,Arrange the shelving.,OK,place_on,straighten,Place shelving on surface.,Straighten the shelving.,on,,;referent_grounding_v1:G2,,X=shelving
G1,00757-LVgQNuK8vtv/tasks-island_0.json,116,3,Organize the books on the shelving.,OK,place_on,place_on,Place shelving on surface.,Place the books on the shelving.,on,on,;referent_grounding_v1:G1,,X=books|Y=shelving
G2,00757-LVgQNuK8vtv/tasks-island_0.json,116,6,Arrange the footrest.,OK,place_on,straighten,Place footrest on surface.,Straighten the footrest.,on,,;referent_grounding_v1:G2,,X=footrest
G2,00757-LVgQNuK8vtv/tasks-island_0.json,126,3,Arrange the shelving.,OK,place_on,straighten,Place shelving on surface.,Straighten the shelving.,on,,;referent_grounding_v1:G2,,X=shelving
G2,00757-LVgQNuK8vtv/tasks-island_0.json,128,4,Arrange the decoder.,OK,place_on,straighten,Place decoder on surface.,Straighten the decoder.,on,,;referent_grounding_v1:G2,,X=decoder
G3,00757-LVgQNuK8vtv/tasks-island_0.json,143,3,Put away clothes in the chest of drawers.,OK,store,store,Store items in the chest of drawers.,Store the clothes in the chest of drawers.,in,in,;referent_grounding_v1:G3,,NP=clothes
G2,00757-LVgQNuK8vtv/tasks-island_0.json,165,2,Arrange the book.,OK,place_on,straighten,Place book on surface.,Straighten the book.,on,,;referent_grounding_v1:G2,,X=book
G1,00757-LVgQNuK8vtv/tasks-island_0.json,172,4,Organize the items in the basket.,OK,place_in,place_in,Place basket in receptacle.,Place the items in the basket.,in,in,;referent_grounding_v1:G1,,X=items|Y=basket
G2,00757-LVgQNuK8vtv/tasks-island_0.json,197,2,Arrange the hanging clothes.,OK,place_on,straighten,Place hanging clothes on surface.,Straighten the hanging clothes.,on,,;referent_grounding_v1:G2,,X=hanging clothes
G2,00757-LVgQNuK8vtv/tasks-island_0.json,213,2,Arrange the shelving.,OK,place_on,straighten,Place shelving on surface.,Straighten the shelving.,on,,;referent_grounding_v1:G2,,X=shelving
G2,00757-LVgQNuK8vtv/tasks-island_0.json,220,2,Arrange the shelving.,OK,place_on,straighten,Place shelving on surface.,Straighten the shelving.,on,,;referent_grounding_v1:G2,,X=shelving
G1,00757-LVgQNuK8vtv/tasks-island_0.json,225,5,Set the tray on the cabinet.,OK,place_on,place_on,Place tray on surface.,Place the tray on the cabinet.,on,on,;referent_grounding_v1:G1,,X=tray|Y=cabinet
G1,00758-HfMobPm86Xn/tasks-island_0.json,13,2,Set the pan on the stove.,OK,place_on,place_on,Place pan on surface.,Place the pan on the stove.,on,on,;referent_grounding_v1:G1,,X=pan|Y=stove
G1,00758-HfMobPm86Xn/tasks-island_0.json,30,4,Set the plate on the table.,OK,place_on,place_on,Place plate on surface.,Place the plate on the table.,on,on,;referent_grounding_v1:G1,,X=plate|Y=table
G1,00758-HfMobPm86Xn/tasks-island_0.json,43,4,Set the sunglasses on the table.,OK,place_on,place_on,Place sunglasses on surface.,Place the sunglasses on the table.,on,on,;referent_grounding_v1:G1,,X=sunglasses|Y=table
G2,00758-HfMobPm86Xn/tasks-island_0.json,45,3,Arrange the book.,OK,place_in,straighten,Place book in receptacle.,Straighten the book.,in,,;referent_grounding_v1:G2,,X=book
G2,00758-HfMobPm86Xn/tasks-island_0.json,47,2,Arrange the decorative plant.,OK,place_on,straighten,Place decorative plant on surface.,Straighten the decorative plant.,on,,;referent_grounding_v1:G2,,X=decorative plant
G2,00758-HfMobPm86Xn/tasks-island_0.json,48,4,Set the bowl.,OK,place_on,straighten,Place bowl on surface.,Straighten the bowl.,on,,;referent_grounding_v1:G2,,X=bowl
G3,00758-HfMobPm86Xn/tasks-island_0.json,54,3,Place the snack in the microwave to heat.,OK,place_in,place_in,Place items in the microwave_oven.,Place the snack in the microwave_oven.,in,in,;referent_grounding_v1:G3,,NP=snack
G4,00758-HfMobPm86Xn/tasks-island_0.json,59,2,Fill it with water at the kitchen sink.,RESOLVED,fill,fill,Use the sink to fill a container.,Fill the kettle at the sink.,at,at,;referent_grounding_v1:G4,,vessel=kettle
G1,00758-HfMobPm86Xn/tasks-island_0.json,62,2,Set out the shampoo on the wash cabinet.,OK,place_on,place_on,Place shampoo on surface.,Place the shampoo on the wash cabinet.,on,on,;referent_grounding_v1:G1,,X=shampoo|Y=wash cabinet
G1,00758-HfMobPm86Xn/tasks-island_0.json,65,4,Organize the tools in the cabinet.,OK,place_in,place_in,Place cabinet in receptacle.,Place the tools in the cabinet.,in,in,;referent_grounding_v1:G1,,X=tools|Y=cabinet
G1,00758-HfMobPm86Xn/tasks-island_0.json,66,1,Set out a plate on the table.,OK,place_on,place_on,Place plate on surface.,Place the plate on the table.,on,on,;referent_grounding_v1:G1,,X=plate|Y=table
G1,00758-HfMobPm86Xn/tasks-island_0.json,86,2,Arrange the laptop computer on the desk.,OK,place_on,place_on,Place laptop computer on surface.,Place the laptop computer on the desk.,on,on,;referent_grounding_v1:G1,,X=laptop computer|Y=desk
G2,00758-HfMobPm86Xn/tasks-island_0.json,124,5,Arrange the lockers.,OK,place_on,straighten,Place locker on surface.,Straighten the lockers.,on,,;referent_grounding_v1:G2,,X=lockers
G1,00758-HfMobPm86Xn/tasks-island_0.json,126,2,Set out plates on the table.,OK,place_on,place_on,Place plate on surface.,Place the plates on the table.,on,on,;referent_grounding_v1:G1,,X=plates|Y=table
G4,00758-HfMobPm86Xn/tasks-island_0.json,130,2,Fill it at the sink.,RESOLVED,fill,fill,Use the sink to fill a container.,Fill the cup at the sink.,at,at,;referent_grounding_v1:G4,,vessel=cup
G1,00758-HfMobPm86Xn/tasks-island_0.json,131,4,Set out a cup on the table.,OK,place_on,place_on,Place cup on surface.,Place the cup on the table.,on,on,;referent_grounding_v1:G1,,X=cup|Y=table
G1,00758-HfMobPm86Xn/tasks-island_0.json,132,6,Organize the items in the fridge.,OK,place_in,place_in,Place fridge in receptacle.,Place the items in the fridge.,in,in,;referent_grounding_v1:G1,,X=items|Y=fridge
G1,00758-HfMobPm86Xn/tasks-island_0.json,138,1,Set the plate on the table.,OK,place_on,place_on,Place plate on surface.,Place the plate on the table.,on,on,;referent_grounding_v1:G1,,X=plate|Y=table
G2,00758-HfMobPm86Xn/tasks-island_0.json,138,2,Arrange the knife.,OK,place_on,straighten,Place knife on surface.,Straighten the knife.,on,,;referent_grounding_v1:G2,,X=knife
G2,00758-HfMobPm86Xn/tasks-island_0.json,144,3,Arrange the shelf.,OK,place_on,straighten,Place shelf on surface.,Straighten the shelf.,on,,;referent_grounding_v1:G2,,X=shelf
G2,00758-HfMobPm86Xn/tasks-island_0.json,169,3,Set the plate.,OK,place_on,straighten,Place plate on surface.,Straighten the plate.,on,,;referent_grounding_v1:G2,,X=plate
G2,00758-HfMobPm86Xn/tasks-island_0.json,178,2,Tidy my hair with the hairbrush.,OK,place_in,straighten,Place hairbrush in receptacle.,Straighten the hair.,in,,;referent_grounding_v1:G2,,X=hair
G2,00758-HfMobPm86Xn/tasks-island_0.json,212,5,Position the mouse.,OK,place_on,reposition,Place mouse on surface.,Reposition the mouse.,on,,;referent_grounding_v1:G2,,X=mouse
G1,00758-HfMobPm86Xn/tasks-island_0.json,220,7,Set the plate on the counter.,OK,place_on,place_on,Place plate on surface.,Place the plate on the counter.,on,on,;referent_grounding_v1:G1,,X=plate|Y=counter
G2,00758-HfMobPm86Xn/tasks-island_0.json,222,4,Arrange the book cabinet.,OK,place_on,straighten,Place book cabinet on surface.,Straighten the book cabinet.,on,,;referent_grounding_v1:G2,,X=book cabinet
G2,00758-HfMobPm86Xn/tasks-island_0.json,223,4,Arrange the ottoman.,OK,place_on,straighten,Place ottoman on surface.,Straighten the ottoman.,on,,;referent_grounding_v1:G2,,X=ottoman
G1,00758-HfMobPm86Xn/tasks-island_0.json,227,5,Arrange the seat in the bathroom.,OK,place_in,place_in,Place seat in receptacle.,Place the seat in the bathroom.,in,in,;referent_grounding_v1:G1,,X=seat|Y=bathroom
G2,00758-HfMobPm86Xn/tasks-island_0.json,266,7,Arrange the decorative cloth.,OK,place_on,straighten,Place decorative cloth on surface.,Straighten the decorative cloth.,on,,;referent_grounding_v1:G2,,X=decorative cloth
G2,00758-HfMobPm86Xn/tasks-island_0.json,267,4,Arrange the shampoo.,OK,place_on,straighten,Place shampoo on surface.,Straighten the shampoo.,on,,;referent_grounding_v1:G2,,X=shampoo
G2,00758-HfMobPm86Xn/tasks-island_0.json,268,2,Arrange the ottoman.,OK,place_on,straighten,Place ottoman on surface.,Straighten the ottoman.,on,,;referent_grounding_v1:G2,,X=ottoman
G2,00758-HfMobPm86Xn/tasks-island_0.json,271,4,Arrange the cup.,OK,place_in,straighten,Place cup in receptacle.,Straighten the cup.,in,,;referent_grounding_v1:G2,,X=cup
G2,00758-HfMobPm86Xn/tasks-island_0.json,271,5,Set the plate.,OK,place_in,straighten,Place plate in receptacle.,Straighten the plate.,in,,;referent_grounding_v1:G2,,X=plate
G2,00758-HfMobPm86Xn/tasks-island_0.json,279,6,Set the plate.,OK,place_on,straighten,Place plate on surface.,Straighten the plate.,on,,;referent_grounding_v1:G2,,X=plate
G2,00758-HfMobPm86Xn/tasks-island_0.json,286,4,Set the plate.,OK,place_on,straighten,Place plate on surface.,Straighten the plate.,on,,;referent_grounding_v1:G2,,X=plate
G2,00758-HfMobPm86Xn/tasks-island_0.json,287,3,Arrange the book cabinet.,OK,place_in,straighten,Place book cabinet in receptacle.,Straighten the book cabinet.,in,,;referent_grounding_v1:G2,,X=book cabinet
G2,00758-HfMobPm86Xn/tasks-island_0.json,293,4,Set the bowl.,OK,place_on,straighten,Place bowl on surface.,Straighten the bowl.,on,,;referent_grounding_v1:G2,,X=bowl
G1,00758-HfMobPm86Xn/tasks-island_0.json,311,6,Set a cup on the nearby table.,OK,place_on,place_on,Place cup on surface.,Place the cup on the nearby table.,on,on,;referent_grounding_v1:G1,,X=cup|Y=nearby table
G2,00758-HfMobPm86Xn/tasks-island_0.json,312,2,Position the mouse correctly.,OK,place_on,reposition,Place mouse on surface.,Reposition the mouse correctly.,on,,;referent_grounding_v1:G2,,X=mouse correctly
G1,00758-HfMobPm86Xn/tasks-island_0.json,313,5,Organize clothes in the wardrobe.,OK,place_in,place_in,Place wardrobe in receptacle.,Place the clothes in the wardrobe.,in,in,;referent_grounding_v1:G1,,X=clothes|Y=wardrobe
G1,00758-HfMobPm86Xn/tasks-island_0.json,318,4,Set a plate on the coffee table.,OK,place_on,place_on,Place plate on surface.,Place the plate on the coffee table.,on,on,;referent_grounding_v1:G1,,X=plate|Y=coffee table
G1,00758-HfMobPm86Xn/tasks-island_0.json,322,4,Organize files in the desk cabinet.,OK,place_in,place_in,Place desk cabinet in receptacle.,Place the files in the desk cabinet.,in,in,;referent_grounding_v1:G1,,X=files|Y=desk cabinet
G1,00758-HfMobPm86Xn/tasks-island_0.json,332,2,Organize books in the book cabinet.,OK,place_in,place_in,Place book cabinet in receptacle.,Place the books in the book cabinet.,in,in,;referent_grounding_v1:G1,,X=books|Y=book cabinet
G1,00758-HfMobPm86Xn/tasks-island_0.json,332,3,Set the seat at the desk.,OK,place_on,place_on,Place seat on surface.,Place the seat at the desk.,on,at,;referent_grounding_v1:G1,,X=seat|Y=desk
G2,00758-HfMobPm86Xn/tasks-island_0.json,335,3,Position the ottoman for feet support.,OK,place_in,reposition,Place ottoman in receptacle.,Reposition the ottoman.,in,,;referent_grounding_v1:G2,,X=ottoman
G1,00758-HfMobPm86Xn/tasks-island_0.json,336,5,Set a cup on the tray.,OK,place_on,place_on,Place cup on surface.,Place the cup on the tray.,on,on,;referent_grounding_v1:G1,,X=cup|Y=tray
G2,00800-TEEsavR23oF/tasks-island_0.json,8,2,Arrange the flower.,OK,place_on,straighten,Place flower on surface.,Straighten the flower.,on,,;referent_grounding_v1:G2,,X=flower
G1,00800-TEEsavR23oF/tasks-island_0.json,22,3,Arrange the flower in the vase.,OK,place_in,place_in,Place flower in receptacle.,Place the flower in the vase.,in,in,;referent_grounding_v1:G1,,X=flower|Y=vase
G2,00800-TEEsavR23oF/tasks-island_0.json,24,1,Organize the items inside the wardrobe.,OK,place_in,straighten,Place wardrobe in receptacle.,Straighten the items inside the wardrobe.,in,,;referent_grounding_v1:G2,,X=items inside the wardrobe
G2,00800-TEEsavR23oF/tasks-island_0.json,57,4,Arrange the wardrobe.,OK,place_on,straighten,Place wardrobe on surface.,Straighten the wardrobe.,on,,;referent_grounding_v1:G2,,X=wardrobe
G1,00800-TEEsavR23oF/tasks-island_0.json,67,6,Set the jar on the shelf.,OK,place_in,place_on,Place kitchen shelf in receptacle.,Place the jar on the shelf.,in,on,;referent_grounding_v1:G1,,X=jar|Y=shelf
G1,00800-TEEsavR23oF/tasks-island_0.json,70,4,Arrange the flower in the center of the room.,OK,place_in,place_in,Place flower in receptacle.,Place the flower in the center of the room.,in,in,;referent_grounding_v1:G1,,X=flower|Y=center of the room
G1,00800-TEEsavR23oF/tasks-island_0.json,79,3,Organize the files in the cabinet.,OK,place_in,place_in,Place cabinet in receptacle.,Place the files in the cabinet.,in,in,;referent_grounding_v1:G1,,X=files|Y=cabinet
G1,00800-TEEsavR23oF/tasks-island_0.json,86,5,Set the backpack down in the corner.,OK,place_in,place_in,Place backpack in receptacle.,Place the backpack in the corner.,in,in,;referent_grounding_v1:G1,,X=backpack|Y=corner
G2,00800-TEEsavR23oF/tasks-island_0.json,95,3,Arrange the flower.,OK,place_on,straighten,Place flower on surface.,Straighten the flower.,on,,;referent_grounding_v1:G2,,X=flower
G2,00800-TEEsavR23oF/tasks-island_0.json,96,1,Arrange the wardrobe.,OK,place_on,straighten,Place wardrobe on surface.,Straighten the wardrobe.,on,,;referent_grounding_v1:G2,,X=wardrobe
G2,00800-TEEsavR23oF/tasks-island_0.json,106,6,Arrange the clothes.,OK,place_on,straighten,Place clothes on surface.,Straighten the clothes.,on,,;referent_grounding_v1:G2,,X=clothes
G2,00800-TEEsavR23oF/tasks-island_0.json,138,6,Arrange the jar.,OK,place_on,straighten,Place jar on surface.,Straighten the jar.,on,,;referent_grounding_v1:G2,,X=jar
G2,00800-TEEsavR23oF/tasks-island_0.json,139,3,Arrange the basket.,OK,place_on,straighten,Place basket on surface.,Straighten the basket.,on,,;referent_grounding_v1:G2,,X=basket
G2,00800-TEEsavR23oF/tasks-island_0.json,141,7,Arrange the plush toy.,OK,place_on,straighten,Place plush toy on surface.,Straighten the plush toy.,on,,;referent_grounding_v1:G2,,X=plush toy
G2,00800-TEEsavR23oF/tasks-island_0.json,144,2,Arrange the toy.,OK,place_in,straighten,Place toy in receptacle.,Straighten the toy.,in,,;referent_grounding_v1:G2,,X=toy
G2,00800-TEEsavR23oF/tasks-island_0.json,146,4,Arrange the storage box.,OK,place_on,straighten,Place storage box on surface.,Straighten the storage box.,on,,;referent_grounding_v1:G2,,X=storage box
G4,00800-TEEsavR23oF/tasks-island_0.json,152,4,Fill the cup at the sink.,FLAG,fill,fill,Use the sink to fill a container.,Use the sink to fill a container.,at,at,;ungrounded_anaphora,,no_vessel_found
G2,00800-TEEsavR23oF/tasks-island_0.json,153,6,Arrange the kitchen shelf.,OK,place_on,straighten,Place kitchen shelf on surface.,Straighten the kitchen shelf.,on,,;referent_grounding_v1:G2,,X=kitchen shelf
G2,00800-TEEsavR23oF/tasks-island_0.json,155,2,Arrange the balustrade.,OK,place_on,straighten,Place balustrade on surface.,Straighten the balustrade.,on,,;referent_grounding_v1:G2,,X=balustrade
G2,00800-TEEsavR23oF/tasks-island_0.json,157,5,Arrange the jar.,OK,place_on,straighten,Place jar on surface.,Straighten the jar.,on,,;referent_grounding_v1:G2,,X=jar
G2,00802-wcojb4TFT35/tasks-island_0.json,11,2,Arrange the shoe.,OK,place_on,straighten,Place shoe on surface.,Straighten the shoe.,on,,;referent_grounding_v1:G2,,X=shoe
G2,00802-wcojb4TFT35/tasks-island_0.json,17,4,Arrange the magazines.,OK,place_on,straighten,Place magazines on surface.,Straighten the magazines.,on,,;referent_grounding_v1:G2,,X=magazines
G2,00802-wcojb4TFT35/tasks-island_0.json,40,4,Arrange the magazines.,OK,place_on,straighten,Place magazines on surface.,Straighten the magazines.,on,,;referent_grounding_v1:G2,,X=magazines
G2,00802-wcojb4TFT35/tasks-island_0.json,46,2,Arrange the book.,OK,place_on,straighten,Place book on surface.,Straighten the book.,on,,;referent_grounding_v1:G2,,X=book
G2,00802-wcojb4TFT35/tasks-island_0.json,51,2,Arrange the towel.,OK,place_on,straighten,Place towel on surface.,Straighten the towel.,on,,;referent_grounding_v1:G2,,X=towel
G2,00802-wcojb4TFT35/tasks-island_0.json,58,2,Arrange the hanger.,OK,place_on,straighten,Place hanger on surface.,Straighten the hanger.,on,,;referent_grounding_v1:G2,,X=hanger
G2,00802-wcojb4TFT35/tasks-island_1.json,3,4,Arrange the boards.,OK,place_in,straighten,Place boards in receptacle.,Straighten the boards.,in,,;referent_grounding_v1:G2,,X=boards
G2,00802-wcojb4TFT35/tasks-island_1.json,5,4,Arrange the case.,OK,place_on,straighten,Place case on surface.,Straighten the case.,on,,;referent_grounding_v1:G2,,X=case
G2,00802-wcojb4TFT35/tasks-island_1.json,9,5,Arrange the boards.,OK,place_on,straighten,Place boards on surface.,Straighten the boards.,on,,;referent_grounding_v1:G2,,X=boards
G2,00802-wcojb4TFT35/tasks-island_1.json,12,3,Arrange the boards against the wall.,OK,place_in,straighten,Place boards in receptacle.,Straighten the boards against the wall.,in,,;referent_grounding_v1:G2,,X=boards against the wall
G2,00802-wcojb4TFT35/tasks-island_1.json,14,2,Arrange the container.,OK,place_on,straighten,Place container on surface.,Straighten the container.,on,,;referent_grounding_v1:G2,,X=container
G2,00802-wcojb4TFT35/tasks-island_1.json,15,5,Arrange the silicone gun.,OK,place_on,straighten,Place silicone gun on surface.,Straighten the silicone gun.,on,,;referent_grounding_v1:G2,,X=silicone gun
G2,00802-wcojb4TFT35/tasks-island_1.json,22,5,Arrange the brush.,OK,place_on,straighten,Place brush on surface.,Straighten the brush.,on,,;referent_grounding_v1:G2,,X=brush
G2,00802-wcojb4TFT35/tasks-island_1.json,23,3,Arrange the basket.,OK,place_on,straighten,Place basket on surface.,Straighten the basket.,on,,;referent_grounding_v1:G2,,X=basket
G2,00802-wcojb4TFT35/tasks-island_1.json,30,2,Arrange the shelf.,OK,place_in,straighten,Place shelf in receptacle.,Straighten the shelf.,in,,;referent_grounding_v1:G2,,X=shelf
G2,00802-wcojb4TFT35/tasks-island_2.json,47,6,Arrange the flower vase.,OK,place_on,straighten,Place flower vase on surface.,Straighten the flower vase.,on,,;referent_grounding_v1:G2,,X=flower vase
G2,00802-wcojb4TFT35/tasks-island_2.json,54,4,Position the mouse.,OK,place_on,reposition,Place mouse on surface.,Reposition the mouse.,on,,;referent_grounding_v1:G2,,X=mouse
G1,00802-wcojb4TFT35/tasks-island_2.json,64,4,Organize the documents in the folder.,OK,place_in,place_in,Place folder in receptacle.,Place the documents in the folder.,in,in,;referent_grounding_v1:G1,,X=documents|Y=folder
G1,00802-wcojb4TFT35/tasks-island_2.json,67,4,Arrange the books on the bookshelf.,OK,place_on,place_on,Place bookshelf on surface.,Place the books on the bookshelf.,on,on,;referent_grounding_v1:G1,,X=books|Y=bookshelf
G1,00802-wcojb4TFT35/tasks-island_2.json,71,5,Sort the books on the bookshelf.,OK,place_in,place_on,Place bookshelf in receptacle.,Place the books on the bookshelf.,in,on,;referent_grounding_v1:G1,,X=books|Y=bookshelf
G2,00802-wcojb4TFT35/tasks-island_2.json,76,2,Position the mouse next to the computer.,OK,place_on,reposition,Place mouse on surface.,Reposition the mouse.,on,,;referent_grounding_v1:G2,,X=mouse
G2,00802-wcojb4TFT35/tasks-island_2.json,78,7,Arrange the piano bench.,OK,place_on,straighten,Place piano bench on surface.,Straighten the piano bench.,on,,;referent_grounding_v1:G2,,X=piano bench
G1,00802-wcojb4TFT35/tasks-island_2.json,85,3,Organize the items in the cabinet.,OK,place_in,place_in,Place cabinet in receptacle.,Place the items in the cabinet.,in,in,;referent_grounding_v1:G1,,X=items|Y=cabinet
G1,00802-wcojb4TFT35/tasks-island_2.json,88,4,Position the flowerpot by the window.,OK,place_on,place_on,Place flowerpot on surface.,Place the flowerpot by the window.,on,at,;referent_grounding_v1:G1,,X=flowerpot|Y=window
G1,00802-wcojb4TFT35/tasks-island_3.json,0,2,Arrange the book on the shelf.,OK,place_on,place_on,Place book on surface.,Place the book on the shelf.,on,on,;referent_grounding_v1:G1,,X=book|Y=shelf
G2,00802-wcojb4TFT35/tasks-island_3.json,5,2,Set aside the book for donation.,OK,place_on,straighten,Place book on surface.,Straighten the aside the book.,on,,;referent_grounding_v1:G2,,X=aside the book
G2,00802-wcojb4TFT35/tasks-island_3.json,11,3,Arrange the containers.,OK,place_on,straighten,Place containers on surface.,Straighten the containers.,on,,;referent_grounding_v1:G2,,X=containers
G1,00802-wcojb4TFT35/tasks-island_3.json,12,5,Arrange the bag on the floor.,OK,place_on,place_on,Place bag on surface.,Place the bag on the floor.,on,on,;referent_grounding_v1:G1,,X=bag|Y=floor
G1,00802-wcojb4TFT35/tasks-island_3.json,13,3,Arrange the containers on the shelf.,OK,place_on,place_on,Place containers on surface.,Place the containers on the shelf.,on,on,;referent_grounding_v1:G1,,X=containers|Y=shelf
G1,00802-wcojb4TFT35/tasks-island_3.json,13,6,Organize the books on the bookshelf.,OK,place_on,place_on,Place bookshelf on surface.,Place the books on the bookshelf.,on,on,;referent_grounding_v1:G1,,X=books|Y=bookshelf
G2,00802-wcojb4TFT35/tasks-island_3.json,16,2,Arrange the containers neatly.,OK,place_on,straighten,Place containers on surface.,Straighten the containers.,on,,;referent_grounding_v1:G2,,X=containers
G1,00802-wcojb4TFT35/tasks-island_3.json,18,4,Tidy up the items in the basket.,OK,place_in,place_in,Place basket in receptacle.,Place the items in the basket.,in,in,;referent_grounding_v1:G1,,X=items|Y=basket
G2,00802-wcojb4TFT35/tasks-island_3.json,18,7,Arrange the bags neatly.,OK,place_on,straighten,Place bags on surface.,Straighten the bags.,on,,;referent_grounding_v1:G2,,X=bags
G2,00802-wcojb4TFT35/tasks-island_3.json,20,3,Arrange the basket.,OK,place_on,straighten,Place basket on surface.,Straighten the basket.,on,,;referent_grounding_v1:G2,,X=basket
G2,00802-wcojb4TFT35/tasks-island_3.json,21,5,Rearrange the container.,OK,place_on,straighten,Place container on surface.,Straighten the container.,on,,;referent_grounding_v1:G2,,X=container
G1,00802-wcojb4TFT35/tasks-island_3.json,22,7,Rearrange the items on the shelf.,OK,place_on,place_on,Place shelf on surface.,Place the items on the shelf.,on,on,;referent_grounding_v1:G1,,X=items|Y=shelf
G2,00803-k1cupFYWXJ6/tasks-island_0.json,20,2,Arrange the crate.,OK,place_in,straighten,Place crate in receptacle.,Straighten the crate.,in,,;referent_grounding_v1:G2,,X=crate
G2,00803-k1cupFYWXJ6/tasks-island_0.json,32,2,Arrange the crate.,OK,place_on,straighten,Place crate on surface.,Straighten the crate.,on,,;referent_grounding_v1:G2,,X=crate
G2,00803-k1cupFYWXJ6/tasks-island_0.json,36,2,Arrange the crate.,OK,place_on,straighten,Place crate on surface.,Straighten the crate.,on,,;referent_grounding_v1:G2,,X=crate
G2,00803-k1cupFYWXJ6/tasks-island_0.json,44,2,Arrange the crate.,OK,place_on,straighten,Place crate on surface.,Straighten the crate.,on,,;referent_grounding_v1:G2,,X=crate
G2,00803-k1cupFYWXJ6/tasks-island_0.json,48,2,Arrange the crate.,OK,place_on,straighten,Place crate on surface.,Straighten the crate.,on,,;referent_grounding_v1:G2,,X=crate
G2,00803-k1cupFYWXJ6/tasks-island_0.json,56,2,Arrange the crate.,OK,place_on,straighten,Place crate on surface.,Straighten the crate.,on,,;referent_grounding_v1:G2,,X=crate
G2,00803-k1cupFYWXJ6/tasks-island_0.json,82,5,Position the chassis.,OK,place_on,reposition,Place chassis on surface.,Reposition the chassis.,on,,;referent_grounding_v1:G2,,X=chassis
G2,00803-k1cupFYWXJ6/tasks-island_0.json,83,1,Position the exhibition panel.,OK,place_on,reposition,Place exhibition panel on surface.,Reposition the exhibition panel.,on,,;referent_grounding_v1:G2,,X=exhibition panel
G2,00803-k1cupFYWXJ6/tasks-island_0.json,84,5,Position the chassis.,OK,place_on,reposition,Place chassis on surface.,Reposition the chassis.,on,,;referent_grounding_v1:G2,,X=chassis
G2,00803-k1cupFYWXJ6/tasks-island_0.json,103,7,Position the chassis.,OK,place_on,reposition,Place chassis on surface.,Reposition the chassis.,on,,;referent_grounding_v1:G2,,X=chassis
G2,00803-k1cupFYWXJ6/tasks-island_0.json,116,7,Position the chassis.,OK,place_on,reposition,Place chassis on surface.,Reposition the chassis.,on,,;referent_grounding_v1:G2,,X=chassis
G2,00803-k1cupFYWXJ6/tasks-island_0.json,121,6,Position the chassis.,OK,place_on,reposition,Place chassis on surface.,Reposition the chassis.,on,,;referent_grounding_v1:G2,,X=chassis
G2,00808-y9hTuugGdiq/tasks-island_0.json,0,2,Tidy my hair with the hairbrush.,OK,place_in,straighten,Place hairbrush in receptacle.,Straighten the hair.,in,,;referent_grounding_v1:G2,,X=hair
G4,00808-y9hTuugGdiq/tasks-island_0.json,8,2,Refill the watering can at the sink.,FLAG,fill,fill,Use the sink to fill a container.,Use the sink to fill a container.,at,at,;ungrounded_anaphora,,no_vessel_found
G2,00808-y9hTuugGdiq/tasks-island_0.json,35,1,Position the TV on its stand.,OK,place_on,reposition,Place tv on surface.,Reposition the TV on its stand.,on,,;referent_grounding_v1:G2,,X=TV on its stand
G3,00808-y9hTuugGdiq/tasks-island_0.json,37,2,Place a decorative vase on the dresser.,OK,place_on,place_on,Place items on the flower vase.,Place the decorative vase on the flower vase.,on,on,;referent_grounding_v1:G3,,NP=decorative vase
G2,00808-y9hTuugGdiq/tasks-island_0.json,42,5,Arrange the flower vase.,OK,place_on,straighten,Place flower vase on surface.,Straighten the flower vase.,on,,;referent_grounding_v1:G2,,X=flower vase
G2,00808-y9hTuugGdiq/tasks-island_0.json,46,1,Arrange the shelving units.,OK,place_on,straighten,Place shelving on surface.,Straighten the shelving units.,on,,;referent_grounding_v1:G2,,X=shelving units
G1,00808-y9hTuugGdiq/tasks-island_0.json,57,4,Arrange the shelving in the closet.,OK,place_in,place_in,Place shelving in receptacle.,Place the shelving in the closet.,in,in,;referent_grounding_v1:G1,,X=shelving|Y=closet
G4,00808-y9hTuugGdiq/tasks-island_0.json,67,2,Fill it from the refrigerator.,RESOLVED,fill,fill,Use the refrigerator to fill a container.,Use the refrigerator to fill the cup.,,,;referent_grounding_v1:G4,,vessel=cup
G2,00808-y9hTuugGdiq/tasks-island_0.json,86,3,Arrange the stereo.,OK,place_on,straighten,Place stereo on surface.,Straighten the stereo.,on,,;referent_grounding_v1:G2,,X=stereo
G2,00808-y9hTuugGdiq/tasks-island_0.json,101,3,Position the statue.,OK,place_on,reposition,Place statue on surface.,Reposition the statue.,on,,;referent_grounding_v1:G2,,X=statue
G2,00808-y9hTuugGdiq/tasks-island_0.json,110,4,Arrange the plant.,OK,place_on,straighten,Place plant on surface.,Straighten the plant.,on,,;referent_grounding_v1:G2,,X=plant
G2,00808-y9hTuugGdiq/tasks-island_0.json,159,2,Arrange the fire screen.,OK,place_on,straighten,Place fire screen on surface.,Straighten the fire screen.,on,,;referent_grounding_v1:G2,,X=fire screen
G2,00808-y9hTuugGdiq/tasks-island_0.json,167,5,Arrange the shelving.,OK,place_on,straighten,Place shelving on surface.,Straighten the shelving.,on,,;referent_grounding_v1:G2,,X=shelving
G2,00808-y9hTuugGdiq/tasks-island_0.json,173,6,Arrange the vase.,OK,place_on,straighten,Place vase on surface.,Straighten the vase.,on,,;referent_grounding_v1:G2,,X=vase
G2,00808-y9hTuugGdiq/tasks-island_1.json,7,2,Arrange the vase.,OK,place_on,straighten,Place vase on surface.,Straighten the vase.,on,,;referent_grounding_v1:G2,,X=vase
G2,00808-y9hTuugGdiq/tasks-island_1.json,23,3,Arrange the ornament.,OK,place_on,straighten,Place ornament on surface.,Straighten the ornament.,on,,;referent_grounding_v1:G2,,X=ornament
G2,00808-y9hTuugGdiq/tasks-island_1.json,43,3,Arrange the bathroom cabinet.,OK,place_on,straighten,Place bathroom cabinet on surface.,Straighten the bathroom cabinet.,on,,;referent_grounding_v1:G2,,X=bathroom cabinet
G2,00808-y9hTuugGdiq/tasks-island_1.json,54,1,Position the ladder.,OK,place_on,reposition,Place ladder on surface.,Reposition the ladder.,on,,;referent_grounding_v1:G2,,X=ladder
G2,00808-y9hTuugGdiq/tasks-island_1.json,54,7,Arrange the vase.,OK,place_on,straighten,Place vase on surface.,Straighten the vase.,on,,;referent_grounding_v1:G2,,X=vase
G2,00808-y9hTuugGdiq/tasks-island_1.json,56,5,Arrange the sideboard.,OK,place_on,straighten,Place sideboard on surface.,Straighten the sideboard.,on,,;referent_grounding_v1:G2,,X=sideboard
G2,00808-y9hTuugGdiq/tasks-island_1.json,58,5,Position the ladder.,OK,place_on,reposition,Place ladder on surface.,Reposition the ladder.,on,,;referent_grounding_v1:G2,,X=ladder
G4,00810-CrMo8WxCyVb/tasks-island_0.json,19,2,Fill it at the sink.,RESOLVED,fill,fill,Use the sink to fill a container.,Fill the vase at the sink.,at,at,;referent_grounding_v1:G4,,vessel=vase
G2,00810-CrMo8WxCyVb/tasks-island_0.json,29,4,Arrange the flower vase.,OK,place_on,straighten,Place flower vase on surface.,Straighten the flower vase.,on,,;referent_grounding_v1:G2,,X=flower vase
G2,00810-CrMo8WxCyVb/tasks-island_0.json,43,3,Arrange the plate.,OK,place_on,straighten,Place plate on surface.,Straighten the plate.,on,,;referent_grounding_v1:G2,,X=plate
G2,00810-CrMo8WxCyVb/tasks-island_0.json,46,5,Arrange the flower vase.,OK,place_on,straighten,Place flower vase on surface.,Straighten the flower vase.,on,,;referent_grounding_v1:G2,,X=flower vase
G2,00810-CrMo8WxCyVb/tasks-island_0.json,49,4,Arrange the flower stand.,OK,place_on,straighten,Place flower stand on surface.,Straighten the flower stand.,on,,;referent_grounding_v1:G2,,X=flower stand
G2,00810-CrMo8WxCyVb/tasks-island_0.json,54,5,Arrange the toilet.,OK,place_on,straighten,Place toilet on surface.,Straighten the toilet.,on,,;referent_grounding_v1:G2,,X=toilet
G2,00810-CrMo8WxCyVb/tasks-island_0.json,64,3,Position the lamp.,OK,place_on,reposition,Place lamp on surface.,Reposition the lamp.,on,,;referent_grounding_v1:G2,,X=lamp
G2,00810-CrMo8WxCyVb/tasks-island_0.json,65,3,Arrange the basket.,OK,place_on,straighten,Place basket on surface.,Straighten the basket.,on,,;referent_grounding_v1:G2,,X=basket
G2,00810-CrMo8WxCyVb/tasks-island_0.json,69,3,Arrange the flower vase.,OK,place_on,straighten,Place flower vase on surface.,Straighten the flower vase.,on,,;referent_grounding_v1:G2,,X=flower vase
G2,00810-CrMo8WxCyVb/tasks-island_0.json,98,5,Arrange the flower vase.,OK,place_on,straighten,Place flower vase on surface.,Straighten the flower vase.,on,,;referent_grounding_v1:G2,,X=flower vase
G3,00810-CrMo8WxCyVb/tasks-island_0.json,103,5,Put supplies away in the kitchen cabinet.,OK,store,store,Store items in the kitchen cabinet.,Store the supplies in the kitchen cabinet.,in,in,;referent_grounding_v1:G3,,NP=supplies
G2,00810-CrMo8WxCyVb/tasks-island_0.json,107,3,Arrange the tray.,OK,place_on,straighten,Place tray on surface.,Straighten the tray.,on,,;referent_grounding_v1:G2,,X=tray
G2,00810-CrMo8WxCyVb/tasks-island_0.json,112,5,Arrange the flower stand.,OK,place_on,straighten,Place flower stand on surface.,Straighten the flower stand.,on,,;referent_grounding_v1:G2,,X=flower stand
G2,00810-CrMo8WxCyVb/tasks-island_0.json,116,4,Arrange the ornament.,OK,place_on,straighten,Place ornament on surface.,Straighten the ornament.,on,,;referent_grounding_v1:G2,,X=ornament
G3,00810-CrMo8WxCyVb/tasks-island_0.json,128,6,Put the tools away in the cabinet.,OK,store,store,Store items in the cabinet.,Store the tools in the cabinet.,in,in,;referent_grounding_v1:G3,,NP=tools
G1,00810-CrMo8WxCyVb/tasks-island_0.json,130,2,Arrange flowers in the flower vase.,OK,place_in,place_in,Place flower vase in receptacle.,Place the flowers in the flower vase.,in,in,;referent_grounding_v1:G1,,X=flowers|Y=flower vase
G2,00810-CrMo8WxCyVb/tasks-island_0.json,131,5,Organize items inside the sink cabinet.,OK,place_in,straighten,Place sink cabinet in receptacle.,Straighten the items inside the sink cabinet.,in,,;referent_grounding_v1:G2,,X=items inside the sink cabinet
G1,00810-CrMo8WxCyVb/tasks-island_0.json,133,5,Set out the flower vase on the side table.,OK,place_on,place_on,Place flower vase on surface.,Place the flower vase on the side table.,on,on,;referent_grounding_v1:G1,,X=flower vase|Y=side table
G2,00810-CrMo8WxCyVb/tasks-island_0.json,133,6,Arrange the book neatly.,OK,place_on,straighten,Place book on surface.,Straighten the book.,on,,;referent_grounding_v1:G2,,X=book
G2,00810-CrMo8WxCyVb/tasks-island_0.json,135,4,Set a bowl for snacks.,OK,place_on,straighten,Place bowl on surface.,Straighten the bowl.,on,,;referent_grounding_v1:G2,,X=bowl
G1,00810-CrMo8WxCyVb/tasks-island_0.json,136,5,Sort through items in the cabinet.,OK,place_in,place_in,Place cabinet in receptacle.,Place the through items in the cabinet.,in,in,;referent_grounding_v1:G1,,X=through items|Y=cabinet
G1,00810-CrMo8WxCyVb/tasks-island_0.json,137,2,Arrange dishes in the kitchen cabinet.,OK,place_in,place_in,Place kitchen cabinet in receptacle.,Place the dishes in the kitchen cabinet.,in,in,;referent_grounding_v1:G1,,X=dishes|Y=kitchen cabinet
G1,00810-CrMo8WxCyVb/tasks-island_0.json,139,5,Organize the supplies in the cabinet.,OK,place_in,place_in,Place cabinet in receptacle.,Place the supplies in the cabinet.,in,in,;referent_grounding_v1:G1,,X=supplies|Y=cabinet
G1,00810-CrMo8WxCyVb/tasks-island_0.json,141,5,Set a new flower vase on the mantle.,OK,place_on,place_on,Place flower vase on surface.,Place the new flower vase on the mantle.,on,on,;referent_grounding_v1:G1,,X=new flower vase|Y=mantle
G1,00810-CrMo8WxCyVb/tasks-island_0.json,142,3,Organize personal items in the cabinet.,OK,place_in,place_in,Place cabinet in receptacle.,Place the personal items in the cabinet.,in,in,;referent_grounding_v1:G1,,X=personal items|Y=cabinet
G1,00810-CrMo8WxCyVb/tasks-island_0.json,145,6,Organize the files in the cabinet.,OK,place_in,place_in,Place cabinet in receptacle.,Place the files in the cabinet.,in,in,;referent_grounding_v1:G1,,X=files|Y=cabinet
G1,00810-CrMo8WxCyVb/tasks-island_0.json,147,5,Set the flower vase on the mantel.,OK,place_on,place_on,Place flower vase on surface.,Place the flower vase on the mantel.,on,on,;referent_grounding_v1:G1,,X=flower vase|Y=mantel
G1,00810-CrMo8WxCyVb/tasks-island_0.json,148,6,Organize items in the cabinet.,OK,place_in,place_in,Place cabinet in receptacle.,Place the items in the cabinet.,in,in,;referent_grounding_v1:G1,,X=items|Y=cabinet
G2,00810-CrMo8WxCyVb/tasks-island_0.json,160,4,Arrange the flower stand.,OK,place_on,straighten,Place flower stand on surface.,Straighten the flower stand.,on,,;referent_grounding_v1:G2,,X=flower stand
G2,00810-CrMo8WxCyVb/tasks-island_0.json,163,5,Set the tray.,OK,place_on,straighten,Place tray on surface.,Straighten the tray.,on,,;referent_grounding_v1:G2,,X=tray
G2,00810-CrMo8WxCyVb/tasks-island_0.json,167,5,Set the tray.,OK,place_on,straighten,Place tray on surface.,Straighten the tray.,on,,;referent_grounding_v1:G2,,X=tray
G2,00810-CrMo8WxCyVb/tasks-island_0.json,196,2,Arrange the flower vase.,OK,place_on,straighten,Place flower vase on surface.,Straighten the flower vase.,on,,;referent_grounding_v1:G2,,X=flower vase
G2,00813-svBbv1Pavdk/tasks-island_0.json,9,2,Arrange the flower vase.,OK,place_on,straighten,Place flower vase on surface.,Straighten the flower vase.,on,,;referent_grounding_v1:G2,,X=flower vase
G2,00813-svBbv1Pavdk/tasks-island_0.json,21,1,Position the camera.,OK,place_on,reposition,Place camera on surface.,Reposition the camera.,on,,;referent_grounding_v1:G2,,X=camera
G2,00813-svBbv1Pavdk/tasks-island_0.json,21,3,Arrange the flower vase.,OK,place_on,straighten,Place flower vase on surface.,Straighten the flower vase.,on,,;referent_grounding_v1:G2,,X=flower vase
G2,00813-svBbv1Pavdk/tasks-island_0.json,30,2,Arrange the flower vase.,OK,place_on,straighten,Place flower vase on surface.,Straighten the flower vase.,on,,;referent_grounding_v1:G2,,X=flower vase
G1,00813-svBbv1Pavdk/tasks-island_0.json,40,2,Set the tray on the table.,OK,place_on,place_on,Place tray on surface.,Place the tray on the table.,on,on,;referent_grounding_v1:G1,,X=tray|Y=table
G2,00813-svBbv1Pavdk/tasks-island_0.json,62,3,Set the stove.,OK,place_on,straighten,Place stove on surface.,Straighten the stove.,on,,;referent_grounding_v1:G2,,X=stove
G2,00813-svBbv1Pavdk/tasks-island_0.json,109,3,Set the tray.,OK,place_on,straighten,Place tray on surface.,Straighten the tray.,on,,;referent_grounding_v1:G2,,X=tray
G2,00813-svBbv1Pavdk/tasks-island_0.json,120,2,Arrange the flower vase.,OK,place_on,straighten,Place flower vase on surface.,Straighten the flower vase.,on,,;referent_grounding_v1:G2,,X=flower vase
G2,00814-p53SfW6mjZe/tasks-island_0.json,7,3,Set the bowl.,OK,place_on,straighten,Place bowl on surface.,Straighten the bowl.,on,,;referent_grounding_v1:G2,,X=bowl
G2,00814-p53SfW6mjZe/tasks-island_0.json,11,2,Arrange the shelf.,OK,place_on,straighten,Place shelf on surface.,Straighten the shelf.,on,,;referent_grounding_v1:G2,,X=shelf
G2,00814-p53SfW6mjZe/tasks-island_0.json,13,2,Arrange the bowl.,OK,place_on,straighten,Place bowl on surface.,Straighten the bowl.,on,,;referent_grounding_v1:G2,,X=bowl
G2,00814-p53SfW6mjZe/tasks-island_0.json,21,2,Set the bowl.,OK,place_on,straighten,Place bowl on surface.,Straighten the bowl.,on,,;referent_grounding_v1:G2,,X=bowl
G2,00814-p53SfW6mjZe/tasks-island_0.json,25,2,Set the bowl.,OK,place_on,straighten,Place bowl on surface.,Straighten the bowl.,on,,;referent_grounding_v1:G2,,X=bowl
G2,00814-p53SfW6mjZe/tasks-island_0.json,54,1,Arrange the pool stick.,OK,place_on,straighten,Place pool stick on surface.,Straighten the pool stick.,on,,;referent_grounding_v1:G2,,X=pool stick
G1,00814-p53SfW6mjZe/tasks-island_0.json,57,1,Set the bowl on the dining table.,OK,place_on,place_on,Place bowl on surface.,Place the bowl on the dining table.,on,on,;referent_grounding_v1:G1,,X=bowl|Y=dining table
G2,00814-p53SfW6mjZe/tasks-island_0.json,60,2,Position the computer keyboard.,OK,place_on,reposition,Place computer keyboard on surface.,Reposition the computer keyboard.,on,,;referent_grounding_v1:G2,,X=computer keyboard
G2,00814-p53SfW6mjZe/tasks-island_0.json,62,4,Arrange the statue.,OK,place_on,straighten,Place statue on surface.,Straighten the statue.,on,,;referent_grounding_v1:G2,,X=statue
G1,00814-p53SfW6mjZe/tasks-island_0.json,66,4,Organize detergent in the cabinet.,OK,place_in,place_in,Place cabinet in receptacle.,Place the detergent in the cabinet.,in,in,;referent_grounding_v1:G1,,X=detergent|Y=cabinet
G3,00814-p53SfW6mjZe/tasks-island_0.json,66,5,Put away clean clothes in the wardrobe.,OK,store,store,Store items in the wardrobe.,Store the clean clothes in the wardrobe.,in,in,;referent_grounding_v1:G3,,NP=clean clothes
G1,00814-p53SfW6mjZe/tasks-island_0.json,76,1,Tidy the items on the dresser.,OK,place_on,place_on,Place dresser on surface.,Place the items on the dresser.,on,on,;referent_grounding_v1:G1,,X=items|Y=dresser
G1,00814-p53SfW6mjZe/tasks-island_0.json,79,4,Organize toiletries on the shelf.,OK,place_on,place_on,Place shelf on surface.,Place the toiletries on the shelf.,on,on,;referent_grounding_v1:G1,,X=toiletries|Y=shelf
G1,00814-p53SfW6mjZe/tasks-island_0.json,88,5,Organize tools on the shelf.,OK,place_on,place_on,Place shelf on surface.,Place the tools on the shelf.,on,on,;referent_grounding_v1:G1,,X=tools|Y=shelf
G1,00814-p53SfW6mjZe/tasks-island_0.json,112,3,Organize the items on the shelf.,OK,place_on,place_on,Place shelf on surface.,Place the items on the shelf.,on,on,;referent_grounding_v1:G1,,X=items|Y=shelf
G1,00814-p53SfW6mjZe/tasks-island_0.json,113,1,Tidy the items on the dresser.,OK,place_on,place_on,Place dresser on surface.,Place the items on the dresser.,on,on,;referent_grounding_v1:G1,,X=items|Y=dresser
G1,00814-p53SfW6mjZe/tasks-island_0.json,117,3,Sort clothes in the basket.,OK,place_in,place_in,Place basket in receptacle.,Place the clothes in the basket.,in,in,;referent_grounding_v1:G1,,X=clothes|Y=basket
G2,00814-p53SfW6mjZe/tasks-island_0.json,135,4,Set the pitcher.,OK,place_on,straighten,Place pitcher on surface.,Straighten the pitcher.,on,,;referent_grounding_v1:G2,,X=pitcher
G2,00814-p53SfW6mjZe/tasks-island_0.json,137,3,Arrange the bowl.,OK,place_on,straighten,Place bowl on surface.,Straighten the bowl.,on,,;referent_grounding_v1:G2,,X=bowl
G2,00814-p53SfW6mjZe/tasks-island_0.json,154,2,Set the bowl.,OK,place_on,straighten,Place bowl on surface.,Straighten the bowl.,on,,;referent_grounding_v1:G2,,X=bowl
G2,00814-p53SfW6mjZe/tasks-island_0.json,163,4,Arrange the rack.,OK,place_on,straighten,Place rack on surface.,Straighten the rack.,on,,;referent_grounding_v1:G2,,X=rack
G1,00814-p53SfW6mjZe/tasks-island_0.json,171,3,Organize the items on the dresser.,OK,place_on,place_on,Place dresser on surface.,Place the items on the dresser.,on,on,;referent_grounding_v1:G1,,X=items|Y=dresser
G1,00814-p53SfW6mjZe/tasks-island_0.json,174,1,Organize the items on the shelf.,OK,place_on,place_on,Place shelf on surface.,Place the items on the shelf.,on,on,;referent_grounding_v1:G1,,X=items|Y=shelf
G1,00814-p53SfW6mjZe/tasks-island_0.json,181,1,Organize the items on the shelf.,OK,place_on,place_on,Place shelf on surface.,Place the items on the shelf.,on,on,;referent_grounding_v1:G1,,X=items|Y=shelf
G1,00814-p53SfW6mjZe/tasks-island_0.json,184,6,Tidy the items on the shelf.,OK,place_on,place_on,Place shelf on surface.,Place the items on the shelf.,on,on,;referent_grounding_v1:G1,,X=items|Y=shelf
G1,00814-p53SfW6mjZe/tasks-island_0.json,187,2,Organize the fruits in the bowl.,OK,place_in,place_in,Place bowl in receptacle.,Place the fruits in the bowl.,in,in,;referent_grounding_v1:G1,,X=fruits|Y=bowl
G1,00814-p53SfW6mjZe/tasks-island_0.json,190,5,Organize clothes in the wardrobe.,OK,place_in,place_in,Place wardrobe in receptacle.,Place the clothes in the wardrobe.,in,in,;referent_grounding_v1:G1,,X=clothes|Y=wardrobe
G1,00814-p53SfW6mjZe/tasks-island_0.json,192,1,Set the bowl in the sink.,OK,place_in,place_in,Place bowl in receptacle.,Place the bowl in the sink.,in,in,;referent_grounding_v1:G1,,X=bowl|Y=sink
G1,00814-p53SfW6mjZe/tasks-island_0.json,194,2,Arrange the basket of something on the shelf.,OK,place_on,place_on,Place basket of something on surface.,Place the basket of something on the shelf.,on,on,;referent_grounding_v1:G1,,X=basket of something|Y=shelf
G1,00814-p53SfW6mjZe/tasks-island_0.json,197,4,Organize the items on the rack.,OK,place_on,place_on,Place rack on surface.,Place the items on the rack.,on,on,;referent_grounding_v1:G1,,X=items|Y=rack
G1,00814-p53SfW6mjZe/tasks-island_0.json,198,6,Tidy the items on the shelf.,OK,place_in,place_on,Place shelf in receptacle.,Place the items on the shelf.,in,on,;referent_grounding_v1:G1,,X=items|Y=shelf
G1,00814-p53SfW6mjZe/tasks-island_0.json,206,7,Set the bowl on the table.,OK,place_on,place_on,Place bowl on surface.,Place the bowl on the table.,on,on,;referent_grounding_v1:G1,,X=bowl|Y=table
G1,00814-p53SfW6mjZe/tasks-island_0.json,218,7,Set the basket on the floor.,OK,place_on,place_on,Place basket of something on surface.,Place the basket on the floor.,on,on,;referent_grounding_v1:G1,,X=basket|Y=floor
G1,00814-p53SfW6mjZe/tasks-island_0.json,254,4,Set the wine bottle on the table.,OK,place_on,place_on,Place wine bottle on surface.,Place the wine bottle on the table.,on,on,;referent_grounding_v1:G1,,X=wine bottle|Y=table
G2,00814-p53SfW6mjZe/tasks-island_0.json,263,2,Arrange the board.,OK,place_on,straighten,Place board on surface.,Straighten the board.,on,,;referent_grounding_v1:G2,,X=board
G4,00814-p53SfW6mjZe/tasks-island_0.json,264,4,Fill it at the sink.,RESOLVED,fill,fill,Use the sink to fill a container.,Fill the bucket at the sink.,at,at,;referent_grounding_v1:G4,,vessel=bucket
G2,00814-p53SfW6mjZe/tasks-island_0.json,266,4,Set the bowl.,OK,place_on,straighten,Place bowl on surface.,Straighten the bowl.,on,,;referent_grounding_v1:G2,,X=bowl
G2,00814-p53SfW6mjZe/tasks-island_0.json,270,3,Arrange the decoration.,OK,place_on,straighten,Place decoration on surface.,Straighten the decoration.,on,,;referent_grounding_v1:G2,,X=decoration
G2,00814-p53SfW6mjZe/tasks-island_0.json,279,3,Set the bowl.,OK,place_on,straighten,Place bowl on surface.,Straighten the bowl.,on,,;referent_grounding_v1:G2,,X=bowl
G1,00814-p53SfW6mjZe/tasks-island_0.json,287,3,Organize my clothes in the dresser.,OK,place_in,place_in,Place dresser in receptacle.,Place the clothes in the dresser.,in,in,;referent_grounding_v1:G1,,X=clothes|Y=dresser
G1,00814-p53SfW6mjZe/tasks-island_0.json,292,4,Organize the supplies in the cabinet.,OK,place_in,place_in,Place cabinet in receptacle.,Place the supplies in the cabinet.,in,in,;referent_grounding_v1:G1,,X=supplies|Y=cabinet
G3,00814-p53SfW6mjZe/tasks-island_0.json,292,7,Put away socks in the dresser.,OK,store,store,Store items in the dresser.,Store the socks in the dresser.,in,in,;referent_grounding_v1:G3,,NP=socks
G1,00814-p53SfW6mjZe/tasks-island_0.json,294,2,Set the decorative bowl on the counter.,OK,place_on,place_on,Place bowl on surface.,Place the decorative bowl on the counter.,on,on,;referent_grounding_v1:G1,,X=decorative bowl|Y=counter
G3,00814-p53SfW6mjZe/tasks-island_0.json,295,5,Put away hangers in the wardrobe.,OK,store,store,Store items in the wardrobe.,Store the hangers in the wardrobe.,in,in,;referent_grounding_v1:G3,,NP=hangers
G1,00814-p53SfW6mjZe/tasks-island_0.json,298,3,Organize items on the shelf.,OK,place_in,place_on,Place shelf in receptacle.,Place the items on the shelf.,in,on,;referent_grounding_v1:G1,,X=items|Y=shelf
G1,00814-p53SfW6mjZe/tasks-island_0.json,298,5,Rearrange the basket of something on the floor.,OK,place_in,place_on,Place basket of something in receptacle.,Place the basket of something on the floor.,in,on,;referent_grounding_v1:G1,,X=basket of something|Y=floor
G1,00814-p53SfW6mjZe/tasks-island_0.json,302,3,Organize the papers on the dresser.,OK,place_on,place_on,Place dresser on surface.,Place the papers on the dresser.,on,on,;referent_grounding_v1:G1,,X=papers|Y=dresser
G1,00814-p53SfW6mjZe/tasks-island_0.json,307,5,Organize coats on the rack.,OK,place_on,place_on,Place rack on surface.,Place the coats on the rack.,on,on,;referent_grounding_v1:G1,,X=coats|Y=rack
G1,00814-p53SfW6mjZe/tasks-island_0.json,309,2,Sort clothes into the basket.,OK,place_in,place_in,Place basket in receptacle.,Place the clothes into the basket.,in,in,;referent_grounding_v1:G1,,X=clothes|Y=basket
G2,00814-p53SfW6mjZe/tasks-island_0.json,310,2,Arrange the bowl collection.,OK,place_on,straighten,Place bowl on surface.,Straighten the bowl collection.,on,,;referent_grounding_v1:G2,,X=bowl collection
G1,00815-h1zeeAwLh9Z/tasks-island_0.json,36,4,Set the coaster on the table.,OK,place_on,place_on,Place coaster on surface.,Place the coaster on the table.,on,on,;referent_grounding_v1:G1,,X=coaster|Y=table
G2,00815-h1zeeAwLh9Z/tasks-island_0.json,46,2,Arrange the flower stand.,OK,place_on,straighten,Place flower stand on surface.,Straighten the flower stand.,on,,;referent_grounding_v1:G2,,X=flower stand
G1,00815-h1zeeAwLh9Z/tasks-island_0.json,70,4,Organize the towels in the cabinet.,OK,place_in,place_in,Place cabinet in receptacle.,Place the towels in the cabinet.,in,in,;referent_grounding_v1:G1,,X=towels|Y=cabinet
G1,00815-h1zeeAwLh9Z/tasks-island_0.json,77,2,Put clothes in the basket.,OK,store,place_in,Store the basket.,Place the clothes in the basket.,,in,;referent_grounding_v1:G1,,X=clothes|Y=basket
G1,00815-h1zeeAwLh9Z/tasks-island_0.json,79,1,Set the coaster on the table.,OK,place_on,place_on,Place coaster on surface.,Place the coaster on the table.,on,on,;referent_grounding_v1:G1,,X=coaster|Y=table
G1,00815-h1zeeAwLh9Z/tasks-island_0.json,85,1,Sort items in the cabinet.,OK,place_in,place_in,Place cabinet in receptacle.,Place the items in the cabinet.,in,in,;referent_grounding_v1:G1,,X=items|Y=cabinet
G1,00815-h1zeeAwLh9Z/tasks-island_0.json,93,6,Set the bowl on the table.,OK,place_on,place_on,Place bowl on surface.,Place the bowl on the table.,on,on,;referent_grounding_v1:G1,,X=bowl|Y=table
G1,00815-h1zeeAwLh9Z/tasks-island_0.json,110,7,Set the bowl on the table.,OK,place_on,place_on,Place bowl on surface.,Place the bowl on the table.,on,on,;referent_grounding_v1:G1,,X=bowl|Y=table
G2,00815-h1zeeAwLh9Z/tasks-island_0.json,112,3,Arrange the piano stool.,OK,place_on,straighten,Place piano stool on surface.,Straighten the piano stool.,on,,;referent_grounding_v1:G2,,X=piano stool
G2,00815-h1zeeAwLh9Z/tasks-island_0.json,117,2,Arrange the decorative plant.,OK,place_on,straighten,Place decorative plant on surface.,Straighten the decorative plant.,on,,;referent_grounding_v1:G2,,X=decorative plant
G2,00815-h1zeeAwLh9Z/tasks-island_0.json,117,7,Position the bowl.,OK,place_on,reposition,Place bowl on surface.,Reposition the bowl.,on,,;referent_grounding_v1:G2,,X=bowl
G3,00815-h1zeeAwLh9Z/tasks-island_0.json,125,6,Place the basket on the floor.,OK,place_on,place_on,Place items on the basket of something.,Place the basket on the basket of something.,on,on,;referent_grounding_v1:G3,,NP=basket
G2,00815-h1zeeAwLh9Z/tasks-island_0.json,126,3,Set the bowl.,OK,place_on,straighten,Place bowl on surface.,Straighten the bowl.,on,,;referent_grounding_v1:G2,,X=bowl
G1,00815-h1zeeAwLh9Z/tasks-island_0.json,130,6,Set the bowl on the table.,OK,place_on,place_on,Place bowl on surface.,Place the bowl on the table.,on,on,;referent_grounding_v1:G1,,X=bowl|Y=table
G2,00820-mL8ThkuaVTM/tasks-island_0.json,29,5,Arrange the wardrobe.,OK,place_on,straighten,Place wardrobe on surface.,Straighten the wardrobe.,on,,;referent_grounding_v1:G2,,X=wardrobe
G2,00820-mL8ThkuaVTM/tasks-island_0.json,34,4,Arrange the bathrobe.,OK,place_on,straighten,Place bathrobe on surface.,Straighten the bathrobe.,on,,;referent_grounding_v1:G2,,X=bathrobe
G2,00820-mL8ThkuaVTM/tasks-island_0.json,42,2,Arrange the wardrobe.,OK,place_on,straighten,Place wardrobe on surface.,Straighten the wardrobe.,on,,;referent_grounding_v1:G2,,X=wardrobe
G2,00820-mL8ThkuaVTM/tasks-island_0.json,46,5,Arrange the clothes hanger.,OK,place_on,straighten,Place clothes hanger on surface.,Straighten the clothes hanger.,on,,;referent_grounding_v1:G2,,X=clothes hanger
G2,00820-mL8ThkuaVTM/tasks-island_0.json,49,3,Arrange the wardrobe.,OK,place_on,straighten,Place wardrobe on surface.,Straighten the wardrobe.,on,,;referent_grounding_v1:G2,,X=wardrobe
G2,00821-eF36g7L6Z9M/tasks-island_0.json,2,3,Arrange the ottoman.,OK,place_in,straighten,Place ottoman in receptacle.,Straighten the ottoman.,in,,;referent_grounding_v1:G2,,X=ottoman
G1,00821-eF36g7L6Z9M/tasks-island_0.json,2,4,Set the plate on the table.,OK,place_in,place_on,Place plate in receptacle.,Place the plate on the table.,in,on,;referent_grounding_v1:G1,,X=plate|Y=table
G2,00821-eF36g7L6Z9M/tasks-island_0.json,10,2,Arrange the cutting board.,OK,place_on,straighten,Place cutting board on surface.,Straighten the cutting board.,on,,;referent_grounding_v1:G2,,X=cutting board
G2,00821-eF36g7L6Z9M/tasks-island_0.json,10,3,Set the bowl.,OK,place_on,straighten,Place bowl on surface.,Straighten the bowl.,on,,;referent_grounding_v1:G2,,X=bowl
G2,00821-eF36g7L6Z9M/tasks-island_0.json,16,4,Arrange the ottoman.,OK,place_on,straighten,Place ottoman on surface.,Straighten the ottoman.,on,,;referent_grounding_v1:G2,,X=ottoman
G2,00821-eF36g7L6Z9M/tasks-island_0.json,19,2,Arrange the ottoman.,OK,place_on,straighten,Place ottoman on surface.,Straighten the ottoman.,on,,;referent_grounding_v1:G2,,X=ottoman
G1,00821-eF36g7L6Z9M/tasks-island_0.json,30,3,Organize the toiletries in the wash cabinet.,OK,place_in,place_in,Place wash cabinet in receptacle.,Place the toiletries in the wash cabinet.,in,in,;referent_grounding_v1:G1,,X=toiletries|Y=wash cabinet
G3,00821-eF36g7L6Z9M/tasks-island_0.json,31,3,Put away clothes in the wardrobe.,OK,store,store,Store items in the wardrobe.,Store the clothes in the wardrobe.,in,in,;referent_grounding_v1:G3,,NP=clothes
G2,00821-eF36g7L6Z9M/tasks-island_0.json,40,2,Arrange the ottoman for leg rest.,OK,place_in,straighten,Place ottoman in receptacle.,Straighten the ottoman.,in,,;referent_grounding_v1:G2,,X=ottoman
G2,00821-eF36g7L6Z9M/tasks-island_0.json,61,5,Arrange the sitting bench.,OK,place_on,straighten,Place sitting bench on surface.,Straighten the sitting bench.,on,,;referent_grounding_v1:G2,,X=sitting bench
G2,00821-eF36g7L6Z9M/tasks-island_0.json,67,4,Set the kitchen cabinet.,OK,place_on,straighten,Place kitchen cabinet on surface.,Straighten the kitchen cabinet.,on,,;referent_grounding_v1:G2,,X=kitchen cabinet
G2,00821-eF36g7L6Z9M/tasks-island_0.json,69,5,Arrange the ottoman.,OK,place_on,straighten,Place ottoman on surface.,Straighten the ottoman.,on,,;referent_grounding_v1:G2,,X=ottoman
G2,00821-eF36g7L6Z9M/tasks-island_0.json,72,4,Arrange the tray.,OK,place_on,straighten,Place tray on surface.,Straighten the tray.,on,,;referent_grounding_v1:G2,,X=tray
G2,00821-eF36g7L6Z9M/tasks-island_0.json,75,1,Arrange the lounger.,OK,place_on,straighten,Place lounger on surface.,Straighten the lounger.,on,,;referent_grounding_v1:G2,,X=lounger
G2,00821-eF36g7L6Z9M/tasks-island_0.json,82,2,Set the plate.,OK,place_on,straighten,Place plate on surface.,Straighten the plate.,on,,;referent_grounding_v1:G2,,X=plate
G2,00821-eF36g7L6Z9M/tasks-island_0.json,82,5,Arrange the cutting board.,OK,place_on,straighten,Place cutting board on surface.,Straighten the cutting board.,on,,;referent_grounding_v1:G2,,X=cutting board
G2,00821-eF36g7L6Z9M/tasks-island_0.json,83,3,Arrange the ottoman.,OK,place_on,straighten,Place ottoman on surface.,Straighten the ottoman.,on,,;referent_grounding_v1:G2,,X=ottoman
G2,00821-eF36g7L6Z9M/tasks-island_0.json,85,2,Position the mouse.,OK,place_on,reposition,Place mouse on surface.,Reposition the mouse.,on,,;referent_grounding_v1:G2,,X=mouse
G2,00821-eF36g7L6Z9M/tasks-island_0.json,92,2,Arrange the fireplace utensil.,OK,place_on,straighten,Place fireplace utensil on surface.,Straighten the fireplace utensil.,on,,;referent_grounding_v1:G2,,X=fireplace utensil
G2,00821-eF36g7L6Z9M/tasks-island_0.json,93,5,Set the plate.,OK,place_on,straighten,Place plate on surface.,Straighten the plate.,on,,;referent_grounding_v1:G2,,X=plate
G2,00821-eF36g7L6Z9M/tasks-island_0.json,94,4,Arrange the ottoman.,OK,place_on,straighten,Place ottoman on surface.,Straighten the ottoman.,on,,;referent_grounding_v1:G2,,X=ottoman
G2,00821-eF36g7L6Z9M/tasks-island_0.json,95,3,Arrange the lounger.,OK,place_on,straighten,Place lounger on surface.,Straighten the lounger.,on,,;referent_grounding_v1:G2,,X=lounger
G2,00821-eF36g7L6Z9M/tasks-island_0.json,100,1,Arrange the shower bench.,OK,place_on,straighten,Place shower bench on surface.,Straighten the shower bench.,on,,;referent_grounding_v1:G2,,X=shower bench
G2,00821-eF36g7L6Z9M/tasks-island_0.json,103,5,Set the plate.,OK,place_on,straighten,Place plate on surface.,Straighten the plate.,on,,;referent_grounding_v1:G2,,X=plate
G2,00821-eF36g7L6Z9M/tasks-island_0.json,117,4,Arrange the ottoman.,OK,place_on,straighten,Place ottoman on surface.,Straighten the ottoman.,on,,;referent_grounding_v1:G2,,X=ottoman
G2,00821-eF36g7L6Z9M/tasks-island_0.json,139,4,Arrange the ottoman.,OK,place_on,straighten,Place ottoman on surface.,Straighten the ottoman.,on,,;referent_grounding_v1:G2,,X=ottoman
G2,00821-eF36g7L6Z9M/tasks-island_0.json,140,1,Arrange the firewood.,OK,place_on,straighten,Place firewood on surface.,Straighten the firewood.,on,,;referent_grounding_v1:G2,,X=firewood
G2,00821-eF36g7L6Z9M/tasks-island_0.json,146,1,Position the ottoman.,OK,place_on,reposition,Place ottoman on surface.,Reposition the ottoman.,on,,;referent_grounding_v1:G2,,X=ottoman
G2,00821-eF36g7L6Z9M/tasks-island_0.json,148,2,Set the tray.,OK,place_on,straighten,Place tray on surface.,Straighten the tray.,on,,;referent_grounding_v1:G2,,X=tray
G1,00821-eF36g7L6Z9M/tasks-island_0.json,160,4,Arrange items on the rack.,OK,place_on,place_on,Place rack on surface.,Place the items on the rack.,on,on,;referent_grounding_v1:G1,,X=items|Y=rack
G2,00821-eF36g7L6Z9M/tasks-island_0.json,162,4,Set the tray.,OK,place_on,straighten,Place tray on surface.,Straighten the tray.,on,,;referent_grounding_v1:G2,,X=tray
G2,00821-eF36g7L6Z9M/tasks-island_0.json,164,6,Arrange the hanger.,OK,place_on,straighten,Place hanger on surface.,Straighten the hanger.,on,,;referent_grounding_v1:G2,,X=hanger
G2,00821-eF36g7L6Z9M/tasks-island_0.json,165,6,Set the tray.,OK,place_on,straighten,Place tray on surface.,Straighten the tray.,on,,;referent_grounding_v1:G2,,X=tray
G1,00821-eF36g7L6Z9M/tasks-island_0.json,170,4,Set the wine bottle on the counter.,OK,place_on,place_on,Place wine bottle on surface.,Place the wine bottle on the counter.,on,on,;referent_grounding_v1:G1,,X=wine bottle|Y=counter
G1,00821-eF36g7L6Z9M/tasks-island_0.json,179,5,Set the bowl on the table.,OK,place_on,place_on,Place bowl on surface.,Place the bowl on the table.,on,on,;referent_grounding_v1:G1,,X=bowl|Y=table
G2,00821-eF36g7L6Z9M/tasks-island_0.json,182,4,Arrange the sitting bench.,OK,place_on,straighten,Place sitting bench on surface.,Straighten the sitting bench.,on,,;referent_grounding_v1:G2,,X=sitting bench
G2,00821-eF36g7L6Z9M/tasks-island_0.json,199,7,Arrange the floor lamp.,OK,place_on,straighten,Place floor lamp on surface.,Straighten the floor lamp.,on,,;referent_grounding_v1:G2,,X=floor lamp
G2,00821-eF36g7L6Z9M/tasks-island_0.json,201,6,Arrange the rack.,OK,place_on,straighten,Place rack on surface.,Straighten the rack.,on,,;referent_grounding_v1:G2,,X=rack
G2,00821-eF36g7L6Z9M/tasks-island_0.json,202,4,Arrange the lounger.,OK,place_in,straighten,Place lounger in receptacle.,Straighten the lounger.,in,,;referent_grounding_v1:G2,,X=lounger
G2,00821-eF36g7L6Z9M/tasks-island_0.json,208,6,Set the tray.,OK,place_on,straighten,Place tray on surface.,Straighten the tray.,on,,;referent_grounding_v1:G2,,X=tray
G2,00821-eF36g7L6Z9M/tasks-island_0.json,210,6,Set the tray.,OK,place_on,straighten,Place tray on surface.,Straighten the tray.,on,,;referent_grounding_v1:G2,,X=tray
G2,00821-eF36g7L6Z9M/tasks-island_0.json,216,3,Arrange the ottoman.,OK,place_on,straighten,Place ottoman on surface.,Straighten the ottoman.,on,,;referent_grounding_v1:G2,,X=ottoman
G2,00821-eF36g7L6Z9M/tasks-island_0.json,224,2,Set the wine bottle.,OK,place_on,straighten,Place wine bottle on surface.,Straighten the wine bottle.,on,,;referent_grounding_v1:G2,,X=wine bottle
G2,00821-eF36g7L6Z9M/tasks-island_0.json,224,3,Arrange the tray.,OK,place_on,straighten,Place tray on surface.,Straighten the tray.,on,,;referent_grounding_v1:G2,,X=tray
G2,00821-eF36g7L6Z9M/tasks-island_0.json,225,6,Arrange the wardrobe.,OK,place_on,straighten,Place wardrobe on surface.,Straighten the wardrobe.,on,,;referent_grounding_v1:G2,,X=wardrobe
G1,00823-7MXmsvcQjpJ/tasks-island_0.json,8,3,Organize the books on the shelf.,OK,place_on,place_on,Place shelf on surface.,Place the books on the shelf.,on,on,;referent_grounding_v1:G1,,X=books|Y=shelf
G4,00823-7MXmsvcQjpJ/tasks-island_0.json,13,4,Fill a bucket at the sink.,FLAG,fill,fill,Use the sink to fill a container.,Use the sink to fill a container.,at,at,;ungrounded_anaphora,,no_vessel_found
G2,00823-7MXmsvcQjpJ/tasks-island_0.json,21,2,Arrange the piano stool.,OK,place_on,straighten,Place piano stool on surface.,Straighten the piano stool.,on,,;referent_grounding_v1:G2,,X=piano stool
G2,00823-7MXmsvcQjpJ/tasks-island_0.json,31,3,Arrange the flower vase.,OK,place_on,straighten,Place flower vase on surface.,Straighten the flower vase.,on,,;referent_grounding_v1:G2,,X=flower vase
G1,00823-7MXmsvcQjpJ/tasks-island_0.json,40,1,Organize the books on the book rack.,OK,place_on,place_on,Place book rack on surface.,Place the books on the book rack.,on,on,;referent_grounding_v1:G1,,X=books|Y=book rack
G1,00823-7MXmsvcQjpJ/tasks-island_0.json,41,3,Arrange the hats on the display table.,OK,place_on,place_on,Place display table on surface.,Place the hats on the display table.,on,on,;referent_grounding_v1:G1,,X=hats|Y=display table
G1,00823-7MXmsvcQjpJ/tasks-island_0.json,45,3,Arrange the books on the shelf.,OK,place_on,place_on,Place shelf on surface.,Place the books on the shelf.,on,on,;referent_grounding_v1:G1,,X=books|Y=shelf
G1,00823-7MXmsvcQjpJ/tasks-island_0.json,46,4,Organize the books on the shelf.,OK,place_in,place_on,Place shelf in receptacle.,Place the books on the shelf.,in,on,;referent_grounding_v1:G1,,X=books|Y=shelf
G1,00823-7MXmsvcQjpJ/tasks-island_0.json,47,4,Organize the books on the rack.,OK,place_on,place_on,Place rack on surface.,Place the books on the rack.,on,on,;referent_grounding_v1:G1,,X=books|Y=rack
G1,00823-7MXmsvcQjpJ/tasks-island_0.json,48,4,Set the chest near the table.,OK,place_in,place_on,Place chest in receptacle.,Place the chest near the table.,in,at,;referent_grounding_v1:G1,,X=chest|Y=table
G2,00823-7MXmsvcQjpJ/tasks-island_0.json,52,2,Arrange the flowerpots.,OK,place_on,straighten,Place flowerpot on surface.,Straighten the flowerpots.,on,,;referent_grounding_v1:G2,,X=flowerpots
G2,00823-7MXmsvcQjpJ/tasks-island_0.json,55,4,Arrange the hats.,OK,place_on,straighten,Place hat on surface.,Straighten the hats.,on,,;referent_grounding_v1:G2,,X=hats
G1,00823-7MXmsvcQjpJ/tasks-island_0.json,57,4,Organize the boxes in the cabinet.,OK,place_in,place_in,Place cabinet in receptacle.,Place the boxes in the cabinet.,in,in,;referent_grounding_v1:G1,,X=boxes|Y=cabinet
G1,00823-7MXmsvcQjpJ/tasks-island_0.json,58,4,Organize the hats on the display table.,OK,place_on,place_on,Place display table on surface.,Place the hats on the display table.,on,on,;referent_grounding_v1:G1,,X=hats|Y=display table
G2,00823-7MXmsvcQjpJ/tasks-island_0.json,59,3,Arrange the flowerpots.,OK,place_on,straighten,Place flowerpot on surface.,Straighten the flowerpots.,on,,;referent_grounding_v1:G2,,X=flowerpots
G1,00823-7MXmsvcQjpJ/tasks-island_0.json,59,5,Organize the books on the rack.,OK,place_on,place_on,Place rack on surface.,Place the books on the rack.,on,on,;referent_grounding_v1:G1,,X=books|Y=rack
G1,00823-7MXmsvcQjpJ/tasks-island_0.json,61,3,Organize the books on the rack.,OK,place_on,place_on,Place rack on surface.,Place the books on the rack.,on,on,;referent_grounding_v1:G1,,X=books|Y=rack
G2,00823-7MXmsvcQjpJ/tasks-island_0.json,62,3,Arrange the sculpture.,OK,place_on,straighten,Place sculpture on surface.,Straighten the sculpture.,on,,;referent_grounding_v1:G2,,X=sculpture
G1,00823-7MXmsvcQjpJ/tasks-island_0.json,71,1,Organize the books on the shelf.,OK,place_on,place_on,Place shelf on surface.,Place the books on the shelf.,on,on,;referent_grounding_v1:G1,,X=books|Y=shelf
G2,00823-7MXmsvcQjpJ/tasks-island_0.json,83,4,Arrange the rack.,OK,place_on,straighten,Place rack on surface.,Straighten the rack.,on,,;referent_grounding_v1:G2,,X=rack
G1,00823-7MXmsvcQjpJ/tasks-island_0.json,89,3,Organize books in the book rack.,OK,place_in,place_in,Place book rack in receptacle.,Place the books in the book rack.,in,in,;referent_grounding_v1:G1,,X=books|Y=book rack
G2,00823-7MXmsvcQjpJ/tasks-island_0.json,95,3,Position the sculpture.,OK,place_on,reposition,Place sculpture on surface.,Reposition the sculpture.,on,,;referent_grounding_v1:G2,,X=sculpture
G2,00823-7MXmsvcQjpJ/tasks-island_0.json,95,4,Arrange the display cabinet.,OK,place_on,straighten,Place display cabinet on surface.,Straighten the display cabinet.,on,,;referent_grounding_v1:G2,,X=display cabinet
G2,00823-7MXmsvcQjpJ/tasks-island_0.json,102,3,Arrange the decoration.,OK,place_on,straighten,Place decoration on surface.,Straighten the decoration.,on,,;referent_grounding_v1:G2,,X=decoration
G2,00823-7MXmsvcQjpJ/tasks-island_0.json,109,4,Arrange the box.,OK,place_in,straighten,Place box in receptacle.,Straighten the box.,in,,;referent_grounding_v1:G2,,X=box
G2,00823-7MXmsvcQjpJ/tasks-island_0.json,111,3,Arrange the book.,OK,place_on,straighten,Place book on surface.,Straighten the book.,on,,;referent_grounding_v1:G2,,X=book
G2,00823-7MXmsvcQjpJ/tasks-island_0.json,114,4,Arrange the bathroom cabinet.,OK,place_in,straighten,Place bathroom cabinet in receptacle.,Straighten the bathroom cabinet.,in,,;referent_grounding_v1:G2,,X=bathroom cabinet
G1,00823-7MXmsvcQjpJ/tasks-island_0.json,115,1,Organize the items in the cabinet.,OK,place_in,place_in,Place cabinet in receptacle.,Place the items in the cabinet.,in,in,;referent_grounding_v1:G1,,X=items|Y=cabinet
G1,00823-7MXmsvcQjpJ/tasks-island_0.json,118,6,Arrange the book on the shelf.,OK,place_on,place_on,Place book on surface.,Place the book on the shelf.,on,on,;referent_grounding_v1:G1,,X=book|Y=shelf
G1,00823-7MXmsvcQjpJ/tasks-island_0.json,119,6,Arrange flowers in the flower vase.,OK,place_in,place_in,Place flower vase in receptacle.,Place the flowers in the flower vase.,in,in,;referent_grounding_v1:G1,,X=flowers|Y=flower vase
G4,00823-7MXmsvcQjpJ/tasks-island_0.json,125,3,Fill the cup at the sink.,RESOLVED,fill,fill,Use the sink to fill a container.,Fill the cup at the sink.,at,at,;referent_grounding_v1:G4,,vessel=cup
G4,00823-7MXmsvcQjpJ/tasks-island_0.json,129,3,Refill the watering can at the sink.,RESOLVED,fill,fill,Use the sink to fill a container.,Fill the vase at the sink.,at,at,;referent_grounding_v1:G4,,vessel=vase
G2,00823-7MXmsvcQjpJ/tasks-island_0.json,138,2,Arrange the shelf.,OK,place_on,straighten,Place shelf on surface.,Straighten the shelf.,on,,;referent_grounding_v1:G2,,X=shelf
G3,00823-7MXmsvcQjpJ/tasks-island_0.json,145,3,Fluff the pillows on the couch.,OK,fluff,fluff,Fluff items on the couch.,Fluff the pillows on the couch.,on,on,;referent_grounding_v1:G3,,NP=pillows
G2,00823-7MXmsvcQjpJ/tasks-island_0.json,159,1,Rearrange the decoration.,OK,place_on,straighten,Place decoration on surface.,Straighten the decoration.,on,,;referent_grounding_v1:G2,,X=decoration
G2,00823-7MXmsvcQjpJ/tasks-island_0.json,165,5,Arrange the spice rack.,OK,place_on,straighten,Place spice rack on surface.,Straighten the spice rack.,on,,;referent_grounding_v1:G2,,X=spice rack
G2,00823-7MXmsvcQjpJ/tasks-island_0.json,167,1,Rearrange the decoration.,OK,place_on,straighten,Place decoration on surface.,Straighten the decoration.,on,,;referent_grounding_v1:G2,,X=decoration
G2,00823-7MXmsvcQjpJ/tasks-island_0.json,171,4,Arrange the hat.,OK,place_on,straighten,Place hat on surface.,Straighten the hat.,on,,;referent_grounding_v1:G2,,X=hat
G2,00823-7MXmsvcQjpJ/tasks-island_0.json,172,6,Set the tray.,OK,place_on,straighten,Place tray on surface.,Straighten the tray.,on,,;referent_grounding_v1:G2,,X=tray
G2,00823-7MXmsvcQjpJ/tasks-island_0.json,183,5,Arrange the rack.,OK,place_on,straighten,Place rack on surface.,Straighten the rack.,on,,;referent_grounding_v1:G2,,X=rack
G2,00823-7MXmsvcQjpJ/tasks-island_0.json,184,3,Arrange the bowl.,OK,place_on,straighten,Place bowl on surface.,Straighten the bowl.,on,,;referent_grounding_v1:G2,,X=bowl
G2,00823-7MXmsvcQjpJ/tasks-island_0.json,185,5,Arrange the basket.,OK,place_on,straighten,Place basket on surface.,Straighten the basket.,on,,;referent_grounding_v1:G2,,X=basket
G2,00823-7MXmsvcQjpJ/tasks-island_0.json,190,6,Arrange the piano stool.,OK,place_on,straighten,Place piano stool on surface.,Straighten the piano stool.,on,,;referent_grounding_v1:G2,,X=piano stool
G2,00823-7MXmsvcQjpJ/tasks-island_0.json,193,7,Set the heater.,OK,place_on,straighten,Place heater on surface.,Straighten the heater.,on,,;referent_grounding_v1:G2,,X=heater
G2,00823-7MXmsvcQjpJ/tasks-island_0.json,196,3,Arrange the flower vase.,OK,place_on,straighten,Place flower vase on surface.,Straighten the flower vase.,on,,;referent_grounding_v1:G2,,X=flower vase
G2,00823-7MXmsvcQjpJ/tasks-island_0.json,197,5,Arrange the book.,OK,place_on,straighten,Place book on surface.,Straighten the book.,on,,;referent_grounding_v1:G2,,X=book
G1,00824-Dd4bFSTQ8gi/tasks-island_0.json,0,1,Set the plate on the table.,OK,place_on,place_on,Place plate on surface.,Place the plate on the table.,on,on,;referent_grounding_v1:G1,,X=plate|Y=table
G2,00824-Dd4bFSTQ8gi/tasks-island_0.json,11,4,Arrange the book.,OK,place_on,straighten,Place book on surface.,Straighten the book.,on,,;referent_grounding_v1:G2,,X=book
G2,00824-Dd4bFSTQ8gi/tasks-island_0.json,14,4,Set the plate down.,OK,place_on,straighten,Place plate on surface.,Straighten the plate.,on,,;referent_grounding_v1:G2,,X=plate
G2,00824-Dd4bFSTQ8gi/tasks-island_0.json,21,4,Arrange the flowerpot.,OK,place_on,straighten,Place flowerpot on surface.,Straighten the flowerpot.,on,,;referent_grounding_v1:G2,,X=flowerpot
G2,00824-Dd4bFSTQ8gi/tasks-island_0.json,32,4,Arrange the flowerpot.,OK,place_on,straighten,Place flowerpot on surface.,Straighten the flowerpot.,on,,;referent_grounding_v1:G2,,X=flowerpot
G2,00824-Dd4bFSTQ8gi/tasks-island_0.json,38,3,Arrange the flower vase.,OK,place_on,straighten,Place flower vase on surface.,Straighten the flower vase.,on,,;referent_grounding_v1:G2,,X=flower vase
G2,00824-Dd4bFSTQ8gi/tasks-island_0.json,49,2,Set the plate.,OK,place_on,straighten,Place plate on surface.,Straighten the plate.,on,,;referent_grounding_v1:G2,,X=plate
G2,00824-Dd4bFSTQ8gi/tasks-island_0.json,57,5,Rearrange the vase.,OK,place_on,straighten,Place vase on surface.,Straighten the vase.,on,,;referent_grounding_v1:G2,,X=vase
G2,00824-Dd4bFSTQ8gi/tasks-island_0.json,60,6,Set the plate.,OK,place_on,straighten,Place plate on surface.,Straighten the plate.,on,,;referent_grounding_v1:G2,,X=plate
G2,00824-Dd4bFSTQ8gi/tasks-island_0.json,81,5,Arrange the sunglasses.,OK,place_on,straighten,Place sunglasses on surface.,Straighten the sunglasses.,on,,;referent_grounding_v1:G2,,X=sunglasses
G2,00824-Dd4bFSTQ8gi/tasks-island_0.json,89,4,Arrange the vase.,OK,place_on,straighten,Place flower vase on surface.,Straighten the vase.,on,,;referent_grounding_v1:G2,,X=vase
G2,00824-Dd4bFSTQ8gi/tasks-island_0.json,92,7,Arrange the sunglasses.,OK,place_on,straighten,Place sunglasses on surface.,Straighten the sunglasses.,on,,;referent_grounding_v1:G2,,X=sunglasses
G1,00824-Dd4bFSTQ8gi/tasks-island_0.json,97,6,Set the bowl on the table.,OK,place_on,place_on,Place bowl on surface.,Place the bowl on the table.,on,on,;referent_grounding_v1:G1,,X=bowl|Y=table
G2,00824-Dd4bFSTQ8gi/tasks-island_0.json,99,2,Arrange the rack.,OK,place_on,straighten,Place rack on surface.,Straighten the rack.,on,,;referent_grounding_v1:G2,,X=rack
G2,00824-Dd4bFSTQ8gi/tasks-island_0.json,109,6,Arrange the cap.,OK,place_on,straighten,Place cap on surface.,Straighten the cap.,on,,;referent_grounding_v1:G2,,X=cap
G1,00827-BAbdmeyTvMZ/tasks-island_0.json,20,3,Organize the items in the drawer.,OK,place_in,place_in,Place drawer in receptacle.,Place the items in the drawer.,in,in,;referent_grounding_v1:G1,,X=items|Y=drawer
G1,00827-BAbdmeyTvMZ/tasks-island_0.json,39,1,Sort the items in the drawer.,OK,place_in,place_in,Place drawer in receptacle.,Place the items in the drawer.,in,in,;referent_grounding_v1:G1,,X=items|Y=drawer
G2,00827-BAbdmeyTvMZ/tasks-island_0.json,39,2,Arrange the cabinet.,OK,place_on,straighten,Place cabinet on surface.,Straighten the cabinet.,on,,;referent_grounding_v1:G2,,X=cabinet
G3,00827-BAbdmeyTvMZ/tasks-island_0.json,63,4,Put the laundry detergent away in the cabinet.,OK,store,store,Store items in the cabinet.,Store the laundry detergent in the cabinet.,in,in,;referent_grounding_v1:G3,,NP=laundry detergent
G2,00827-BAbdmeyTvMZ/tasks-island_1.json,1,3,Arrange the hanging clothes.,OK,place_on,straighten,Place hanging clothes on surface.,Straighten the hanging clothes.,on,,;referent_grounding_v1:G2,,X=hanging clothes
G2,00827-BAbdmeyTvMZ/tasks-island_1.json,14,4,Arrange the hanging clothes.,OK,place_on,straighten,Place hanging clothes on surface.,Straighten the hanging clothes.,on,,;referent_grounding_v1:G2,,X=hanging clothes
G2,00827-BAbdmeyTvMZ/tasks-island_1.json,17,4,Arrange the hanging clothes.,OK,place_on,straighten,Place hanging clothes on surface.,Straighten the hanging clothes.,on,,;referent_grounding_v1:G2,,X=hanging clothes
G2,00829-QaLdnwvtxbs/tasks-island_0.json,19,1,Arrange the ottoman.,OK,place_on,straighten,Place ottoman on surface.,Straighten the ottoman.,on,,;referent_grounding_v1:G2,,X=ottoman
G1,00829-QaLdnwvtxbs/tasks-island_0.json,32,4,Set the plate on the table.,OK,place_on,place_on,Place plate on surface.,Place the plate on the table.,on,on,;referent_grounding_v1:G1,,X=plate|Y=table
G2,00829-QaLdnwvtxbs/tasks-island_0.json,36,2,Arrange the decoration.,OK,place_on,straighten,Place decoration on surface.,Straighten the decoration.,on,,;referent_grounding_v1:G2,,X=decoration
G2,00829-QaLdnwvtxbs/tasks-island_0.json,36,3,Position the flowerpot.,OK,place_on,reposition,Place flowerpot on surface.,Reposition the flowerpot.,on,,;referent_grounding_v1:G2,,X=flowerpot
G2,00829-QaLdnwvtxbs/tasks-island_0.json,51,2,Arrange the bowl of sweets.,OK,place_on,straighten,Place bowl of sweets on surface.,Straighten the bowl of sweets.,on,,;referent_grounding_v1:G2,,X=bowl of sweets
G2,00829-QaLdnwvtxbs/tasks-island_0.json,55,5,Arrange the handbag.,OK,place_on,straighten,Place handbag on surface.,Straighten the handbag.,on,,;referent_grounding_v1:G2,,X=handbag
G2,00829-QaLdnwvtxbs/tasks-island_0.json,59,1,Set the plate.,OK,place_on,straighten,Place plate on surface.,Straighten the plate.,on,,;referent_grounding_v1:G2,,X=plate
G2,00829-QaLdnwvtxbs/tasks-island_0.json,59,3,Arrange the backpack.,OK,place_on,straighten,Place backpack on surface.,Straighten the backpack.,on,,;referent_grounding_v1:G2,,X=backpack
G2,00829-QaLdnwvtxbs/tasks-island_0.json,60,3,Position the wine bottle.,OK,place_on,reposition,Place wine bottle on surface.,Reposition the wine bottle.,on,,;referent_grounding_v1:G2,,X=wine bottle
G2,00829-QaLdnwvtxbs/tasks-island_0.json,60,5,Arrange the flowerpot.,OK,place_on,straighten,Place flowerpot on surface.,Straighten the flowerpot.,on,,;referent_grounding_v1:G2,,X=flowerpot
G2,00829-QaLdnwvtxbs/tasks-island_0.json,65,1,Set the plate.,OK,place_on,straighten,Place plate on surface.,Straighten the plate.,on,,;referent_grounding_v1:G2,,X=plate
G2,00829-QaLdnwvtxbs/tasks-island_0.json,68,6,Arrange the handbag.,OK,place_on,straighten,Place handbag on surface.,Straighten the handbag.,on,,;referent_grounding_v1:G2,,X=handbag
G2,00829-QaLdnwvtxbs/tasks-island_0.json,77,2,Arrange the handbag.,OK,place_on,straighten,Place handbag on surface.,Straighten the handbag.,on,,;referent_grounding_v1:G2,,X=handbag
G2,00829-QaLdnwvtxbs/tasks-island_0.json,79,6,Set the bathroom mat.,OK,place_on,straighten,Place bathroom mat on surface.,Straighten the bathroom mat.,on,,;referent_grounding_v1:G2,,X=bathroom mat
G2,00829-QaLdnwvtxbs/tasks-island_0.json,80,6,Arrange the ottoman.,OK,place_on,straighten,Place ottoman on surface.,Straighten the ottoman.,on,,;referent_grounding_v1:G2,,X=ottoman
G2,00829-QaLdnwvtxbs/tasks-island_0.json,81,3,Arrange the ottoman.,OK,place_on,straighten,Place ottoman on surface.,Straighten the ottoman.,on,,;referent_grounding_v1:G2,,X=ottoman
G2,00829-QaLdnwvtxbs/tasks-island_0.json,82,6,Set the backpack aside.,OK,place_on,straighten,Place backpack on surface.,Straighten the backpack.,on,,;referent_grounding_v1:G2,,X=backpack
G2,00829-QaLdnwvtxbs/tasks-island_0.json,85,6,Arrange the ottoman.,OK,place_on,straighten,Place ottoman on surface.,Straighten the ottoman.,on,,;referent_grounding_v1:G2,,X=ottoman
G2,00829-QaLdnwvtxbs/tasks-island_0.json,90,3,Arrange the washbasin.,OK,place_on,straighten,Place washbasin on surface.,Straighten the washbasin.,on,,;referent_grounding_v1:G2,,X=washbasin
G2,00829-QaLdnwvtxbs/tasks-island_0.json,90,4,Set the bathroom mat.,OK,place_on,straighten,Place bathroom mat on surface.,Straighten the bathroom mat.,on,,;referent_grounding_v1:G2,,X=bathroom mat
G2,00829-QaLdnwvtxbs/tasks-island_0.json,98,6,Set the bathroom mat.,OK,place_on,straighten,Place bathroom mat on surface.,Straighten the bathroom mat.,on,,;referent_grounding_v1:G2,,X=bathroom mat
G2,00829-QaLdnwvtxbs/tasks-island_0.json,99,4,Arrange the ottoman.,OK,place_on,straighten,Place ottoman on surface.,Straighten the ottoman.,on,,;referent_grounding_v1:G2,,X=ottoman
G2,00831-yr17PDCnDDW/tasks-island_1.json,0,3,Arrange the shelf.,OK,place_on,straighten,Place shelf on surface.,Straighten the shelf.,on,,;referent_grounding_v1:G2,,X=shelf
G2,00831-yr17PDCnDDW/tasks-island_1.json,19,4,Arrange the plant.,OK,place_on,straighten,Place plant on surface.,Straighten the plant.,on,,;referent_grounding_v1:G2,,X=plant
G1,00831-yr17PDCnDDW/tasks-island_1.json,26,3,Organize magazines on the rack.,OK,place_on,place_on,Place rack on surface.,Place the magazines on the rack.,on,on,;referent_grounding_v1:G1,,X=magazines|Y=rack
G2,00831-yr17PDCnDDW/tasks-island_1.json,26,4,Arrange the plant.,OK,place_on,straighten,Place plant on surface.,Straighten the plant.,on,,;referent_grounding_v1:G2,,X=plant
G2,00831-yr17PDCnDDW/tasks-island_1.json,38,3,Position the keyboard.,OK,place_on,reposition,Place keyboard on surface.,Reposition the keyboard.,on,,;referent_grounding_v1:G2,,X=keyboard
G2,00831-yr17PDCnDDW/tasks-island_1.json,54,2,Position the keyboard.,OK,place_on,reposition,Place keyboard on surface.,Reposition the keyboard.,on,,;referent_grounding_v1:G2,,X=keyboard
G1,00831-yr17PDCnDDW/tasks-island_1.json,56,4,Tidy the objects on the shelf.,OK,place_on,place_on,Place shelf on surface.,Place the objects on the shelf.,on,on,;referent_grounding_v1:G1,,X=objects|Y=shelf
G1,00831-yr17PDCnDDW/tasks-island_1.json,57,3,Organize the items on the rack.,OK,place_on,place_on,Place rack on surface.,Place the items on the rack.,on,on,;referent_grounding_v1:G1,,X=items|Y=rack
G2,00831-yr17PDCnDDW/tasks-island_1.json,63,5,Arrange the vase.,OK,place_on,straighten,Place vase on surface.,Straighten the vase.,on,,;referent_grounding_v1:G2,,X=vase
G2,00831-yr17PDCnDDW/tasks-island_1.json,68,3,Arrange the pot.,OK,place_on,straighten,Place pot on surface.,Straighten the pot.,on,,;referent_grounding_v1:G2,,X=pot
G2,00831-yr17PDCnDDW/tasks-island_1.json,72,3,Arrange the keyboard.,OK,place_on,straighten,Place keyboard on surface.,Straighten the keyboard.,on,,;referent_grounding_v1:G2,,X=keyboard
G1,00831-yr17PDCnDDW/tasks-island_1.json,85,5,Arrange the magazine on the rack.,OK,place_on,place_on,Place magazine on surface.,Place the magazine on the rack.,on,on,;referent_grounding_v1:G1,,X=magazine|Y=rack
G1,00831-yr17PDCnDDW/tasks-island_1.json,87,4,Arrange the vase on the side table.,OK,place_in,place_on,Place vase in receptacle.,Place the vase on the side table.,in,on,;referent_grounding_v1:G1,,X=vase|Y=side table
G1,00831-yr17PDCnDDW/tasks-island_1.json,94,3,Arrange the flowers in the vase.,OK,place_in,place_in,Place vase in receptacle.,Place the flowers in the vase.,in,in,;referent_grounding_v1:G1,,X=flowers|Y=vase
G2,00831-yr17PDCnDDW/tasks-island_1.json,105,3,Position the plant for better visibility.,OK,place_on,reposition,Place plant on surface.,Reposition the plant.,on,,;referent_grounding_v1:G2,,X=plant
G1,00831-yr17PDCnDDW/tasks-island_1.json,105,4,Arrange the pot on the stand.,OK,place_on,place_on,Place pot on surface.,Place the pot on the stand.,on,on,;referent_grounding_v1:G1,,X=pot|Y=stand
G3,00831-yr17PDCnDDW/tasks-island_1.json,120,3,Put the supplies away in the cabinet.,OK,store,store,Store items in the cabinet.,Store the supplies in the cabinet.,in,in,;referent_grounding_v1:G3,,NP=supplies
G1,00831-yr17PDCnDDW/tasks-island_1.json,121,5,Arrange the flowers in the vase.,OK,place_in,place_in,Place vase in receptacle.,Place the flowers in the vase.,in,in,;referent_grounding_v1:G1,,X=flowers|Y=vase
G1,00831-yr17PDCnDDW/tasks-island_1.json,123,1,Sort the files in the cabinet.,OK,place_in,place_in,Place cabinet in receptacle.,Place the files in the cabinet.,in,in,;referent_grounding_v1:G1,,X=files|Y=cabinet
G1,00831-yr17PDCnDDW/tasks-island_1.json,123,2,Organize the items on the rack.,OK,place_on,place_on,Place rack on surface.,Place the items on the rack.,on,on,;referent_grounding_v1:G1,,X=items|Y=rack
G2,00831-yr17PDCnDDW/tasks-island_1.json,125,5,Arrange the kitchen countertop item neatly.,OK,place_on,straighten,Place kitchen countertop item on surface.,Straighten the kitchen countertop item.,on,,;referent_grounding_v1:G2,,X=kitchen countertop item
G1,00831-yr17PDCnDDW/tasks-island_1.json,133,2,Arrange the items on the shelf.,OK,place_on,place_on,Place shelf on surface.,Place the items on the shelf.,on,on,;referent_grounding_v1:G1,,X=items|Y=shelf
G1,00831-yr17PDCnDDW/tasks-island_1.json,136,3,Set the pitcher on the table for participants.,OK,place_on,place_on,Place pitcher on surface.,Place the pitcher on the table.,on,on,;referent_grounding_v1:G1,,X=pitcher|Y=table
G1,00831-yr17PDCnDDW/tasks-island_1.json,139,2,Arrange the magazine on the table.,OK,place_on,place_on,Place magazine on surface.,Place the magazine on the table.,on,on,;referent_grounding_v1:G1,,X=magazine|Y=table
G1,00832-qyAac8rV8Zk/tasks-island_0.json,4,5,Organize the items on the dresser.,OK,place_on,place_on,Place dresser on surface.,Place the items on the dresser.,on,on,;referent_grounding_v1:G1,,X=items|Y=dresser
G4,00832-qyAac8rV8Zk/tasks-island_1.json,12,2,Fill it using the tap.,RESOLVED,fill,fill,Use the tap to fill a container.,Fill the pitcher at the tap.,,,;referent_grounding_v1:G4,,vessel=pitcher
G1,00832-qyAac8rV8Zk/tasks-island_1.json,13,4,Organize items on the media console.,OK,place_on,place_on,Place media console on surface.,Place the items on the media console.,on,on,;referent_grounding_v1:G1,,X=items|Y=media console
G2,00832-qyAac8rV8Zk/tasks-island_1.json,30,4,Reposition the sculpture on its stand.,OK,place_on,reposition,Place sculpture on surface.,Reposition the sculpture on its stand.,on,,;referent_grounding_v1:G2,,X=sculpture on its stand
G4,00832-qyAac8rV8Zk/tasks-island_1.json,43,2,Fill the kettle at the tap.,FLAG,fill,fill,Use the tap to fill a container.,Use the tap to fill a container.,at,at,;ungrounded_anaphora,,no_vessel_found
G2,00832-qyAac8rV8Zk/tasks-island_1.json,47,3,Arrange the sculpture.,OK,place_on,straighten,Place sculpture on surface.,Straighten the sculpture.,on,,;referent_grounding_v1:G2,,X=sculpture
G1,00832-qyAac8rV8Zk/tasks-island_1.json,53,4,Set the backpack by the stairs railing.,OK,place_on,place_on,Place stairs railing on surface.,Place the backpack by the stairs railing.,on,at,;referent_grounding_v1:G1,,X=backpack|Y=stairs railing
G4,00832-qyAac8rV8Zk/tasks-island_1.json,58,2,Fill it at the tap.,RESOLVED,fill,fill,Use the tap to fill a container.,Fill the pitcher at the tap.,at,at,;referent_grounding_v1:G4,,vessel=pitcher
G4,00832-qyAac8rV8Zk/tasks-island_1.json,63,3,Fill the pitcher at the tap.,FLAG,fill,fill,Use the tap to fill a container.,Use the tap to fill a container.,at,at,;ungrounded_anaphora,,no_vessel_found
G1,00832-qyAac8rV8Zk/tasks-island_1.json,68,1,Set the wine bottle on the table.,OK,place_on,place_on,Place wine bottle on surface.,Place the wine bottle on the table.,on,on,;referent_grounding_v1:G1,,X=wine bottle|Y=table
G4,00832-qyAac8rV8Zk/tasks-island_1.json,68,3,Fill the pitcher at the tap.,RESOLVED,fill,fill,Use the tap to fill a container.,Fill the bottle at the tap.,at,at,;referent_grounding_v1:G4,,vessel=bottle
G4,00832-qyAac8rV8Zk/tasks-island_1.json,75,4,Fill the kettle at the tap.,FLAG,fill,fill,Use the tap to fill a container.,Use the tap to fill a container.,at,at,;ungrounded_anaphora,,no_vessel_found
G2,00832-qyAac8rV8Zk/tasks-island_1.json,89,2,Set the tray.,OK,place_on,straighten,Place tray on surface.,Straighten the tray.,on,,;referent_grounding_v1:G2,,X=tray
G1,00832-qyAac8rV8Zk/tasks-island_1.json,130,5,Arrange the sculpture in the living room.,OK,place_in,place_in,Place sculpture in receptacle.,Place the sculpture in the living room.,in,in,;referent_grounding_v1:G1,,X=sculpture|Y=living room
G2,00832-qyAac8rV8Zk/tasks-island_1.json,144,7,Arrange the tray.,OK,place_on,straighten,Place tray on surface.,Straighten the tray.,on,,;referent_grounding_v1:G2,,X=tray
G4,00835-q3zU7Yy5E5s/tasks-island_1.json,1,2,Fill the glass at the sink.,RESOLVED,fill,fill,Use the sink to fill a container.,Fill the glass at the sink.,at,at,;referent_grounding_v1:G4,,vessel=glass
G1,00835-q3zU7Yy5E5s/tasks-island_1.json,17,3,Arrange the glass on the cabinet.,OK,place_on,place_on,Place glass on surface.,Place the glass on the cabinet.,on,on,;referent_grounding_v1:G1,,X=glass|Y=cabinet
G2,00835-q3zU7Yy5E5s/tasks-island_1.json,19,3,Arrange the l-shaped sofa.,OK,place_on,straighten,Place l-shaped sofa on surface.,Straighten the l-shaped sofa.,on,,;referent_grounding_v1:G2,,X=l-shaped sofa
G2,00835-q3zU7Yy5E5s/tasks-island_1.json,30,4,Arrange the sofa.,OK,place_on,straighten,Place l-shaped sofa on surface.,Straighten the sofa.,on,,;referent_grounding_v1:G2,,X=sofa
G2,00835-q3zU7Yy5E5s/tasks-island_1.json,53,2,Arrange the shelf.,OK,place_on,straighten,Place shelf on surface.,Straighten the shelf.,on,,;referent_grounding_v1:G2,,X=shelf
G2,00835-q3zU7Yy5E5s/tasks-island_1.json,55,3,Set the glass.,OK,place_in,straighten,Place glass in receptacle.,Straighten the glass.,in,,;referent_grounding_v1:G2,,X=glass
G1,00839-zt1RVoi7PcG/tasks-island_0.json,20,3,Arrange the decoration on the mantle.,OK,place_on,place_on,Place decoration on surface.,Place the decoration on the mantle.,on,on,;referent_grounding_v1:G1,,X=decoration|Y=mantle
G2,00839-zt1RVoi7PcG/tasks-island_0.json,38,2,Arrange the clothes inside.,OK,place_in,straighten,Place clothes in receptacle.,Straighten the clothes inside.,in,,;referent_grounding_v1:G2,,X=clothes inside
G1,00839-zt1RVoi7PcG/tasks-island_0.json,39,4,Arrange the flower in the vase.,OK,place_in,place_in,Place flower in receptacle.,Place the flower in the vase.,in,in,;referent_grounding_v1:G1,,X=flower|Y=vase
G2,00839-zt1RVoi7PcG/tasks-island_0.json,49,3,Arrange the clothes.,OK,place_on,straighten,Place clothes on surface.,Straighten the clothes.,on,,;referent_grounding_v1:G2,,X=clothes
G2,00839-zt1RVoi7PcG/tasks-island_0.json,59,1,Arrange the keyboard.,OK,place_on,straighten,Place keyboard on surface.,Straighten the keyboard.,on,,;referent_grounding_v1:G2,,X=keyboard
G2,00839-zt1RVoi7PcG/tasks-island_0.json,59,3,Position the computer chair.,OK,place_on,reposition,Place computer chair on surface.,Reposition the computer chair.,on,,;referent_grounding_v1:G2,,X=computer chair
G2,00839-zt1RVoi7PcG/tasks-island_0.json,64,5,Position the tv stand.,OK,place_on,reposition,Place tv stand on surface.,Reposition the tv stand.,on,,;referent_grounding_v1:G2,,X=tv stand
G2,00839-zt1RVoi7PcG/tasks-island_0.json,67,1,Position the computer chair.,OK,place_on,reposition,Place computer chair on surface.,Reposition the computer chair.,on,,;referent_grounding_v1:G2,,X=computer chair
G2,00839-zt1RVoi7PcG/tasks-island_0.json,81,3,Position the computer chair.,OK,place_on,reposition,Place computer chair on surface.,Reposition the computer chair.,on,,;referent_grounding_v1:G2,,X=computer chair
G4,00839-zt1RVoi7PcG/tasks-island_0.json,82,2,Fill it at the sink.,RESOLVED,fill,fill,Use the sink to fill a container.,Fill the cup at the sink.,at,at,;referent_grounding_v1:G4,,vessel=cup
G1,00839-zt1RVoi7PcG/tasks-island_0.json,89,4,Organize the items in the cabinet.,OK,place_in,place_in,Place cabinet in receptacle.,Place the items in the cabinet.,in,in,;referent_grounding_v1:G1,,X=items|Y=cabinet
G1,00839-zt1RVoi7PcG/tasks-island_0.json,97,3,Arrange the flower on the wall shelf.,OK,place_on,place_on,Place flower on surface.,Place the flower on the wall shelf.,on,on,;referent_grounding_v1:G1,,X=flower|Y=wall shelf
G1,00839-zt1RVoi7PcG/tasks-island_0.json,98,2,Organize the items in the kitchen cabinet.,OK,place_in,place_in,Place kitchen cabinet in receptacle.,Place the items in the kitchen cabinet.,in,in,;referent_grounding_v1:G1,,X=items|Y=kitchen cabinet
G1,00839-zt1RVoi7PcG/tasks-island_0.json,102,3,Arrange the decoration on the hallway cabinet.,OK,place_on,place_on,Place decoration on surface.,Place the decoration on the hallway cabinet.,on,on,;referent_grounding_v1:G1,,X=decoration|Y=hallway cabinet
G1,00839-zt1RVoi7PcG/tasks-island_0.json,107,3,Arrange the decoration on the hallway table.,OK,place_on,place_on,Place decoration on surface.,Place the decoration on the hallway table.,on,on,;referent_grounding_v1:G1,,X=decoration|Y=hallway table
G1,00839-zt1RVoi7PcG/tasks-island_0.json,108,5,Arrange the wall shelf in the second bedroom.,OK,place_in,place_in,Place wall shelf in receptacle.,Place the wall shelf in the second bedroom.,in,in,;referent_grounding_v1:G1,,X=wall shelf|Y=second bedroom
G1,00839-zt1RVoi7PcG/tasks-island_0.json,115,5,Set the footstool in the living room.,OK,place_in,place_in,Place footstool in receptacle.,Place the footstool in the living room.,in,in,;referent_grounding_v1:G1,,X=footstool|Y=living room
G1,00839-zt1RVoi7PcG/tasks-island_0.json,116,2,Arrange the flower on the wall shelf.,OK,place_on,place_on,Place flower on surface.,Place the flower on the wall shelf.,on,on,;referent_grounding_v1:G1,,X=flower|Y=wall shelf
G1,00839-zt1RVoi7PcG/tasks-island_0.json,119,5,Arrange the bathroom accessory in the main bathroom.,OK,place_in,place_in,Place bathroom accessory in receptacle.,Place the bathroom accessory in the main bathroom.,in,in,;referent_grounding_v1:G1,,X=bathroom accessory|Y=main bathroom
G2,00839-zt1RVoi7PcG/tasks-island_0.json,128,2,Arrange the shoe pairs.,OK,place_on,straighten,Place shoe on surface.,Straighten the shoe pairs.,on,,;referent_grounding_v1:G2,,X=shoe pairs
G1,00839-zt1RVoi7PcG/tasks-island_0.json,157,6,Organize the linens in the cabinet.,OK,place_in,place_in,Place cabinet in receptacle.,Place the linens in the cabinet.,in,in,;referent_grounding_v1:G1,,X=linens|Y=cabinet
G2,00839-zt1RVoi7PcG/tasks-island_0.json,158,5,Arrange the bathroom accessory set.,OK,place_on,straighten,Place bathroom accessory on surface.,Straighten the bathroom accessory set.,on,,;referent_grounding_v1:G2,,X=bathroom accessory set
G2,00839-zt1RVoi7PcG/tasks-island_0.json,160,4,Organize the shoes inside the cabinet.,OK,place_in,straighten,Place cabinet in receptacle.,Straighten the shoes inside the cabinet.,in,,;referent_grounding_v1:G2,,X=shoes inside the cabinet
G1,00839-zt1RVoi7PcG/tasks-island_0.json,163,5,Organize software discs in the cabinet.,OK,place_in,place_in,Place cabinet in receptacle.,Place the software discs in the cabinet.,in,in,;referent_grounding_v1:G1,,X=software discs|Y=cabinet
G4,00839-zt1RVoi7PcG/tasks-island_0.json,164,3,Fill a glass from the tap.,FLAG,fill,fill,Use the tap to fill a container.,Use the tap to fill a container.,,,;ungrounded_anaphora,,no_vessel_found
G2,00839-zt1RVoi7PcG/tasks-island_0.json,167,6,Arrange the folding chair.,OK,place_on,straighten,Place folding chair on surface.,Straighten the folding chair.,on,,;referent_grounding_v1:G2,,X=folding chair
G1,00839-zt1RVoi7PcG/tasks-island_0.json,169,5,Arrange items on the wall shelf.,OK,place_on,place_on,Place wall shelf on surface.,Place the items on the wall shelf.,on,on,;referent_grounding_v1:G1,,X=items|Y=wall shelf
G1,00839-zt1RVoi7PcG/tasks-island_0.json,170,5,Organize toys in the basket.,OK,place_in,place_in,Place basket in receptacle.,Place the toys in the basket.,in,in,;referent_grounding_v1:G1,,X=toys|Y=basket
G2,00839-zt1RVoi7PcG/tasks-island_0.json,172,4,Arrange the footstool in front of the seat.,OK,place_in,straighten,Place footstool in receptacle.,Straighten the footstool in front of the seat.,in,,;referent_grounding_v1:G2,,X=footstool in front of the seat
G1,00839-zt1RVoi7PcG/tasks-island_0.json,177,6,Organize the items on the shelf.,OK,place_on,place_on,Place shelf on surface.,Place the items on the shelf.,on,on,;referent_grounding_v1:G1,,X=items|Y=shelf
G2,00839-zt1RVoi7PcG/tasks-island_0.json,183,4,Arrange the shelf.,OK,place_on,straighten,Place shelf on surface.,Straighten the shelf.,on,,;referent_grounding_v1:G2,,X=shelf
G2,00839-zt1RVoi7PcG/tasks-island_0.json,186,6,Arrange the computer chair.,OK,place_on,straighten,Place computer chair on surface.,Straighten the computer chair.,on,,;referent_grounding_v1:G2,,X=computer chair
G2,00839-zt1RVoi7PcG/tasks-island_0.json,193,5,Arrange the folding chair.,OK,place_on,straighten,Place folding chair on surface.,Straighten the folding chair.,on,,;referent_grounding_v1:G2,,X=folding chair
G2,00839-zt1RVoi7PcG/tasks-island_0.json,196,2,Arrange the flower.,OK,place_on,straighten,Place flower on surface.,Straighten the flower.,on,,;referent_grounding_v1:G2,,X=flower
G2,00839-zt1RVoi7PcG/tasks-island_0.json,200,5,Arrange the shoe.,OK,place_on,straighten,Place shoe on surface.,Straighten the shoe.,on,,;referent_grounding_v1:G2,,X=shoe
G2,00839-zt1RVoi7PcG/tasks-island_0.json,218,5,Arrange the photo frame.,OK,place_on,straighten,Place photo on surface.,Straighten the photo frame.,on,,;referent_grounding_v1:G2,,X=photo frame
G2,00839-zt1RVoi7PcG/tasks-island_0.json,223,4,Set the laundry basket nearby.,OK,place_on,straighten,Place basket on surface.,Straighten the laundry basket.,on,,;referent_grounding_v1:G2,,X=laundry basket
G2,00839-zt1RVoi7PcG/tasks-island_0.json,225,3,Arrange the coffee table.,OK,place_on,straighten,Place coffee table on surface.,Straighten the coffee table.,on,,;referent_grounding_v1:G2,,X=coffee table
G2,00843-DYehNKdT76V/tasks-island_0.json,3,4,Arrange the vase.,OK,place_on,straighten,Place vase on surface.,Straighten the vase.,on,,;referent_grounding_v1:G2,,X=vase
G2,00843-DYehNKdT76V/tasks-island_0.json,9,3,Set the cup.,OK,place_on,straighten,Place cup on surface.,Straighten the cup.,on,,;referent_grounding_v1:G2,,X=cup
G2,00843-DYehNKdT76V/tasks-island_0.json,10,4,Arrange the flower.,OK,place_on,straighten,Place flower on surface.,Straighten the flower.,on,,;referent_grounding_v1:G2,,X=flower
G2,00843-DYehNKdT76V/tasks-island_0.json,12,3,Set the cup.,OK,place_on,straighten,Place cup on surface.,Straighten the cup.,on,,;referent_grounding_v1:G2,,X=cup
G1,00843-DYehNKdT76V/tasks-island_0.json,17,3,Tidy the items on the shelf.,OK,place_on,place_on,Place shelf on surface.,Place the items on the shelf.,on,on,;referent_grounding_v1:G1,,X=items|Y=shelf
G4,00843-DYehNKdT76V/tasks-island_0.json,23,2,Fill the glass at the sink.,RESOLVED,fill,fill,Use the sink to fill a container.,Fill the glass at the sink.,at,at,;referent_grounding_v1:G4,,vessel=glass
G1,00843-DYehNKdT76V/tasks-island_0.json,24,5,Arrange the vase on the counter.,OK,place_on,place_on,Place vase on surface.,Place the vase on the counter.,on,on,;referent_grounding_v1:G1,,X=vase|Y=counter
G1,00843-DYehNKdT76V/tasks-island_0.json,27,3,Organize the toiletries in the cabinet.,OK,place_in,place_in,Place cabinet in receptacle.,Place the toiletries in the cabinet.,in,in,;referent_grounding_v1:G1,,X=toiletries|Y=cabinet
G1,00843-DYehNKdT76V/tasks-island_0.json,31,3,Organize items on the shelf.,OK,place_on,place_on,Place shelf on surface.,Place the items on the shelf.,on,on,;referent_grounding_v1:G1,,X=items|Y=shelf
G1,00843-DYehNKdT76V/tasks-island_0.json,35,2,Set the cup on the table.,OK,place_on,place_on,Place cup on surface.,Place the cup on the table.,on,on,;referent_grounding_v1:G1,,X=cup|Y=table
G2,00843-DYehNKdT76V/tasks-island_0.json,40,3,Arrange the flower for the table.,OK,place_on,straighten,Place flower on surface.,Straighten the flower.,on,,;referent_grounding_v1:G2,,X=flower
G1,00843-DYehNKdT76V/tasks-island_0.json,40,6,Set the glass on the table.,OK,place_on,place_on,Place glass on surface.,Place the glass on the table.,on,on,;referent_grounding_v1:G1,,X=glass|Y=table
G4,00843-DYehNKdT76V/tasks-island_0.json,44,3,Fill the vase with water in the sink.,RESOLVED,fill,fill,Use the sink to fill a container.,Fill the vase at the sink.,in,in,;referent_grounding_v1:G4,,vessel=vase
G4,00843-DYehNKdT76V/tasks-island_0.json,51,2,Fill the kettle at the sink.,RESOLVED,fill,fill,Use the sink to fill a container.,Fill the kettle at the sink.,at,at,;referent_grounding_v1:G4,,vessel=kettle
G1,00843-DYehNKdT76V/tasks-island_0.json,51,4,Arrange flowers in the vase.,OK,place_in,place_in,Place vase in receptacle.,Place the flowers in the vase.,in,in,;referent_grounding_v1:G1,,X=flowers|Y=vase
G1,00843-DYehNKdT76V/tasks-island_0.json,52,7,Organize the objects on the shelf.,OK,place_on,place_on,Place shelf on surface.,Place the objects on the shelf.,on,on,;referent_grounding_v1:G1,,X=objects|Y=shelf
G2,00843-DYehNKdT76V/tasks-island_0.json,59,2,Arrange the flower.,OK,place_on,straighten,Place flower on surface.,Straighten the flower.,on,,;referent_grounding_v1:G2,,X=flower
G1,00843-DYehNKdT76V/tasks-island_0.json,59,7,Position the lamp in the corner.,OK,place_in,place_in,Place lamp in receptacle.,Place the lamp in the corner.,in,in,;referent_grounding_v1:G1,,X=lamp|Y=corner
G2,00843-DYehNKdT76V/tasks-island_0.json,61,5,Reposition the kettle.,OK,place_on,reposition,Place kettle on surface.,Reposition the kettle.,on,,;referent_grounding_v1:G2,,X=kettle
G2,00844-q5QZSEeHe5g/tasks-island_0.json,17,3,Arrange the dumbbell.,OK,place_on,straighten,Place dumbbell on surface.,Straighten the dumbbell.,on,,;referent_grounding_v1:G2,,X=dumbbell
G1,00844-q5QZSEeHe5g/tasks-island_0.json,20,2,Set the lace doily on the chest.,OK,place_on,place_on,Place lace doily on surface.,Place the lace doily on the chest.,on,on,;referent_grounding_v1:G1,,X=lace doily|Y=chest
G1,00844-q5QZSEeHe5g/tasks-island_0.json,29,4,Organize the papers in the cabinet.,OK,place_in,place_in,Place cabinet in receptacle.,Place the papers in the cabinet.,in,in,;referent_grounding_v1:G1,,X=papers|Y=cabinet
G2,00844-q5QZSEeHe5g/tasks-island_0.json,35,2,Position the weight bench.,OK,place_on,reposition,Place weight bench on surface.,Reposition the weight bench.,on,,;referent_grounding_v1:G2,,X=weight bench
G2,00844-q5QZSEeHe5g/tasks-island_0.json,43,1,Set aside my handbag.,OK,place_on,straighten,Place handbag on surface.,Straighten the aside my handbag.,on,,;referent_grounding_v1:G2,,X=aside my handbag
G2,00844-q5QZSEeHe5g/tasks-island_0.json,45,2,Position the monitor for a good view.,OK,place_on,reposition,Place monitor on surface.,Reposition the monitor.,on,,;referent_grounding_v1:G2,,X=monitor
G1,00844-q5QZSEeHe5g/tasks-island_0.json,60,2,Arrange the books on the shelving.,OK,place_on,place_on,Place shelving on surface.,Place the books on the shelving.,on,on,;referent_grounding_v1:G1,,X=books|Y=shelving
G1,00844-q5QZSEeHe5g/tasks-island_0.json,60,5,Organize the items in the drawer.,OK,place_in,place_in,Place drawer in receptacle.,Place the items in the drawer.,in,in,;referent_grounding_v1:G1,,X=items|Y=drawer
G1,00844-q5QZSEeHe5g/tasks-island_0.json,63,4,Arrange the photo frames on the mantel.,OK,place_on,place_on,Place photo on surface.,Place the photo frames on the mantel.,on,on,;referent_grounding_v1:G1,,X=photo frames|Y=mantel
G1,00844-q5QZSEeHe5g/tasks-island_0.json,70,4,Set the plate on the study table.,OK,place_on,place_on,Place plate on surface.,Place the plate on the study table.,on,on,;referent_grounding_v1:G1,,X=plate|Y=study table
G1,00844-q5QZSEeHe5g/tasks-island_0.json,71,3,Arrange the flowers on the table.,OK,place_on,place_on,Place flower on surface.,Place the flowers on the table.,on,on,;referent_grounding_v1:G1,,X=flowers|Y=table
G2,00844-q5QZSEeHe5g/tasks-island_0.json,92,4,Arrange the crate.,OK,place_on,straighten,Place crate on surface.,Straighten the crate.,on,,;referent_grounding_v1:G2,,X=crate
G2,00844-q5QZSEeHe5g/tasks-island_0.json,96,4,Arrange the towel.,OK,place_on,straighten,Place towel on surface.,Straighten the towel.,on,,;referent_grounding_v1:G2,,X=towel
G2,00844-q5QZSEeHe5g/tasks-island_0.json,97,3,Arrange the shelf.,OK,place_on,straighten,Place shelf on surface.,Straighten the shelf.,on,,;referent_grounding_v1:G2,,X=shelf
G2,00844-q5QZSEeHe5g/tasks-island_0.json,98,3,Set the plate down.,OK,place_on,straighten,Place plate on surface.,Straighten the plate.,on,,;referent_grounding_v1:G2,,X=plate
G2,00844-q5QZSEeHe5g/tasks-island_0.json,99,2,Arrange the dumbbells.,OK,place_on,straighten,Place dumbbell on surface.,Straighten the dumbbells.,on,,;referent_grounding_v1:G2,,X=dumbbells
G2,00844-q5QZSEeHe5g/tasks-island_0.json,101,2,Arrange the dried flowers.,OK,place_on,straighten,Place dried flowers on surface.,Straighten the dried flowers.,on,,;referent_grounding_v1:G2,,X=dried flowers
G1,00844-q5QZSEeHe5g/tasks-island_0.json,102,4,Set the cup on the table.,OK,place_on,place_on,Place cup on surface.,Place the cup on the table.,on,on,;referent_grounding_v1:G1,,X=cup|Y=table
G2,00844-q5QZSEeHe5g/tasks-island_0.json,111,3,Arrange the towel.,OK,place_on,straighten,Place towel on surface.,Straighten the towel.,on,,;referent_grounding_v1:G2,,X=towel
G2,00844-q5QZSEeHe5g/tasks-island_0.json,112,1,Arrange the plant.,OK,place_on,straighten,Place plant on surface.,Straighten the plant.,on,,;referent_grounding_v1:G2,,X=plant
G2,00844-q5QZSEeHe5g/tasks-island_0.json,117,3,Arrange the flower.,OK,place_in,straighten,Place flower in receptacle.,Straighten the flower.,in,,;referent_grounding_v1:G2,,X=flower
G1,00844-q5QZSEeHe5g/tasks-island_0.json,155,5,Organize the items on the shelf.,OK,place_on,place_on,Place shelf on surface.,Place the items on the shelf.,on,on,;referent_grounding_v1:G1,,X=items|Y=shelf
G1,00844-q5QZSEeHe5g/tasks-island_0.json,158,2,Arrange the books on the shelf.,OK,place_on,place_on,Place shelf on surface.,Place the books on the shelf.,on,on,;referent_grounding_v1:G1,,X=books|Y=shelf
G2,00844-q5QZSEeHe5g/tasks-island_0.json,159,4,Position the weight bench.,OK,place_on,reposition,Place weight bench on surface.,Reposition the weight bench.,on,,;referent_grounding_v1:G2,,X=weight bench
G1,00844-q5QZSEeHe5g/tasks-island_0.json,160,1,Set the plate on the table.,OK,place_on,place_on,Place plate on surface.,Place the plate on the table.,on,on,;referent_grounding_v1:G1,,X=plate|Y=table
G2,00844-q5QZSEeHe5g/tasks-island_0.json,162,2,Arrange the flower vase.,OK,place_on,straighten,Place flower on surface.,Straighten the flower vase.,on,,;referent_grounding_v1:G2,,X=flower vase
G2,00844-q5QZSEeHe5g/tasks-island_0.json,163,4,Arrange the display shelf.,OK,place_on,straighten,Place shelf on surface.,Straighten the display shelf.,on,,;referent_grounding_v1:G2,,X=display shelf
G1,00844-q5QZSEeHe5g/tasks-island_0.json,164,6,Arrange the clothes in the wardrobe.,OK,place_in,place_in,Place wardrobe in receptacle.,Place the clothes in the wardrobe.,in,in,;referent_grounding_v1:G1,,X=clothes|Y=wardrobe
G2,00844-q5QZSEeHe5g/tasks-island_0.json,165,6,Arrange the rocking chair.,OK,place_on,straighten,Place rocking chair on surface.,Straighten the rocking chair.,on,,;referent_grounding_v1:G2,,X=rocking chair
G2,00844-q5QZSEeHe5g/tasks-island_0.json,169,5,Arrange the wall shelving.,OK,place_on,straighten,Place shelving on surface.,Straighten the wall shelving.,on,,;referent_grounding_v1:G2,,X=wall shelving
G1,00844-q5QZSEeHe5g/tasks-island_0.json,172,3,Organize the items on the shelf.,OK,place_on,place_on,Place shelf on surface.,Place the items on the shelf.,on,on,;referent_grounding_v1:G1,,X=items|Y=shelf
G2,00844-q5QZSEeHe5g/tasks-island_0.json,176,2,Arrange the textbooks.,OK,place_on,straighten,Place book on surface.,Straighten the textbooks.,on,,;referent_grounding_v1:G2,,X=textbooks
G2,00844-q5QZSEeHe5g/tasks-island_0.json,179,3,Set the plate for dinner.,OK,place_on,straighten,Place plate on surface.,Straighten the plate.,on,,;referent_grounding_v1:G2,,X=plate
G2,00844-q5QZSEeHe5g/tasks-island_0.json,180,4,Arrange the folded clothes.,OK,place_on,straighten,Place clothes on surface.,Straighten the folded clothes.,on,,;referent_grounding_v1:G2,,X=folded clothes
G2,00844-q5QZSEeHe5g/tasks-island_0.json,183,5,Arrange the hallway shelving.,OK,place_on,straighten,Place shelving on surface.,Straighten the hallway shelving.,on,,;referent_grounding_v1:G2,,X=hallway shelving
G2,00844-q5QZSEeHe5g/tasks-island_0.json,186,6,Arrange the bathroom plant.,OK,place_on,straighten,Place plant on surface.,Straighten the bathroom plant.,on,,;referent_grounding_v1:G2,,X=bathroom plant
G2,00844-q5QZSEeHe5g/tasks-island_0.json,187,4,Arrange the bathroom plant.,OK,place_on,straighten,Place plant on surface.,Straighten the bathroom plant.,on,,;referent_grounding_v1:G2,,X=bathroom plant
G2,00844-q5QZSEeHe5g/tasks-island_0.json,189,5,Arrange the lace doily.,OK,place_on,straighten,Place lace doily on surface.,Straighten the lace doily.,on,,;referent_grounding_v1:G2,,X=lace doily
G2,00844-q5QZSEeHe5g/tasks-island_0.json,192,3,Arrange the dressing table.,OK,place_on,straighten,Place dressing table on surface.,Straighten the dressing table.,on,,;referent_grounding_v1:G2,,X=dressing table
G2,00844-q5QZSEeHe5g/tasks-island_0.json,198,6,Arrange the flower.,OK,place_on,straighten,Place flower on surface.,Straighten the flower.,on,,;referent_grounding_v1:G2,,X=flower
G2,00844-q5QZSEeHe5g/tasks-island_0.json,228,2,Position the weight bench.,OK,place_on,reposition,Place weight bench on surface.,Reposition the weight bench.,on,,;referent_grounding_v1:G2,,X=weight bench
G2,00844-q5QZSEeHe5g/tasks-island_0.json,229,7,Arrange the plant.,OK,place_on,straighten,Place plant on surface.,Straighten the plant.,on,,;referent_grounding_v1:G2,,X=plant
G2,00844-q5QZSEeHe5g/tasks-island_0.json,232,4,Arrange the frame.,OK,place_on,straighten,Place frame on surface.,Straighten the frame.,on,,;referent_grounding_v1:G2,,X=frame
G2,00844-q5QZSEeHe5g/tasks-island_0.json,235,1,Arrange the plant.,OK,place_on,straighten,Place plant on surface.,Straighten the plant.,on,,;referent_grounding_v1:G2,,X=plant
G2,00844-q5QZSEeHe5g/tasks-island_0.json,245,3,Arrange the crate.,OK,place_on,straighten,Place crate on surface.,Straighten the crate.,on,,;referent_grounding_v1:G2,,X=crate
G2,00844-q5QZSEeHe5g/tasks-island_0.json,246,3,Set the pillow.,OK,place_on,straighten,Place pillow on surface.,Straighten the pillow.,on,,;referent_grounding_v1:G2,,X=pillow
G1,00844-q5QZSEeHe5g/tasks-island_5.json,11,2,Organize the supplies in the cabinet.,OK,place_in,place_in,Place cabinet in receptacle.,Place the supplies in the cabinet.,in,in,;referent_grounding_v1:G1,,X=supplies|Y=cabinet
G1,00844-q5QZSEeHe5g/tasks-island_5.json,11,3,Arrange the items on the shelving unit.,OK,place_in,place_on,Place shelving in receptacle.,Place the items on the shelving unit.,in,on,;referent_grounding_v1:G1,,X=items|Y=shelving unit
G2,00844-q5QZSEeHe5g/tasks-island_5.json,19,2,Arrange the container.,OK,place_on,straighten,Place container on surface.,Straighten the container.,on,,;referent_grounding_v1:G2,,X=container
G1,00844-q5QZSEeHe5g/tasks-island_5.json,46,3,Rearrange the boxes in the storage room.,OK,place_in,place_in,Place boxes in receptacle.,Place the boxes in the storage room.,in,in,;referent_grounding_v1:G1,,X=boxes|Y=storage room
G2,00847-bCPU9suPUw9/tasks-island_1.json,21,2,Arrange the shelf.,OK,place_on,straighten,Place shelf on surface.,Straighten the shelf.,on,,;referent_grounding_v1:G2,,X=shelf
G1,00847-bCPU9suPUw9/tasks-island_1.json,28,3,Organize books on the shelf.,OK,place_on,place_on,Place shelf on surface.,Place the books on the shelf.,on,on,;referent_grounding_v1:G1,,X=books|Y=shelf
G2,00847-bCPU9suPUw9/tasks-island_1.json,32,4,Reposition the flowerpot.,OK,place_on,reposition,Place flowerpot on surface.,Reposition the flowerpot.,on,,;referent_grounding_v1:G2,,X=flowerpot
G1,00847-bCPU9suPUw9/tasks-island_1.json,34,4,Set the pillow on the chair.,OK,place_on,place_on,Place pillow on surface.,Place the pillow on the chair.,on,on,;referent_grounding_v1:G1,,X=pillow|Y=chair
G2,00847-bCPU9suPUw9/tasks-island_1.json,53,4,Set the plate.,OK,place_on,straighten,Place plate on surface.,Straighten the plate.,on,,;referent_grounding_v1:G2,,X=plate
G4,00847-bCPU9suPUw9/tasks-island_1.json,68,2,Fill a pitcher at the sink.,FLAG,fill,fill,Use the sink to fill a container.,Use the sink to fill a container.,at,at,;ungrounded_anaphora,,no_vessel_found
G1,00847-bCPU9suPUw9/tasks-island_1.json,76,4,Set the pan on the stove.,OK,place_on,place_on,Place pan on surface.,Place the pan on the stove.,on,on,;referent_grounding_v1:G1,,X=pan|Y=stove
G1,00847-bCPU9suPUw9/tasks-island_1.json,87,4,Set the pan on the stove.,OK,place_on,place_on,Place pan on surface.,Place the pan on the stove.,on,on,;referent_grounding_v1:G1,,X=pan|Y=stove
G2,00847-bCPU9suPUw9/tasks-island_2.json,6,2,Set the bed table.,OK,place_in,straighten,Place bed table in receptacle.,Straighten the bed table.,in,,;referent_grounding_v1:G2,,X=bed table
G1,00848-ziup5kvtCCR/tasks-island_0.json,2,2,Set the bowl of fruit on the table.,OK,place_on,place_on,Place bowl of fruit on surface.,Place the bowl of fruit on the table.,on,on,;referent_grounding_v1:G1,,X=bowl of fruit|Y=table
G1,00848-ziup5kvtCCR/tasks-island_0.json,15,3,Set the wine_bottle on the counter.,OK,place_on,place_on,Place wine bottle on surface.,Place the wine_bottle on the counter.,on,on,;referent_grounding_v1:G1,,X=wine_bottle|Y=counter
G2,00848-ziup5kvtCCR/tasks-island_0.json,21,3,Set the toothbrush.,OK,place_on,straighten,Place toothbrush on surface.,Straighten the toothbrush.,on,,;referent_grounding_v1:G2,,X=toothbrush
G1,00848-ziup5kvtCCR/tasks-island_0.json,30,5,Arrange the towel on the rack.,OK,place_on,place_on,Place towel on surface.,Place the towel on the rack.,on,on,;referent_grounding_v1:G1,,X=towel|Y=rack
G1,00848-ziup5kvtCCR/tasks-island_0.json,31,2,Set the wine bottle on the counter.,OK,place_on,place_on,Place wine bottle on surface.,Place the wine bottle on the counter.,on,on,;referent_grounding_v1:G1,,X=wine bottle|Y=counter
G1,00848-ziup5kvtCCR/tasks-island_0.json,44,1,Set out the wine bottle on the table.,OK,place_on,place_on,Place wine bottle on surface.,Place the wine bottle on the table.,on,on,;referent_grounding_v1:G1,,X=wine bottle|Y=table
G1,00848-ziup5kvtCCR/tasks-island_0.json,72,1,Tidy the items in the cabinet.,OK,place_in,place_in,Place cabinet in receptacle.,Place the items in the cabinet.,in,in,;referent_grounding_v1:G1,,X=items|Y=cabinet
G1,00848-ziup5kvtCCR/tasks-island_0.json,72,5,Arrange the cabinet in the lounge.,OK,place_in,place_in,Place cabinet in receptacle.,Place the cabinet in the lounge.,in,in,;referent_grounding_v1:G1,,X=cabinet|Y=lounge
G2,00848-ziup5kvtCCR/tasks-island_0.json,86,5,Arrange the bowl of fruit.,OK,place_on,straighten,Place bowl of fruit on surface.,Straighten the bowl of fruit.,on,,;referent_grounding_v1:G2,,X=bowl of fruit
G1,00848-ziup5kvtCCR/tasks-island_0.json,95,2,Set the wine bottle on the coffee table.,OK,place_on,place_on,Place wine bottle on surface.,Place the wine bottle on the coffee table.,on,on,;referent_grounding_v1:G1,,X=wine bottle|Y=coffee table
G1,00848-ziup5kvtCCR/tasks-island_0.json,109,3,Set the bowl of fruit on the coffee table.,OK,place_on,place_on,Place bowl of fruit on surface.,Place the bowl of fruit on the coffee table.,on,on,;referent_grounding_v1:G1,,X=bowl of fruit|Y=coffee table
G2,00848-ziup5kvtCCR/tasks-island_0.json,123,2,Set the coffee maker.,OK,place_on,straighten,Place coffee maker on surface.,Straighten the coffee maker.,on,,;referent_grounding_v1:G2,,X=coffee maker
G1,00849-a8BtkwhxdRV/tasks-island_0.json,31,2,Organize clothes in the wardrobe.,OK,place_in,place_in,Place wardrobe in receptacle.,Place the clothes in the wardrobe.,in,in,;referent_grounding_v1:G1,,X=clothes|Y=wardrobe
G2,00849-a8BtkwhxdRV/tasks-island_0.json,32,7,Arrange the coffee table.,OK,place_on,straighten,Place coffee table on surface.,Straighten the coffee table.,on,,;referent_grounding_v1:G2,,X=coffee table
G2,00849-a8BtkwhxdRV/tasks-island_1.json,4,4,Arrange the folding chair.,OK,place_on,straighten,Place folding chair on surface.,Straighten the folding chair.,on,,;referent_grounding_v1:G2,,X=folding chair
G2,00849-a8BtkwhxdRV/tasks-island_1.json,33,5,Arrange the folding chair.,OK,place_on,straighten,Place folding chair on surface.,Straighten the folding chair.,on,,;referent_grounding_v1:G2,,X=folding chair
G2,00849-a8BtkwhxdRV/tasks-island_1.json,44,5,Arrange the paper.,OK,place_on,straighten,Place paper on surface.,Straighten the paper.,on,,;referent_grounding_v1:G2,,X=paper
G2,00849-a8BtkwhxdRV/tasks-island_1.json,45,3,Arrange the towel.,OK,place_on,straighten,Place towel on surface.,Straighten the towel.,on,,;referent_grounding_v1:G2,,X=towel
G1,00853-5cdEh9F2hJL/tasks-island_0.json,7,1,Arrange books on the shelf.,OK,place_on,place_on,Place shelf on surface.,Place the books on the shelf.,on,on,;referent_grounding_v1:G1,,X=books|Y=shelf
G2,00853-5cdEh9F2hJL/tasks-island_0.json,15,1,Arrange the firewood holder.,OK,place_on,straighten,Place firewood holder on surface.,Straighten the firewood holder.,on,,;referent_grounding_v1:G2,,X=firewood holder
G1,00853-5cdEh9F2hJL/tasks-island_0.json,20,2,Organize items into the storage box.,OK,place_in,place_in,Place storage box in receptacle.,Place the items into the storage box.,in,in,;referent_grounding_v1:G1,,X=items|Y=storage box
G1,00853-5cdEh9F2hJL/tasks-island_0.json,28,2,Arrange the clothes hanger in the closet.,OK,place_in,place_in,Place clothes hanger in receptacle.,Place the clothes hanger in the closet.,in,in,;referent_grounding_v1:G1,,X=clothes hanger|Y=closet
G1,00853-5cdEh9F2hJL/tasks-island_0.json,30,4,Arrange books on the shelf.,OK,place_on,place_on,Place shelf on surface.,Place the books on the shelf.,on,on,;referent_grounding_v1:G1,,X=books|Y=shelf
G1,00853-5cdEh9F2hJL/tasks-island_0.json,66,4,Set the tray on the end table.,OK,place_on,place_on,Place tray on surface.,Place the tray on the end table.,on,on,;referent_grounding_v1:G1,,X=tray|Y=end table
G1,00853-5cdEh9F2hJL/tasks-island_0.json,67,3,Arrange books on the shelf.,OK,place_on,place_on,Place book on surface.,Place the books on the shelf.,on,on,;referent_grounding_v1:G1,,X=books|Y=shelf
G2,00853-5cdEh9F2hJL/tasks-island_0.json,72,4,Set the decorative bowl.,OK,place_on,straighten,Place decorative bowl on surface.,Straighten the decorative bowl.,on,,;referent_grounding_v1:G2,,X=decorative bowl
G2,00853-5cdEh9F2hJL/tasks-island_0.json,84,2,Arrange the hanging clothes.,OK,place_on,straighten,Place hanging clothes on surface.,Straighten the hanging clothes.,on,,;referent_grounding_v1:G2,,X=hanging clothes
G2,00853-5cdEh9F2hJL/tasks-island_0.json,95,5,Position the end table.,OK,place_on,reposition,Place end table on surface.,Reposition the end table.,on,,;referent_grounding_v1:G2,,X=end table
G2,00853-5cdEh9F2hJL/tasks-island_0.json,103,6,Set the tray.,OK,place_on,straighten,Place tray on surface.,Straighten the tray.,on,,;referent_grounding_v1:G2,,X=tray
G1,00853-5cdEh9F2hJL/tasks-island_0.json,107,1,Set the towel on the bar.,OK,place_on,place_on,Place towel on surface.,Place the towel on the bar.,on,on,;referent_grounding_v1:G1,,X=towel|Y=bar
G2,00853-5cdEh9F2hJL/tasks-island_0.json,124,2,Arrange the flowerpot.,OK,place_on,straighten,Place flowerpot on surface.,Straighten the flowerpot.,on,,;referent_grounding_v1:G2,,X=flowerpot
G2,00853-5cdEh9F2hJL/tasks-island_0.json,124,3,Position the floor lamp.,OK,place_on,reposition,Place floor lamp on surface.,Reposition the floor lamp.,on,,;referent_grounding_v1:G2,,X=floor lamp
G2,00853-5cdEh9F2hJL/tasks-island_0.json,132,3,Arrange the hanging clothes.,OK,place_on,straighten,Place hanging clothes on surface.,Straighten the hanging clothes.,on,,;referent_grounding_v1:G2,,X=hanging clothes
G1,00853-5cdEh9F2hJL/tasks-island_0.json,140,2,Organize toiletries in the bathroom cabinet.,OK,place_in,place_in,Place bathroom cabinet in receptacle.,Place the toiletries in the bathroom cabinet.,in,in,;referent_grounding_v1:G1,,X=toiletries|Y=bathroom cabinet
G1,00853-5cdEh9F2hJL/tasks-island_0.json,141,1,Arrange flowers in the flower vase.,OK,place_in,place_in,Place flower vase in receptacle.,Place the flowers in the flower vase.,in,in,;referent_grounding_v1:G1,,X=flowers|Y=flower vase
G1,00853-5cdEh9F2hJL/tasks-island_0.json,141,6,Organize plates in the kitchen cabinet.,OK,place_in,place_in,Place kitchen cabinet in receptacle.,Place the plates in the kitchen cabinet.,in,in,;referent_grounding_v1:G1,,X=plates|Y=kitchen cabinet
G1,00853-5cdEh9F2hJL/tasks-island_0.json,144,1,Organize soaps in the shower wall cubby.,OK,place_in,place_in,Place shower wall cubby in receptacle.,Place the soaps in the shower wall cubby.,in,in,;referent_grounding_v1:G1,,X=soaps|Y=shower wall cubby
G4,00853-5cdEh9F2hJL/tasks-island_0.json,159,3,Fill a pitcher at the sink.,RESOLVED,fill,fill,Use the sink to fill a container.,Fill the vase at the sink.,at,at,;referent_grounding_v1:G4,,vessel=vase
G2,00853-5cdEh9F2hJL/tasks-island_0.json,168,3,Arrange hanging clothes.,OK,place_on,straighten,Place hanging clothes on surface.,Straighten the hanging clothes.,on,,;referent_grounding_v1:G2,,X=hanging clothes
G2,00853-5cdEh9F2hJL/tasks-island_0.json,171,1,Arrange the flower vase.,OK,place_on,straighten,Place flower vase on surface.,Straighten the flower vase.,on,,;referent_grounding_v1:G2,,X=flower vase
G2,00853-5cdEh9F2hJL/tasks-island_0.json,176,1,Arrange the flower vase.,OK,place_on,straighten,Place flower vase on surface.,Straighten the flower vase.,on,,;referent_grounding_v1:G2,,X=flower vase
G2,00853-5cdEh9F2hJL/tasks-island_0.json,177,3,Arrange the display cabinet.,OK,place_on,straighten,Place display cabinet on surface.,Straighten the display cabinet.,on,,;referent_grounding_v1:G2,,X=display cabinet
G2,00853-5cdEh9F2hJL/tasks-island_0.json,182,6,Arrange the book.,OK,place_on,straighten,Place book on surface.,Straighten the book.,on,,;referent_grounding_v1:G2,,X=book
G2,00853-5cdEh9F2hJL/tasks-island_0.json,184,1,Arrange the flower vase.,OK,place_on,straighten,Place flower vase on surface.,Straighten the flower vase.,on,,;referent_grounding_v1:G2,,X=flower vase
G2,00853-5cdEh9F2hJL/tasks-island_0.json,190,5,Arrange the book.,OK,place_on,straighten,Place book on surface.,Straighten the book.,on,,;referent_grounding_v1:G2,,X=book
G1,00861-GLAQ4DNUx5U/tasks-island_0.json,19,1,Set the flowerpot on the stand.,OK,place_on,place_on,Place flowerpot on surface.,Place the flowerpot on the stand.,on,on,;referent_grounding_v1:G1,,X=flowerpot|Y=stand
G1,00861-GLAQ4DNUx5U/tasks-island_0.json,19,4,Arrange the plush toy on the bed.,OK,place_on,place_on,Place plush toy on surface.,Place the plush toy on the bed.,on,on,;referent_grounding_v1:G1,,X=plush toy|Y=bed
G4,00861-GLAQ4DNUx5U/tasks-island_0.json,36,3,Fill a bowl with water from the sink.,FLAG,fill,fill,Use the sink to fill a container.,Use the sink to fill a container.,,,;ungrounded_anaphora,,no_vessel_found
G1,00861-GLAQ4DNUx5U/tasks-island_0.json,50,1,Organize the books on the shelf.,OK,place_on,place_on,Place shelf on surface.,Place the books on the shelf.,on,on,;referent_grounding_v1:G1,,X=books|Y=shelf
G2,00861-GLAQ4DNUx5U/tasks-island_0.json,70,1,Arrange the decorative plant.,OK,place_on,straighten,Place decorative plant on surface.,Straighten the decorative plant.,on,,;referent_grounding_v1:G2,,X=decorative plant
G1,00861-GLAQ4DNUx5U/tasks-island_0.json,71,5,Sort the books on the book rack.,OK,place_on,place_on,Place book rack on surface.,Place the books on the book rack.,on,on,;referent_grounding_v1:G1,,X=books|Y=book rack
G1,00861-GLAQ4DNUx5U/tasks-island_0.json,73,5,Sort the items on the shelf.,OK,place_on,place_on,Place shelf on surface.,Place the items on the shelf.,on,on,;referent_grounding_v1:G1,,X=items|Y=shelf
G2,00861-GLAQ4DNUx5U/tasks-island_0.json,79,2,Arrange the hanger.,OK,place_on,straighten,Place hanger on surface.,Straighten the hanger.,on,,;referent_grounding_v1:G2,,X=hanger
G2,00861-GLAQ4DNUx5U/tasks-island_0.json,82,6,Arrange the clothes rack.,OK,place_on,straighten,Place clothes rack on surface.,Straighten the clothes rack.,on,,;referent_grounding_v1:G2,,X=clothes rack
G2,00861-GLAQ4DNUx5U/tasks-island_0.json,83,5,Arrange the book.,OK,place_on,straighten,Place book on surface.,Straighten the book.,on,,;referent_grounding_v1:G2,,X=book
G2,00861-GLAQ4DNUx5U/tasks-island_0.json,89,4,Set the bed stand items.,OK,place_on,straighten,Place bed stand on surface.,Straighten the bed stand items.,on,,;referent_grounding_v1:G2,,X=bed stand items
G1,00861-GLAQ4DNUx5U/tasks-island_0.json,94,3,Set the shampoo in the shower area.,OK,place_in,place_in,Place shampoo in receptacle.,Place the shampoo in the shower area.,in,in,;referent_grounding_v1:G1,,X=shampoo|Y=shower area
G2,00861-GLAQ4DNUx5U/tasks-island_0.json,101,6,Arrange the towel.,OK,place_on,straighten,Place towel on surface.,Straighten the towel.,on,,;referent_grounding_v1:G2,,X=towel
G1,00861-GLAQ4DNUx5U/tasks-island_0.json,105,6,Organize the shirts in the wardrobe.,OK,place_in,place_in,Place wardrobe in receptacle.,Place the shirts in the wardrobe.,in,in,;referent_grounding_v1:G1,,X=shirts|Y=wardrobe
G1,00861-GLAQ4DNUx5U/tasks-island_0.json,107,3,Organize the books on the book rack.,OK,place_on,place_on,Place book rack on surface.,Place the books on the book rack.,on,on,;referent_grounding_v1:G1,,X=books|Y=book rack
G1,00861-GLAQ4DNUx5U/tasks-island_0.json,111,3,Arrange the clothes in the dresser.,OK,place_in,place_in,Place dresser in receptacle.,Place the clothes in the dresser.,in,in,;referent_grounding_v1:G1,,X=clothes|Y=dresser
G1,00861-GLAQ4DNUx5U/tasks-island_0.json,115,3,Organize the items in the wardrobe.,OK,place_in,place_in,Place wardrobe in receptacle.,Place the items in the wardrobe.,in,in,;referent_grounding_v1:G1,,X=items|Y=wardrobe
G2,00861-GLAQ4DNUx5U/tasks-island_0.json,131,6,Organize items inside the kitchen cabinet.,OK,place_in,straighten,Place kitchen cabinet in receptacle.,Straighten the items inside the kitchen cabinet.,in,,;referent_grounding_v1:G2,,X=items inside the kitchen cabinet
G1,00861-GLAQ4DNUx5U/tasks-island_0.json,135,4,Arrange the books on the book rack.,OK,place_on,place_on,Place book rack on surface.,Place the books on the book rack.,on,on,;referent_grounding_v1:G1,,X=books|Y=book rack
G1,00861-GLAQ4DNUx5U/tasks-island_0.json,140,5,Tidy the items on the shelf.,OK,place_on,place_on,Place shelf on surface.,Place the items on the shelf.,on,on,;referent_grounding_v1:G1,,X=items|Y=shelf
G3,00861-GLAQ4DNUx5U/tasks-island_0.json,153,3,Put away clothes in the wardrobe.,OK,store,store,Store items in the wardrobe.,Store the clothes in the wardrobe.,in,in,;referent_grounding_v1:G3,,NP=clothes
G4,00862-LT9Jq6dN3Ea/tasks-island_0.json,0,2,Fill the bottle at the sink.,RESOLVED,fill,fill,Use the sink to fill a container.,Fill the bottle at the sink.,at,at,;referent_grounding_v1:G4,,vessel=bottle
G2,00862-LT9Jq6dN3Ea/tasks-island_0.json,10,3,Arrange the boxes.,OK,place_on,straighten,Place box on surface.,Straighten the boxes.,on,,;referent_grounding_v1:G2,,X=boxes
G2,00862-LT9Jq6dN3Ea/tasks-island_0.json,26,4,Set the bowl.,OK,place_on,straighten,Place bowl on surface.,Straighten the bowl.,on,,;referent_grounding_v1:G2,,X=bowl
G2,00862-LT9Jq6dN3Ea/tasks-island_0.json,34,3,Set the plate.,OK,place_on,straighten,Place plate on surface.,Straighten the plate.,on,,;referent_grounding_v1:G2,,X=plate
G2,00862-LT9Jq6dN3Ea/tasks-island_0.json,53,2,Arrange the decoration.,OK,place_on,straighten,Place decoration on surface.,Straighten the decoration.,on,,;referent_grounding_v1:G2,,X=decoration
G2,00862-LT9Jq6dN3Ea/tasks-island_0.json,69,2,Arrange the shelf.,OK,place_on,straighten,Place shelf on surface.,Straighten the shelf.,on,,;referent_grounding_v1:G2,,X=shelf
G4,00862-LT9Jq6dN3Ea/tasks-island_0.json,110,2,Fill it at the sink.,RESOLVED,fill,fill,Use the sink to fill a container.,Fill the pitcher at the sink.,at,at,;referent_grounding_v1:G4,,vessel=pitcher
G2,00862-LT9Jq6dN3Ea/tasks-island_0.json,114,4,Set the tray.,OK,place_on,straighten,Place tray on surface.,Straighten the tray.,on,,;referent_grounding_v1:G2,,X=tray
G4,00862-LT9Jq6dN3Ea/tasks-island_0.json,124,2,Fill it at the sink.,RESOLVED,fill,fill,Use the sink to fill a container.,Fill the pitcher at the sink.,at,at,;referent_grounding_v1:G4,,vessel=pitcher
G2,00862-LT9Jq6dN3Ea/tasks-island_0.json,131,5,Arrange the flower vase.,OK,place_on,straighten,Place flower vase on surface.,Straighten the flower vase.,on,,;referent_grounding_v1:G2,,X=flower vase
G2,00862-LT9Jq6dN3Ea/tasks-island_0.json,139,4,Arrange the flower vase.,OK,place_on,straighten,Place flower vase on surface.,Straighten the flower vase.,on,,;referent_grounding_v1:G2,,X=flower vase
G2,00862-LT9Jq6dN3Ea/tasks-island_0.json,144,4,Arrange the flowerpot.,OK,place_on,straighten,Place flowerpot on surface.,Straighten the flowerpot.,on,,;referent_grounding_v1:G2,,X=flowerpot
G2,00862-LT9Jq6dN3Ea/tasks-island_0.json,147,5,Arrange the flower vase.,OK,place_on,straighten,Place flower vase on surface.,Straighten the flower vase.,on,,;referent_grounding_v1:G2,,X=flower vase
G2,00862-LT9Jq6dN3Ea/tasks-island_0.json,148,5,Arrange the flowerpot.,OK,place_on,straighten,Place flowerpot on surface.,Straighten the flowerpot.,on,,;referent_grounding_v1:G2,,X=flowerpot
G2,00862-LT9Jq6dN3Ea/tasks-island_0.json,150,4,Set the tray.,OK,place_in,straighten,Place tray in receptacle.,Straighten the tray.,in,,;referent_grounding_v1:G2,,X=tray
G2,00862-LT9Jq6dN3Ea/tasks-island_0.json,155,5,Arrange the flowerpot.,OK,place_on,straighten,Place flowerpot on surface.,Straighten the flowerpot.,on,,;referent_grounding_v1:G2,,X=flowerpot
G2,00862-LT9Jq6dN3Ea/tasks-island_0.json,161,2,Arrange the flower vase.,OK,place_on,straighten,Place flower vase on surface.,Straighten the flower vase.,on,,;referent_grounding_v1:G2,,X=flower vase
G2,00862-LT9Jq6dN3Ea/tasks-island_0.json,169,4,Arrange the flower vase.,OK,place_on,straighten,Place flower vase on surface.,Straighten the flower vase.,on,,;referent_grounding_v1:G2,,X=flower vase
G1,00862-LT9Jq6dN3Ea/tasks-island_0.json,172,2,Set the tray on the table.,OK,place_on,place_on,Place tray on surface.,Place the tray on the table.,on,on,;referent_grounding_v1:G1,,X=tray|Y=table
G1,00862-LT9Jq6dN3Ea/tasks-island_0.json,174,2,Organize books on the shelf.,OK,place_on,place_on,Place shelf on surface.,Place the books on the shelf.,on,on,;referent_grounding_v1:G1,,X=books|Y=shelf
G2,00862-LT9Jq6dN3Ea/tasks-island_0.json,185,6,Arrange the decoration.,OK,place_in,straighten,Place decoration in receptacle.,Straighten the decoration.,in,,;referent_grounding_v1:G2,,X=decoration
G2,00862-LT9Jq6dN3Ea/tasks-island_0.json,195,2,Arrange the flower vase.,OK,place_on,straighten,Place flower vase on surface.,Straighten the flower vase.,on,,;referent_grounding_v1:G2,,X=flower vase
G2,00862-LT9Jq6dN3Ea/tasks-island_0.json,202,2,Arrange the decoration.,OK,place_on,straighten,Place decoration on surface.,Straighten the decoration.,on,,;referent_grounding_v1:G2,,X=decoration
G1,00862-LT9Jq6dN3Ea/tasks-island_0.json,205,1,Tidy up the coats on the rack.,OK,place_on,place_on,Place rack on surface.,Place the coats on the rack.,on,on,;referent_grounding_v1:G1,,X=coats|Y=rack
G1,00862-LT9Jq6dN3Ea/tasks-island_0.json,205,4,Organize items in the basket.,OK,place_in,place_in,Place basket in receptacle.,Place the items in the basket.,in,in,;referent_grounding_v1:G1,,X=items|Y=basket
G2,00862-LT9Jq6dN3Ea/tasks-island_0.json,205,5,Arrange the display case.,OK,place_on,straighten,Place case on surface.,Straighten the display case.,on,,;referent_grounding_v1:G2,,X=display case
G1,00862-LT9Jq6dN3Ea/tasks-island_0.json,219,3,Arrange the box on the shelf.,OK,place_on,place_on,Place box on surface.,Place the box on the shelf.,on,on,;referent_grounding_v1:G1,,X=box|Y=shelf
G2,00862-LT9Jq6dN3Ea/tasks-island_0.json,244,3,Arrange the flower vase.,OK,place_on,straighten,Place flower vase on surface.,Straighten the flower vase.,on,,;referent_grounding_v1:G2,,X=flower vase
G2,00862-LT9Jq6dN3Ea/tasks-island_0.json,257,4,Arrange the flower vase.,OK,place_on,straighten,Place flower vase on surface.,Straighten the flower vase.,on,,;referent_grounding_v1:G2,,X=flower vase
G2,00862-LT9Jq6dN3Ea/tasks-island_0.json,269,4,Arrange the flower vase.,OK,place_on,straighten,Place flower vase on surface.,Straighten the flower vase.,on,,;referent_grounding_v1:G2,,X=flower vase
G2,00862-LT9Jq6dN3Ea/tasks-island_0.json,277,4,Arrange the flower vase.,OK,place_on,straighten,Place flower vase on surface.,Straighten the flower vase.,on,,;referent_grounding_v1:G2,,X=flower vase
G1,00862-LT9Jq6dN3Ea/tasks-island_0.json,278,2,Tidy the items on the rack.,OK,place_on,place_on,Place rack on surface.,Place the items on the rack.,on,on,;referent_grounding_v1:G1,,X=items|Y=rack
G1,00862-LT9Jq6dN3Ea/tasks-island_0.json,286,7,Set the bottle on the table.,OK,place_on,place_on,Place bottle on surface.,Place the bottle on the table.,on,on,;referent_grounding_v1:G1,,X=bottle|Y=table
G4,00862-LT9Jq6dN3Ea/tasks-island_0.json,320,2,Fill it with water from the pitcher.,RESOLVED,fill,fill,Use the pitcher to fill a container.,Use the pitcher to fill the cup.,,,;referent_grounding_v1:G4,,vessel=cup
G3,00862-LT9Jq6dN3Ea/tasks-island_0.json,327,4,Fluff the pillows on the bed.,OK,fluff,fluff,Fluff items on the bed.,Fluff the pillows on the bed.,on,on,;referent_grounding_v1:G3,,NP=pillows
G2,00862-LT9Jq6dN3Ea/tasks-island_0.json,345,4,Arrange the rack.,OK,place_on,straighten,Place rack on surface.,Straighten the rack.,on,,;referent_grounding_v1:G2,,X=rack
G1,00862-LT9Jq6dN3Ea/tasks-island_0.json,345,5,Sort items in the basket.,OK,place_in,place_in,Place basket in receptacle.,Place the items in the basket.,in,in,;referent_grounding_v1:G1,,X=items|Y=basket
G2,00862-LT9Jq6dN3Ea/tasks-island_0.json,366,4,Set the tray.,OK,place_in,straighten,Place tray in receptacle.,Straighten the tray.,in,,;referent_grounding_v1:G2,,X=tray
G1,00869-MHPLjHsuG27/tasks-island_1.json,0,4,Set the tray on the table.,OK,place_on,place_on,Place tray on surface.,Place the tray on the table.,on,on,;referent_grounding_v1:G1,,X=tray|Y=table
G1,00869-MHPLjHsuG27/tasks-island_1.json,8,4,Set the tray on the table.,OK,place_on,place_on,Place tray on surface.,Place the tray on the table.,on,on,;referent_grounding_v1:G1,,X=tray|Y=table
G2,00869-MHPLjHsuG27/tasks-island_1.json,9,4,Arrange the lounge chair.,OK,place_on,straighten,Place lounge chair on surface.,Straighten the lounge chair.,on,,;referent_grounding_v1:G2,,X=lounge chair
G1,00869-MHPLjHsuG27/tasks-island_1.json,12,4,Set the tray on the table.,OK,place_in,place_on,Place tray in receptacle.,Place the tray on the table.,in,on,;referent_grounding_v1:G1,,X=tray|Y=table
G2,00869-MHPLjHsuG27/tasks-island_1.json,17,3,Arrange the lounge chair.,OK,place_on,straighten,Place lounge chair on surface.,Straighten the lounge chair.,on,,;referent_grounding_v1:G2,,X=lounge chair
G2,00869-MHPLjHsuG27/tasks-island_1.json,26,2,Position the lounge chair.,OK,place_in,reposition,Place lounge chair in receptacle.,Reposition the lounge chair.,in,,;referent_grounding_v1:G2,,X=lounge chair
G1,00869-MHPLjHsuG27/tasks-island_1.json,29,1,Organize the items on the shelving.,OK,place_on,place_on,Place shelving on surface.,Place the items on the shelving.,on,on,;referent_grounding_v1:G1,,X=items|Y=shelving
G2,00869-MHPLjHsuG27/tasks-island_1.json,29,3,Arrange the spice rack.,OK,place_on,straighten,Place spice rack on surface.,Straighten the spice rack.,on,,;referent_grounding_v1:G2,,X=spice rack
G2,00869-MHPLjHsuG27/tasks-island_1.json,36,6,Arrange the lounge chair.,OK,place_on,straighten,Place lounge chair on surface.,Straighten the lounge chair.,on,,;referent_grounding_v1:G2,,X=lounge chair
G2,00869-MHPLjHsuG27/tasks-island_1.json,41,6,Arrange the lounge chair.,OK,place_on,straighten,Place lounge chair on surface.,Straighten the lounge chair.,on,,;referent_grounding_v1:G2,,X=lounge chair
G2,00869-MHPLjHsuG27/tasks-island_1.json,45,7,Arrange the lounge chair for comfort.,OK,place_in,straighten,Place lounge chair in receptacle.,Straighten the lounge chair.,in,,;referent_grounding_v1:G2,,X=lounge chair
G1,00869-MHPLjHsuG27/tasks-island_1.json,47,4,Set a tray on the table.,OK,place_on,place_on,Place tray on surface.,Place the tray on the table.,on,on,;referent_grounding_v1:G1,,X=tray|Y=table
G2,00869-MHPLjHsuG27/tasks-island_1.json,52,1,Rearrange the shelving items.,OK,place_on,straighten,Place shelving on surface.,Straighten the shelving items.,on,,;referent_grounding_v1:G2,,X=shelving items
G1,00871-VBzV5z6i1WS/tasks-island_0.json,25,4,Arrange items in the cabinet.,OK,place_in,place_in,Place cabinet in receptacle.,Place the items in the cabinet.,in,in,;referent_grounding_v1:G1,,X=items|Y=cabinet
G2,00871-VBzV5z6i1WS/tasks-island_0.json,27,4,Arrange the flower.,OK,place_on,straighten,Place flower on surface.,Straighten the flower.,on,,;referent_grounding_v1:G2,,X=flower
G2,00871-VBzV5z6i1WS/tasks-island_0.json,35,2,Position the piano bench.,OK,place_on,reposition,Place piano bench on surface.,Reposition the piano bench.,on,,;referent_grounding_v1:G2,,X=piano bench
G2,00871-VBzV5z6i1WS/tasks-island_0.json,57,3,Arrange the flower.,OK,place_on,straighten,Place flower on surface.,Straighten the flower.,on,,;referent_grounding_v1:G2,,X=flower
G2,00871-VBzV5z6i1WS/tasks-island_0.json,67,1,Arrange the rocking chair.,OK,place_in,straighten,Place rocking chair in receptacle.,Straighten the rocking chair.,in,,;referent_grounding_v1:G2,,X=rocking chair
G2,00871-VBzV5z6i1WS/tasks-island_0.json,68,4,Arrange the stand.,OK,place_on,straighten,Place stand on surface.,Straighten the stand.,on,,;referent_grounding_v1:G2,,X=stand
G1,00871-VBzV5z6i1WS/tasks-island_0.json,85,2,Set the bowl on the kitchen counter.,OK,place_on,place_on,Place bowl on surface.,Place the bowl on the kitchen counter.,on,on,;referent_grounding_v1:G1,,X=bowl|Y=kitchen counter
G1,00871-VBzV5z6i1WS/tasks-island_0.json,88,5,Set the tray in the kitchen.,OK,place_in,place_in,Place tray in receptacle.,Place the tray in the kitchen.,in,in,;referent_grounding_v1:G1,,X=tray|Y=kitchen
G1,00871-VBzV5z6i1WS/tasks-island_0.json,104,6,Set the tray on the table.,OK,place_on,place_on,Place tray on surface.,Place the tray on the table.,on,on,;referent_grounding_v1:G1,,X=tray|Y=table
G1,00871-VBzV5z6i1WS/tasks-island_0.json,106,2,Organize the items on the dresser.,OK,place_on,place_on,Place dresser on surface.,Place the items on the dresser.,on,on,;referent_grounding_v1:G1,,X=items|Y=dresser
G2,00871-VBzV5z6i1WS/tasks-island_0.json,111,1,Tidy the clothes inside the wardrobe.,OK,place_in,straighten,Place wardrobe in receptacle.,Straighten the clothes inside the wardrobe.,in,,;referent_grounding_v1:G2,,X=clothes inside the wardrobe
G1,00871-VBzV5z6i1WS/tasks-island_0.json,111,6,Arrange the items on the dresser.,OK,place_on,place_on,Place dresser on surface.,Place the items on the dresser.,on,on,;referent_grounding_v1:G1,,X=items|Y=dresser
G2,00871-VBzV5z6i1WS/tasks-island_0.json,131,4,Set the bowl.,OK,place_on,straighten,Place bowl on surface.,Straighten the bowl.,on,,;referent_grounding_v1:G2,,X=bowl
G2,00871-VBzV5z6i1WS/tasks-island_0.json,132,5,Set the cabinet.,OK,place_on,straighten,Place cabinet on surface.,Straighten the cabinet.,on,,;referent_grounding_v1:G2,,X=cabinet
G2,00871-VBzV5z6i1WS/tasks-island_0.json,133,6,Set the dresser.,OK,place_on,straighten,Place dresser on surface.,Straighten the dresser.,on,,;referent_grounding_v1:G2,,X=dresser
G2,00871-VBzV5z6i1WS/tasks-island_0.json,135,5,Set the dresser.,OK,place_in,straighten,Place dresser in receptacle.,Straighten the dresser.,in,,;referent_grounding_v1:G2,,X=dresser
G2,00871-VBzV5z6i1WS/tasks-island_0.json,136,7,Arrange the bath towel.,OK,place_on,straighten,Place bath towel on surface.,Straighten the bath towel.,on,,;referent_grounding_v1:G2,,X=bath towel
G2,00871-VBzV5z6i1WS/tasks-island_0.json,137,2,Arrange the bowl of fruit.,OK,place_in,straighten,Place bowl of fruit in receptacle.,Straighten the bowl of fruit.,in,,;referent_grounding_v1:G2,,X=bowl of fruit
G2,00871-VBzV5z6i1WS/tasks-island_0.json,140,2,Set the cabinet.,OK,place_on,straighten,Place cabinet on surface.,Straighten the cabinet.,on,,;referent_grounding_v1:G2,,X=cabinet
G2,00871-VBzV5z6i1WS/tasks-island_0.json,141,2,Position the flowerpot.,OK,place_on,reposition,Place flowerpot on surface.,Reposition the flowerpot.,on,,;referent_grounding_v1:G2,,X=flowerpot
G2,00871-VBzV5z6i1WS/tasks-island_0.json,143,4,Set the kitchen cabinet.,OK,place_on,straighten,Place kitchen cabinet on surface.,Straighten the kitchen cabinet.,on,,;referent_grounding_v1:G2,,X=kitchen cabinet
G2,00871-VBzV5z6i1WS/tasks-island_0.json,148,1,Set the dresser.,OK,place_on,straighten,Place dresser on surface.,Straighten the dresser.,on,,;referent_grounding_v1:G2,,X=dresser
G2,00871-VBzV5z6i1WS/tasks-island_0.json,150,4,Set the kitchen cabinet.,OK,place_on,straighten,Place kitchen cabinet on surface.,Straighten the kitchen cabinet.,on,,;referent_grounding_v1:G2,,X=kitchen cabinet
G2,00871-VBzV5z6i1WS/tasks-island_0.json,160,4,Position the piano bench.,OK,place_in,reposition,Place piano bench in receptacle.,Reposition the piano bench.,in,,;referent_grounding_v1:G2,,X=piano bench
G2,00871-VBzV5z6i1WS/tasks-island_0.json,161,3,Arrange the bowl.,OK,place_on,straighten,Place bowl on surface.,Straighten the bowl.,on,,;referent_grounding_v1:G2,,X=bowl
G2,00871-VBzV5z6i1WS/tasks-island_0.json,165,6,Arrange the decoration.,OK,place_in,straighten,Place decoration in receptacle.,Straighten the decoration.,in,,;referent_grounding_v1:G2,,X=decoration
G2,00871-VBzV5z6i1WS/tasks-island_0.json,169,5,Arrange the tray.,OK,place_on,straighten,Place tray on surface.,Straighten the tray.,on,,;referent_grounding_v1:G2,,X=tray
G2,00871-VBzV5z6i1WS/tasks-island_0.json,172,2,Arrange the flower.,OK,place_on,straighten,Place flower on surface.,Straighten the flower.,on,,;referent_grounding_v1:G2,,X=flower
G1,00873-bxsVRursffK/tasks-island_0.json,4,2,Arrange flowers in the flower vase.,OK,place_in,place_in,Place flower vase in receptacle.,Place the flowers in the flower vase.,in,in,;referent_grounding_v1:G1,,X=flowers|Y=flower vase
G3,00873-bxsVRursffK/tasks-island_0.json,5,1,Put toys away into the box.,OK,store,store,Store items in the box.,Store the toys in the box.,in,in,;referent_grounding_v1:G3,,NP=toys
G1,00873-bxsVRursffK/tasks-island_0.json,11,3,Organize the toiletries on the bathroom shelf.,OK,place_on,place_on,Place bathroom shelf on surface.,Place the toiletries on the bathroom shelf.,on,on,;referent_grounding_v1:G1,,X=toiletries|Y=bathroom shelf
G1,00873-bxsVRursffK/tasks-island_0.json,13,4,Organize papers on the shelf.,OK,place_on,place_on,Place shelf on surface.,Place the papers on the shelf.,on,on,;referent_grounding_v1:G1,,X=papers|Y=shelf
G1,00873-bxsVRursffK/tasks-island_0.json,20,1,Sort the items in the kitchen cabinet.,OK,place_in,place_in,Place kitchen cabinet in receptacle.,Place the items in the kitchen cabinet.,in,in,;referent_grounding_v1:G1,,X=items|Y=kitchen cabinet
G4,00873-bxsVRursffK/tasks-island_0.json,22,1,Fill a pitcher at the sink.,FLAG,fill,fill,Use the sink to fill a container.,Use the sink to fill a container.,at,at,;ungrounded_anaphora,,no_vessel_found
G1,00873-bxsVRursffK/tasks-island_0.json,33,3,Organize the items on the shelf.,OK,place_on,place_on,Place shelf on surface.,Place the items on the shelf.,on,on,;referent_grounding_v1:G1,,X=items|Y=shelf
G2,00873-bxsVRursffK/tasks-island_0.json,37,3,Arrange the clothes hanger.,OK,place_on,straighten,Place clothes hanger on surface.,Straighten the clothes hanger.,on,,;referent_grounding_v1:G2,,X=clothes hanger
G2,00873-bxsVRursffK/tasks-island_0.json,38,1,Arrange the bean bag chair for sitting.,OK,place_on,straighten,Place bean bag chair on surface.,Straighten the bean bag chair.,on,,;referent_grounding_v1:G2,,X=bean bag chair
G1,00873-bxsVRursffK/tasks-island_0.json,41,2,Organize the items on the shelf.,OK,place_on,place_on,Place shelf on surface.,Place the items on the shelf.,on,on,;referent_grounding_v1:G1,,X=items|Y=shelf
G2,00873-bxsVRursffK/tasks-island_0.json,43,2,Organize the items inside the basket.,OK,place_in,straighten,Place basket in receptacle.,Straighten the items inside the basket.,in,,;referent_grounding_v1:G2,,X=items inside the basket
G1,00873-bxsVRursffK/tasks-island_0.json,43,4,Tidy the objects on the shelf.,OK,place_on,place_on,Place shelf on surface.,Place the objects on the shelf.,on,on,;referent_grounding_v1:G1,,X=objects|Y=shelf
G3,00873-bxsVRursffK/tasks-island_0.json,44,2,Put the box away in the cabinet.,OK,store,store,Store items in the cabinet.,Store the box in the cabinet.,in,in,;referent_grounding_v1:G3,,NP=box
G1,00873-bxsVRursffK/tasks-island_0.json,54,3,Arrange the fruit in the bowl of fruit.,OK,place_in,place_in,Place bowl of fruit in receptacle.,Place the fruit in the bowl of fruit.,in,in,;referent_grounding_v1:G1,,X=fruit|Y=bowl of fruit
G2,00873-bxsVRursffK/tasks-island_0.json,57,3,Organize items inside the closet.,OK,place_in,straighten,Place closet in receptacle.,Straighten the items inside the closet.,in,,;referent_grounding_v1:G2,,X=items inside the closet
G2,00873-bxsVRursffK/tasks-island_0.json,57,5,Arrange the hanging clothes neatly.,OK,place_on,straighten,Place hanging clothes on surface.,Straighten the hanging clothes.,on,,;referent_grounding_v1:G2,,X=hanging clothes
G1,00873-bxsVRursffK/tasks-island_0.json,62,4,Arrange the fruit in the bowl of fruit.,OK,place_in,place_in,Place bowl of fruit in receptacle.,Place the fruit in the bowl of fruit.,in,in,;referent_grounding_v1:G1,,X=fruit|Y=bowl of fruit
G2,00873-bxsVRursffK/tasks-island_0.json,63,2,Arrange the bean bag chair for comfort.,OK,place_in,straighten,Place bean bag chair in receptacle.,Straighten the bean bag chair.,in,,;referent_grounding_v1:G2,,X=bean bag chair
G1,00873-bxsVRursffK/tasks-island_0.json,65,5,Arrange the book on the bedside table.,OK,place_on,place_on,Place book on surface.,Place the book on the bedside table.,on,on,;referent_grounding_v1:G1,,X=book|Y=bedside table
G2,00873-bxsVRursffK/tasks-island_0.json,75,6,Arrange the bathroom cabinet.,OK,place_on,straighten,Place bathroom cabinet on surface.,Straighten the bathroom cabinet.,on,,;referent_grounding_v1:G2,,X=bathroom cabinet
G1,00873-bxsVRursffK/tasks-island_0.json,76,4,Arrange clothes on the clothes hanger rod.,OK,place_on,place_on,Place clothes hanger rod on surface.,Place the clothes on the clothes hanger rod.,on,on,;referent_grounding_v1:G1,,X=clothes|Y=clothes hanger rod
G2,00873-bxsVRursffK/tasks-island_0.json,81,5,Arrange the book.,OK,place_on,straighten,Place book on surface.,Straighten the book.,on,,;referent_grounding_v1:G2,,X=book
G2,00873-bxsVRursffK/tasks-island_0.json,97,5,Arrange the handbag.,OK,place_on,straighten,Place handbag on surface.,Straighten the handbag.,on,,;referent_grounding_v1:G2,,X=handbag
G4,00873-bxsVRursffK/tasks-island_0.json,104,2,Fill a pitcher at the sink.,FLAG,fill,fill,Use the sink to fill a container.,Use the sink to fill a container.,at,at,;ungrounded_anaphora,,no_vessel_found
G2,00876-mv2HUxq3B53/tasks-island_0.json,2,4,Arrange the flower vase.,OK,place_on,straighten,Place flower vase on surface.,Straighten the flower vase.,on,,;referent_grounding_v1:G2,,X=flower vase
G2,00876-mv2HUxq3B53/tasks-island_0.json,9,3,Position the mouse.,OK,place_on,reposition,Place mouse on surface.,Reposition the mouse.,on,,;referent_grounding_v1:G2,,X=mouse
G2,00876-mv2HUxq3B53/tasks-island_0.json,25,3,Arrange the wine rack.,OK,place_on,straighten,Place wine rack on surface.,Straighten the wine rack.,on,,;referent_grounding_v1:G2,,X=wine rack
G2,00876-mv2HUxq3B53/tasks-island_0.json,26,3,Position the mouse.,OK,place_on,reposition,Place mouse on surface.,Reposition the mouse.,on,,;referent_grounding_v1:G2,,X=mouse
G2,00876-mv2HUxq3B53/tasks-island_0.json,27,3,Set the toaster.,OK,place_on,straighten,Place toaster on surface.,Straighten the toaster.,on,,;referent_grounding_v1:G2,,X=toaster
G3,00876-mv2HUxq3B53/tasks-island_0.json,44,3,Put fruit into the bowl.,OK,place_in,place_in,Place items in the bowl of fruit.,Place the fruit in the bowl of fruit.,in,in,;referent_grounding_v1:G3,,NP=fruit
G2,00876-mv2HUxq3B53/tasks-island_0.json,59,3,Arrange the sofa seat.,OK,place_on,straighten,Place sofa seat on surface.,Straighten the sofa seat.,on,,;referent_grounding_v1:G2,,X=sofa seat
G2,00876-mv2HUxq3B53/tasks-island_0.json,85,1,Arrange the sofa seat.,OK,place_in,straighten,Place sofa seat in receptacle.,Straighten the sofa seat.,in,,;referent_grounding_v1:G2,,X=sofa seat
G2,00876-mv2HUxq3B53/tasks-island_0.json,89,3,Set the bowl.,OK,place_on,straighten,Place bowl on surface.,Straighten the bowl.,on,,;referent_grounding_v1:G2,,X=bowl
G2,00876-mv2HUxq3B53/tasks-island_0.json,92,2,Set the cup.,OK,place_on,straighten,Place cup on surface.,Straighten the cup.,on,,;referent_grounding_v1:G2,,X=cup
G2,00876-mv2HUxq3B53/tasks-island_0.json,103,1,Arrange the circular sofa.,OK,place_on,straighten,Place circular sofa on surface.,Straighten the circular sofa.,on,,;referent_grounding_v1:G2,,X=circular sofa
G2,00876-mv2HUxq3B53/tasks-island_0.json,105,3,Set the bowl.,OK,place_on,straighten,Place bowl on surface.,Straighten the bowl.,on,,;referent_grounding_v1:G2,,X=bowl
G1,00876-mv2HUxq3B53/tasks-island_0.json,116,4,Organize the items on the shelf.,OK,place_on,place_on,Place shelf on surface.,Place the items on the shelf.,on,on,;referent_grounding_v1:G1,,X=items|Y=shelf
G1,00876-mv2HUxq3B53/tasks-island_0.json,118,1,Arrange flowers in the flower vase.,OK,place_in,place_in,Place flower vase in receptacle.,Place the flowers in the flower vase.,in,in,;referent_grounding_v1:G1,,X=flowers|Y=flower vase
G1,00876-mv2HUxq3B53/tasks-island_0.json,119,6,Reposition the vase on the table.,OK,place_on,place_on,Place vase on surface.,Place the vase on the table.,on,on,;referent_grounding_v1:G1,,X=vase|Y=table
G1,00876-mv2HUxq3B53/tasks-island_0.json,124,1,Organize tools on the shelf.,OK,place_on,place_on,Place shelf on surface.,Place the tools on the shelf.,on,on,;referent_grounding_v1:G1,,X=tools|Y=shelf
G1,00876-mv2HUxq3B53/tasks-island_0.json,126,5,Arrange the flower vase on the pedestal.,OK,place_on,place_on,Place flower vase on surface.,Place the flower vase on the pedestal.,on,on,;referent_grounding_v1:G1,,X=flower vase|Y=pedestal
G2,00876-mv2HUxq3B53/tasks-island_0.json,132,3,Arrange the sofa seat for comfort.,OK,place_on,straighten,Place sofa seat on surface.,Straighten the sofa seat.,on,,;referent_grounding_v1:G2,,X=sofa seat
G1,00876-mv2HUxq3B53/tasks-island_0.json,142,5,Set the bowl of fruit on the side table.,OK,place_on,place_on,Place bowl of fruit on surface.,Place the bowl of fruit on the side table.,on,on,;referent_grounding_v1:G1,,X=bowl of fruit|Y=side table
G2,00876-mv2HUxq3B53/tasks-island_0.json,146,4,Arrange the clothes.,OK,place_on,straighten,Place clothes on surface.,Straighten the clothes.,on,,;referent_grounding_v1:G2,,X=clothes
G2,00876-mv2HUxq3B53/tasks-island_0.json,149,5,Arrange the sofa seat.,OK,place_on,straighten,Place sofa seat on surface.,Straighten the sofa seat.,on,,;referent_grounding_v1:G2,,X=sofa seat
G2,00876-mv2HUxq3B53/tasks-island_0.json,166,5,Arrange the circular sofa.,OK,place_on,straighten,Place circular sofa on surface.,Straighten the circular sofa.,on,,;referent_grounding_v1:G2,,X=circular sofa
G2,00876-mv2HUxq3B53/tasks-island_0.json,171,3,Arrange the clothes.,OK,place_on,straighten,Place clothes on surface.,Straighten the clothes.,on,,;referent_grounding_v1:G2,,X=clothes
G2,00876-mv2HUxq3B53/tasks-island_0.json,172,4,Set the pitcher.,OK,place_on,straighten,Place pitcher on surface.,Straighten the pitcher.,on,,;referent_grounding_v1:G2,,X=pitcher
G2,00876-mv2HUxq3B53/tasks-island_0.json,174,6,Set the bowl of fruit.,OK,place_on,straighten,Place bowl of fruit on surface.,Straighten the bowl of fruit.,on,,;referent_grounding_v1:G2,,X=bowl of fruit
G1,00876-mv2HUxq3B53/tasks-island_0.json,181,3,Set the bowl of fruit on the table.,OK,place_on,place_on,Place bowl of fruit on surface.,Place the bowl of fruit on the table.,on,on,;referent_grounding_v1:G1,,X=bowl of fruit|Y=table
G2,00876-mv2HUxq3B53/tasks-island_0.json,183,4,Arrange the circular sofa.,OK,place_on,straighten,Place circular sofa on surface.,Straighten the circular sofa.,on,,;referent_grounding_v1:G2,,X=circular sofa
G3,00876-mv2HUxq3B53/tasks-island_0.json,198,2,Place fruit in the bowl.,OK,place_in,place_in,Place items in the bowl of fruit.,Place the fruit in the bowl of fruit.,in,in,;referent_grounding_v1:G3,,NP=fruit
G2,00876-mv2HUxq3B53/tasks-island_0.json,200,4,Set the bowl.,OK,place_on,straighten,Place bowl on surface.,Straighten the bowl.,on,,;referent_grounding_v1:G2,,X=bowl
G2,00876-mv2HUxq3B53/tasks-island_0.json,203,1,Arrange the clothes.,OK,place_on,straighten,Place clothes on surface.,Straighten the clothes.,on,,;referent_grounding_v1:G2,,X=clothes
G2,00876-mv2HUxq3B53/tasks-island_0.json,203,5,Arrange the circular sofa.,OK,place_on,straighten,Place circular sofa on surface.,Straighten the circular sofa.,on,,;referent_grounding_v1:G2,,X=circular sofa
G2,00876-mv2HUxq3B53/tasks-island_0.json,204,6,Set the bowl of fruit.,OK,place_on,straighten,Place bowl of fruit on surface.,Straighten the bowl of fruit.,on,,;referent_grounding_v1:G2,,X=bowl of fruit
G1,00876-mv2HUxq3B53/tasks-island_0.json,209,3,Arrange the sofa seat in the living area.,OK,place_in,place_in,Place sofa seat in receptacle.,Place the sofa seat in the living area.,in,in,;referent_grounding_v1:G1,,X=sofa seat|Y=living area
G2,00876-mv2HUxq3B53/tasks-island_0.json,212,4,Arrange the circular sofa.,OK,place_on,straighten,Place circular sofa on surface.,Straighten the circular sofa.,on,,;referent_grounding_v1:G2,,X=circular sofa
G2,00876-mv2HUxq3B53/tasks-island_0.json,218,4,Arrange the sofa seat.,OK,place_on,straighten,Place sofa seat on surface.,Straighten the sofa seat.,on,,;referent_grounding_v1:G2,,X=sofa seat
G2,00876-mv2HUxq3B53/tasks-island_0.json,223,1,Arrange the flower vase.,OK,place_on,straighten,Place flower vase on surface.,Straighten the flower vase.,on,,;referent_grounding_v1:G2,,X=flower vase
G2,00876-mv2HUxq3B53/tasks-island_0.json,226,4,Set the wardrobe.,OK,place_on,straighten,Place wardrobe on surface.,Straighten the wardrobe.,on,,;referent_grounding_v1:G2,,X=wardrobe
G2,00876-mv2HUxq3B53/tasks-island_0.json,238,3,Arrange the clothes.,OK,place_on,straighten,Place clothes on surface.,Straighten the clothes.,on,,;referent_grounding_v1:G2,,X=clothes
G2,00877-4ok3usBNeis/tasks-island_0.json,26,4,Arrange the dresser.,OK,place_on,straighten,Place dresser on surface.,Straighten the dresser.,on,,;referent_grounding_v1:G2,,X=dresser
G2,00877-4ok3usBNeis/tasks-island_0.json,29,4,Arrange the table lamp.,OK,place_on,straighten,Place table lamp on surface.,Straighten the table lamp.,on,,;referent_grounding_v1:G2,,X=table lamp
G2,00877-4ok3usBNeis/tasks-island_0.json,62,2,Set the tray.,OK,place_on,straighten,Place tray on surface.,Straighten the tray.,on,,;referent_grounding_v1:G2,,X=tray
G2,00877-4ok3usBNeis/tasks-island_0.json,62,4,Arrange the shoe.,OK,place_on,straighten,Place shoe on surface.,Straighten the shoe.,on,,;referent_grounding_v1:G2,,X=shoe
G2,00877-4ok3usBNeis/tasks-island_0.json,69,4,Arrange the rack.,OK,place_on,straighten,Place rack on surface.,Straighten the rack.,on,,;referent_grounding_v1:G2,,X=rack
G2,00877-4ok3usBNeis/tasks-island_0.json,88,2,Set the tray.,OK,place_on,straighten,Place tray on surface.,Straighten the tray.,on,,;referent_grounding_v1:G2,,X=tray
G1,00877-4ok3usBNeis/tasks-island_0.json,91,2,Organize items in the cabinet.,OK,place_in,place_in,Place cabinet in receptacle.,Place the items in the cabinet.,in,in,;referent_grounding_v1:G1,,X=items|Y=cabinet
G2,00877-4ok3usBNeis/tasks-island_0.json,97,3,Set the record player.,OK,place_on,straighten,Place record player on surface.,Straighten the record player.,on,,;referent_grounding_v1:G2,,X=record player
G2,00877-4ok3usBNeis/tasks-island_0.json,97,6,Arrange the entertainment set.,OK,place_on,straighten,Place entertainment set on surface.,Straighten the entertainment set.,on,,;referent_grounding_v1:G2,,X=entertainment set
G1,00877-4ok3usBNeis/tasks-island_0.json,100,5,Put objects in the rack.,OK,place_on,place_in,Place items on the rack.,Place the objects in the rack.,on,in,;referent_grounding_v1:G1,,X=objects|Y=rack
G2,00877-4ok3usBNeis/tasks-island_0.json,109,1,Set the record player.,OK,place_on,straighten,Place record player on surface.,Straighten the record player.,on,,;referent_grounding_v1:G2,,X=record player
G2,00877-4ok3usBNeis/tasks-island_0.json,109,4,Arrange the tray.,OK,place_on,straighten,Place tray on surface.,Straighten the tray.,on,,;referent_grounding_v1:G2,,X=tray
G2,00877-4ok3usBNeis/tasks-island_0.json,118,2,Arrange the shoe neatly.,OK,place_on,straighten,Place shoe on surface.,Straighten the shoe.,on,,;referent_grounding_v1:G2,,X=shoe
G1,00877-4ok3usBNeis/tasks-island_0.json,118,7,Organize the items on the rack.,OK,place_on,place_on,Place rack on surface.,Place the items on the rack.,on,on,;referent_grounding_v1:G1,,X=items|Y=rack
G2,00877-4ok3usBNeis/tasks-island_0.json,130,7,Arrange the shoe.,OK,place_on,straighten,Place shoe on surface.,Straighten the shoe.,on,,;referent_grounding_v1:G2,,X=shoe
G1,00878-XB4GS9ShBRE/tasks-island_0.json,2,2,Set the plate on the table.,OK,place_on,place_on,Place plate on surface.,Place the plate on the table.,on,on,;referent_grounding_v1:G1,,X=plate|Y=table
G2,00878-XB4GS9ShBRE/tasks-island_0.json,18,1,Arrange the flowers.,OK,place_on,straighten,Place flower on surface.,Straighten the flowers.,on,,;referent_grounding_v1:G2,,X=flowers
G1,00878-XB4GS9ShBRE/tasks-island_0.json,28,4,Set the plate on the table.,OK,place_on,place_on,Place plate on surface.,Place the plate on the table.,on,on,;referent_grounding_v1:G1,,X=plate|Y=table
G2,00878-XB4GS9ShBRE/tasks-island_0.json,31,3,Arrange the shampoo bottles.,OK,place_on,straighten,Place shampoo on surface.,Straighten the shampoo bottles.,on,,;referent_grounding_v1:G2,,X=shampoo bottles
G2,00878-XB4GS9ShBRE/tasks-island_0.json,33,5,Arrange the clothes hanger.,OK,place_on,straighten,Place clothes hanger on surface.,Straighten the clothes hanger.,on,,;referent_grounding_v1:G2,,X=clothes hanger
G2,00878-XB4GS9ShBRE/tasks-island_0.json,44,3,Set the plate.,OK,place_on,straighten,Place plate on surface.,Straighten the plate.,on,,;referent_grounding_v1:G2,,X=plate
G2,00878-XB4GS9ShBRE/tasks-island_0.json,46,3,Arrange the shampoo.,OK,place_on,straighten,Place shampoo on surface.,Straighten the shampoo.,on,,;referent_grounding_v1:G2,,X=shampoo
G1,00878-XB4GS9ShBRE/tasks-island_0.json,50,2,Organize the books on the shelf.,OK,place_on,place_on,Place shelf on surface.,Place the books on the shelf.,on,on,;referent_grounding_v1:G1,,X=books|Y=shelf
G1,00878-XB4GS9ShBRE/tasks-island_0.json,51,3,Set the plate on the table.,OK,place_on,place_on,Place plate on surface.,Place the plate on the table.,on,on,;referent_grounding_v1:G1,,X=plate|Y=table
G2,00878-XB4GS9ShBRE/tasks-island_0.json,70,1,Arrange the flower.,OK,place_on,straighten,Place flower on surface.,Straighten the flower.,on,,;referent_grounding_v1:G2,,X=flower
G2,00878-XB4GS9ShBRE/tasks-island_0.json,70,2,Set the plate.,OK,place_on,straighten,Place plate on surface.,Straighten the plate.,on,,;referent_grounding_v1:G2,,X=plate
G1,00878-XB4GS9ShBRE/tasks-island_0.json,81,1,Organize the items on the shelf.,OK,place_on,place_on,Place shelf on surface.,Place the items on the shelf.,on,on,;referent_grounding_v1:G1,,X=items|Y=shelf
G2,00878-XB4GS9ShBRE/tasks-island_0.json,84,3,Set the throw blanket aside.,OK,place_on,straighten,Place throw blanket on surface.,Straighten the throw blanket.,on,,;referent_grounding_v1:G2,,X=throw blanket
G1,00878-XB4GS9ShBRE/tasks-island_0.json,85,5,Arrange the flower on the table.,OK,place_on,place_on,Place flower on surface.,Place the flower on the table.,on,on,;referent_grounding_v1:G1,,X=flower|Y=table
G1,00878-XB4GS9ShBRE/tasks-island_0.json,88,4,Set the plate on the counter.,OK,place_on,place_on,Place plate on surface.,Place the plate on the counter.,on,on,;referent_grounding_v1:G1,,X=plate|Y=counter
G1,00878-XB4GS9ShBRE/tasks-island_0.json,98,4,Set the plate on the cabinet.,OK,place_on,place_on,Place plate on surface.,Place the plate on the cabinet.,on,on,;referent_grounding_v1:G1,,X=plate|Y=cabinet
G2,00878-XB4GS9ShBRE/tasks-island_0.json,99,4,Arrange the flower.,OK,place_on,straighten,Place flower on surface.,Straighten the flower.,on,,;referent_grounding_v1:G2,,X=flower
G1,00878-XB4GS9ShBRE/tasks-island_0.json,105,4,Set the plate on the cabinet.,OK,place_on,place_on,Place plate on surface.,Place the plate on the cabinet.,on,on,;referent_grounding_v1:G1,,X=plate|Y=cabinet
G2,00878-XB4GS9ShBRE/tasks-island_0.json,115,4,Arrange the flower.,OK,place_on,straighten,Place flower on surface.,Straighten the flower.,on,,;referent_grounding_v1:G2,,X=flower
G2,00878-XB4GS9ShBRE/tasks-island_0.json,116,4,Set the plate.,OK,place_on,straighten,Place plate on surface.,Straighten the plate.,on,,;referent_grounding_v1:G2,,X=plate
G2,00880-Nfvxx8J5NCo/tasks-island_0.json,58,6,Set the bowl.,OK,place_on,straighten,Place bowl on surface.,Straighten the bowl.,on,,;referent_grounding_v1:G2,,X=bowl
G2,00880-Nfvxx8J5NCo/tasks-island_0.json,79,6,Set the plate.,OK,place_on,straighten,Place plate on surface.,Straighten the plate.,on,,;referent_grounding_v1:G2,,X=plate
G2,00890-6s7QHgap2fW/tasks-island_0.json,10,4,Set the bedside cabinet.,OK,place_on,straighten,Place bedside cabinet on surface.,Straighten the bedside cabinet.,on,,;referent_grounding_v1:G2,,X=bedside cabinet
G2,00890-6s7QHgap2fW/tasks-island_0.json,16,3,Arrange the drawer.,OK,place_on,straighten,Place drawer on surface.,Straighten the drawer.,on,,;referent_grounding_v1:G2,,X=drawer
G2,00890-6s7QHgap2fW/tasks-island_0.json,19,1,Arrange the photo mount.,OK,place_on,straighten,Place photo mount on surface.,Straighten the photo mount.,on,,;referent_grounding_v1:G2,,X=photo mount
G2,00890-6s7QHgap2fW/tasks-island_0.json,25,2,Arrange the drawer.,OK,place_on,straighten,Place drawer on surface.,Straighten the drawer.,on,,;referent_grounding_v1:G2,,X=drawer
G2,00890-6s7QHgap2fW/tasks-island_0.json,62,4,Arrange the photo mount.,OK,place_on,straighten,Place photo mount on surface.,Straighten the photo mount.,on,,;referent_grounding_v1:G2,,X=photo mount
G2,00890-6s7QHgap2fW/tasks-island_0.json,64,4,Arrange the shoes.,OK,place_on,straighten,Place shoes on surface.,Straighten the shoes.,on,,;referent_grounding_v1:G2,,X=shoes
G4,00890-6s7QHgap2fW/tasks-island_0.json,74,2,Fill the kettle at the sink.,RESOLVED,fill,fill,Use the sink to fill a container.,Fill the kettle at the sink.,at,at,;referent_grounding_v1:G4,,vessel=kettle
G1,00890-6s7QHgap2fW/tasks-island_0.json,89,4,Put toys in the rack.,OK,place_on,place_in,Place items on the rack.,Place the toys in the rack.,on,in,;referent_grounding_v1:G1,,X=toys|Y=rack
G1,00890-6s7QHgap2fW/tasks-island_0.json,106,5,Put toys in the rack.,OK,place_on,place_in,Place items on the rack.,Place the toys in the rack.,on,in,;referent_grounding_v1:G1,,X=toys|Y=rack
G1,00890-6s7QHgap2fW/tasks-island_0.json,119,2,Set the plate on the table.,OK,place_on,place_on,Place plate on surface.,Place the plate on the table.,on,on,;referent_grounding_v1:G1,,X=plate|Y=table
G1,00890-6s7QHgap2fW/tasks-island_0.json,125,2,Sort the clothes in the wardrobe.,OK,place_in,place_in,Place wardrobe in receptacle.,Place the clothes in the wardrobe.,in,in,;referent_grounding_v1:G1,,X=clothes|Y=wardrobe
G1,00890-6s7QHgap2fW/tasks-island_0.json,125,4,Arrange the wardrobe in the bathroom area.,OK,place_in,place_in,Place wardrobe in receptacle.,Place the wardrobe in the bathroom area.,in,in,;referent_grounding_v1:G1,,X=wardrobe|Y=bathroom area
G2,00890-6s7QHgap2fW/tasks-island_0.json,126,3,Arrange the plate for serving.,OK,place_on,straighten,Place plate on surface.,Straighten the plate.,on,,;referent_grounding_v1:G2,,X=plate
G4,00890-6s7QHgap2fW/tasks-island_0.json,133,2,Refill the watering can at the sink.,FLAG,fill,fill,Use the sink to fill a container.,Use the sink to fill a container.,at,at,;ungrounded_anaphora,,no_vessel_found
G1,00890-6s7QHgap2fW/tasks-island_0.json,148,5,Arrange the photo mount on the wall.,OK,place_on,place_on,Place photo mount on surface.,Place the photo mount on the wall.,on,on,;referent_grounding_v1:G1,,X=photo mount|Y=wall
G1,00890-6s7QHgap2fW/tasks-island_0.json,153,2,Organize books on the bookstand.,OK,place_on,place_on,Place bookstand on surface.,Place the books on the bookstand.,on,on,;referent_grounding_v1:G1,,X=books|Y=bookstand
G2,00890-6s7QHgap2fW/tasks-island_0.json,162,1,Arrange the shoes.,OK,place_on,straighten,Place shoes on surface.,Straighten the shoes.,on,,;referent_grounding_v1:G2,,X=shoes
G1,00890-6s7QHgap2fW/tasks-island_0.json,195,5,Organize the files on the bookstand.,OK,place_in,place_on,Place bookstand in receptacle.,Place the files on the bookstand.,in,on,;referent_grounding_v1:G1,,X=files|Y=bookstand
G1,00890-6s7QHgap2fW/tasks-island_0.json,195,6,Set the camera on the shelf.,OK,place_in,place_on,Place camera in receptacle.,Place the camera on the shelf.,in,on,;referent_grounding_v1:G1,,X=camera|Y=shelf
G4,00890-6s7QHgap2fW/tasks-island_0.json,200,2,Fill it with water at the sink.,RESOLVED,fill,fill,Use the sink to fill a container.,Fill the watering can at the sink.,at,at,;referent_grounding_v1:G4,,vessel=watering can
G1,00890-6s7QHgap2fW/tasks-island_0.json,202,3,Organize baby clothes in the chest of drawers.,OK,place_in,place_in,Place chest of drawers in receptacle.,Place the baby clothes in the chest of drawers.,in,in,;referent_grounding_v1:G1,,X=baby clothes|Y=chest of drawers
G1,00890-6s7QHgap2fW/tasks-island_0.json,202,6,Arrange the toy on the floor.,OK,place_on,place_on,Place toy on surface.,Place the toy on the floor.,on,on,;referent_grounding_v1:G1,,X=toy|Y=floor
G1,00890-6s7QHgap2fW/tasks-island_0.json,203,5,Organize the items in the box.,OK,place_in,place_in,Place box in receptacle.,Place the items in the box.,in,in,;referent_grounding_v1:G1,,X=items|Y=box
G1,00890-6s7QHgap2fW/tasks-island_0.json,209,1,Organize the linens in the cabinet.,OK,place_in,place_in,Place cabinet in receptacle.,Place the linens in the cabinet.,in,in,;referent_grounding_v1:G1,,X=linens|Y=cabinet
G1,00890-6s7QHgap2fW/tasks-island_0.json,209,5,Tidy the items in the drawer.,OK,place_in,place_in,Place drawer in receptacle.,Place the items in the drawer.,in,in,;referent_grounding_v1:G1,,X=items|Y=drawer
G1,00890-6s7QHgap2fW/tasks-island_0.json,210,6,Reposition the lamp on the table.,OK,place_on,place_on,Place lamp on surface.,Place the lamp on the table.,on,on,;referent_grounding_v1:G1,,X=lamp|Y=table
G1,00890-6s7QHgap2fW/tasks-island_0.json,211,6,Tidy the stationary in the drawer.,OK,place_in,place_in,Place drawer in receptacle.,Place the stationary in the drawer.,in,in,;referent_grounding_v1:G1,,X=stationary|Y=drawer
G1,00890-6s7QHgap2fW/tasks-island_0.json,212,4,Organize baby blankets in the wardrobe.,OK,place_in,place_in,Place wardrobe in receptacle.,Place the baby blankets in the wardrobe.,in,in,;referent_grounding_v1:G1,,X=baby blankets|Y=wardrobe
G1,00890-6s7QHgap2fW/tasks-island_0.json,217,6,Organize the seeds in the box.,OK,place_in,place_in,Place box in receptacle.,Place the seeds in the box.,in,in,;referent_grounding_v1:G1,,X=seeds|Y=box
G1,00891-cvZr5TUy5C5/tasks-island_0.json,2,3,Set the flower vase on the table.,OK,place_on,place_on,Place flower vase on surface.,Place the flower vase on the table.,on,on,;referent_grounding_v1:G1,,X=flower vase|Y=table
G1,00891-cvZr5TUy5C5/tasks-island_0.json,5,2,Set the fruit bowl on the counter.,OK,place_on,place_on,Place fruit bowl on surface.,Place the fruit bowl on the counter.,on,on,;referent_grounding_v1:G1,,X=fruit bowl|Y=counter
G2,00891-cvZr5TUy5C5/tasks-island_0.json,46,4,Set the toaster.,OK,place_on,straighten,Place toaster on surface.,Straighten the toaster.,on,,;referent_grounding_v1:G2,,X=toaster
G2,00891-cvZr5TUy5C5/tasks-island_0.json,47,2,Arrange the sofa seat.,OK,place_in,straighten,Place sofa seat in receptacle.,Straighten the sofa seat.,in,,;referent_grounding_v1:G2,,X=sofa seat
G2,00891-cvZr5TUy5C5/tasks-island_0.json,49,4,Arrange the computer chair.,OK,place_on,straighten,Place computer chair on surface.,Straighten the computer chair.,on,,;referent_grounding_v1:G2,,X=computer chair
G3,00891-cvZr5TUy5C5/tasks-island_0.json,55,2,Put the toys away on the shelf.,OK,store,store,Store items on the shelf.,Store the toys on the shelf.,on,on,;referent_grounding_v1:G3,,NP=toys
G2,00891-cvZr5TUy5C5/tasks-island_0.json,55,3,Arrange the guitar neatly.,OK,place_on,straighten,Place guitar on surface.,Straighten the guitar.,on,,;referent_grounding_v1:G2,,X=guitar
G2,00891-cvZr5TUy5C5/tasks-island_0.json,58,4,Arrange the flower vase.,OK,place_on,straighten,Place flower vase on surface.,Straighten the flower vase.,on,,;referent_grounding_v1:G2,,X=flower vase
G2,00891-cvZr5TUy5C5/tasks-island_0.json,60,3,Arrange the sofa set for seating.,OK,place_on,straighten,Place sofa set on surface.,Straighten the sofa set.,on,,;referent_grounding_v1:G2,,X=sofa set
G1,00891-cvZr5TUy5C5/tasks-island_0.json,64,4,Set the fruit bowl on the counter.,OK,place_on,place_on,Place fruit bowl on surface.,Place the fruit bowl on the counter.,on,on,;referent_grounding_v1:G1,,X=fruit bowl|Y=counter
G2,00891-cvZr5TUy5C5/tasks-island_0.json,66,2,Arrange the wardrobe.,OK,place_on,straighten,Place wardrobe on surface.,Straighten the wardrobe.,on,,;referent_grounding_v1:G2,,X=wardrobe
G2,00891-cvZr5TUy5C5/tasks-island_0.json,69,3,Arrange the toys.,OK,place_in,straighten,Place toy in receptacle.,Straighten the toys.,in,,;referent_grounding_v1:G2,,X=toys
G1,00891-cvZr5TUy5C5/tasks-island_0.json,71,3,Sort the items in the box.,OK,place_in,place_in,Place box in receptacle.,Place the items in the box.,in,in,;referent_grounding_v1:G1,,X=items|Y=box
G2,00891-cvZr5TUy5C5/tasks-island_0.json,76,4,Arrange the sofa set.,OK,place_on,straighten,Place sofa set on surface.,Straighten the sofa set.,on,,;referent_grounding_v1:G2,,X=sofa set
G2,00891-cvZr5TUy5C5/tasks-island_0.json,77,2,Arrange the guitar.,OK,place_on,straighten,Place guitar on surface.,Straighten the guitar.,on,,;referent_grounding_v1:G2,,X=guitar
G1,00891-cvZr5TUy5C5/tasks-island_0.json,89,2,Arrange flowers in the flower vase.,OK,place_in,place_in,Place flower vase in receptacle.,Place the flowers in the flower vase.,in,in,;referent_grounding_v1:G1,,X=flowers|Y=flower vase
G2,00891-cvZr5TUy5C5/tasks-island_0.json,92,2,Position the speaker.,OK,place_on,reposition,Place speaker on surface.,Reposition the speaker.,on,,;referent_grounding_v1:G2,,X=speaker
G2,00891-cvZr5TUy5C5/tasks-island_0.json,101,3,Position the computer chair.,OK,place_on,reposition,Place computer chair on surface.,Reposition the computer chair.,on,,;referent_grounding_v1:G2,,X=computer chair
G2,00891-cvZr5TUy5C5/tasks-island_0.json,102,1,Position the statue.,OK,place_on,reposition,Place statue on surface.,Reposition the statue.,on,,;referent_grounding_v1:G2,,X=statue
G2,00891-cvZr5TUy5C5/tasks-island_0.json,102,4,Arrange the flower vase.,OK,place_on,straighten,Place flower vase on surface.,Straighten the flower vase.,on,,;referent_grounding_v1:G2,,X=flower vase
G2,00891-cvZr5TUy5C5/tasks-island_0.json,106,4,Arrange the flower vase.,OK,place_on,straighten,Place flower vase on surface.,Straighten the flower vase.,on,,;referent_grounding_v1:G2,,X=flower vase
G2,00891-cvZr5TUy5C5/tasks-island_0.json,108,2,Arrange the computer chair.,OK,place_on,straighten,Place computer chair on surface.,Straighten the computer chair.,on,,;referent_grounding_v1:G2,,X=computer chair
G2,00891-cvZr5TUy5C5/tasks-island_0.json,115,5,Arrange the sofa seat.,OK,place_in,straighten,Place sofa seat in receptacle.,Straighten the sofa seat.,in,,;referent_grounding_v1:G2,,X=sofa seat
G2,00891-cvZr5TUy5C5/tasks-island_0.json,117,5,Arrange the circular sofa.,OK,place_on,straighten,Place circular sofa on surface.,Straighten the circular sofa.,on,,;referent_grounding_v1:G2,,X=circular sofa
G2,00891-cvZr5TUy5C5/tasks-island_0.json,118,3,Set the wine bottle.,OK,place_on,straighten,Place wine bottle on surface.,Straighten the wine bottle.,on,,;referent_grounding_v1:G2,,X=wine bottle
G2,00891-cvZr5TUy5C5/tasks-island_0.json,126,4,Arrange the clothes rack.,OK,place_on,straighten,Place clothes rack on surface.,Straighten the clothes rack.,on,,;referent_grounding_v1:G2,,X=clothes rack
G2,00891-cvZr5TUy5C5/tasks-island_0.json,128,2,Arrange the circular sofa.,OK,place_in,straighten,Place circular sofa in receptacle.,Straighten the circular sofa.,in,,;referent_grounding_v1:G2,,X=circular sofa
G2,00891-cvZr5TUy5C5/tasks-island_0.json,136,2,Position the computer chair correctly.,OK,place_on,reposition,Place computer chair on surface.,Reposition the computer chair correctly.,on,,;referent_grounding_v1:G2,,X=computer chair correctly
G2,00891-cvZr5TUy5C5/tasks-island_0.json,143,3,Arrange the sofa seat for comfort.,OK,place_on,straighten,Place sofa seat on surface.,Straighten the sofa seat.,on,,;referent_grounding_v1:G2,,X=sofa seat
G1,00891-cvZr5TUy5C5/tasks-island_0.json,156,3,Set the wine bottle on the table.,OK,place_on,place_on,Place wine bottle on surface.,Place the wine bottle on the table.,on,on,;referent_grounding_v1:G1,,X=wine bottle|Y=table
G1,00891-cvZr5TUy5C5/tasks-island_0.json,161,5,Organize files in the file cabinet.,OK,place_in,place_in,Place file cabinet in receptacle.,Place the files in the file cabinet.,in,in,;referent_grounding_v1:G1,,X=files|Y=file cabinet
G1,00891-cvZr5TUy5C5/tasks-island_0.json,162,4,Set the wine bottle on the dining table.,OK,place_on,place_on,Place wine bottle on surface.,Place the wine bottle on the dining table.,on,on,;referent_grounding_v1:G1,,X=wine bottle|Y=dining table
G1,00891-cvZr5TUy5C5/tasks-island_0.json,166,6,Set the fruit bowl on the table.,OK,place_in,place_on,Place fruit bowl in receptacle.,Place the fruit bowl on the table.,in,on,;referent_grounding_v1:G1,,X=fruit bowl|Y=table
G3,00891-cvZr5TUy5C5/tasks-island_0.json,192,7,Put the cleaning supplies away in the cabinet.,OK,store,store,Store items in the cabinet.,Store the cleaning supplies in the cabinet.,in,in,;referent_grounding_v1:G3,,NP=cleaning supplies
G1,00891-cvZr5TUy5C5/tasks-island_0.json,193,7,Set a fruit bowl on the side table.,OK,place_on,place_on,Place fruit bowl on surface.,Place the fruit bowl on the side table.,on,on,;referent_grounding_v1:G1,,X=fruit bowl|Y=side table
G1,00891-cvZr5TUy5C5/tasks-island_0.json,195,1,Organize items in the sink cabinet.,OK,place_in,place_in,Place sink cabinet in receptacle.,Place the items in the sink cabinet.,in,in,;referent_grounding_v1:G1,,X=items|Y=sink cabinet
G1,00891-cvZr5TUy5C5/tasks-island_0.json,202,5,Organize toiletries in the sink cabinet.,OK,place_in,place_in,Place sink cabinet in receptacle.,Place the toiletries in the sink cabinet.,in,in,;referent_grounding_v1:G1,,X=toiletries|Y=sink cabinet
G2,00891-cvZr5TUy5C5/tasks-island_0.json,203,2,Position the mouse for use.,OK,place_on,reposition,Place mouse on surface.,Reposition the mouse.,on,,;referent_grounding_v1:G2,,X=mouse
G2,00891-cvZr5TUy5C5/tasks-island_0.json,203,4,Arrange the computer chair.,OK,place_on,straighten,Place computer chair on surface.,Straighten the computer chair.,on,,;referent_grounding_v1:G2,,X=computer chair
G3,00891-cvZr5TUy5C5/tasks-island_0.json,205,7,Put away clothes in the wardrobe.,OK,store,store,Store items in the wardrobe.,Store the clothes in the wardrobe.,in,in,;referent_grounding_v1:G3,,NP=clothes
G1,00891-cvZr5TUy5C5/tasks-island_0.json,206,7,Organize supplies in the cabinet.,OK,place_in,place_in,Place cabinet in receptacle.,Place the supplies in the cabinet.,in,in,;referent_grounding_v1:G1,,X=supplies|Y=cabinet
G1,00891-cvZr5TUy5C5/tasks-island_0.json,208,4,Organize hangers in the wardrobe.,OK,place_in,place_in,Place wardrobe in receptacle.,Place the hangers in the wardrobe.,in,in,;referent_grounding_v1:G1,,X=hangers|Y=wardrobe
G1,00891-cvZr5TUy5C5/tasks-island_0.json,211,3,Set the flower vase in the center.,OK,place_in,place_in,Place flower vase in receptacle.,Place the flower vase in the center.,in,in,;referent_grounding_v1:G1,,X=flower vase|Y=center
G1,00891-cvZr5TUy5C5/tasks-island_0.json,212,2,Organize supplies in the sink cabinet.,OK,place_in,place_in,Place sink cabinet in receptacle.,Place the supplies in the sink cabinet.,in,in,;referent_grounding_v1:G1,,X=supplies|Y=sink cabinet
G1,00891-cvZr5TUy5C5/tasks-island_0.json,215,4,Set the flower vase on the table.,OK,place_on,place_on,Place flower vase on surface.,Place the flower vase on the table.,on,on,;referent_grounding_v1:G1,,X=flower vase|Y=table
G2,00891-cvZr5TUy5C5/tasks-island_0.json,215,7,Display the decorative mask.,OK,place_on,straighten,Place decorative mask on surface.,Straighten the decorative mask.,on,,;referent_grounding_v1:G2,,X=decorative mask
G1,00891-cvZr5TUy5C5/tasks-island_0.json,216,3,Arrange the hat on the shelf.,OK,place_on,place_on,Place hat on surface.,Place the hat on the shelf.,on,on,;referent_grounding_v1:G1,,X=hat|Y=shelf
G4,00891-cvZr5TUy5C5/tasks-island_0.json,217,4,Fill a glass of water from the sink.,FLAG,fill,fill,Use the sink to fill a container.,Use the sink to fill a container.,,,;ungrounded_anaphora,,no_vessel_found
G1,00891-cvZr5TUy5C5/tasks-island_0.json,220,1,Organize items on the kitchen shelf.,OK,place_on,place_on,Place kitchen shelf on surface.,Place the items on the kitchen shelf.,on,on,;referent_grounding_v1:G1,,X=items|Y=kitchen shelf
G2,00894-HY1NcmCgn3n/tasks-island_0.json,3,3,Arrange the flowerpot.,OK,place_on,straighten,Place flowerpot on surface.,Straighten the flowerpot.,on,,;referent_grounding_v1:G2,,X=flowerpot
G2,00894-HY1NcmCgn3n/tasks-island_0.json,5,1,Arrange the bouquet.,OK,place_on,straighten,Place bouquet on surface.,Straighten the bouquet.,on,,;referent_grounding_v1:G2,,X=bouquet
G2,00894-HY1NcmCgn3n/tasks-island_0.json,10,4,Arrange the pedestal.,OK,place_in,straighten,Place pedestal in receptacle.,Straighten the pedestal.,in,,;referent_grounding_v1:G2,,X=pedestal
G2,00894-HY1NcmCgn3n/tasks-island_0.json,11,5,Arrange the backpack.,OK,place_on,straighten,Place backpack on surface.,Straighten the backpack.,on,,;referent_grounding_v1:G2,,X=backpack
G2,00894-HY1NcmCgn3n/tasks-island_0.json,16,4,Arrange the backpack.,OK,place_on,straighten,Place backpack on surface.,Straighten the backpack.,on,,;referent_grounding_v1:G2,,X=backpack
G2,00894-HY1NcmCgn3n/tasks-island_0.json,18,4,Arrange the bouquet.,OK,place_on,straighten,Place bouquet on surface.,Straighten the bouquet.,on,,;referent_grounding_v1:G2,,X=bouquet
G2,00894-HY1NcmCgn3n/tasks-island_0.json,20,4,Arrange the flowerpot.,OK,place_on,straighten,Place flowerpot on surface.,Straighten the flowerpot.,on,,;referent_grounding_v1:G2,,X=flowerpot
G2,00894-HY1NcmCgn3n/tasks-island_0.json,21,3,Arrange the cloth.,OK,place_on,straighten,Place cloth on surface.,Straighten the cloth.,on,,;referent_grounding_v1:G2,,X=cloth
G2,00894-HY1NcmCgn3n/tasks-island_0.json,23,4,Arrange the flowerpot.,OK,place_on,straighten,Place flowerpot on surface.,Straighten the flowerpot.,on,,;referent_grounding_v1:G2,,X=flowerpot
G2,00894-HY1NcmCgn3n/tasks-island_0.json,24,3,Arrange the cloth.,OK,place_on,straighten,Place cloth on surface.,Straighten the cloth.,on,,;referent_grounding_v1:G2,,X=cloth
G2,00894-HY1NcmCgn3n/tasks-island_0.json,26,5,Arrange the decorative plant.,OK,place_on,straighten,Place decorative plant on surface.,Straighten the decorative plant.,on,,;referent_grounding_v1:G2,,X=decorative plant
G2,00894-HY1NcmCgn3n/tasks-island_0.json,29,3,Arrange the flowerpot.,OK,place_on,straighten,Place flowerpot on surface.,Straighten the flowerpot.,on,,;referent_grounding_v1:G2,,X=flowerpot
G2,00894-HY1NcmCgn3n/tasks-island_0.json,30,1,Arrange the floor lamp.,OK,place_on,straighten,Place floor lamp on surface.,Straighten the floor lamp.,on,,;referent_grounding_v1:G2,,X=floor lamp
G2,00894-HY1NcmCgn3n/tasks-island_0.json,31,6,Position the figure.,OK,place_on,reposition,Place figure on surface.,Reposition the figure.,on,,;referent_grounding_v1:G2,,X=figure
G2,00894-HY1NcmCgn3n/tasks-island_0.json,34,3,Arrange the bouquet.,OK,place_on,straighten,Place bouquet on surface.,Straighten the bouquet.,on,,;referent_grounding_v1:G2,,X=bouquet
G2,00894-HY1NcmCgn3n/tasks-island_0.json,41,6,Position the pedestal.,OK,place_on,reposition,Place pedestal on surface.,Reposition the pedestal.,on,,;referent_grounding_v1:G2,,X=pedestal
G2,00894-HY1NcmCgn3n/tasks-island_0.json,46,5,Arrange the candlestick.,OK,place_on,straighten,Place candlestick on surface.,Straighten the candlestick.,on,,;referent_grounding_v1:G2,,X=candlestick
G2,00894-HY1NcmCgn3n/tasks-island_0.json,49,5,Position the decorative plant.,OK,place_on,reposition,Place decorative plant on surface.,Reposition the decorative plant.,on,,;referent_grounding_v1:G2,,X=decorative plant
G2,00894-HY1NcmCgn3n/tasks-island_0.json,55,3,Arrange the stand.,OK,place_on,straighten,Place stand on surface.,Straighten the stand.,on,,;referent_grounding_v1:G2,,X=stand
G2,00894-HY1NcmCgn3n/tasks-island_0.json,56,5,Arrange the decorative plant.,OK,place_on,straighten,Place decorative plant on surface.,Straighten the decorative plant.,on,,;referent_grounding_v1:G2,,X=decorative plant
G2,00894-HY1NcmCgn3n/tasks-island_0.json,57,6,Arrange the bouquet.,OK,place_on,straighten,Place bouquet on surface.,Straighten the bouquet.,on,,;referent_grounding_v1:G2,,X=bouquet
G2,00894-HY1NcmCgn3n/tasks-island_0.json,61,6,Arrange the bouquet.,OK,place_on,straighten,Place bouquet on surface.,Straighten the bouquet.,on,,;referent_grounding_v1:G2,,X=bouquet
G2,00894-HY1NcmCgn3n/tasks-island_0.json,63,3,Arrange the bouquet.,OK,place_on,straighten,Place bouquet on surface.,Straighten the bouquet.,on,,;referent_grounding_v1:G2,,X=bouquet
G2,00894-HY1NcmCgn3n/tasks-island_0.json,66,4,Arrange the bouquet.,OK,place_on,straighten,Place bouquet on surface.,Straighten the bouquet.,on,,;referent_grounding_v1:G2,,X=bouquet
G2,00894-HY1NcmCgn3n/tasks-island_0.json,69,5,Arrange the bouquet.,OK,place_on,straighten,Place bouquet on surface.,Straighten the bouquet.,on,,;referent_grounding_v1:G2,,X=bouquet
G2,00894-HY1NcmCgn3n/tasks-island_0.json,73,5,Arrange the bouquet.,OK,place_on,straighten,Place bouquet on surface.,Straighten the bouquet.,on,,;referent_grounding_v1:G2,,X=bouquet
G2,00894-HY1NcmCgn3n/tasks-island_0.json,76,3,Arrange the stand.,OK,place_in,straighten,Place stand in receptacle.,Straighten the stand.,in,,;referent_grounding_v1:G2,,X=stand
G2,00894-HY1NcmCgn3n/tasks-island_0.json,77,6,Arrange the bouquet.,OK,place_on,straighten,Place bouquet on surface.,Straighten the bouquet.,on,,;referent_grounding_v1:G2,,X=bouquet
