file,task_idx,step_id,step,atomic_step,labels,vague_words,action_id
00006-HkseAnWCgqk\tasks-island_2.json,23,1,Arrange the dining table.,Place dining table on surface.,dining table,surface,place_on
00006-HkseAnWCgqk\tasks-island_2.json,40,3,Arrange the bottles of wine.,Place bottles of wine on surface.,bottles of wine,surface,place_on
00006-HkseAnWCgqk\tasks-island_2.json,50,1,Move the painting to a new spot.,Carry the painting to the new spot.,painting,spot,carry
00006-HkseAnWCgqk\tasks-island_4.json,0,2,Pack the items on the shelf.,Place items on the shelf.,shelf,items,place_on
00006-HkseAnWCgqk\tasks-island_4.json,4,1,Put the books back in the book rack.,Place items on the book rack.,book rack,items,place_on
00006-HkseAnWCgqk\tasks-island_4.json,7,3,Open the cabinet to store items.,Open the cabinet to store items.,cabinet,items,open
00006-HkseAnWCgqk\tasks-island_4.json,8,5,Place the phone in the suitcase side pocket.,Place items in the cellular_telephone.,cellular_telephone,items,place_in
00006-HkseAnWCgqk\tasks-island_4.json,9,4,Organize the items on the shelf.,Place shelf on surface.,shelf,surface,place_on
00006-HkseAnWCgqk\tasks-island_4.json,9,5,Arrange the books in the book rack.,Place book rack in receptacle.,book rack,receptacle,place_in
00006-HkseAnWCgqk\tasks-island_4.json,11,4,Put the phone into the backpack.,Place items in the cellular_telephone.,cellular_telephone,items,place_in
00006-HkseAnWCgqk\tasks-island_4.json,15,2,Pack items from the shelf.,Place items on the shelf.,shelf,items,place_on
00006-HkseAnWCgqk\tasks-island_4.json,16,2,Position the lamp on the desk.,Place lamp on surface.,lamp,surface,place_on
00006-HkseAnWCgqk\tasks-island_4.json,16,4,Arrange the books neatly.,Place book on surface.,book,surface,place_on
00006-HkseAnWCgqk\tasks-island_4.json,16,5,Place the phone on the table.,Place items on the cellular_telephone.,cellular_telephone,items,place_on
00006-HkseAnWCgqk\tasks-island_4.json,18,3,Put the books away in the cabinet.,Store items in the cabinet.,cabinet,items,store
00006-HkseAnWCgqk\tasks-island_4.json,25,1,Arrange the books on the book rack.,Place book rack on surface.,book rack,surface,place_on
00006-HkseAnWCgqk\tasks-island_4.json,26,4,Arrange the shelf.,Place shelf on surface.,shelf,surface,place_on
00006-HkseAnWCgqk\tasks-island_4.json,31,4,Organize items on the shelf.,Place shelf on surface.,shelf,surface,place_on
00006-HkseAnWCgqk\tasks-island_4.json,33,5,Arrange the shelf.,Place shelf on surface.,shelf,surface,place_on
00009-vLpv2VX547B\tasks-island_0.json,0,3,Arrange the books on the bookshelf in the study.,Place bookshelf in receptacle.,bookshelf,receptacle,place_in
00009-vLpv2VX547B\tasks-island_0.json,1,4,Set the plate on the table.,Place plate on surface.,plate,surface,place_on
00009-vLpv2VX547B\tasks-island_0.json,4,4,Turn on the lamp in the music area.,Turn on the lamp in the music area.,lamp,area,turn_on
00009-vLpv2VX547B\tasks-island_0.json,7,4,Adjust the hair dryer in the bathroom cabinet.,Place bathroom cabinet in receptacle.,bathroom cabinet,receptacle,place_in
00009-vLpv2VX547B\tasks-island_0.json,11,4,Arrange the flower in the vase.,Place flower in receptacle.,flower,receptacle,place_in
00009-vLpv2VX547B\tasks-island_0.json,17,1,Check inside the container.,Inspect the container.,container,container,inspect
00009-vLpv2VX547B\tasks-island_0.json,23,4,Dust the picture in the storage area.,Dust the picture in the storage area.,picture,area,dust
00009-vLpv2VX547B\tasks-island_0.json,25,3,Put the food into a container.,Place the food in a container.,container,container,place_in
00009-vLpv2VX547B\tasks-island_0.json,26,1,Hang the jacket in the wardrobe.,Hang items in the wardrobe.,wardrobe,items,hang
00009-vLpv2VX547B\tasks-island_0.json,26,4,Straighten the mirror in the dressing area.,Straighten the mirror in the dressing area.,mirror,area,straighten
00009-vLpv2VX547B\tasks-island_0.json,29,2,Load the clothes into the washing machine.,Load items into the washing machine.,washing machine,items,load
00009-vLpv2VX547B\tasks-island_0.json,30,2,Refill the paper in the printer.,Use the printer to load items.,printer,items,load
00009-vLpv2VX547B\tasks-island_0.json,30,3,Arrange the books on the bookshelf.,Place bookshelf on surface.,bookshelf,surface,place_on
00009-vLpv2VX547B\tasks-island_0.json,32,4,Arrange the drum set.,Place drum on surface.,drum,surface,place_on
00009-vLpv2VX547B\tasks-island_0.json,34,4,Position the mouse.,Place mouse on surface.,mouse,surface,place_on
00009-vLpv2VX547B\tasks-island_0.json,37,3,Fluff the pillows on the couch.,Fluff items on the couch.,couch,items,fluff
00009-vLpv2VX547B\tasks-island_0.json,40,3,Arrange the flower.,Place flower on surface.,flower,surface,place_on
00009-vLpv2VX547B\tasks-island_0.json,47,3,Place items on the shelf.,Place items on the shelf.,shelf,items,place_on
00009-vLpv2VX547B\tasks-island_0.json,56,4,Position the mouse.,Place mouse on surface.,mouse,surface,place_on
00009-vLpv2VX547B\tasks-island_0.json,66,5,Clean the kitchen appliance used.,Wipe kitchen appliance.,kitchen appliance,appliance,wipe
00009-vLpv2VX547B\tasks-island_0.json,73,3,Prepare some snacks on a plate.,Place items on the plate.,plate,items,place_on
00009-vLpv2VX547B\tasks-island_0.json,75,4,Move the flower stand to a sunnier spot.,Carry the flower stand to the sunnier spot.,flower stand,spot,carry
00009-vLpv2VX547B\tasks-island_0.json,75,5,Add fertilizer from the container.,Open the container.,container,container,open
00009-vLpv2VX547B\tasks-island_0.json,76,4,Hang clothes on the hanger.,Hang items on the hanger.,hanger,items,hang
00009-vLpv2VX547B\tasks-island_0.json,78,4,Wipe the floor near the ventilation.,Wipe the area near the ventilation.,ventilation,area,wipe
00009-vLpv2VX547B\tasks-island_0.json,90,5,Move the bag to a better spot.,Carry the bag to the better spot.,bag,spot,carry
00009-vLpv2VX547B\tasks-island_0.json,98,5,Bring it to the chair in the living area.,Reposition the chair in the living area.,chair,area,reposition
00009-vLpv2VX547B\tasks-island_0.json,100,3,Hang my clothes in the wardrobe.,Hang items in the wardrobe.,wardrobe,items,hang
00009-vLpv2VX547B\tasks-island_0.json,101,4,Arrange the books on the bookshelf.,Place bookshelf on surface.,bookshelf,surface,place_on
00009-vLpv2VX547B\tasks-island_0.json,105,2,Set the tray on the table.,Place tray on surface.,tray,surface,place_on
00009-vLpv2VX547B\tasks-island_0.json,112,5,Arrange the hanger.,Place hanger on surface.,hanger,surface,place_on
00009-vLpv2VX547B\tasks-island_0.json,117,3,Set the plate.,Place plate on surface.,plate,surface,place_on
00009-vLpv2VX547B\tasks-island_0.json,117,5,Use the kitchen appliance.,Inspect the kitchen appliance.,kitchen appliance,appliance,inspect
00009-vLpv2VX547B\tasks-island_0.json,125,4,Arrange the flower stand.,Place flower stand on surface.,flower stand,surface,place_on
00009-vLpv2VX547B\tasks-island_0.json,134,2,Arrange the speaker.,Place speaker on surface.,speaker,surface,place_on
00009-vLpv2VX547B\tasks-island_0.json,134,3,Sort the books on the bookshelf.,Place bookshelf on surface.,bookshelf,surface,place_on
00009-vLpv2VX547B\tasks-island_0.json,140,6,Put the pan on the kitchen appliance.,Place the pan on the kitchen appliance.,pan,appliance,place_on
00009-vLpv2VX547B\tasks-island_0.json,142,3,Organize the clutter on the stand.,Place stand on surface.,stand,surface,place_on
00009-vLpv2VX547B\tasks-island_0.json,147,5,Arrange the book on the bookshelf.,Place book on surface.,book,surface,place_on
00009-vLpv2VX547B\tasks-island_0.json,150,2,Label the container.,Place a label on the container.,container,container,place_on
00009-vLpv2VX547B\tasks-island_0.json,151,2,Arrange the ornament.,Place ornament on surface.,ornament,surface,place_on
00009-vLpv2VX547B\tasks-island_0.json,151,3,Set the flowerpot near the window.,Place flowerpot on surface.,flowerpot,surface,place_on
00009-vLpv2VX547B\tasks-island_0.json,161,4,Arrange the guitar.,Place guitar on surface.,guitar,surface,place_on
00009-vLpv2VX547B\tasks-island_0.json,168,2,Arrange the guitar.,Place guitar on surface.,guitar,surface,place_on
00009-vLpv2VX547B\tasks-island_0.json,170,3,Fluff the pillow on the couch.,Fluff items on the couch.,couch,items,fluff
00009-vLpv2VX547B\tasks-island_0.json,173,3,Organize the book in the bookshelf.,Place bookshelf in receptacle.,bookshelf,receptacle,place_in
00009-vLpv2VX547B\tasks-island_0.json,175,4,Hang the hat on the hanger.,Hang items on the hanger.,hanger,items,hang
00009-vLpv2VX547B\tasks-island_0.json,176,4,Pack the items into the handbag.,Load items into the handbag.,handbag,items,load
00009-vLpv2VX547B\tasks-island_0.json,181,2,Hang my clothes in the wardrobe.,Hang items in the wardrobe.,wardrobe,items,hang
00009-vLpv2VX547B\tasks-island_0.json,183,2,Pack my essentials into the bag.,Load items into the bag.,bag,items,load
00009-vLpv2VX547B\tasks-island_0.json,185,4,Organize the brushes on the tray.,Place tray on surface.,tray,surface,place_on
00009-vLpv2VX547B\tasks-island_0.json,186,5,Prepare a small snack on a plate.,Place items on the plate.,plate,items,place_on
00009-vLpv2VX547B\tasks-island_0.json,186,6,Serve the snack in a bowl.,Place items in the bowl.,bowl,items,place_in
00009-vLpv2VX547B\tasks-island_0.json,194,5,Store the items in the kitchen cabinet.,Store the items in the kitchen cabinet.,kitchen cabinet,items,store
00009-vLpv2VX547B\tasks-island_0.json,202,6,Put away the coffee beans in the kitchen cabinet.,Store items in the kitchen cabinet.,kitchen cabinet,items,store
00009-vLpv2VX547B\tasks-island_0.json,206,5,Hang clean items on the hanger.,Hang items on the hanger.,hanger,items,hang
00009-vLpv2VX547B\tasks-island_0.json,207,4,Serve the toast on a plate.,Place items on the plate.,plate,items,place_on
00009-vLpv2VX547B\tasks-island_0.json,208,5,Use the kitchen appliance for garden tools.,Inspect the kitchen appliance.,kitchen appliance,appliance,inspect
00009-vLpv2VX547B\tasks-island_0.json,214,5,Organize the tools in the storage cabinet.,Place storage cabinet in receptacle.,storage cabinet,receptacle,place_in
00009-vLpv2VX547B\tasks-island_0.json,215,6,Organize the files in the cabinet.,Place cabinet in receptacle.,cabinet,receptacle,place_in
00009-vLpv2VX547B\tasks-island_0.json,217,5,Set the plate on the table.,Place plate on surface.,plate,surface,place_on
00009-vLpv2VX547B\tasks-island_0.json,217,6,Clean the kitchen appliance.,Wipe kitchen appliance.,kitchen appliance,appliance,wipe
00009-vLpv2VX547B\tasks-island_0.json,223,5,Move the container out of the way.,Carry the container.,container,container,carry
00009-vLpv2VX547B\tasks-island_0.json,227,7,Tidy the kitchen appliance area.,Straighten kitchen appliance.,kitchen appliance,appliance,straighten
00009-vLpv2VX547B\tasks-island_0.json,241,2,Sort the clothes in the box.,Place box in receptacle.,box,receptacle,place_in
00009-vLpv2VX547B\tasks-island_0.json,243,5,Wash the kitchen appliance parts.,Wipe the kitchen appliance.,kitchen appliance,appliance,wipe
00009-vLpv2VX547B\tasks-island_0.json,245,4,Arrange the ornament on the shelf.,Place ornament on surface.,ornament,surface,place_on
00009-vLpv2VX547B\tasks-island_0.json,246,5,Move the vacuum cleaner to its spot.,Carry the vacuum cleaner to the spot.,vacuum cleaner,spot,carry
00009-vLpv2VX547B\tasks-island_0.json,251,7,Organize the books on the bookshelf.,Place bookshelf on surface.,bookshelf,surface,place_on
00009-vLpv2VX547B\tasks-island_0.json,255,3,Set the toaster for a snack.,Place toaster on surface.,toaster,surface,place_on
00009-vLpv2VX547B\tasks-island_0.json,258,7,Set the camera for a photo.,Place camera on surface.,camera,surface,place_on
00009-vLpv2VX547B\tasks-island_0.json,260,3,Arrange the shelf.,Place shelf on surface.,shelf,surface,place_on
00009-vLpv2VX547B\tasks-island_0.json,260,4,Move the box to a better spot.,Carry the box to the better spot.,box,spot,carry
00009-vLpv2VX547B\tasks-island_0.json,262,4,Replace the bulb in the lamp.,Place items in the lamp.,lamp,items,place_in
00009-vLpv2VX547B\tasks-island_0.json,263,4,Set the toaster for bread.,Place toaster on surface.,toaster,surface,place_on
00009-vLpv2VX547B\tasks-island_0.json,272,5,Arrange the bookshelf.,Place bookshelf on surface.,bookshelf,surface,place_on
00009-vLpv2VX547B\tasks-island_0.json,275,1,Set the plate on the table.,Place plate on surface.,plate,surface,place_on
00009-vLpv2VX547B\tasks-island_0.json,275,5,Clean the kitchen appliance.,Wipe kitchen appliance.,kitchen appliance,appliance,wipe
00009-vLpv2VX547B\tasks-island_0.json,277,2,Place items in the cabinet.,Place items in the cabinet.,cabinet,items,place_in
00009-vLpv2VX547B\tasks-island_0.json,285,2,Hang clothes on the hanger.,Hang items on the hanger.,hanger,items,hang
00016-qk9eeNeR4vw\tasks-island_1.json,5,1,Organize the books on the shelf.,Place shelf on surface.,shelf,surface,place_on
00016-qk9eeNeR4vw\tasks-island_1.json,7,2,Arrange the patio chair.,Place patio chair on surface.,patio chair,surface,place_on
00016-qk9eeNeR4vw\tasks-island_1.json,14,4,Move the container.,Carry the container.,container,container,carry
00016-qk9eeNeR4vw\tasks-island_1.json,18,1,Move the chair to the desk area.,Reposition the chair to the desk area.,chair,area,reposition
00016-qk9eeNeR4vw\tasks-island_1.json,21,3,Arrange the flowers in the vase.,Place flower in receptacle.,flower,receptacle,place_in
00016-qk9eeNeR4vw\tasks-island_1.json,21,4,Set the decorative bowl on the table.,Place decorative bowl on surface.,decorative bowl,surface,place_on
00016-qk9eeNeR4vw\tasks-island_1.json,27,2,Arrange the sofa seat.,Place sofa seat on surface.,sofa seat,surface,place_on
00016-qk9eeNeR4vw\tasks-island_1.json,29,4,Place extra items in the container.,Place extra items in the container.,container,"items, container",place_in
00016-qk9eeNeR4vw\tasks-island_1.json,32,2,Arrange the patio chairs.,Place patio chair on surface.,patio chair,surface,place_on
00016-qk9eeNeR4vw\tasks-island_1.json,39,1,Load the dishwasher with used items.,Load the dishwasher with the used items.,dishwasher,items,load
00016-qk9eeNeR4vw\tasks-island_1.json,41,5,Organize items on the shelf.,Place shelf on surface.,shelf,surface,place_on
00016-qk9eeNeR4vw\tasks-island_1.json,42,2,Arrange the patio chair for seating.,Place patio chair on surface.,patio chair,surface,place_on
00016-qk9eeNeR4vw\tasks-island_1.json,43,3,Pull up a chair to the desk area.,Pull the chair to the desk area.,chair,area,pull
00016-qk9eeNeR4vw\tasks-island_1.json,49,2,Arrange items inside the cabinet.,Place cabinet in receptacle.,cabinet,receptacle,place_in
00016-qk9eeNeR4vw\tasks-island_1.json,50,2,Organize the books on the shelf.,Place shelf in receptacle.,shelf,receptacle,place_in
00016-qk9eeNeR4vw\tasks-island_1.json,54,5,Load dirty dishes into the dishwasher.,Load items into the dishwasher.,dishwasher,items,load
00016-qk9eeNeR4vw\tasks-island_1.json,56,3,Place small items in the basket.,Place small items in the basket.,basket,items,place_in
00016-qk9eeNeR4vw\tasks-island_1.json,56,4,Secure the lid on the container.,Place items in the container.,container,"items, container",place_in
00016-qk9eeNeR4vw\tasks-island_1.json,57,5,Arrange the vase centerpiece.,Place vase on surface.,vase,surface,place_on
00016-qk9eeNeR4vw\tasks-island_1.json,65,4,Place loose items in the basket.,Place loose items in the basket.,basket,items,place_in
00016-qk9eeNeR4vw\tasks-island_1.json,75,4,Store items in the cabinet.,Place items in the cabinet.,cabinet,items,place_in
00016-qk9eeNeR4vw\tasks-island_1.json,76,4,Set the tray.,Place tray on surface.,tray,surface,place_on
00016-qk9eeNeR4vw\tasks-island_1.json,78,3,Arrange the patio chair.,Place patio chair on surface.,patio chair,surface,place_on
00016-qk9eeNeR4vw\tasks-island_1.json,83,1,Organize the books on the shelf.,Place shelf on surface.,shelf,surface,place_on
00016-qk9eeNeR4vw\tasks-island_1.json,84,3,Arrange the patio chair.,Place patio chair on surface.,patio chair,surface,place_on
00016-qk9eeNeR4vw\tasks-island_1.json,92,2,Fill it at the sink.,Use the sink to fill a container.,sink,container,fill
00016-qk9eeNeR4vw\tasks-island_1.json,93,2,Fill it with water at the tap.,Use the tap to fill a container.,tap,container,fill
00016-qk9eeNeR4vw\tasks-island_1.json,96,3,Organize the documents on the shelf.,Place shelf on surface.,shelf,surface,place_on
00016-qk9eeNeR4vw\tasks-island_1.json,101,5,Organize the container.,Straighten container.,container,container,straighten
00016-qk9eeNeR4vw\tasks-island_1.json,101,6,Arrange the boxes.,Place box on surface.,box,surface,place_on
00016-qk9eeNeR4vw\tasks-island_1.json,103,5,Arrange the patio chairs.,Place patio chair on surface.,patio chair,surface,place_on
00016-qk9eeNeR4vw\tasks-island_1.json,105,4,Arrange the patio chairs.,Place patio chair on surface.,patio chair,surface,place_on
00016-qk9eeNeR4vw\tasks-island_1.json,106,3,Get a container for water.,Pick up the container.,container,container,pick_up
00016-qk9eeNeR4vw\tasks-island_1.json,106,4,Fill the container at the sink.,Use the sink to fill a container.,sink,container,fill
00016-qk9eeNeR4vw\tasks-island_1.json,107,4,Hang the clothes in the closet mirror wall.,Hang items in the closet mirror wall.,closet mirror wall,items,hang
00016-qk9eeNeR4vw\tasks-island_1.json,110,4,Set the tray with drinks.,Place tray on surface.,tray,surface,place_on
00016-qk9eeNeR4vw\tasks-island_1.json,111,3,Hang clothes in the closet mirror wall.,Hang items in the closet mirror wall.,closet mirror wall,items,hang
00016-qk9eeNeR4vw\tasks-island_1.json,114,4,Arrange the vase.,Place vase on surface.,vase,surface,place_on
00016-qk9eeNeR4vw\tasks-island_1.json,115,7,Arrange the closet mirror wall.,Place closet mirror wall on surface.,closet mirror wall,surface,place_on
00016-qk9eeNeR4vw\tasks-island_1.json,117,5,Arrange the sofa seat.,Place sofa seat on surface.,sofa seat,surface,place_on
00016-qk9eeNeR4vw\tasks-island_1.json,123,2,Arrange the patio chair.,Place patio chair on surface.,patio chair,surface,place_on
00016-qk9eeNeR4vw\tasks-island_1.json,124,2,Set the toaster.,Place toaster in receptacle.,toaster,receptacle,place_in
00016-qk9eeNeR4vw\tasks-island_1.json,126,2,Arrange the speaker.,Place speaker on surface.,speaker,surface,place_on
00016-qk9eeNeR4vw\tasks-island_1.json,126,6,Position the sofa seat.,Place sofa seat on surface.,sofa seat,surface,place_on
00016-qk9eeNeR4vw\tasks-island_1.json,134,2,Move the container.,Carry the container.,container,container,carry
00016-qk9eeNeR4vw\tasks-island_1.json,136,5,Arrange the patio chair.,Place patio chair on surface.,patio chair,surface,place_on
00016-qk9eeNeR4vw\tasks-island_1.json,142,4,Set the flower vase on the small table.,Place flower vase on surface.,flower vase,surface,place_on
00016-qk9eeNeR4vw\tasks-island_1.json,144,4,Organize items in the basket.,Place basket in receptacle.,basket,receptacle,place_in
00016-qk9eeNeR4vw\tasks-island_1.json,145,2,Arrange the patio chair for guests.,Place patio chair on surface.,patio chair,surface,place_on
00016-qk9eeNeR4vw\tasks-island_1.json,145,5,Bring the tray from the living area.,Carry the tray from the living area.,tray,area,carry
00016-qk9eeNeR4vw\tasks-island_1.json,147,4,Put the sunglasses in the container.,Place the sunglasses in the container.,container,container,place_in
00016-qk9eeNeR4vw\tasks-island_1.json,150,5,Arrange the book on the nightstand.,Place book on surface.,book,surface,place_on
00016-qk9eeNeR4vw\tasks-island_1.json,150,6,Put loose items in the box.,Place loose items in the box.,box,items,place_in
00016-qk9eeNeR4vw\tasks-island_1.json,151,6,Move the vase to a safe spot.,Carry the vase to the safe spot.,vase,spot,carry
00016-qk9eeNeR4vw\tasks-island_1.json,159,6,Move the container to the storage.,Carry the container to the storage.,container,container,carry
00017-oEPjPNSPmzL\tasks-island_1.json,3,3,Wipe the kitchen countertop item.,Wipe the kitchen countertop item.,kitchen countertop item,item,wipe
00017-oEPjPNSPmzL\tasks-island_1.json,8,3,Prepare the kitchen countertop item.,Wipe the kitchen countertop item.,kitchen countertop item,item,wipe
00017-oEPjPNSPmzL\tasks-island_1.json,9,3,Clear the kitchen countertop items.,Wipe kitchen countertop items.,kitchen countertop items,items,wipe
00017-oEPjPNSPmzL\tasks-island_1.json,13,2,Sort items into the basket.,Place basket in receptacle.,basket,receptacle,place_in
00017-oEPjPNSPmzL\tasks-island_1.json,14,2,Stack items in the kitchen lower cabinet.,Place items in the kitchen lower cabinet.,kitchen lower cabinet,items,place_in
00017-oEPjPNSPmzL\tasks-island_1.json,14,4,Wipe the kitchen countertop item.,Wipe the kitchen countertop item.,kitchen countertop item,item,wipe
00017-oEPjPNSPmzL\tasks-island_1.json,16,3,Clear the kitchen countertop items.,Wipe kitchen countertop items.,kitchen countertop items,items,wipe
00017-oEPjPNSPmzL\tasks-island_1.json,21,4,Store items in the cabinet.,Place items in the cabinet.,cabinet,items,place_in
00017-oEPjPNSPmzL\tasks-island_1.json,24,3,Wipe the kitchen countertop item.,Wipe the kitchen countertop item.,kitchen countertop item,item,wipe
00017-oEPjPNSPmzL\tasks-island_1.json,29,1,Clear the kitchen countertop item.,Wipe kitchen countertop item.,kitchen countertop item,item,wipe
00017-oEPjPNSPmzL\tasks-island_1.json,32,3,Arrange the rack.,Place rack on surface.,rack,surface,place_on
00017-oEPjPNSPmzL\tasks-island_1.json,34,2,Set the cup on the desk.,Place cup in receptacle.,cup,receptacle,place_in
00017-oEPjPNSPmzL\tasks-island_1.json,38,2,Wipe the kitchen countertop items.,Wipe the kitchen countertop items.,kitchen countertop items,items,wipe
00017-oEPjPNSPmzL\tasks-island_1.json,41,3,Position the camera.,Place camera on surface.,camera,surface,place_on
00017-oEPjPNSPmzL\tasks-island_1.json,46,4,Organize the kitchen appliance.,Straighten kitchen appliance.,kitchen appliance,appliance,straighten
00017-oEPjPNSPmzL\tasks-island_1.json,48,3,Turn off the kitchen appliance.,Turn off the kitchen appliance.,kitchen appliance,appliance,turn_off
00017-oEPjPNSPmzL\tasks-island_1.json,65,1,Fill a container at the sink.,Use the sink to fill a container.,sink,container,fill
00017-oEPjPNSPmzL\tasks-island_1.json,68,5,Set the camera.,Place camera on surface.,camera,surface,place_on
00017-oEPjPNSPmzL\tasks-island_1.json,75,7,Place a kitchen countertop item nearby.,Place the kitchen countertop item.,kitchen countertop item,item,place_on
00017-oEPjPNSPmzL\tasks-island_1.json,83,3,Clear the kitchen countertop item.,Wipe kitchen countertop item.,kitchen countertop item,item,wipe
00017-oEPjPNSPmzL\tasks-island_1.json,84,7,Arrange the toothbrush.,Place toothbrush on surface.,toothbrush,surface,place_on
00017-oEPjPNSPmzL\tasks-island_1.json,88,3,Re-position the decorative plant.,Place decorative plant on surface.,decorative plant,surface,place_on
00020-XYyR54sxe6b\tasks-island_0.json,1,3,Set the cup on the table.,Place cup on surface.,cup,surface,place_on
00020-XYyR54sxe6b\tasks-island_0.json,3,4,Shut the curtain in the dining area.,Close the curtain in the dining area.,curtain,area,close
00020-XYyR54sxe6b\tasks-island_0.json,10,2,Arrange the pillows on the sofa seat.,Place sofa seat on surface.,sofa seat,surface,place_on
00020-XYyR54sxe6b\tasks-island_0.json,13,3,Arrange the shelf.,Place shelf on surface.,shelf,surface,place_on
00020-XYyR54sxe6b\tasks-island_0.json,14,2,Set the plate on the table.,Place plate on surface.,plate,surface,place_on
00020-XYyR54sxe6b\tasks-island_0.json,19,2,Take the flashlight from the stairs area.,Pick up the flashlight from the stairs area.,flashlight,area,pick_up
00020-XYyR54sxe6b\tasks-island_0.json,20,5,Turn on the furnace in the living area.,Turn on the furnace in the living area.,furnace,area,turn_on
00020-XYyR54sxe6b\tasks-island_0.json,21,3,Place items in the washing machine.,Place items in the washing machine.,washing machine,items,place_in
00020-XYyR54sxe6b\tasks-island_0.json,22,1,Retrieve the pan from the storage area.,Pick up the pan from the storage area.,pan,area,pick_up
00020-XYyR54sxe6b\tasks-island_0.json,24,2,Close the curtain in the bath area.,Close the curtain in the bath area.,curtain,area,close
00020-XYyR54sxe6b\tasks-island_0.json,27,2,Set out the plates in the living area.,Place the plate in the living area.,plate,area,place_in
00020-XYyR54sxe6b\tasks-island_0.json,37,2,Get the cup from the dining area.,Pick up the cup from the dining area.,cup,area,pick_up
00020-XYyR54sxe6b\tasks-island_0.json,44,4,Wipe the beam in the dining area.,Wipe the beam in the dining area.,beam,area,wipe
00020-XYyR54sxe6b\tasks-island_0.json,50,1,Get the plate from the living area.,Pick up the plate from the living area.,plate,area,pick_up
00020-XYyR54sxe6b\tasks-island_0.json,50,4,Set the tray on the bedroom cabinet.,Place cabinet on surface.,cabinet,surface,place_on
00020-XYyR54sxe6b\tasks-island_0.json,52,2,Arrange the plate from the living area.,Place plate on surface.,plate,surface,place_on
00020-XYyR54sxe6b\tasks-island_0.json,52,3,Set the cup on the dining table.,Place cup on surface.,cup,surface,place_on
00020-XYyR54sxe6b\tasks-island_0.json,54,5,Dust the tv near the seating area.,Dust the tv near the seating area.,tv,area,dust
00020-XYyR54sxe6b\tasks-island_0.json,61,6,Arrange the sofa seat.,Place sofa seat on surface.,sofa seat,surface,place_on
00020-XYyR54sxe6b\tasks-island_0.json,86,3,Arrange the sofa seat.,Place sofa seat in receptacle.,sofa seat,receptacle,place_in
00020-XYyR54sxe6b\tasks-island_0.json,92,3,Organize the clothes in the wardrobe.,Place wardrobe in receptacle.,wardrobe,receptacle,place_in
00020-XYyR54sxe6b\tasks-island_0.json,92,4,Place the small items inside the cabinet.,Place the small items in the cabinet.,cabinet,items,place_in
00020-XYyR54sxe6b\tasks-island_0.json,93,4,Load the dirty dishes into the dishwasher.,Load items into the dishwasher.,dishwasher,items,load
00020-XYyR54sxe6b\tasks-island_0.json,95,2,Arrange the sofa seat in the living room.,Place sofa seat in receptacle.,sofa seat,receptacle,place_in
00020-XYyR54sxe6b\tasks-island_0.json,95,3,Set the plate on the table.,Place plate on surface.,plate,surface,place_on
00020-XYyR54sxe6b\tasks-island_0.json,98,5,Set the flower vase on the dining table.,Place flower vase on surface.,flower vase,surface,place_on
00020-XYyR54sxe6b\tasks-island_0.json,102,1,Start the washer-dryer in the kitchen area.,Turn on the washer-dryer in the kitchen area.,washer-dryer,area,turn_on
00020-XYyR54sxe6b\tasks-island_0.json,102,6,Dust the shelf in the laundry area.,Dust the shelf in the laundry area.,shelf,area,dust
00020-XYyR54sxe6b\tasks-island_0.json,103,6,Set the cup on the table.,Place cup on surface.,cup,surface,place_on
00020-XYyR54sxe6b\tasks-island_0.json,108,3,Arrange the sofa seat cushions.,Place sofa seat on surface.,sofa seat,surface,place_on
00020-XYyR54sxe6b\tasks-island_0.json,109,4,Organize the items on the shelf.,Place shelf on surface.,shelf,surface,place_on
00020-XYyR54sxe6b\tasks-island_0.json,116,2,Take the cup to the kitchen area.,Pick up the cup to the kitchen area.,cup,area,pick_up
00022-gmuS7Wgsbrx\tasks-island_0.json,3,3,Arrange the sofa seat.,Place sofa seat on surface.,sofa seat,surface,place_on
00022-gmuS7Wgsbrx\tasks-island_0.json,13,3,Set the pitcher down.,Place pitcher on surface.,pitcher,surface,place_on
00022-gmuS7Wgsbrx\tasks-island_0.json,16,2,Arrange the sofa seat.,Place sofa seat on surface.,sofa seat,surface,place_on
00022-gmuS7Wgsbrx\tasks-island_0.json,44,3,Place items in the basket.,Place items in the basket.,basket,items,place_in
00022-gmuS7Wgsbrx\tasks-island_0.json,49,3,Arrange the sofa seat.,Place sofa seat on surface.,sofa seat,surface,place_on
00022-gmuS7Wgsbrx\tasks-island_0.json,50,3,Reposition the flowerpot.,Place flowerpot on surface.,flowerpot,surface,place_on
00022-gmuS7Wgsbrx\tasks-island_0.json,84,4,Arrange the shampoo.,Place shampoo on surface.,shampoo,surface,place_on
00022-gmuS7Wgsbrx\tasks-island_0.json,88,1,Arrange the sofa seat.,Place sofa seat on surface.,sofa seat,surface,place_on
00022-gmuS7Wgsbrx\tasks-island_0.json,92,4,Place items on the bed table.,Place items on the bed table.,bed table,items,place_on
00022-gmuS7Wgsbrx\tasks-island_0.json,92,5,Put things in the handbag.,Place things in the handbag.,handbag,things,place_in
00022-gmuS7Wgsbrx\tasks-island_0.json,100,5,Arrange the flowerpot.,Place flowerpot on surface.,flowerpot,surface,place_on
00022-gmuS7Wgsbrx\tasks-island_0.json,106,4,Arrange the basket of something.,Place basket of something on surface.,basket of something,surface,place_on
00022-gmuS7Wgsbrx\tasks-island_0.json,109,5,Arrange the clothes.,Place clothes on surface.,clothes,surface,place_on
00022-gmuS7Wgsbrx\tasks-island_0.json,123,3,Arrange the shampoo.,Place shampoo on surface.,shampoo,surface,place_on
00022-gmuS7Wgsbrx\tasks-island_0.json,126,1,Move the mouse to a better spot.,Carry the mouse to the better spot.,mouse,spot,carry
00022-gmuS7Wgsbrx\tasks-island_0.json,135,5,Arrange the decoration in the lounge.,Place decoration in receptacle.,decoration,receptacle,place_in
00022-gmuS7Wgsbrx\tasks-island_0.json,141,5,Display the flower vase.,Place flower vase on surface.,flower vase,surface,place_on
00022-gmuS7Wgsbrx\tasks-island_0.json,142,5,Put the bin near the cooking area.,Place the bin near the cooking area.,bin,area,place_on
00022-gmuS7Wgsbrx\tasks-island_0.json,143,1,Move the painting to the easel area.,Carry the painting to the easel area.,painting,area,carry
00022-gmuS7Wgsbrx\tasks-island_0.json,153,3,Arrange the flower vase.,Place flower vase on surface.,flower vase,surface,place_on
00022-gmuS7Wgsbrx\tasks-island_0.json,159,2,Sort them on the book rack.,Place book rack on surface.,book rack,surface,place_on
00022-gmuS7Wgsbrx\tasks-island_0.json,177,5,Arrange the clothes.,Place clothes on surface.,clothes,surface,place_on
00022-gmuS7Wgsbrx\tasks-island_0.json,194,3,Arrange the sofa seat.,Place sofa seat on surface.,sofa seat,surface,place_on
00022-gmuS7Wgsbrx\tasks-island_0.json,202,6,Load the dirty dishes into the dishwasher.,Load items into the dishwasher.,dishwasher,items,load
00022-gmuS7Wgsbrx\tasks-island_0.json,207,3,Arrange the flowerpot in the corner.,Place flowerpot in receptacle.,flowerpot,receptacle,place_in
00022-gmuS7Wgsbrx\tasks-island_0.json,216,3,Arrange flowers in the flower vase.,Place flower vase in receptacle.,flower vase,receptacle,place_in
00022-gmuS7Wgsbrx\tasks-island_0.json,216,6,Move the pouffe to its spot.,Carry the pouffe to the spot.,pouffe,spot,carry
00022-gmuS7Wgsbrx\tasks-island_0.json,219,2,Arrange items in the kitchen lower cabinet.,Place kitchen lower cabinet in receptacle.,kitchen lower cabinet,receptacle,place_in
00022-gmuS7Wgsbrx\tasks-island_0.json,219,6,Set the pitcher on the counter.,Place pitcher on surface.,pitcher,surface,place_on
00022-gmuS7Wgsbrx\tasks-island_0.json,222,3,Organize clothes in the cabinet.,Place cabinet in receptacle.,cabinet,receptacle,place_in
00022-gmuS7Wgsbrx\tasks-island_0.json,224,4,Arrange the sofa seat.,Place sofa seat on surface.,sofa seat,surface,place_on
00022-gmuS7Wgsbrx\tasks-island_0.json,231,1,Tidy the items in the case.,Place case in receptacle.,case,receptacle,place_in
00022-gmuS7Wgsbrx\tasks-island_0.json,231,3,Arrange the cabinet contents.,Place cabinet on surface.,cabinet,surface,place_on
00022-gmuS7Wgsbrx\tasks-island_0.json,232,6,Load the breakfast plates into the dishwasher.,Load items into the dishwasher.,dishwasher,items,load
00022-gmuS7Wgsbrx\tasks-island_0.json,233,6,Keep an eye on the wall clock.,Place items in the wall clock.,wall clock,items,place_in
00022-gmuS7Wgsbrx\tasks-island_0.json,243,2,Arrange the monitor.,Place monitor on surface.,monitor,surface,place_on
00022-gmuS7Wgsbrx\tasks-island_0.json,245,7,Place a book on the rack.,Place items on the book rack.,book rack,items,place_on
00022-gmuS7Wgsbrx\tasks-island_0.json,254,7,Put things in the case.,Place things in the case.,case,things,place_in
00022-gmuS7Wgsbrx\tasks-island_0.json,267,3,Arrange the sofa seat.,Place sofa seat on surface.,sofa seat,surface,place_on
00022-gmuS7Wgsbrx\tasks-island_0.json,279,6,Arrange the shampoo.,Place shampoo on surface.,shampoo,surface,place_on
00022-gmuS7Wgsbrx\tasks-island_0.json,282,2,Position the mouse.,Place mouse on surface.,mouse,surface,place_on
00022-gmuS7Wgsbrx\tasks-island_0.json,282,5,Arrange the sofa seat.,Place sofa seat on surface.,sofa seat,surface,place_on
00022-gmuS7Wgsbrx\tasks-island_0.json,283,6,Position the monitor.,Place monitor on surface.,monitor,surface,place_on
00022-gmuS7Wgsbrx\tasks-island_0.json,285,3,Arrange the flower vase.,Place flower vase on surface.,flower vase,surface,place_on
00022-gmuS7Wgsbrx\tasks-island_0.json,294,5,Arrange the basket of something.,Place basket of something on surface.,basket of something,surface,place_on
00022-gmuS7Wgsbrx\tasks-island_0.json,295,1,Position the computer.,Place computer on surface.,computer,surface,place_on
00022-gmuS7Wgsbrx\tasks-island_0.json,297,2,Position the lamp.,Place lamp on surface.,lamp,surface,place_on
00022-gmuS7Wgsbrx\tasks-island_0.json,299,5,Position the monitor.,Place monitor on surface.,monitor,surface,place_on
00022-gmuS7Wgsbrx\tasks-island_0.json,302,7,Polish the mirror in the dressing area.,Polish the mirror in the dressing area.,mirror,area,polish
00022-gmuS7Wgsbrx\tasks-island_0.json,304,4,Set the knife.,Place knife on surface.,knife,surface,place_on
00022-gmuS7Wgsbrx\tasks-island_0.json,308,7,Arrange the flower vase.,Place flower vase on surface.,flower vase,surface,place_on
00022-gmuS7Wgsbrx\tasks-island_0.json,313,1,Arrange the flower vase.,Place flower vase on surface.,flower vase,surface,place_on
00022-gmuS7Wgsbrx\tasks-island_0.json,316,1,Position the mouse.,Place mouse on surface.,mouse,surface,place_on
00022-gmuS7Wgsbrx\tasks-island_0.json,317,7,Arrange the sofa seat.,Place sofa seat on surface.,sofa seat,surface,place_on
00022-gmuS7Wgsbrx\tasks-island_0.json,325,1,Grab the sunglasses from the dining area.,Pick up the sunglasses from the dining area.,sunglasses,area,pick_up
00022-gmuS7Wgsbrx\tasks-island_0.json,326,3,Put the small items into the basket.,Place the small items in the basket.,basket,items,place_in
00022-gmuS7Wgsbrx\tasks-island_0.json,327,3,Load used towels into the laundry machine.,Load items into the laundry machine.,laundry machine,items,load
00022-gmuS7Wgsbrx\tasks-island_0.json,330,2,Retrieve a cup from the bedroom area.,Pick up the cup from the bedroom area.,cup,area,pick_up
00022-gmuS7Wgsbrx\tasks-island_0.json,336,4,Organize items in the dresser.,Place dresser in receptacle.,dresser,receptacle,place_in
00022-gmuS7Wgsbrx\tasks-island_0.json,338,1,Reposition the flowerpot.,Place flowerpot on surface.,flowerpot,surface,place_on
00022-gmuS7Wgsbrx\tasks-island_0.json,341,4,Rearrange the decoration on the shelf.,Place decoration on surface.,decoration,surface,place_on
00022-gmuS7Wgsbrx\tasks-island_0.json,351,4,Organize papers in the cabinet.,Place cabinet in receptacle.,cabinet,receptacle,place_in
00022-gmuS7Wgsbrx\tasks-island_0.json,362,5,Put things in the dresser.,Place things in the dresser.,dresser,things,place_in
00022-gmuS7Wgsbrx\tasks-island_0.json,374,1,Arrange the sofa seat.,Place sofa seat on surface.,sofa seat,surface,place_on
00022-gmuS7Wgsbrx\tasks-island_0.json,377,6,Put dirty items in the basket.,Place dirty items in the basket.,basket,items,place_in
00022-gmuS7Wgsbrx\tasks-island_0.json,377,7,Arrange the plush toy.,Place plush toy in receptacle.,plush toy,receptacle,place_in
00022-gmuS7Wgsbrx\tasks-island_0.json,381,5,Arrange the sofa seat.,Place sofa seat in receptacle.,sofa seat,receptacle,place_in
00022-gmuS7Wgsbrx\tasks-island_0.json,384,7,Store items in the basket.,Place items in the basket.,basket,items,place_in
00022-gmuS7Wgsbrx\tasks-island_0.json,386,5,Set the bed table.,Place bed table on surface.,bed table,surface,place_on
00022-gmuS7Wgsbrx\tasks-island_0.json,386,6,Put the book on the rack.,Place items on the book rack.,book rack,items,place_on
00022-gmuS7Wgsbrx\tasks-island_0.json,390,6,Arrange books on the book rack.,Place book rack on surface.,book rack,surface,place_on
00022-gmuS7Wgsbrx\tasks-island_0.json,393,1,Arrange the sofa seat.,Place sofa seat on surface.,sofa seat,surface,place_on
00022-gmuS7Wgsbrx\tasks-island_0.json,400,1,Gather books from the book rack.,Place book rack on surface.,book rack,surface,place_on
00022-gmuS7Wgsbrx\tasks-island_0.json,402,4,Arrange the sofa seat.,Place sofa seat on surface.,sofa seat,surface,place_on
00023-zepmXAdrpjR\tasks-island_0.json,2,1,Put away food in the refrigerator.,Store items in the refrigerator.,refrigerator,items,store
00023-zepmXAdrpjR\tasks-island_0.json,11,3,Get a bowl from the dining area.,Pick up the bowl from the dining area.,bowl,area,pick_up
00023-zepmXAdrpjR\tasks-island_0.json,15,1,Prepare the kitchen appliance.,Wipe kitchen appliance.,kitchen appliance,appliance,wipe
00023-zepmXAdrpjR\tasks-island_0.json,47,1,Move the container.,Carry the container.,container,container,carry
00023-zepmXAdrpjR\tasks-island_0.json,48,3,Set the plate.,Place plate on surface.,plate,surface,place_on
00023-zepmXAdrpjR\tasks-island_0.json,51,3,Set the tray.,Place tray on surface.,tray,surface,place_on
00023-zepmXAdrpjR\tasks-island_0.json,53,3,Arrange the folding chair.,Place folding chair on surface.,folding chair,surface,place_on
00023-zepmXAdrpjR\tasks-island_0.json,62,2,Arrange the folding chair.,Place folding chair on surface.,folding chair,surface,place_on
00023-zepmXAdrpjR\tasks-island_0.json,64,3,Wipe the kitchen appliance.,Wipe the kitchen appliance.,kitchen appliance,appliance,wipe
00023-zepmXAdrpjR\tasks-island_0.json,70,1,Stack the container.,Stack the container.,container,container,stack
00023-zepmXAdrpjR\tasks-island_0.json,70,2,Arrange the shelf.,Place shelf on surface.,shelf,surface,place_on
00023-zepmXAdrpjR\tasks-island_0.json,81,4,Arrange the l-shaped sofa.,Place l-shaped sofa on surface.,l-shaped sofa,surface,place_on
00023-zepmXAdrpjR\tasks-island_0.json,86,4,Set the toaster for a snack.,Place toaster on surface.,toaster,surface,place_on
00023-zepmXAdrpjR\tasks-island_0.json,99,3,Arrange the bath towel.,Place bath towel on surface.,bath towel,surface,place_on
00023-zepmXAdrpjR\tasks-island_0.json,109,6,Secure the container.,Store the container.,container,container,place_in
00023-zepmXAdrpjR\tasks-island_0.json,117,4,Set the plate.,Place plate on surface.,plate,surface,place_on
00023-zepmXAdrpjR\tasks-island_0.json,118,3,Label the container.,Place a label on the container.,container,container,place_on
00023-zepmXAdrpjR\tasks-island_0.json,121,5,Prepare the kitchen appliance.,Wipe kitchen appliance.,kitchen appliance,appliance,wipe
00023-zepmXAdrpjR\tasks-island_0.json,127,2,Check the device.,Inspect the device.,device,device,inspect
00023-zepmXAdrpjR\tasks-island_0.json,129,5,Seal the container.,Close the container.,container,container,close
00023-zepmXAdrpjR\tasks-island_0.json,131,5,Arrange the rack.,Place rack on surface.,rack,surface,place_on
00023-zepmXAdrpjR\tasks-island_0.json,135,4,Empty the container.,Dump container.,container,container,dump
00023-zepmXAdrpjR\tasks-island_0.json,136,6,Arrange the l-shaped sofa.,Place l-shaped sofa on surface.,l-shaped sofa,surface,place_on
00023-zepmXAdrpjR\tasks-island_0.json,137,4,Arrange the folding chair.,Place folding chair on surface.,folding chair,surface,place_on
00023-zepmXAdrpjR\tasks-island_0.json,149,3,Set the tray.,Place tray on surface.,tray,surface,place_on
00023-zepmXAdrpjR\tasks-island_0.json,152,6,Position the lamp.,Place lamp on surface.,lamp,surface,place_on
00023-zepmXAdrpjR\tasks-island_0.json,161,1,Sort the container.,Straighten container.,container,container,straighten
00023-zepmXAdrpjR\tasks-island_0.json,161,3,Arrange the bag.,Place bag on surface.,bag,surface,place_on
00023-zepmXAdrpjR\tasks-island_0.json,170,2,Fill it from the sink.,Use the sink to fill a container.,sink,container,fill
00023-zepmXAdrpjR\tasks-island_0.json,179,4,Put items in the bag.,Place items in the bag.,bag,items,place_in
00023-zepmXAdrpjR\tasks-island_0.json,180,4,Arrange the rack.,Place rack on surface.,rack,surface,place_on
00023-zepmXAdrpjR\tasks-island_0.json,185,4,Hang clothes on the rack.,Hang items on the rack.,rack,items,hang
00023-zepmXAdrpjR\tasks-island_0.json,190,6,Arrange the l-shaped sofa.,Place l-shaped sofa on surface.,l-shaped sofa,surface,place_on
00023-zepmXAdrpjR\tasks-island_0.json,194,2,Arrange the l-shaped sofa.,Place l-shaped sofa in receptacle.,l-shaped sofa,receptacle,place_in
00023-zepmXAdrpjR\tasks-island_0.json,197,2,Arrange the folding chair.,Place folding chair on surface.,folding chair,surface,place_on
00023-zepmXAdrpjR\tasks-island_0.json,199,5,Move the container.,Carry the container.,container,container,carry
00023-zepmXAdrpjR\tasks-island_0.json,203,2,Set the plate.,Place plate on surface.,plate,surface,place_on
00023-zepmXAdrpjR\tasks-island_0.json,205,5,Clean the kitchen appliance.,Wipe kitchen appliance.,kitchen appliance,appliance,wipe
00023-zepmXAdrpjR\tasks-island_0.json,207,4,Arrange the l-shaped sofa.,Place l-shaped sofa on surface.,l-shaped sofa,surface,place_on
00023-zepmXAdrpjR\tasks-island_0.json,208,3,Arrange the shelf.,Place shelf on surface.,shelf,surface,place_on
00025-ixTj1aTMup2\tasks-island_0.json,0,4,Move the flowerpot to a different spot.,Carry the flowerpot to the different spot.,flowerpot,spot,carry
00025-ixTj1aTMup2\tasks-island_0.json,1,2,Set out the shampoo on the ledge.,Place shampoo on surface.,shampoo,surface,place_on
00025-ixTj1aTMup2\tasks-island_0.json,5,3,Position the camera for the meeting.,Place camera on surface.,camera,surface,place_on
00025-ixTj1aTMup2\tasks-island_0.json,7,3,Move the flowerpot to a sunny spot.,Carry the flowerpot to the sunny spot.,flowerpot,spot,carry
00025-ixTj1aTMup2\tasks-island_0.json,9,2,Arrange the newspaper neatly.,Place newspaper on surface.,newspaper,surface,place_on
00025-ixTj1aTMup2\tasks-island_0.json,14,3,Arrange the items on the shelf.,Place shelf on surface.,shelf,surface,place_on
00025-ixTj1aTMup2\tasks-island_0.json,19,1,Turn off the lamp in the living area.,Turn off the lamp in the living area.,lamp,area,turn_off
00025-ixTj1aTMup2\tasks-island_0.json,19,3,Set the cooker to off.,Place cooker on surface.,cooker,surface,place_on
00025-ixTj1aTMup2\tasks-island_0.json,25,3,Arrange the shampoo bottle.,Place shampoo on surface.,shampoo,surface,place_on
00025-ixTj1aTMup2\tasks-island_0.json,27,4,Set the cup on the table.,Place cup on surface.,cup,surface,place_on
00025-ixTj1aTMup2\tasks-island_0.json,29,3,Rearrange the kitchen cabinet.,Place kitchen cabinet on surface.,kitchen cabinet,surface,place_on
00025-ixTj1aTMup2\tasks-island_0.json,42,3,Set the cup down.,Place cup on surface.,cup,surface,place_on
00025-ixTj1aTMup2\tasks-island_0.json,53,2,Set the plate on the table.,Place plate on surface.,plate,surface,place_on
00025-ixTj1aTMup2\tasks-island_0.json,55,4,Hang clothes in the closet.,Hang items in the closet.,closet,items,hang
00025-ixTj1aTMup2\tasks-island_0.json,58,5,Set the toaster.,Place toaster on surface.,toaster,surface,place_on
00025-ixTj1aTMup2\tasks-island_0.json,64,2,Load the sink.,Place items in the sink.,sink,items,place_in
00025-ixTj1aTMup2\tasks-island_0.json,69,5,Set the toaster.,Place toaster on surface.,toaster,surface,place_on
00025-ixTj1aTMup2\tasks-island_0.json,76,4,Set a bottle of wine on the counter.,Place wine bottle on surface.,wine_bottle,surface,place_on
00025-ixTj1aTMup2\tasks-island_0.json,76,5,Arrange a plate for serving.,Place plate on surface.,plate,surface,place_on
00025-ixTj1aTMup2\tasks-island_0.json,77,5,Reposition the flowerpot.,Place flowerpot in receptacle.,flowerpot,receptacle,place_in
00025-ixTj1aTMup2\tasks-island_0.json,93,4,Fill a pitcher at the sink.,Use the sink to fill a container.,sink,container,fill
00025-ixTj1aTMup2\tasks-island_0.json,96,5,Set aside the plate.,Place plate on surface.,plate,surface,place_on
00025-ixTj1aTMup2\tasks-island_0.json,106,3,Reposition the plant.,Place plant on surface.,plant,surface,place_on
00025-ixTj1aTMup2\tasks-island_0.json,111,5,Put the toaster away in the kitchen cabinet.,Store items in the kitchen cabinet.,kitchen cabinet,items,store
00025-ixTj1aTMup2\tasks-island_0.json,112,1,Move the shampoo to the bathtub area.,Carry the shampoo to the bathtub area.,shampoo,area,carry
00025-ixTj1aTMup2\tasks-island_0.json,116,4,Put away the bread in the kitchen cabinet.,Store items in the kitchen cabinet.,kitchen cabinet,items,store
00025-ixTj1aTMup2\tasks-island_0.json,125,2,Move the towel to the storage area.,Carry the towel to the storage area.,towel,area,carry
00025-ixTj1aTMup2\tasks-island_0.json,126,4,Arrange the vase.,Place vase on surface.,vase,surface,place_on
00025-ixTj1aTMup2\tasks-island_0.json,127,6,Arrange the brochure in the bedroom.,Place brochure in receptacle.,brochure,receptacle,place_in
00025-ixTj1aTMup2\tasks-island_0.json,139,2,Arrange the box.,Place box on surface.,box,surface,place_on
00025-ixTj1aTMup2\tasks-island_0.json,145,4,Set the plate.,Place plate on surface.,plate,surface,place_on
00025-ixTj1aTMup2\tasks-island_0.json,157,5,Set the cup.,Place cup in receptacle.,cup,receptacle,place_in
00025-ixTj1aTMup2\tasks-island_0.json,163,4,Set the cup.,Place cup on surface.,cup,surface,place_on
00025-ixTj1aTMup2\tasks-island_0.json,176,7,Set the camera on the desk.,Place camera on surface.,camera,surface,place_on
00025-ixTj1aTMup2\tasks-island_0.json,184,6,Get the book from the dining area.,Pick up the book from the dining area.,book,area,pick_up
00025-ixTj1aTMup2\tasks-island_0.json,186,1,Turn on the fan in the storage area.,Turn on the fan in the storage area.,fan,area,turn_on
00025-ixTj1aTMup2\tasks-island_0.json,190,6,Wipe the mirror in the grooming area.,Wipe the mirror in the grooming area.,mirror,area,wipe
00025-ixTj1aTMup2\tasks-island_0.json,191,2,Arrange the vase.,Place vase on surface.,vase,surface,place_on
00025-ixTj1aTMup2\tasks-island_0.json,191,4,Hang the picture near the dining area.,Hang the picture near the dining area.,picture,area,hang
00031-Wo6kuutE9i7\tasks-island_0.json,7,4,Arrange the flower vase.,Place flower vase on surface.,flower vase,surface,place_on
00031-Wo6kuutE9i7\tasks-island_0.json,16,3,Arrange the flower vase.,Place flower vase on surface.,flower vase,surface,place_on
00031-Wo6kuutE9i7\tasks-island_0.json,25,2,Arrange the plate on the table.,Place plate on surface.,plate,surface,place_on
00031-Wo6kuutE9i7\tasks-island_0.json,39,4,Set a plate on the dining table.,Place plate on surface.,plate,surface,place_on
00031-Wo6kuutE9i7\tasks-island_0.json,50,5,Set the plate on the table.,Place plate on surface.,plate,surface,place_on
00031-Wo6kuutE9i7\tasks-island_0.json,70,4,Set the plate.,Place plate on surface.,plate,surface,place_on
00031-Wo6kuutE9i7\tasks-island_0.json,76,1,Organize the items in the cabinet.,Place cabinet in receptacle.,cabinet,receptacle,place_in
00031-Wo6kuutE9i7\tasks-island_0.json,77,3,Pack essentials into the handbag.,Load items into the handbag.,handbag,items,load
00031-Wo6kuutE9i7\tasks-island_0.json,78,5,Organize books in the cabinet.,Place cabinet in receptacle.,cabinet,receptacle,place_in
00031-Wo6kuutE9i7\tasks-island_0.json,80,4,Arrange the vase on the patio.,Place vase in receptacle.,vase,receptacle,place_in
00031-Wo6kuutE9i7\tasks-island_0.json,81,6,Replace the bulb in the lamp.,Place items in the lamp.,lamp,items,place_in
00031-Wo6kuutE9i7\tasks-island_0.json,86,4,Change the water in the flower vase.,Place items in the flower vase.,flower vase,items,place_in
00031-Wo6kuutE9i7\tasks-island_0.json,90,4,Arrange the flowers in the flower vase.,Place flower vase in receptacle.,flower vase,receptacle,place_in
00031-Wo6kuutE9i7\tasks-island_0.json,93,6,Arrange the plate on the table.,Place plate on surface.,plate,surface,place_on
00031-Wo6kuutE9i7\tasks-island_0.json,94,6,Change the bulb in the lamp.,Place items in the lamp.,lamp,items,place_in
00031-Wo6kuutE9i7\tasks-island_0.json,110,3,Arrange the flower vase.,Place flower vase on surface.,flower vase,surface,place_on
00031-Wo6kuutE9i7\tasks-island_0.json,110,5,Set the plate.,Place plate on surface.,plate,surface,place_on
00031-Wo6kuutE9i7\tasks-island_0.json,131,4,Set the plate.,Place plate on surface.,plate,surface,place_on
00031-Wo6kuutE9i7\tasks-island_0.json,132,3,Arrange the flower vase.,Place flower vase on surface.,flower vase,surface,place_on
00031-Wo6kuutE9i7\tasks-island_0.json,132,5,Set the plate.,Place plate on surface.,plate,surface,place_on
00031-Wo6kuutE9i7\tasks-island_0.json,136,6,Arrange the flower vase.,Place flower vase on surface.,flower vase,surface,place_on
00033-oPj9qMxrDEa\tasks-island_0.json,0,4,Hang the clean clothes on the hanger.,Hang items on the hanger.,hanger,items,hang
00033-oPj9qMxrDEa\tasks-island_0.json,2,2,Organize papers near the printer.,Place printer in receptacle.,printer,receptacle,place_in
00033-oPj9qMxrDEa\tasks-island_0.json,6,4,Load the used plate into the dishwasher.,Load items into the dishwasher.,dishwasher,items,load
00033-oPj9qMxrDEa\tasks-island_0.json,10,3,Wipe the kitchen appliance.,Wipe the kitchen appliance.,kitchen appliance,appliance,wipe
00033-oPj9qMxrDEa\tasks-island_0.json,10,4,Arrange the cabinet.,Place cabinet on surface.,cabinet,surface,place_on
00033-oPj9qMxrDEa\tasks-island_0.json,14,1,Prepare the kitchen appliance.,Wipe kitchen appliance.,kitchen appliance,appliance,wipe
00033-oPj9qMxrDEa\tasks-island_0.json,18,3,Fluff the pillow on the armchair.,Fluff items on the armchair.,armchair,items,fluff
00033-oPj9qMxrDEa\tasks-island_0.json,31,1,Empty the kitchen appliance.,Dump kitchen appliance.,kitchen appliance,appliance,dump
00033-oPj9qMxrDEa\tasks-island_0.json,39,2,Fill it at the sink.,Use the sink to fill a container.,sink,container,fill
00033-oPj9qMxrDEa\tasks-island_0.json,40,5,File papers in the cabinet.,Place items in the cabinet.,cabinet,items,place_in
00033-oPj9qMxrDEa\tasks-island_0.json,44,3,Put items in the box.,Place items in the box.,box,items,place_in
00033-oPj9qMxrDEa\tasks-island_0.json,44,4,Hang the clothes on the hanger.,Hang items on the hanger.,hanger,items,hang
00033-oPj9qMxrDEa\tasks-island_0.json,44,5,Arrange the wardrobe.,Place wardrobe on surface.,wardrobe,surface,place_on
00033-oPj9qMxrDEa\tasks-island_0.json,46,3,Wipe the kitchen appliance.,Wipe the kitchen appliance.,kitchen appliance,appliance,wipe
00033-oPj9qMxrDEa\tasks-island_0.json,47,2,Stock the cabinet.,Place items in the cabinet.,cabinet,items,place_in
00033-oPj9qMxrDEa\tasks-island_0.json,47,3,Place items in the drawer.,Place items in the drawer.,drawer,items,place_in
00033-oPj9qMxrDEa\tasks-island_0.json,52,2,Position the monitor.,Place monitor on surface.,monitor,surface,place_on
00033-oPj9qMxrDEa\tasks-island_0.json,53,3,Arrange the wardrobe.,Place wardrobe on surface.,wardrobe,surface,place_on
00033-oPj9qMxrDEa\tasks-island_0.json,55,3,Set the plate.,Place plate on surface.,plate,surface,place_on
00033-oPj9qMxrDEa\tasks-island_0.json,59,1,Sort the items in the cabinet.,Place cabinet in receptacle.,cabinet,receptacle,place_in
00033-oPj9qMxrDEa\tasks-island_0.json,65,4,Store extra items in the bag.,Place extra items in the bag.,bag,items,place_in
00033-oPj9qMxrDEa\tasks-island_0.json,66,5,Set the cup on the table.,Place cup on surface.,cup,surface,place_on
00033-oPj9qMxrDEa\tasks-island_0.json,69,4,Position the keyboard.,Place keyboard on surface.,keyboard,surface,place_on
00033-oPj9qMxrDEa\tasks-island_0.json,78,2,Fill a container at the sink.,Use the sink to fill a container.,sink,container,fill
00033-oPj9qMxrDEa\tasks-island_0.json,78,6,Set the tray.,Place tray on surface.,tray,surface,place_on
00033-oPj9qMxrDEa\tasks-island_0.json,80,2,Fill it at the sink.,Use the sink to fill a container.,sink,container,fill
00033-oPj9qMxrDEa\tasks-island_0.json,81,2,Arrange the shelf.,Place shelf on surface.,shelf,surface,place_on
00033-oPj9qMxrDEa\tasks-island_0.json,81,5,Sort items on the rack.,Place rack on surface.,rack,surface,place_on
00033-oPj9qMxrDEa\tasks-island_0.json,81,6,Stack plates in the dishwasher.,Place items in the dishwasher.,dishwasher,items,place_in
00033-oPj9qMxrDEa\tasks-island_0.json,83,2,Arrange the figurine.,Place figurine on surface.,figurine,surface,place_on
00033-oPj9qMxrDEa\tasks-island_0.json,83,4,Position the stuffed animal.,Place stuffed animal on surface.,stuffed animal,surface,place_on
00033-oPj9qMxrDEa\tasks-island_0.json,85,4,Take a snack from the kitchen appliance.,Pick up the kitchen appliance.,kitchen appliance,appliance,pick_up
00033-oPj9qMxrDEa\tasks-island_0.json,88,6,Hang a hanger on the rack.,Hang items on the rack.,rack,items,hang
00033-oPj9qMxrDEa\tasks-island_0.json,94,4,Arrange the towel.,Place towel on surface.,towel,surface,place_on
00033-oPj9qMxrDEa\tasks-island_0.json,96,4,Set the tray.,Place tray on surface.,tray,surface,place_on
00033-oPj9qMxrDEa\tasks-island_0.json,97,2,Hang the clothes on the clothes hanger.,Hang items on the clothes hanger.,clothes hanger,items,hang
00033-oPj9qMxrDEa\tasks-island_0.json,105,2,Arrange the wood.,Place wood in receptacle.,wood,receptacle,place_in
00033-oPj9qMxrDEa\tasks-island_0.json,106,3,Arrange the tray.,Place tray on surface.,tray,surface,place_on
00033-oPj9qMxrDEa\tasks-island_0.json,112,4,Position the keyboard.,Place keyboard on surface.,keyboard,surface,place_on
00033-oPj9qMxrDEa\tasks-island_0.json,121,3,Set the plate.,Place plate on surface.,plate,surface,place_on
00033-oPj9qMxrDEa\tasks-island_0.json,121,4,Position the decorative plant.,Place decorative plant on surface.,decorative plant,surface,place_on
00033-oPj9qMxrDEa\tasks-island_0.json,125,2,Plug in the kitchen appliance.,Plug in the kitchen appliance.,kitchen appliance,appliance,plug_in
00033-oPj9qMxrDEa\tasks-island_0.json,130,1,Position the keyboard.,Place keyboard on surface.,keyboard,surface,place_on
00033-oPj9qMxrDEa\tasks-island_0.json,132,1,Hang clothes on the clothes hanger.,Hang items on the clothes hanger.,clothes hanger,items,hang
00033-oPj9qMxrDEa\tasks-island_0.json,132,3,Put the items into the backpack.,Place the items in the backpack.,backpack,items,place_in
00033-oPj9qMxrDEa\tasks-island_0.json,136,3,Arrange the decorative plant.,Place decorative plant on surface.,decorative plant,surface,place_on
00033-oPj9qMxrDEa\tasks-island_0.json,136,4,Straighten the books on the shelf.,Straighten items on the shelf.,shelf,items,straighten
00033-oPj9qMxrDEa\tasks-island_0.json,138,1,Hang the jacket on the hanger.,Hang items on the hanger.,hanger,items,hang
00033-oPj9qMxrDEa\tasks-island_0.json,140,6,File papers in the cabinet.,Place items in the cabinet.,cabinet,items,place_in
00033-oPj9qMxrDEa\tasks-island_0.json,141,2,Boil water with the kitchen appliance.,Turn on kitchen appliance.,kitchen appliance,appliance,turn_on
00033-oPj9qMxrDEa\tasks-island_0.json,141,4,Arrange the tea set on the tray.,Place tray on surface.,tray,surface,place_on
00033-oPj9qMxrDEa\tasks-island_0.json,142,2,Arrange the stuffed animal.,Place stuffed animal on surface.,stuffed animal,surface,place_on
00033-oPj9qMxrDEa\tasks-island_0.json,143,3,Stack it in the firewood holder.,Place items in the firewood holder.,firewood holder,items,place_in
00033-oPj9qMxrDEa\tasks-island_0.json,145,2,Arrange the decorative plant.,Place decorative plant on surface.,decorative plant,surface,place_on
00033-oPj9qMxrDEa\tasks-island_0.json,150,2,Hang clothes on the hanger.,Hang items on the hanger.,hanger,items,hang
00033-oPj9qMxrDEa\tasks-island_0.json,153,7,Tidy the kitchen appliance.,Straighten kitchen appliance.,kitchen appliance,appliance,straighten
00033-oPj9qMxrDEa\tasks-island_0.json,154,4,Arrange the decorative plant.,Place decorative plant on surface.,decorative plant,surface,place_on
00033-oPj9qMxrDEa\tasks-island_0.json,155,2,Hang clothes on the set of hangers.,Hang items on the set of hangers.,set of hangers,items,hang
00034-6imZUJGRUq4\tasks-island_0.json,19,4,Empty the container.,Dump container.,container,container,dump
00034-6imZUJGRUq4\tasks-island_0.json,30,3,Organize the books on the shelf.,Place shelf on surface.,shelf,surface,place_on
00034-6imZUJGRUq4\tasks-island_0.json,30,4,Place the loose items in the basket.,Place the loose items in the basket.,basket,items,place_in
00034-6imZUJGRUq4\tasks-island_0.json,32,4,Hang wet items on the clothes hanger.,Hang items on the clothes hanger.,clothes hanger,items,hang
00034-6imZUJGRUq4\tasks-island_0.json,35,4,Serve the meal on a plate.,Place items on the plate.,plate,items,place_on
00034-6imZUJGRUq4\tasks-island_0.json,36,1,Grab the cap from the dining area.,Pick up the cap from the dining area.,cap,area,pick_up
00034-6imZUJGRUq4\tasks-island_0.json,44,2,Move the container to access the wall.,Carry the container to access the wall.,container,container,carry
00034-6imZUJGRUq4\tasks-island_0.json,45,3,Arrange the flower vase.,Place flower vase on surface.,flower vase,surface,place_on
00034-6imZUJGRUq4\tasks-island_0.json,48,2,Arrange the container on the shelf.,Place container on surface.,container,"container, surface",place_on
00034-6imZUJGRUq4\tasks-island_0.json,53,3,Hang coats on the clothes hanger.,Hang items on the clothes hanger.,clothes hanger,items,hang
00034-6imZUJGRUq4\tasks-island_0.json,55,3,Organize the clothes in the wardrobe.,Place wardrobe in receptacle.,wardrobe,receptacle,place_in
00034-6imZUJGRUq4\tasks-island_0.json,56,5,Hang clothes in the wardrobe.,Hang items in the wardrobe.,wardrobe,items,hang
00034-6imZUJGRUq4\tasks-island_0.json,60,2,Tidy the clothes in the wardrobe.,Place wardrobe in receptacle.,wardrobe,receptacle,place_in
00034-6imZUJGRUq4\tasks-island_0.json,67,2,Arrange the exercise equipment.,Place exercise equipment on surface.,exercise equipment,surface,place_on
00034-6imZUJGRUq4\tasks-island_0.json,68,4,Arrange fish food on the shelf.,Place shelf on surface.,shelf,surface,place_on
00034-6imZUJGRUq4\tasks-island_0.json,68,5,Check the water container.,Inspect the container.,container,container,inspect
00034-6imZUJGRUq4\tasks-island_0.json,69,1,Pack sandwiches from the refrigerator.,Load items into the refrigerator.,refrigerator,items,load
00034-6imZUJGRUq4\tasks-island_0.json,75,5,Fluff the pillows on the couch.,Fluff items on the couch.,couch,items,fluff
00034-6imZUJGRUq4\tasks-island_0.json,76,2,Pack items into the cardboard box.,Load items into the cardboard box.,cardboard box,items,load
00034-6imZUJGRUq4\tasks-island_0.json,81,4,Change the water in the flower vase.,Place items in the flower vase.,flower vase,items,place_in
00034-6imZUJGRUq4\tasks-island_0.json,81,5,Tidy the clothes in the wardrobe.,Place wardrobe in receptacle.,wardrobe,receptacle,place_in
00034-6imZUJGRUq4\tasks-island_0.json,83,4,Organize the water container.,Straighten container.,container,container,straighten
00034-6imZUJGRUq4\tasks-island_0.json,88,2,Sort items into the basket.,Place basket in receptacle.,basket,receptacle,place_in
00034-6imZUJGRUq4\tasks-island_0.json,90,5,Load the used plate into the dishwasher.,Load items into the dishwasher.,dishwasher,items,load
00034-6imZUJGRUq4\tasks-island_0.json,94,3,Secure the joint with a hammer.,Place items in the hammer.,hammer,items,place_in
00034-6imZUJGRUq4\tasks-island_0.json,95,4,Place folded items into the basket.,Place folded items in the basket.,basket,items,place_in
00034-6imZUJGRUq4\tasks-island_0.json,95,5,Organize the basket on the closet shelf.,Place closet shelf on surface.,closet shelf,surface,place_on
00034-6imZUJGRUq4\tasks-island_0.json,97,4,Organize items on the shelf.,Place shelf on surface.,shelf,surface,place_on
00034-6imZUJGRUq4\tasks-island_0.json,98,2,Place the small items into the basket.,Place the small items in the basket.,basket,items,place_in
00034-6imZUJGRUq4\tasks-island_0.json,98,3,Arrange the books on the shelf.,Place shelf on surface.,shelf,surface,place_on
00034-6imZUJGRUq4\tasks-island_0.json,98,5,Pack the rest into the storage box.,Load items into the storage box.,storage box,items,load
00034-6imZUJGRUq4\tasks-island_0.json,99,3,Serve the baked goods on a plate.,Place items on the plate.,plate,items,place_on
00034-6imZUJGRUq4\tasks-island_0.json,100,2,Pack clothes from the wardrobe.,Pick up items from the wardrobe.,wardrobe,items,pick_up
00034-6imZUJGRUq4\tasks-island_0.json,101,2,Retrieve pet food from the container.,Pick up the container.,container,container,pick_up
00034-6imZUJGRUq4\tasks-island_0.json,101,4,Organize pet supplies on the shelf.,Place shelf on surface.,shelf,surface,place_on
00034-6imZUJGRUq4\tasks-island_0.json,112,1,Pack old items into the suitcase.,Load items into the suitcase.,suitcase,items,load
00034-6imZUJGRUq4\tasks-island_0.json,122,1,Sort clothes in the wardrobe.,Place wardrobe in receptacle.,wardrobe,receptacle,place_in
00034-6imZUJGRUq4\tasks-island_0.json,122,4,Arrange shoes on the closet shelf.,Place closet shelf on surface.,closet shelf,surface,place_on
00034-6imZUJGRUq4\tasks-island_0.json,122,5,Put seasonal items in the storage box.,Place seasonal items in the storage box.,storage box,items,place_in
00034-6imZUJGRUq4\tasks-island_0.json,123,4,Fill a water bottle from the pitcher.,Use the pitcher to fill a container.,pitcher,container,fill
00034-6imZUJGRUq4\tasks-island_0.json,124,6,Load the used items into the dishwasher.,Load items into the dishwasher.,dishwasher,items,load
00034-6imZUJGRUq4\tasks-island_0.json,127,2,Pack the workout gear into the backpack.,Load items into the backpack.,backpack,items,load
00034-6imZUJGRUq4\tasks-island_0.json,128,4,Organize the detergent on the shelf.,Place shelf on surface.,shelf,surface,place_on
00034-6imZUJGRUq4\tasks-island_0.json,128,5,Sort the clean laundry in the clothes bag.,Place clothes bag in receptacle.,clothes bag,receptacle,place_in
00034-6imZUJGRUq4\tasks-island_0.json,130,3,Organize toiletries in the cabinet.,Place cabinet in receptacle.,cabinet,receptacle,place_in
00034-6imZUJGRUq4\tasks-island_0.json,130,6,Refill the soap container.,Fill the container.,container,container,fill
00034-6imZUJGRUq4\tasks-island_0.json,131,1,Fluff the cushions on the couch.,Fluff items on the couch.,couch,items,fluff
00034-6imZUJGRUq4\tasks-island_0.json,131,4,Pop some popcorn in the microwave oven.,Place items in the microwave oven.,microwave_oven,items,place_in
00034-6imZUJGRUq4\tasks-island_0.json,132,1,Arrange the flowers in the flower vase.,Place flower vase in receptacle.,flower vase,receptacle,place_in
00034-6imZUJGRUq4\tasks-island_0.json,136,4,Put away clothes in the wardrobe.,Store items in the wardrobe.,wardrobe,items,store
00034-6imZUJGRUq4\tasks-island_0.json,137,2,Put away clothes in the wardrobe.,Store items in the wardrobe.,wardrobe,items,store
00034-6imZUJGRUq4\tasks-island_0.json,137,3,Organize books on the shelf.,Place shelf on surface.,shelf,surface,place_on
00034-6imZUJGRUq4\tasks-island_0.json,137,5,Put miscellaneous items in the storage box.,Place miscellaneous items in the storage box.,storage box,items,place_in
00034-6imZUJGRUq4\tasks-island_0.json,139,3,Prepare soapy water in the container.,Place items in the container.,container,"items, container",place_in
00034-6imZUJGRUq4\tasks-island_0.json,142,2,Fill the container with water.,Fill the container with the water.,container,container,fill
00034-6imZUJGRUq4\tasks-island_0.json,143,3,Pack items into the storage box.,Load items into the storage box.,storage box,items,load
00034-6imZUJGRUq4\tasks-island_0.json,144,4,Arrange snacks on a plate.,Place plate on surface.,plate,surface,place_on
00034-6imZUJGRUq4\tasks-island_0.json,146,1,Sort clothes in the wardrobe.,Place wardrobe in receptacle.,wardrobe,receptacle,place_in
00034-6imZUJGRUq4\tasks-island_0.json,146,2,Move the chair to a new spot.,Reposition the chair to the new spot.,chair,spot,reposition
00034-6imZUJGRUq4\tasks-island_0.json,146,6,Arrange books on the shelf.,Place shelf on surface.,shelf,surface,place_on
00034-6imZUJGRUq4\tasks-island_0.json,149,4,Mix the paint in a container.,Inspect the container.,container,container,inspect
00034-6imZUJGRUq4\tasks-island_0.json,149,6,Store supplies on the shelf.,Place items on the shelf.,shelf,items,place_on
00034-6imZUJGRUq4\tasks-island_0.json,150,1,Position the treadmill.,Place treadmill on surface.,treadmill,surface,place_on
00034-6imZUJGRUq4\tasks-island_0.json,150,2,Arrange the exercise equipment.,Place exercise equipment on surface.,exercise equipment,surface,place_on
00034-6imZUJGRUq4\tasks-island_0.json,150,6,Store towels on the shelf.,Place items on the shelf.,shelf,items,place_on
00034-6imZUJGRUq4\tasks-island_0.json,152,2,Pack clothes from the wardrobe.,Pick up items from the wardrobe.,wardrobe,items,pick_up
00034-6imZUJGRUq4\tasks-island_0.json,152,3,Pack toiletries from the cabinet.,Load items into the cabinet.,cabinet,items,load
00034-6imZUJGRUq4\tasks-island_0.json,152,5,Pack documents into the handbag.,Load items into the handbag.,handbag,items,load
00034-6imZUJGRUq4\tasks-island_0.json,155,5,Put tools away on the shelf.,Store items on the shelf.,shelf,items,store
00034-6imZUJGRUq4\tasks-island_0.json,157,5,Catch water with the container.,Use the container to water plants.,container,container,inspect
00034-6imZUJGRUq4\tasks-island_0.json,159,3,Pack essentials into the backpack.,Load items into the backpack.,backpack,items,load
00034-6imZUJGRUq4\tasks-island_0.json,160,5,Organize the items on the shelf.,Place shelf on surface.,shelf,surface,place_on
00034-6imZUJGRUq4\tasks-island_0.json,161,6,Hang the wet clothes on the clothes hanger.,Hang items on the clothes hanger.,clothes hanger,items,hang
00034-6imZUJGRUq4\tasks-island_0.json,162,1,Load the dirty dishes into the dishwasher.,Load items into the dishwasher.,dishwasher,items,load
00034-6imZUJGRUq4\tasks-island_0.json,164,3,Arrange the items on the shelf.,Place shelf on surface.,shelf,surface,place_on
00034-6imZUJGRUq4\tasks-island_0.json,171,2,Store it away in the wardrobe.,Store items in the wardrobe.,wardrobe,items,store
00034-6imZUJGRUq4\tasks-island_0.json,173,2,Pack my essentials in the handbag.,Load items into the handbag.,handbag,items,load
00034-6imZUJGRUq4\tasks-island_0.json,173,6,Put everything away in the wardrobe.,Store items in the wardrobe.,wardrobe,items,store
00034-6imZUJGRUq4\tasks-island_0.json,174,4,Move the container to a better spot.,Carry the container to the better spot.,container,"container, spot",carry
00034-6imZUJGRUq4\tasks-island_0.json,176,3,Organize items on the shelf.,Place shelf on surface.,shelf,surface,place_on
00034-6imZUJGRUq4\tasks-island_0.json,179,2,Stack the container neatly.,Stack the container.,container,container,stack
00034-6imZUJGRUq4\tasks-island_0.json,179,4,Organize the items on the shelf.,Place shelf on surface.,shelf,surface,place_on
00034-6imZUJGRUq4\tasks-island_0.json,180,3,Position the lamp for better lighting.,Place lamp on surface.,lamp,surface,place_on
00034-6imZUJGRUq4\tasks-island_0.json,180,5,Arrange the vase on the table.,Place vase on surface.,vase,surface,place_on
00034-6imZUJGRUq4\tasks-island_0.json,182,1,Hang coats in the wardrobe.,Hang items in the wardrobe.,wardrobe,items,hang
00034-6imZUJGRUq4\tasks-island_0.json,182,2,Arrange sweaters on the closet shelf.,Place closet shelf on surface.,closet shelf,surface,place_on
00034-6imZUJGRUq4\tasks-island_0.json,182,5,Organize items on the shelf.,Place shelf on surface.,shelf,surface,place_on
00034-6imZUJGRUq4\tasks-island_0.json,184,2,Pack my gym clothes in the backpack.,Load items into the backpack.,backpack,items,load
00034-6imZUJGRUq4\tasks-island_0.json,186,6,Set the flower vase on the shelf.,Place flower vase on surface.,flower vase,surface,place_on
00034-6imZUJGRUq4\tasks-island_0.json,187,2,Organize the books on the shelf.,Place shelf on surface.,shelf,surface,place_on
00034-6imZUJGRUq4\tasks-island_0.json,190,3,Put toys away in the wardrobe.,Store items in the wardrobe.,wardrobe,items,store
00034-6imZUJGRUq4\tasks-island_0.json,191,4,Add water to the flower vase.,Place items on the flower vase.,flower vase,items,place_on
00034-6imZUJGRUq4\tasks-island_0.json,192,1,Tidy the items on the shelf.,Place shelf on surface.,shelf,surface,place_on
00034-6imZUJGRUq4\tasks-island_0.json,192,3,Sort the laundry in the clothes bag.,Place clothes bag in receptacle.,clothes bag,receptacle,place_in
00034-6imZUJGRUq4\tasks-island_0.json,198,6,Set the plate.,Place plate on surface.,plate,surface,place_on
00034-6imZUJGRUq4\tasks-island_0.json,206,5,Set the coffee maker.,Place coffee maker on surface.,coffee_maker,surface,place_on
00034-6imZUJGRUq4\tasks-island_0.json,207,5,Arrange the shelf.,Place shelf on surface.,shelf,surface,place_on
00034-6imZUJGRUq4\tasks-island_0.json,207,7,Move the container.,Carry the container.,container,container,carry
00034-6imZUJGRUq4\tasks-island_0.json,208,3,Arrange the flower vase.,Place flower vase on surface.,flower vase,surface,place_on
00034-6imZUJGRUq4\tasks-island_0.json,211,1,Organize the container.,Straighten container.,container,container,straighten
00034-6imZUJGRUq4\tasks-island_0.json,214,5,Set the plate.,Place plate on surface.,plate,surface,place_on
00034-6imZUJGRUq4\tasks-island_0.json,218,4,Set a plate.,Place plate on surface.,plate,surface,place_on
00034-6imZUJGRUq4\tasks-island_0.json,219,5,Organize the container.,Straighten container.,container,container,straighten
00034-6imZUJGRUq4\tasks-island_0.json,222,1,Organize the container.,Straighten container.,container,container,straighten
00034-6imZUJGRUq4\tasks-island_0.json,223,3,Set the cup.,Place cup on surface.,cup,surface,place_on
00034-6imZUJGRUq4\tasks-island_0.json,228,2,Pack clothes from the bedroom wardrobe.,Pick up items from the wardrobe.,wardrobe,items,pick_up
00034-6imZUJGRUq4\tasks-island_0.json,228,3,Grab the toothbrush from the living area.,Pick up the toothbrush from the living area.,toothbrush,area,pick_up
00034-6imZUJGRUq4\tasks-island_0.json,230,7,Move the clothes bag to the storage area.,Carry the clothes bag to the storage area.,clothes bag,area,carry
00034-6imZUJGRUq4\tasks-island_0.json,231,4,Fill the pitcher in the gym area.,Fill the pitcher in the gym area.,pitcher,area,fill
00034-6imZUJGRUq4\tasks-island_0.json,233,3,Arrange the garage shelf.,Place shelf on surface.,shelf,surface,place_on
00034-6imZUJGRUq4\tasks-island_0.json,233,5,Organize the storage container.,Straighten container.,container,container,straighten
00034-6imZUJGRUq4\tasks-island_0.json,236,2,Organize the clothes in the wardrobe.,Place wardrobe in receptacle.,wardrobe,receptacle,place_in
00034-6imZUJGRUq4\tasks-island_0.json,238,1,Load the dishes into the dishwasher.,Load items into the dishwasher.,dishwasher,items,load
00034-6imZUJGRUq4\tasks-island_0.json,238,3,Organize the food in the refrigerator.,Place refrigerator in receptacle.,refrigerator,receptacle,place_in
00034-6imZUJGRUq4\tasks-island_0.json,241,7,Place items in the storage chest.,Place items in the storage chest.,chest,items,place_in
00034-6imZUJGRUq4\tasks-island_0.json,247,1,Move the flower vase to the new spot.,Carry the flower vase to the new spot.,flower vase,spot,carry
00034-6imZUJGRUq4\tasks-island_0.json,248,1,Organize the storage container.,Straighten container.,container,container,straighten
00034-6imZUJGRUq4\tasks-island_0.json,251,7,Check the pillar in the storage area.,Inspect the pillar in the storage area.,pillar,area,inspect
00034-6imZUJGRUq4\tasks-island_0.json,253,6,Arrange the closet shelf.,Place closet shelf on surface.,closet shelf,surface,place_on
00034-6imZUJGRUq4\tasks-island_0.json,254,4,Set the candle holder on the table.,Place candle holder on surface.,candle holder,surface,place_on
00034-6imZUJGRUq4\tasks-island_0.json,257,5,Tidy the clothes in the wardrobe.,Place wardrobe in receptacle.,wardrobe,receptacle,place_in
00034-6imZUJGRUq4\tasks-island_0.json,257,6,Arrange the flower vase.,Place flower vase on surface.,flower vase,surface,place_on
00034-6imZUJGRUq4\tasks-island_0.json,259,1,Move the grill to the storage spot.,Carry the grill to the storage spot.,grill,spot,carry
00035-3XYAD64HpDr\tasks-island_1.json,24,3,Hang clothes in the wardrobe.,Hang items in the wardrobe.,wardrobe,items,hang
00035-3XYAD64HpDr\tasks-island_1.json,36,2,Put the book away in the chest of drawers.,Store items in the chest of drawers.,chest of drawers,items,store
00035-3XYAD64HpDr\tasks-island_1.json,36,3,Fold the blanket in the living area.,Fold the blanket in the living area.,blanket,area,fold
00035-3XYAD64HpDr\tasks-island_1.json,41,4,Arrange the speaker.,Place speaker on surface.,speaker,surface,place_on
00035-3XYAD64HpDr\tasks-island_1.json,42,3,Load paper into the printer.,Load items into the printer.,printer,items,load
00035-3XYAD64HpDr\tasks-island_1.json,49,5,Hang clothes in the wardrobe.,Hang items in the wardrobe.,wardrobe,items,hang
00035-3XYAD64HpDr\tasks-island_1.json,57,2,Fill the cup at the sink.,Use the sink to fill a container.,sink,container,fill
00035-3XYAD64HpDr\tasks-island_1.json,66,3,Position the keyboard.,Place keyboard on surface.,keyboard,surface,place_on
00035-3XYAD64HpDr\tasks-island_1.json,78,5,Position the keyboard.,Place keyboard on surface.,keyboard,surface,place_on
00035-3XYAD64HpDr\tasks-island_1.json,89,6,Set the bedside cabinet.,Place bedside cabinet on surface.,bedside cabinet,surface,place_on
00035-3XYAD64HpDr\tasks-island_1.json,90,6,Set the cup.,Place cup on surface.,cup,surface,place_on
00035-3XYAD64HpDr\tasks-island_1.json,93,4,Put away items in the chest of drawers.,Store items in the chest of drawers.,chest of drawers,items,store
00035-3XYAD64HpDr\tasks-island_1.json,101,3,Arrange the ornament.,Place ornament on surface.,ornament,surface,place_on
00035-3XYAD64HpDr\tasks-island_1.json,101,4,Position the photo mount.,Place photo mount on surface.,photo mount,surface,place_on
00035-3XYAD64HpDr\tasks-island_1.json,106,7,Arrange the ornament.,Place ornament on surface.,ornament,surface,place_on
00035-3XYAD64HpDr\tasks-island_1.json,112,6,Arrange the ornament.,Place ornament on surface.,ornament,surface,place_on
00035-3XYAD64HpDr\tasks-island_1.json,114,7,Set the wine bottle aside.,Place wine bottle on surface.,wine_bottle,surface,place_on
00035-3XYAD64HpDr\tasks-island_1.json,120,6,Arrange the ornament.,Place ornament on surface.,ornament,surface,place_on
00035-3XYAD64HpDr\tasks-island_1.json,133,6,Arrange the ornament.,Place ornament on surface.,ornament,surface,place_on
00043-Jfyvj3xn2aJ\tasks-island_2.json,5,4,Arrange the wine bottle for the photo.,Place wine bottle on surface.,wine_bottle,surface,place_on
00043-Jfyvj3xn2aJ\tasks-island_2.json,7,4,Place items into the basket.,Place items in the basket.,basket,items,place_in
00043-Jfyvj3xn2aJ\tasks-island_2.json,10,2,Organize the books on the bookshelf.,Place bookshelf on surface.,bookshelf,surface,place_on
00043-Jfyvj3xn2aJ\tasks-island_2.json,11,3,Load them into the basket.,Load items into the basket.,basket,items,load
00043-Jfyvj3xn2aJ\tasks-island_2.json,23,4,Place items in the basket.,Place items in the basket.,basket,items,place_in
00043-Jfyvj3xn2aJ\tasks-island_2.json,28,5,Arrange the speaker.,Place speaker on surface.,speaker,surface,place_on
00043-Jfyvj3xn2aJ\tasks-island_2.json,36,3,Store the appliance.,Store the appliance.,appliance,appliance,store
00043-Jfyvj3xn2aJ\tasks-island_2.json,37,2,Fill it at the sink.,Use the sink to fill a container.,sink,container,fill
00043-Jfyvj3xn2aJ\tasks-island_2.json,38,2,Put the appliance inside.,Place the appliance inside.,appliance,appliance,place_in
00043-Jfyvj3xn2aJ\tasks-island_2.json,43,4,Turn off the appliance.,Turn off the appliance.,appliance,appliance,turn_off
00043-Jfyvj3xn2aJ\tasks-island_2.json,46,2,Arrange the wine bottle.,Place wine bottle on surface.,wine_bottle,surface,place_on
00043-Jfyvj3xn2aJ\tasks-island_2.json,61,1,Arrange the hanging clothes.,Place hanging clothes on surface.,hanging clothes,surface,place_on
00043-Jfyvj3xn2aJ\tasks-island_2.json,61,5,Place items in the basket.,Place items in the basket.,basket,items,place_in
00043-Jfyvj3xn2aJ\tasks-island_2.json,62,1,Arrange the bookshelf.,Place bookshelf on surface.,bookshelf,surface,place_on
00043-Jfyvj3xn2aJ\tasks-island_2.json,62,4,Set up the appliance.,Set up the appliance.,appliance,appliance,set_up
00043-Jfyvj3xn2aJ\tasks-island_2.json,68,2,Arrange the speaker.,Place speaker on surface.,speaker,surface,place_on
00043-Jfyvj3xn2aJ\tasks-island_2.json,74,7,Clean the appliance on the counter.,Wipe appliance.,appliance,appliance,wipe
00043-Jfyvj3xn2aJ\tasks-island_2.json,76,2,Put dirty items in the laundry basket.,Place dirty items in the laundry basket.,laundry basket,items,place_in
00043-Jfyvj3xn2aJ\tasks-island_2.json,81,6,Wipe the appliance.,Wipe the appliance.,appliance,appliance,wipe
00043-Jfyvj3xn2aJ\tasks-island_2.json,82,2,Check the appliance.,Inspect the appliance.,appliance,appliance,inspect
00043-Jfyvj3xn2aJ\tasks-island_2.json,86,7,Arrange the hanging clothes.,Place hanging clothes on surface.,hanging clothes,surface,place_on
00055-HxmXPBbFCkH\tasks-island_1.json,4,3,Set the toaster.,Place toaster on surface.,toaster,surface,place_on
00055-HxmXPBbFCkH\tasks-island_1.json,10,2,Use the kitchen appliance.,Inspect the kitchen appliance.,kitchen appliance,appliance,inspect
00055-HxmXPBbFCkH\tasks-island_1.json,10,4,Place items on the table.,Place items on the table.,table,items,place_on
00055-HxmXPBbFCkH\tasks-island_1.json,13,2,Place items in the cabinet.,Place items in the cabinet.,cabinet,items,place_in
00055-HxmXPBbFCkH\tasks-island_1.json,16,3,Arrange the plant.,Place plant on surface.,plant,surface,place_on
00055-HxmXPBbFCkH\tasks-island_1.json,20,1,Use the kitchen appliance.,Inspect the kitchen appliance.,kitchen appliance,appliance,inspect
00055-HxmXPBbFCkH\tasks-island_1.json,20,2,Set the toaster.,Place toaster on surface.,toaster,surface,place_on
00055-HxmXPBbFCkH\tasks-island_1.json,24,3,Use the kitchen appliance.,Inspect the kitchen appliance.,kitchen appliance,appliance,inspect
00055-HxmXPBbFCkH\tasks-island_1.json,25,2,Pack the laptop into the backpack.,Load items into the backpack.,backpack,items,load
00055-HxmXPBbFCkH\tasks-island_1.json,28,4,Organize files on the shelf.,Place shelf on surface.,shelf,surface,place_on
00055-HxmXPBbFCkH\tasks-island_1.json,29,2,Arrange the set of armchairs for conversation.,Place set of armchairs on surface.,set of armchairs,surface,place_on
00055-HxmXPBbFCkH\tasks-island_1.json,32,3,Straighten the coats on the rack.,Straighten items on the rack.,rack,items,straighten
00055-HxmXPBbFCkH\tasks-island_1.json,33,1,Hang shirts in the wardrobe.,Hang items in the wardrobe.,wardrobe,items,hang
00055-HxmXPBbFCkH\tasks-island_1.json,33,4,Pack seasonal clothes into a box.,Load items into the box.,box,items,load
00055-HxmXPBbFCkH\tasks-island_1.json,34,2,Arrange the set of armchairs for the family.,Place set of armchairs on surface.,set of armchairs,surface,place_on
00055-HxmXPBbFCkH\tasks-island_1.json,37,3,Fill a pitcher at the sink.,Use the sink to fill a container.,sink,container,fill
00055-HxmXPBbFCkH\tasks-island_1.json,42,1,Turn on the kitchen appliance.,Turn on the kitchen appliance.,kitchen appliance,appliance,turn_on
00055-HxmXPBbFCkH\tasks-island_1.json,46,1,Organize clothes in the wardrobe.,Place wardrobe in receptacle.,wardrobe,receptacle,place_in
00055-HxmXPBbFCkH\tasks-island_1.json,48,1,Arrange the bouquet in a vase.,Place bouquet in receptacle.,bouquet,receptacle,place_in
00055-HxmXPBbFCkH\tasks-island_1.json,48,4,Organize books on the shelf.,Place shelf on surface.,shelf,surface,place_on
00055-HxmXPBbFCkH\tasks-island_1.json,49,1,Pack clothes into the backpack.,Load items into the backpack.,backpack,items,load
00055-HxmXPBbFCkH\tasks-island_1.json,50,2,Wipe down the kitchen appliance.,Wipe the kitchen appliance.,kitchen appliance,appliance,wipe
00055-HxmXPBbFCkH\tasks-island_1.json,51,5,Prep food on the kitchen table.,Place items on the kitchen table.,kitchen table,items,place_on
00055-HxmXPBbFCkH\tasks-island_1.json,52,2,Arrange the set of armchairs.,Place set of armchairs on surface.,set of armchairs,surface,place_on
00055-HxmXPBbFCkH\tasks-island_1.json,54,4,Pack summer clothes into a box.,Load items into the box.,box,items,load
00055-HxmXPBbFCkH\tasks-island_1.json,56,1,Pop bread into the toaster.,Place items in the toaster.,toaster,items,place_in
00055-HxmXPBbFCkH\tasks-island_1.json,58,1,Arrange the bouquet in the kitchen.,Place bouquet in receptacle.,bouquet,receptacle,place_in
00055-HxmXPBbFCkH\tasks-island_1.json,59,2,Organize books on the shelf.,Place shelf on surface.,shelf,surface,place_on
00055-HxmXPBbFCkH\tasks-island_1.json,60,1,Organize shoes on the rack.,Place rack on surface.,rack,surface,place_on
00055-HxmXPBbFCkH\tasks-island_1.json,62,6,Organize files inside the cabinet.,Place cabinet in receptacle.,cabinet,receptacle,place_in
00055-HxmXPBbFCkH\tasks-island_1.json,64,3,Hang items neatly on the rack.,Hang items on the rack.,rack,items,hang
00055-HxmXPBbFCkH\tasks-island_1.json,65,1,Pack essentials into the handbag.,Load items into the handbag.,handbag,items,load
00055-HxmXPBbFCkH\tasks-island_1.json,65,5,Check the kitchen appliance for any prepared food.,Inspect the kitchen appliance.,kitchen appliance,appliance,inspect
00055-HxmXPBbFCkH\tasks-island_1.json,66,4,Arrange the set of armchairs for comfort.,Place set of armchairs on surface.,set of armchairs,surface,place_on
00055-HxmXPBbFCkH\tasks-island_1.json,67,5,Align books on the shelf.,Place shelf on surface.,shelf,surface,place_on
00055-HxmXPBbFCkH\tasks-island_1.json,69,2,Organize soaps on the shower soap shelf.,Place shower soap shelf on surface.,shower soap shelf,surface,place_on
00055-HxmXPBbFCkH\tasks-island_1.json,70,1,Put away clothes in the wardrobe.,Store items in the wardrobe.,wardrobe,items,store
00055-HxmXPBbFCkH\tasks-island_1.json,70,3,Place the flowerpot in a prominent spot.,Place the flowerpot in a prominent spot.,flowerpot,spot,place_in
00055-HxmXPBbFCkH\tasks-island_1.json,70,4,Arrange the bouquet on the dining table.,Place bouquet on surface.,bouquet,surface,place_on
00055-HxmXPBbFCkH\tasks-island_1.json,73,5,Activate the heater in the living area.,Turn on the heater in the living area.,heater,area,turn_on
00055-HxmXPBbFCkH\tasks-island_1.json,73,6,Use the kitchen appliance to make a hot drink.,Inspect the kitchen appliance.,kitchen appliance,appliance,inspect
00055-HxmXPBbFCkH\tasks-island_1.json,75,4,Arrange the bouquet in a vase.,Place bouquet in receptacle.,bouquet,receptacle,place_in
00055-HxmXPBbFCkH\tasks-island_1.json,76,2,Tidy up the items on the rack.,Place rack on surface.,rack,surface,place_on
00055-HxmXPBbFCkH\tasks-island_1.json,77,2,Organize hobby supplies on the shelf.,Place shelf on surface.,shelf,surface,place_on
00055-HxmXPBbFCkH\tasks-island_1.json,79,2,Clean the exterior of the kitchen appliance.,Wipe kitchen appliance.,kitchen appliance,appliance,wipe
00055-HxmXPBbFCkH\tasks-island_1.json,80,1,Position the tv for the best view.,Place tv on surface.,tv,surface,place_on
00055-HxmXPBbFCkH\tasks-island_1.json,80,4,Arrange the set of armchairs for the guests.,Place set of armchairs on surface.,set of armchairs,surface,place_on
00055-HxmXPBbFCkH\tasks-island_1.json,81,3,Store small items in the cabinet.,Place small items in the cabinet.,cabinet,items,place_in
00055-HxmXPBbFCkH\tasks-island_1.json,81,4,Place the book into a container.,Place the book in a container.,book,container,place_in
00055-HxmXPBbFCkH\tasks-island_1.json,82,2,Fill a kettle at the sink.,Use the sink to fill a container.,sink,container,fill
00055-HxmXPBbFCkH\tasks-island_1.json,87,5,Arrange the set of armchairs.,Place set of armchairs on surface.,set of armchairs,surface,place_on
00055-HxmXPBbFCkH\tasks-island_1.json,90,6,Arrange the bouquet.,Place bouquet in receptacle.,bouquet,receptacle,place_in
00055-HxmXPBbFCkH\tasks-island_1.json,92,7,Arrange the set of armchairs.,Place set of armchairs on surface.,set of armchairs,surface,place_on
00055-HxmXPBbFCkH\tasks-island_1.json,94,5,Use a kitchen appliance.,Inspect the kitchen appliance.,kitchen appliance,appliance,inspect
00055-HxmXPBbFCkH\tasks-island_1.json,98,5,Wash the kitchen appliance.,Wipe the kitchen appliance.,kitchen appliance,appliance,wipe
00055-HxmXPBbFCkH\tasks-island_1.json,100,4,Hang the handbag on the rack.,Hang items on the rack.,rack,items,hang
00055-HxmXPBbFCkH\tasks-island_1.json,101,1,Arrange the bouquet.,Place bouquet on surface.,bouquet,surface,place_on
00055-HxmXPBbFCkH\tasks-island_1.json,105,4,Wash the kitchen appliance.,Wipe the kitchen appliance.,kitchen appliance,appliance,wipe
00055-HxmXPBbFCkH\tasks-island_1.json,110,2,Hang it on the rack.,Hang items on the rack.,rack,items,hang
00055-HxmXPBbFCkH\tasks-island_1.json,111,2,Arrange the set of armchairs.,Place set of armchairs on surface.,set of armchairs,surface,place_on
00055-HxmXPBbFCkH\tasks-island_1.json,113,1,Wash the kitchen appliance.,Wipe the kitchen appliance.,kitchen appliance,appliance,wipe
00055-HxmXPBbFCkH\tasks-island_1.json,114,2,Arrange the bouquet.,Place bouquet on surface.,bouquet,surface,place_on
00057-1UnKg1rAb8A\tasks-island_0.json,0,2,Fluff the pillows on the armchair.,Fluff items on the armchair.,armchair,items,fluff
00057-1UnKg1rAb8A\tasks-island_0.json,0,4,Organize the items on the rack.,Place rack on surface.,rack,surface,place_on
00057-1UnKg1rAb8A\tasks-island_0.json,3,2,Change the water in the vase.,Place items in the vase.,vase,items,place_in
00057-1UnKg1rAb8A\tasks-island_0.json,6,2,Store loose items in the box.,Place loose items in the box.,box,items,place_in
00057-1UnKg1rAb8A\tasks-island_0.json,7,3,Arrange the tent.,Place tent on surface.,tent,surface,place_on
00057-1UnKg1rAb8A\tasks-island_0.json,10,1,Reposition the ornament.,Place ornament on surface.,ornament,surface,place_on
00057-1UnKg1rAb8A\tasks-island_0.json,10,4,Arrange the plant ornament.,Place plant ornament on surface.,plant ornament,surface,place_on
00057-1UnKg1rAb8A\tasks-island_0.json,24,1,Arrange the plant.,Place plant on surface.,plant,surface,place_on
00057-1UnKg1rAb8A\tasks-island_0.json,33,1,Arrange the ornament.,Place ornament on surface.,ornament,surface,place_on
00057-1UnKg1rAb8A\tasks-island_0.json,41,3,Position the vase.,Place vase on surface.,vase,surface,place_on
00057-1UnKg1rAb8A\tasks-island_0.json,44,4,Organize travel essentials in the backpack.,Place backpack in receptacle.,backpack,receptacle,place_in
00057-1UnKg1rAb8A\tasks-island_0.json,45,4,Place miscellaneous items into the bag.,Place miscellaneous items in the bag.,bag,items,place_in
00057-1UnKg1rAb8A\tasks-island_0.json,46,4,Bring the shampoo to the tub area.,Carry the shampoo to the tub area.,shampoo,area,carry
00057-1UnKg1rAb8A\tasks-island_0.json,50,4,Arrange the shoe rack for more space.,Place shoe rack on surface.,shoe rack,surface,place_on
00057-1UnKg1rAb8A\tasks-island_0.json,51,4,Reposition the ornament on the dresser.,Place ornament on surface.,ornament,surface,place_on
00057-1UnKg1rAb8A\tasks-island_0.json,53,6,Put the remotes away in the box.,Store items in the box.,box,items,store
00057-1UnKg1rAb8A\tasks-island_0.json,54,2,Pack a water bottle in the backpack.,Load items into the backpack.,backpack,items,load
00057-1UnKg1rAb8A\tasks-island_0.json,55,2,Reposition the ornament on the shelf.,Place ornament on surface.,ornament,surface,place_on
00057-1UnKg1rAb8A\tasks-island_0.json,56,2,Move the chair to a well-lit spot.,Reposition the chair to the well-lit spot.,chair,spot,reposition
00057-1UnKg1rAb8A\tasks-island_0.json,56,6,Keep the reading glasses in the box.,Place items in the box.,box,items,place_in
00057-1UnKg1rAb8A\tasks-island_0.json,60,2,Organize products in the wash cabinet.,Place wash cabinet in receptacle.,wash cabinet,receptacle,place_in
00057-1UnKg1rAb8A\tasks-island_0.json,60,4,Store extra items in the drawer.,Place extra items in the drawer.,drawer,items,place_in
00057-1UnKg1rAb8A\tasks-island_0.json,60,5,Reposition the vase for aesthetics.,Place vase on surface.,vase,surface,place_on
00057-1UnKg1rAb8A\tasks-island_0.json,62,4,Pack accessories in the bag.,Load items into the bag.,bag,items,load
00057-1UnKg1rAb8A\tasks-island_0.json,62,5,Gather the toothbrush from the sink area.,Pick up the toothbrush from the sink area.,toothbrush,area,pick_up
00057-1UnKg1rAb8A\tasks-island_0.json,63,3,Set a decorative vase on the counter.,Place vase on surface.,vase,surface,place_on
00057-1UnKg1rAb8A\tasks-island_0.json,65,2,File away papers in the chest of drawers.,Place items in the chest of drawers.,chest of drawers,items,place_in
00057-1UnKg1rAb8A\tasks-island_0.json,69,3,Include a card in the photo mount.,Place items in the photo mount.,photo mount,items,place_in
00057-1UnKg1rAb8A\tasks-island_0.json,70,2,Fold the clothes into the chest of drawers.,Place chest of drawers in receptacle.,chest of drawers,receptacle,place_in
00057-1UnKg1rAb8A\tasks-island_0.json,70,3,Pack the outgrown clothes into the bag.,Load items into the bag.,bag,items,load
00057-1UnKg1rAb8A\tasks-island_0.json,72,1,Reposition the plant for the shot.,Place plant on surface.,plant,surface,place_on
00057-1UnKg1rAb8A\tasks-island_0.json,75,2,Arrange shoes on the shoe rack.,Place shoe rack on surface.,shoe rack,surface,place_on
00057-1UnKg1rAb8A\tasks-island_0.json,75,5,Organize the items on the rack.,Place rack on surface.,rack,surface,place_on
00057-1UnKg1rAb8A\tasks-island_0.json,76,4,Stock the chest of drawers with diapers.,Place items in the chest of drawers.,chest of drawers,items,place_in
00057-1UnKg1rAb8A\tasks-island_0.json,77,5,Fold clothes into the drawer.,Place drawer in receptacle.,drawer,receptacle,place_in
00057-1UnKg1rAb8A\tasks-island_0.json,85,1,Position the monitor.,Place monitor on surface.,monitor,surface,place_on
00057-1UnKg1rAb8A\tasks-island_0.json,93,3,Arrange the ornament.,Place ornament on surface.,ornament,surface,place_on
00057-1UnKg1rAb8A\tasks-island_0.json,99,5,Arrange the plant ornament.,Place plant ornament on surface.,plant ornament,surface,place_on
00057-1UnKg1rAb8A\tasks-island_1.json,1,2,Organize supplies in the wash cabinet.,Place wash cabinet in receptacle.,wash cabinet,receptacle,place_in
00057-1UnKg1rAb8A\tasks-island_1.json,1,3,Load the clothes into the washing machine.,Load items into the washing machine.,washing machine,items,load
00057-1UnKg1rAb8A\tasks-island_1.json,3,2,Organize toiletries in the wash cabinet.,Place wash cabinet in receptacle.,wash cabinet,receptacle,place_in
00057-1UnKg1rAb8A\tasks-island_1.json,4,2,Tidy the items on the shelf.,Place shelf on surface.,shelf,surface,place_on
00057-1UnKg1rAb8A\tasks-island_1.json,4,4,Organize the laundry on the rack.,Place rack on surface.,rack,surface,place_on
00057-1UnKg1rAb8A\tasks-island_1.json,6,1,Plump the cushions on the couch.,Fluff items on the couch.,couch,items,fluff
00057-1UnKg1rAb8A\tasks-island_1.json,10,3,Organize the books on the shelf.,Place shelf on surface.,shelf,surface,place_on
00057-1UnKg1rAb8A\tasks-island_1.json,12,1,Fluff the cushions on the couch.,Fluff items on the couch.,couch,items,fluff
00057-1UnKg1rAb8A\tasks-island_1.json,13,2,Organize the items on the shelf.,Place shelf on surface.,shelf,surface,place_on
00057-1UnKg1rAb8A\tasks-island_1.json,13,4,Arrange the laundry on the rack.,Place rack on surface.,rack,surface,place_on
00057-1UnKg1rAb8A\tasks-island_1.json,14,2,Set the plates on the dining table.,Place plates on surface.,plates,surface,place_on
00057-1UnKg1rAb8A\tasks-island_1.json,16,1,Organize the food in the fridge.,Place fridge in receptacle.,fridge,receptacle,place_in
00057-1UnKg1rAb8A\tasks-island_1.json,16,4,Hang towels on the rack.,Hang items on the rack.,rack,items,hang
00057-1UnKg1rAb8A\tasks-island_1.json,32,6,Organize the items on the shelf.,Place shelf on surface.,shelf,surface,place_on
00057-1UnKg1rAb8A\tasks-island_1.json,33,3,Hang the remaining items on the rack.,Hang items on the rack.,rack,items,hang
00057-1UnKg1rAb8A\tasks-island_1.json,33,5,Arrange the supplies in the wash cabinet.,Place wash cabinet in receptacle.,wash cabinet,receptacle,place_in
00057-1UnKg1rAb8A\tasks-island_1.json,33,6,Put away the groceries in the fridge.,Store items in the fridge.,fridge,items,store
00057-1UnKg1rAb8A\tasks-island_1.json,34,1,Adjust the bedding in the cradle.,Place cradle in receptacle.,cradle,receptacle,place_in
00057-1UnKg1rAb8A\tasks-island_1.json,34,6,Neatly arrange books on the shelf.,Place shelf on surface.,shelf,surface,place_on
00057-1UnKg1rAb8A\tasks-island_1.json,35,3,Store the loose items in the cabinet.,Store the loose items in the cabinet.,cabinet,items,store
00057-1UnKg1rAb8A\tasks-island_1.json,39,6,Arrange the towels on the rack.,Place rack on surface.,rack,surface,place_on
00057-1UnKg1rAb8A\tasks-island_1.json,39,7,Stock the fridge with drinks.,Place items in the fridge.,fridge,items,place_in
00057-1UnKg1rAb8A\tasks-island_1.json,41,7,Straighten the items on the shelf.,Straighten items on the shelf.,shelf,items,straighten
00059-kJxT5qssH4H\tasks-island_1.json,14,1,Arrange the flower vase.,Place flower vase on surface.,flower vase,surface,place_on
00059-kJxT5qssH4H\tasks-island_1.json,16,5,Arrange the flower vase.,Place flower vase on surface.,flower vase,surface,place_on
00059-kJxT5qssH4H\tasks-island_1.json,20,3,Arrange the flower vase.,Place flower vase on surface.,flower vase,surface,place_on
00059-kJxT5qssH4H\tasks-island_1.json,26,4,Arrange the flower vase.,Place flower vase on surface.,flower vase,surface,place_on
00059-kJxT5qssH4H\tasks-island_1.json,41,3,Arrange the flower vase.,Place flower vase on surface.,flower vase,surface,place_on
00059-kJxT5qssH4H\tasks-island_1.json,53,2,Rearrange the flower vase.,Place flower vase on surface.,flower vase,surface,place_on
00062-ACZZiU6BXLz\tasks-island_0.json,4,2,Organize the items on the closet shelf.,Place closet shelf on surface.,closet shelf,surface,place_on
00062-ACZZiU6BXLz\tasks-island_0.json,4,3,Hang the shirts in the wardrobe.,Hang items in the wardrobe.,wardrobe,items,hang
00062-ACZZiU6BXLz\tasks-island_0.json,6,3,Apply paste to the toothbrush.,Place items on the toothbrush.,toothbrush,items,place_on
00062-ACZZiU6BXLz\tasks-island_0.json,15,1,Dust the appliance.,Dust the appliance.,appliance,appliance,dust
00062-ACZZiU6BXLz\tasks-island_0.json,22,4,Put away clothes in the wardrobe.,Store items in the wardrobe.,wardrobe,items,store
00062-ACZZiU6BXLz\tasks-island_0.json,25,3,Arrange the bouquet.,Place bouquet on surface.,bouquet,surface,place_on
00062-ACZZiU6BXLz\tasks-island_0.json,37,5,Put items in the kitchen cabinet.,Place items in the kitchen cabinet.,kitchen cabinet,items,place_in
00062-ACZZiU6BXLz\tasks-island_0.json,38,2,Arrange the shampoo.,Place shampoo on surface.,shampoo,surface,place_on
00062-ACZZiU6BXLz\tasks-island_0.json,39,4,Wipe the appliance.,Wipe the appliance.,appliance,appliance,wipe
00062-ACZZiU6BXLz\tasks-island_0.json,40,4,Arrange the bouquet.,Place bouquet on surface.,bouquet,surface,place_on
00062-ACZZiU6BXLz\tasks-island_0.json,49,1,Arrange the bouquet.,Place bouquet on surface.,bouquet,surface,place_on
00062-ACZZiU6BXLz\tasks-island_0.json,55,4,Arrange the bouquet.,Place bouquet on surface.,bouquet,surface,place_on
00062-ACZZiU6BXLz\tasks-island_0.json,57,2,Organize the clothes in the wardrobe.,Place wardrobe in receptacle.,wardrobe,receptacle,place_in
00062-ACZZiU6BXLz\tasks-island_0.json,61,2,Wipe the appliance.,Wipe the appliance.,appliance,appliance,wipe
00062-ACZZiU6BXLz\tasks-island_0.json,66,4,Arrange the bouquet.,Place bouquet on surface.,bouquet,surface,place_on
00062-ACZZiU6BXLz\tasks-island_0.json,74,5,Dust the appliance.,Dust the appliance.,appliance,appliance,dust
00062-ACZZiU6BXLz\tasks-island_0.json,75,3,Arrange the bouquet.,Place bouquet in receptacle.,bouquet,receptacle,place_in
00062-ACZZiU6BXLz\tasks-island_0.json,81,3,Put away clothes in the wardrobe.,Store items in the wardrobe.,wardrobe,items,store
00062-ACZZiU6BXLz\tasks-island_0.json,87,6,Arrange the bouquet.,Place bouquet on surface.,bouquet,surface,place_on
00062-ACZZiU6BXLz\tasks-island_0.json,93,1,Sort clothes in the wardrobe.,Place wardrobe in receptacle.,wardrobe,receptacle,place_in
00062-ACZZiU6BXLz\tasks-island_0.json,95,1,Wipe the appliance.,Wipe the appliance.,appliance,appliance,wipe
00062-ACZZiU6BXLz\tasks-island_0.json,105,2,Clean the appliance.,Wipe appliance.,appliance,appliance,wipe
00062-ACZZiU6BXLz\tasks-island_0.json,112,6,Arrange the bouquet.,Place bouquet on surface.,bouquet,surface,place_on
00062-ACZZiU6BXLz\tasks-island_0.json,117,6,Arrange the bouquet.,Place bouquet on surface.,bouquet,surface,place_on
00062-ACZZiU6BXLz\tasks-island_0.json,127,3,Clean the appliance.,Wipe appliance.,appliance,appliance,wipe
00062-ACZZiU6BXLz\tasks-island_0.json,137,2,Arrange the ironing board.,Place ironing board on surface.,ironing board,surface,place_on
00062-ACZZiU6BXLz\tasks-island_0.json,156,1,Set the wine bottle out.,Place wine bottle on surface.,wine_bottle,surface,place_on
00064-gQgtJ9Stk5s\tasks-island_0.json,0,3,Set the table cloth in the dining area.,Place the table cloth in the dining area.,table cloth,area,place_in
00064-gQgtJ9Stk5s\tasks-island_0.json,2,2,Plump the cushion on the sofa chair.,Fluff items on the sofa chair.,sofa chair,items,fluff
00064-gQgtJ9Stk5s\tasks-island_0.json,10,4,Position the baby chair.,Place baby chair on surface.,baby chair,surface,place_on
00064-gQgtJ9Stk5s\tasks-island_0.json,35,2,Prepare the food on the cutting board.,Place items on the cutting board.,cutting board,items,place_on
00064-gQgtJ9Stk5s\tasks-island_0.json,39,4,Add firewood to the fireplace.,Place items on the fireplace.,fireplace,items,place_on
00064-gQgtJ9Stk5s\tasks-island_0.json,55,5,Lay out a fresh table cloth in the dining area.,Place the table cloth in the dining area.,table cloth,area,place_in
00064-gQgtJ9Stk5s\tasks-island_0.json,58,7,Organize the items in the cabinet.,Place cabinet in receptacle.,cabinet,receptacle,place_in
00064-gQgtJ9Stk5s\tasks-island_0.json,60,2,Set up the ironing board in the dining area.,Place the ironing board in the dining area.,ironing board,area,place_in
00064-gQgtJ9Stk5s\tasks-island_0.json,62,6,Set a decorative plate on the table.,Place decorative plate on surface.,decorative plate,surface,place_on
00064-gQgtJ9Stk5s\tasks-island_0.json,63,2,Reorganize the shelving in the dining room.,Place shelving in receptacle.,shelving,receptacle,place_in
00064-gQgtJ9Stk5s\tasks-island_0.json,63,3,Move the sofa chair to a new spot.,Reposition the sofa chair to the new spot.,sofa chair,spot,reposition
00064-gQgtJ9Stk5s\tasks-island_0.json,63,5,Reposition the side table.,Place side table on surface.,side table,surface,place_on
00064-gQgtJ9Stk5s\tasks-island_0.json,65,1,Organize the items in the refrigerator.,Place refrigerator in receptacle.,refrigerator,receptacle,place_in
00064-gQgtJ9Stk5s\tasks-island_0.json,65,6,Reset the fuse box in the living area.,Inspect the fuse box in the living area.,fuse box,area,inspect
00064-gQgtJ9Stk5s\tasks-island_0.json,66,4,Dust the cabinet in the dining area.,Dust the cabinet in the dining area.,cabinet,area,dust
00064-gQgtJ9Stk5s\tasks-island_0.json,68,6,Turn on the floor lamp in the dining area.,Turn on the floor lamp in the dining area.,floor lamp,area,turn_on
00064-gQgtJ9Stk5s\tasks-island_0.json,72,3,Adjust the wall clock in the dining area.,Adjust the wall clock in the dining area.,wall clock,area,set_control
00064-gQgtJ9Stk5s\tasks-island_0.json,73,1,Load dishes into the dishwasher.,Load items into the dishwasher.,dishwasher,items,load
00064-gQgtJ9Stk5s\tasks-island_0.json,73,3,Fold the table cloth in the dining area.,Fold the table cloth in the dining area.,table cloth,area,fold
00064-gQgtJ9Stk5s\tasks-island_0.json,75,4,Set up the baby chair in the dining area.,Place the baby chair in the dining area.,baby chair,area,place_in
00064-gQgtJ9Stk5s\tasks-island_0.json,76,2,Reorganize the shelving in the dining room.,Place shelving in receptacle.,shelving,receptacle,place_in
00064-gQgtJ9Stk5s\tasks-island_0.json,76,6,Reposition the chair in the living area.,Reposition the chair in the living area.,chair,area,reposition
00064-gQgtJ9Stk5s\tasks-island_0.json,77,3,Turn off the floor lamp in the dining area.,Turn off the floor lamp in the dining area.,floor lamp,area,turn_off
00064-gQgtJ9Stk5s\tasks-island_1.json,2,2,Arrange the books on the bookshelf.,Place bookshelf on surface.,bookshelf,surface,place_on
00064-gQgtJ9Stk5s\tasks-island_1.json,8,1,Arrange the keyboard piano.,Place keyboard piano on surface.,keyboard piano,surface,place_on
00064-gQgtJ9Stk5s\tasks-island_1.json,14,3,Arrange the acoustic panel.,Place acoustic panel on surface.,acoustic panel,surface,place_on
00064-gQgtJ9Stk5s\tasks-island_1.json,21,3,Arrange the basket.,Place basket on surface.,basket,surface,place_on
00064-gQgtJ9Stk5s\tasks-island_1.json,23,4,Arrange the rack.,Place rack in receptacle.,rack,receptacle,place_in
00064-gQgtJ9Stk5s\tasks-island_1.json,35,5,Turn on the appliance.,Turn on the appliance.,appliance,appliance,turn_on
00064-gQgtJ9Stk5s\tasks-island_1.json,36,1,Arrange the shoe rack.,Place shoe rack on surface.,shoe rack,surface,place_on
00064-gQgtJ9Stk5s\tasks-island_1.json,39,5,Arrange the shoes rack.,Place shoes rack on surface.,shoes rack,surface,place_on
00064-gQgtJ9Stk5s\tasks-island_1.json,62,3,Arrange the acoustic panel.,Place acoustic panel on surface.,acoustic panel,surface,place_on
00064-gQgtJ9Stk5s\tasks-island_1.json,63,2,Arrange the mannequin.,Place mannequin on surface.,mannequin,surface,place_on
00064-gQgtJ9Stk5s\tasks-island_1.json,66,1,Position the camera.,Place camera on surface.,camera,surface,place_on
00064-gQgtJ9Stk5s\tasks-island_1.json,67,5,Dust the appliance.,Dust the appliance.,appliance,appliance,dust
00064-gQgtJ9Stk5s\tasks-island_1.json,73,2,Arrange the shoes rack.,Place shoes rack on surface.,shoes rack,surface,place_on
00064-gQgtJ9Stk5s\tasks-island_1.json,74,4,Arrange the book.,Place book on surface.,book,surface,place_on
00064-gQgtJ9Stk5s\tasks-island_1.json,76,3,Arrange the bathroom utensil.,Place bathroom utensil on surface.,bathroom utensil,surface,place_on
00064-gQgtJ9Stk5s\tasks-island_1.json,77,6,Dust the appliance.,Dust the appliance.,appliance,appliance,dust
00064-gQgtJ9Stk5s\tasks-island_1.json,78,5,Arrange the shoe rack.,Place shoe rack on surface.,shoe rack,surface,place_on
00064-gQgtJ9Stk5s\tasks-island_1.json,82,1,Position the camera.,Place camera on surface.,camera,surface,place_on
00064-gQgtJ9Stk5s\tasks-island_1.json,88,2,Position the camera.,Place camera on surface.,camera,surface,place_on
00064-gQgtJ9Stk5s\tasks-island_1.json,89,6,Dust the appliance.,Dust the appliance.,appliance,appliance,dust
00064-gQgtJ9Stk5s\tasks-island_1.json,95,7,Arrange the music book.,Place book on surface.,book,surface,place_on
00064-gQgtJ9Stk5s\tasks-island_1.json,103,3,Arrange the shoe rack.,Place shoes rack on surface.,shoes rack,surface,place_on
00064-gQgtJ9Stk5s\tasks-island_1.json,113,5,Arrange the shoe rack.,Place shoe rack on surface.,shoe rack,surface,place_on
00064-gQgtJ9Stk5s\tasks-island_1.json,119,5,Dust the appliance.,Dust the appliance.,appliance,appliance,dust
00064-gQgtJ9Stk5s\tasks-island_1.json,129,5,Check the appliance.,Inspect the appliance.,appliance,appliance,inspect
00081-5biL7VEkByM\tasks-island_1.json,3,3,Organize the books on the bookshelf.,Place bookshelf on surface.,bookshelf,surface,place_on
00081-5biL7VEkByM\tasks-island_1.json,3,4,Arrange the statue on the fireplace.,Place fireplace on surface.,fireplace,surface,place_on
00081-5biL7VEkByM\tasks-island_1.json,27,4,Sort the books on the bookshelf.,Place bookshelf on surface.,bookshelf,surface,place_on
00081-5biL7VEkByM\tasks-island_1.json,28,3,Arrange the statue.,Place statue on surface.,statue,surface,place_on
00081-5biL7VEkByM\tasks-island_1.json,30,1,Place the book on the table.,Place items on the bed table.,bed table,items,place_on
00081-5biL7VEkByM\tasks-island_1.json,40,3,Arrange a statue.,Place statue on surface.,statue,surface,place_on
00081-5biL7VEkByM\tasks-island_1.json,47,3,Arrange the bedroom cabinet.,Place cabinet on surface.,cabinet,surface,place_on
00081-5biL7VEkByM\tasks-island_1.json,55,1,Position the monitor.,Place monitor on surface.,monitor,surface,place_on
00081-5biL7VEkByM\tasks-island_1.json,56,1,Set the wine bottle on the table.,Place wine bottle on surface.,wine_bottle,surface,place_on
00081-5biL7VEkByM\tasks-island_1.json,63,5,Load the dirty dishes into the dishwasher.,Load items into the dishwasher.,dishwasher,items,load
00081-5biL7VEkByM\tasks-island_1.json,64,1,Hang the coat in the wardrobe.,Hang items in the wardrobe.,wardrobe,items,hang
00081-5biL7VEkByM\tasks-island_1.json,67,1,Pack essentials into the handbag.,Load items into the handbag.,handbag,items,load
00081-5biL7VEkByM\tasks-island_1.json,68,2,Position the mouse on the desk.,Place mouse on surface.,mouse,surface,place_on
00081-5biL7VEkByM\tasks-island_1.json,69,3,Fluff the pillows on the sofa.,Fluff items on the sofa.,sofa,items,fluff
00081-5biL7VEkByM\tasks-island_1.json,70,1,Set aside a clean towel.,Place towel on surface.,towel,surface,place_on
00081-5biL7VEkByM\tasks-island_1.json,70,5,Organize toiletries in the cabinet.,Place cabinet in receptacle.,cabinet,receptacle,place_in
00081-5biL7VEkByM\tasks-island_1.json,73,1,Tidy the clothes in the wardrobe.,Place wardrobe in receptacle.,wardrobe,receptacle,place_in
00081-5biL7VEkByM\tasks-island_1.json,76,3,Arrange flowers in the vase.,Place vase in receptacle.,vase,receptacle,place_in
00081-5biL7VEkByM\tasks-island_1.json,86,2,Arrange flowers in the vase.,Place vase in receptacle.,vase,receptacle,place_in
00081-5biL7VEkByM\tasks-island_1.json,86,3,Position the statue on the shelf.,Place statue on surface.,statue,surface,place_on
00081-5biL7VEkByM\tasks-island_1.json,91,1,Fluff the pillows on the bed.,Fluff items on the bed.,bed,items,fluff
00081-5biL7VEkByM\tasks-island_1.json,96,1,Sort the items in the wardrobe.,Place wardrobe in receptacle.,wardrobe,receptacle,place_in
00081-5biL7VEkByM\tasks-island_1.json,98,1,Apply paste to the toothbrush.,Place items on the toothbrush.,toothbrush,items,place_on
00081-5biL7VEkByM\tasks-island_1.json,105,4,Arrange the decorative plant.,Place decorative plant on surface.,decorative plant,surface,place_on
00081-5biL7VEkByM\tasks-island_1.json,106,3,Arrange the boxes.,Place boxes on surface.,boxes,surface,place_on
00081-5biL7VEkByM\tasks-island_1.json,107,1,Arrange the backpack.,Place backpack on surface.,backpack,surface,place_on
00081-5biL7VEkByM\tasks-island_1.json,111,3,Arrange the box.,Place box on surface.,box,surface,place_on
00081-5biL7VEkByM\tasks-island_1.json,114,5,Arrange the jar.,Place jar on surface.,jar,surface,place_on
00081-5biL7VEkByM\tasks-island_1.json,115,3,Arrange the vase.,Place vase on surface.,vase,surface,place_on
00081-5biL7VEkByM\tasks-island_1.json,137,1,Arrange the decoration.,Place decoration on surface.,decoration,surface,place_on
00081-5biL7VEkByM\tasks-island_1.json,139,5,Pack my laptop into the backpack.,Load items into the backpack.,backpack,items,load
00081-5biL7VEkByM\tasks-island_1.json,145,5,Arrange the vase.,Place vase on surface.,vase,surface,place_on
00081-5biL7VEkByM\tasks-island_1.json,147,3,Arrange the porcelain.,Place porcelain on surface.,porcelain,surface,place_on
00081-5biL7VEkByM\tasks-island_1.json,149,3,Put items in the wardrobe.,Place items in the wardrobe.,wardrobe,items,place_in
00081-5biL7VEkByM\tasks-island_1.json,159,3,Set the pitcher.,Place pitcher on surface.,pitcher,surface,place_on
00081-5biL7VEkByM\tasks-island_1.json,167,3,Organize the glasses in the cabinet.,Place cabinet in receptacle.,cabinet,receptacle,place_in
00081-5biL7VEkByM\tasks-island_1.json,177,2,Place items in the box.,Place items in the box.,box,items,place_in
00081-5biL7VEkByM\tasks-island_1.json,179,1,Position the statue.,Place statue on surface.,statue,surface,place_on
00081-5biL7VEkByM\tasks-island_1.json,182,2,Arrange the book.,Place book on surface.,book,surface,place_on
00081-5biL7VEkByM\tasks-island_1.json,198,6,Set the pitcher on the desk.,Place pitcher on surface.,pitcher,surface,place_on
00081-5biL7VEkByM\tasks-island_1.json,199,6,Arrange the decoration.,Place decoration on surface.,decoration,surface,place_on
00081-5biL7VEkByM\tasks-island_1.json,204,4,Arrange the vase.,Place vase in receptacle.,vase,receptacle,place_in
00081-5biL7VEkByM\tasks-island_1.json,222,1,Arrange the decoration.,Place decoration on surface.,decoration,surface,place_on
00081-5biL7VEkByM\tasks-island_1.json,227,2,Arrange the books.,Place book on surface.,book,surface,place_on
00081-5biL7VEkByM\tasks-island_1.json,228,4,Set the wine bottle on the table.,Place wine bottle on surface.,wine_bottle,surface,place_on
00081-5biL7VEkByM\tasks-island_1.json,230,1,Sort books on the bookshelf.,Place bookshelf on surface.,bookshelf,surface,place_on
00081-5biL7VEkByM\tasks-island_1.json,230,4,Arrange books in the cabinet.,Place book in receptacle.,book,receptacle,place_in
00081-5biL7VEkByM\tasks-island_1.json,233,7,Arrange the statue.,Place statue on surface.,statue,surface,place_on
00081-5biL7VEkByM\tasks-island_1.json,238,3,Arrange the cabinet.,Place cabinet on surface.,cabinet,surface,place_on
00081-5biL7VEkByM\tasks-island_1.json,240,4,Set the pitcher.,Place pitcher on surface.,pitcher,surface,place_on
00081-5biL7VEkByM\tasks-island_1.json,241,6,Arrange the cabinet.,Place cabinet on surface.,cabinet,surface,place_on
00081-5biL7VEkByM\tasks-island_1.json,248,4,Arrange the vase.,Place vase on surface.,vase,surface,place_on
00081-5biL7VEkByM\tasks-island_1.json,251,2,Arrange the book.,Place book on surface.,book,surface,place_on
00081-5biL7VEkByM\tasks-island_1.json,251,7,Arrange the cabinet.,Place cabinet on surface.,cabinet,surface,place_on
00087-YY8rqV6L6rf\tasks-island_2.json,2,1,Set the plate.,Place plate on surface.,plate,surface,place_on
00087-YY8rqV6L6rf\tasks-island_2.json,10,3,Wipe the kitchen countertop items.,Wipe the kitchen countertop items.,kitchen countertop items,items,wipe
00087-YY8rqV6L6rf\tasks-island_2.json,14,3,Arrange the coat rack.,Place coat rack on surface.,coat rack,surface,place_on
00087-YY8rqV6L6rf\tasks-island_2.json,17,3,Wipe the kitchen countertop items.,Wipe the kitchen countertop items.,kitchen countertop items,items,wipe
00087-YY8rqV6L6rf\tasks-island_2.json,20,2,Clear the kitchen countertop items.,Wipe kitchen countertop items.,kitchen countertop items,items,wipe
00087-YY8rqV6L6rf\tasks-island_2.json,25,4,Set a plate on the table.,Place plate on surface.,plate,surface,place_on
00087-YY8rqV6L6rf\tasks-island_2.json,41,4,Arrange the basket of something.,Place basket of something on surface.,basket of something,surface,place_on
00087-YY8rqV6L6rf\tasks-island_2.json,50,1,Organize the clothes in the wardrobe.,Place wardrobe in receptacle.,wardrobe,receptacle,place_in
00087-YY8rqV6L6rf\tasks-island_2.json,53,3,Move the basket of something to the laundry area.,Carry the basket of something to the laundry area.,basket of something,area,carry
00087-YY8rqV6L6rf\tasks-island_2.json,61,2,Organize the kitchen countertop items.,Straighten kitchen countertop items.,kitchen countertop items,items,straighten
00087-YY8rqV6L6rf\tasks-island_2.json,63,4,Clear the kitchen countertop items.,Wipe kitchen countertop items.,kitchen countertop items,items,wipe
00087-YY8rqV6L6rf\tasks-island_2.json,66,3,Position the camera for the shoot.,Place camera in receptacle.,camera,receptacle,place_in
00087-YY8rqV6L6rf\tasks-island_2.json,78,2,Wipe the dining area appliance.,Wipe the appliance.,appliance,appliance,wipe
00087-YY8rqV6L6rf\tasks-island_2.json,79,2,Close the container.,Close the container.,container,container,close
00087-YY8rqV6L6rf\tasks-island_2.json,80,1,Change the bulb in the lamp.,Place items in the lamp.,lamp,items,place_in
00087-YY8rqV6L6rf\tasks-island_2.json,81,5,Get a plate from the storage area.,Pick up the plate from the storage area.,plate,area,pick_up
00087-YY8rqV6L6rf\tasks-island_2.json,90,3,Clear the kitchen countertop items.,Wipe kitchen countertop items.,kitchen countertop items,items,wipe
00087-YY8rqV6L6rf\tasks-island_2.json,92,2,Arrange the basket of something.,Place basket of something on surface.,basket of something,surface,place_on
00087-YY8rqV6L6rf\tasks-island_2.json,97,2,Clear the kitchen countertop items.,Wipe kitchen countertop items.,kitchen countertop items,items,wipe
00087-YY8rqV6L6rf\tasks-island_2.json,105,5,Place items on the board.,Place items on the board.,board,items,place_on
00087-YY8rqV6L6rf\tasks-island_2.json,119,5,Set the plate.,Place plate on surface.,plate,surface,place_on
00087-YY8rqV6L6rf\tasks-island_2.json,124,4,Wipe the kitchen countertop items.,Wipe the kitchen countertop items.,kitchen countertop items,items,wipe
00087-YY8rqV6L6rf\tasks-island_2.json,131,5,Wipe the kitchen countertop items.,Wipe the kitchen countertop items.,kitchen countertop items,items,wipe
00087-YY8rqV6L6rf\tasks-island_2.json,138,7,Set the appliance.,Set up the appliance.,appliance,appliance,set_up
00087-YY8rqV6L6rf\tasks-island_2.json,143,2,Wipe the kitchen countertop items.,Wipe the kitchen countertop items.,kitchen countertop items,items,wipe
00087-YY8rqV6L6rf\tasks-island_2.json,146,4,Pick up the container.,Pick up the container.,container,container,pick_up
00087-YY8rqV6L6rf\tasks-island_2.json,150,6,Wipe the kitchen countertop items.,Wipe the kitchen countertop items.,kitchen countertop items,items,wipe
00087-YY8rqV6L6rf\tasks-island_2.json,156,2,Place the pitcher on the kitchen countertop items.,Place the pitcher on the kitchen countertop items.,pitcher,items,place_on
00087-YY8rqV6L6rf\tasks-island_2.json,156,7,Set the plate on the dining table.,Place plate on surface.,plate,surface,place_on
00087-YY8rqV6L6rf\tasks-island_2.json,157,3,Sort the items in the basket of something.,Place basket of something in receptacle.,basket of something,receptacle,place_in
00087-YY8rqV6L6rf\tasks-island_2.json,157,5,Arrange the boxes on the shelf.,Place boxes on surface.,boxes,surface,place_on
00087-YY8rqV6L6rf\tasks-island_2.json,161,7,Serve the meal on the plate.,Place items on the plate.,plate,items,place_on
00087-YY8rqV6L6rf\tasks-island_2.json,162,4,Arrange the machine in the corner.,Place machine in receptacle.,machine,receptacle,place_in
00087-YY8rqV6L6rf\tasks-island_2.json,170,5,Put the dirty items in the dishwasher.,Place the dirty items in the dishwasher.,dishwasher,items,place_in
00087-YY8rqV6L6rf\tasks-island_2.json,171,4,Arrange the boxes against the wall.,Place boxes in receptacle.,boxes,receptacle,place_in
00096-6HRFAUDqpTb\tasks-island_0.json,3,2,Set the plate on the table.,Place plate on surface.,plate,surface,place_on
00096-6HRFAUDqpTb\tasks-island_0.json,5,3,Arrange the lounge chair.,Place lounge chair on surface.,lounge chair,surface,place_on
00096-6HRFAUDqpTb\tasks-island_0.json,17,4,Set the cup on the table.,Place cup on surface.,cup,surface,place_on
00096-6HRFAUDqpTb\tasks-island_0.json,31,3,Arrange the lounge chair.,Place lounge chair on surface.,lounge chair,surface,place_on
00096-6HRFAUDqpTb\tasks-island_0.json,39,5,Wipe the surface near the air conditioner.,Wipe the area near the air conditioner.,air conditioner,area,wipe
00096-6HRFAUDqpTb\tasks-island_0.json,57,3,Hang a coat on the coat hanger.,Hang items on the coat hanger.,coat hanger,items,hang
00096-6HRFAUDqpTb\tasks-island_0.json,64,1,Retrieve the vacuum cleaner to tidy the utility area.,Pick up the vacuum cleaner to tidy the utility area.,vacuum cleaner,area,pick_up
00096-6HRFAUDqpTb\tasks-island_0.json,64,3,Load the dirty clothes into the washing machine.,Load items into the washing machine.,washing machine,items,load
00096-6HRFAUDqpTb\tasks-island_0.json,64,5,Organize the clean linens in the bathroom cabinet.,Place bathroom cabinet in receptacle.,bathroom cabinet,receptacle,place_in
00096-6HRFAUDqpTb\tasks-island_0.json,67,6,Straighten the books on the bookshelf.,Straighten items on the bookshelf.,bookshelf,items,straighten
00096-6HRFAUDqpTb\tasks-island_0.json,69,3,Set the plate on the table.,Place plate on surface.,plate,surface,place_on
00096-6HRFAUDqpTb\tasks-island_0.json,77,5,Reorganize the shelf in the refrigerator.,Place refrigerator in receptacle.,refrigerator,receptacle,place_in
00096-6HRFAUDqpTb\tasks-island_0.json,78,5,Hang the jacket on the coat hanger.,Hang items on the coat hanger.,coat hanger,items,hang
00096-6HRFAUDqpTb\tasks-island_0.json,79,5,Arrange the books on the bookshelf.,Place bookshelf on surface.,bookshelf,surface,place_on
00096-6HRFAUDqpTb\tasks-island_0.json,79,6,Set the wine bottle on the counter.,Place wine bottle on surface.,wine_bottle,surface,place_on
00096-6HRFAUDqpTb\tasks-island_0.json,85,1,Position the weight bench.,Place weight bench on surface.,weight bench,surface,place_on
00096-6HRFAUDqpTb\tasks-island_0.json,87,1,Move the storage box to clear the area.,Carry the box to clear the area.,box,area,carry
00096-6HRFAUDqpTb\tasks-island_0.json,87,4,Dust the flag in the dining area.,Dust the flag in the dining area.,flag,area,dust
00096-6HRFAUDqpTb\tasks-island_0.json,89,6,Wipe the floor near the shower tub.,Wipe the area near the shower tub.,shower tub,area,wipe
00096-6HRFAUDqpTb\tasks-island_0.json,91,4,Hang the coat on the coat hanger.,Hang items on the coat hanger.,coat hanger,items,hang
00096-6HRFAUDqpTb\tasks-island_0.json,100,4,Arrange the lounge chair.,Place lounge chair on surface.,lounge chair,surface,place_on
00096-6HRFAUDqpTb\tasks-island_0.json,107,7,Set the plate.,Place plate on surface.,plate,surface,place_on
00096-6HRFAUDqpTb\tasks-island_0.json,116,3,Arrange the storage shelving.,Place storage shelving on surface.,storage shelving,surface,place_on
00096-6HRFAUDqpTb\tasks-island_0.json,118,4,Set the plate on the table.,Place plate on surface.,plate,surface,place_on
00096-6HRFAUDqpTb\tasks-island_0.json,118,5,Arrange the cup next to the plate.,Place cup on surface.,cup,surface,place_on
00096-6HRFAUDqpTb\tasks-island_0.json,125,5,Shift the table in the play area.,Carry the table in the play area.,table,area,carry
00096-6HRFAUDqpTb\tasks-island_0.json,127,2,Move the ladder to its storage spot.,Reposition the ladder to the storage spot.,ladder,spot,reposition
00096-6HRFAUDqpTb\tasks-island_0.json,133,4,Arrange the lounge chair for comfort.,Place lounge chair on surface.,lounge chair,surface,place_on
00096-6HRFAUDqpTb\tasks-island_0.json,134,2,Restock the bathroom cabinet.,Place items in the bathroom cabinet.,bathroom cabinet,items,place_in
00096-6HRFAUDqpTb\tasks-island_0.json,135,3,Organize the items on the storage shelving.,Place storage shelving on surface.,storage shelving,surface,place_on
00096-6HRFAUDqpTb\tasks-island_1.json,3,4,Arrange the shelf.,Place shelf on surface.,shelf,surface,place_on
00096-6HRFAUDqpTb\tasks-island_1.json,9,4,Fluff the pillow on the bench.,Fluff items on the bench.,bench,items,fluff
00096-6HRFAUDqpTb\tasks-island_1.json,12,4,Put away clothes in the chest of drawers.,Store items in the chest of drawers.,chest of drawers,items,store
00096-6HRFAUDqpTb\tasks-island_1.json,26,3,Fluff the pillow on the bench.,Fluff items on the bench.,bench,items,fluff
00096-6HRFAUDqpTb\tasks-island_1.json,28,4,Arrange the end table.,Place end table on surface.,end table,surface,place_on
00096-6HRFAUDqpTb\tasks-island_1.json,35,6,Arrange the shelf.,Place shelf on surface.,shelf,surface,place_on
00096-6HRFAUDqpTb\tasks-island_1.json,47,6,Arrange the box.,Place box on surface.,box,surface,place_on
00096-6HRFAUDqpTb\tasks-island_1.json,55,5,Arrange the box.,Place box on surface.,box,surface,place_on
00099-226REUyJh2K\tasks-island_1.json,15,2,Position the speaker.,Place speaker on surface.,speaker,surface,place_on
00099-226REUyJh2K\tasks-island_1.json,51,5,Arrange the shower rail.,Place shower rail on surface.,shower rail,surface,place_on
00099-226REUyJh2K\tasks-island_1.json,62,5,Put on music using the record player.,Place items on the record player.,record player,items,place_on
00099-226REUyJh2K\tasks-island_1.json,63,2,Arrange the shower rail.,Place shower rail on surface.,shower rail,surface,place_on
00099-226REUyJh2K\tasks-island_1.json,64,5,Arrange the speaker.,Place speaker on surface.,speaker,surface,place_on
00099-226REUyJh2K\tasks-island_1.json,66,5,Arrange the shelf.,Place shelf on surface.,shelf,surface,place_on
00099-226REUyJh2K\tasks-island_1.json,69,4,Reposition the lamp.,Place lamp on surface.,lamp,surface,place_on
00099-226REUyJh2K\tasks-island_1.json,69,5,Arrange the plush toy.,Place plush toy on surface.,plush toy,surface,place_on
00099-226REUyJh2K\tasks-island_1.json,71,3,Arrange the mouse.,Place mouse on surface.,mouse,surface,place_on
00099-226REUyJh2K\tasks-island_1.json,73,4,Fill the cup at the sink.,Use the sink to fill a container.,sink,container,fill
00099-226REUyJh2K\tasks-island_1.json,74,1,Bring the suitcase to the packing area.,Carry the suitcase to the packing area.,suitcase,area,carry
00099-226REUyJh2K\tasks-island_1.json,75,1,Straighten the pillow on the furniture.,Straighten the pillow on the furniture.,pillow,furniture,straighten
00099-226REUyJh2K\tasks-island_1.json,80,1,Organize the clothes in the wardrobe.,Place wardrobe in receptacle.,wardrobe,receptacle,place_in
00099-226REUyJh2K\tasks-island_1.json,80,3,Tidy up the items on the shelf.,Place shelf on surface.,shelf,surface,place_on
00099-226REUyJh2K\tasks-island_1.json,88,4,Tidy the items on the shelf.,Place shelf on surface.,shelf,surface,place_on
00099-226REUyJh2K\tasks-island_1.json,90,2,Move the nightstand to its original spot.,Carry the nightstand to the original spot.,nightstand,spot,carry
00099-226REUyJh2K\tasks-island_1.json,115,5,Fill the cup at the sink.,Use the sink to fill a container.,sink,container,fill
00099-226REUyJh2K\tasks-island_1.json,116,5,Arrange the plush toy.,Place plush toy on surface.,plush toy,surface,place_on
00099-226REUyJh2K\tasks-island_1.json,136,6,Organize clothes inside the wardrobe.,Place wardrobe in receptacle.,wardrobe,receptacle,place_in
00105-xWvSkKiWQpC\tasks-island_0.json,5,4,Turn on the kitchen appliance.,Turn on the kitchen appliance.,kitchen appliance,appliance,turn_on
00105-xWvSkKiWQpC\tasks-island_0.json,6,3,Arrange the luggage.,Place luggage on surface.,luggage,surface,place_on
00105-xWvSkKiWQpC\tasks-island_0.json,7,4,Turn on the kitchen appliance.,Turn on the kitchen appliance.,kitchen appliance,appliance,turn_on
00105-xWvSkKiWQpC\tasks-island_0.json,15,3,Organize the files in the cabinet.,Place cabinet in receptacle.,cabinet,receptacle,place_in
00105-xWvSkKiWQpC\tasks-island_0.json,17,4,Position the vase for the shot.,Place vase on surface.,vase,surface,place_on
00105-xWvSkKiWQpC\tasks-island_0.json,18,1,Pack the items into the box.,Load items into the box.,box,items,load
00105-xWvSkKiWQpC\tasks-island_0.json,23,2,Place it on the desk in the office area.,Place it on the desk in the office area.,desk,area,place_in
00105-xWvSkKiWQpC\tasks-island_0.json,23,3,Organize the notes on the board.,Place board in receptacle.,board,receptacle,place_in
00105-xWvSkKiWQpC\tasks-island_0.json,27,5,Position the lamp.,Place lamp on surface.,lamp,surface,place_on
00105-xWvSkKiWQpC\tasks-island_0.json,32,4,Arrange the board.,Place board on surface.,board,surface,place_on
00105-xWvSkKiWQpC\tasks-island_0.json,35,1,Load paper in the printer.,Load items into the printer.,printer,items,load
00105-xWvSkKiWQpC\tasks-island_0.json,38,4,Set the box aside.,Place box on surface.,box,surface,place_on
00105-xWvSkKiWQpC\tasks-island_0.json,40,5,Position the floor stand.,Place floor stand on surface.,floor stand,surface,place_on
00105-xWvSkKiWQpC\tasks-island_0.json,41,2,Position the lamp.,Place lamp on surface.,lamp,surface,place_on
00105-xWvSkKiWQpC\tasks-island_0.json,46,3,Organize the notes on the board.,Place board on surface.,board,surface,place_on
00105-xWvSkKiWQpC\tasks-island_0.json,46,4,Store extra items in the cabinet.,Place extra items in the cabinet.,cabinet,items,place_in
00105-xWvSkKiWQpC\tasks-island_0.json,53,5,Position the floor stand.,Place floor stand on surface.,floor stand,surface,place_on
00105-xWvSkKiWQpC\tasks-island_0.json,55,3,Arrange the book.,Place book on surface.,book,surface,place_on
00105-xWvSkKiWQpC\tasks-island_0.json,68,1,Position the floor stand.,Place floor stand in receptacle.,floor stand,receptacle,place_in
00105-xWvSkKiWQpC\tasks-island_0.json,75,2,Position the decorative plant.,Place decorative plant on surface.,decorative plant,surface,place_on
00105-xWvSkKiWQpC\tasks-island_0.json,80,3,Restock the printer.,Place items in the printer.,printer,items,place_in
00105-xWvSkKiWQpC\tasks-island_0.json,82,1,Position the pot.,Place pot in receptacle.,pot,receptacle,place_in
00105-xWvSkKiWQpC\tasks-island_0.json,82,3,Arrange the decoration.,Place decoration in receptacle.,decoration,receptacle,place_in
00105-xWvSkKiWQpC\tasks-island_0.json,84,3,Check the kitchen appliance.,Inspect the kitchen appliance.,kitchen appliance,appliance,inspect
00105-xWvSkKiWQpC\tasks-island_0.json,84,4,Arrange the decoration.,Place decoration on surface.,decoration,surface,place_on
00105-xWvSkKiWQpC\tasks-island_0.json,96,3,Arrange the cabinet.,Place cabinet on surface.,cabinet,surface,place_on
00105-xWvSkKiWQpC\tasks-island_0.json,100,5,Arrange the cups.,Place cups on surface.,cups,surface,place_on
00105-xWvSkKiWQpC\tasks-island_0.json,101,1,Set the plate.,Place plate on surface.,plate,surface,place_on
00105-xWvSkKiWQpC\tasks-island_0.json,112,5,Set the plate.,Place plate in receptacle.,plate,receptacle,place_in
00105-xWvSkKiWQpC\tasks-island_0.json,118,7,Arrange the box.,Place box on surface.,box,surface,place_on
00105-xWvSkKiWQpC\tasks-island_0.json,121,3,Arrange the basket.,Place basket on surface.,basket,surface,place_on
00105-xWvSkKiWQpC\tasks-island_0.json,124,6,Arrange the shelf.,Place shelf on surface.,shelf,surface,place_on
00105-xWvSkKiWQpC\tasks-island_0.json,133,5,Arrange the cabinet.,Place cabinet on surface.,cabinet,surface,place_on
00105-xWvSkKiWQpC\tasks-island_0.json,146,2,Fill the cabinet.,Load items in the cabinet.,cabinet,items,load
00105-xWvSkKiWQpC\tasks-island_0.json,147,5,Check the kitchen appliance.,Inspect the kitchen appliance.,kitchen appliance,appliance,inspect
00105-xWvSkKiWQpC\tasks-island_0.json,151,2,Position the lamp.,Place lamp on surface.,lamp,surface,place_on
00108-oStKKWkQ1id\tasks-island_0.json,4,1,Arrange the sofa seat.,Place sofa seat on surface.,sofa seat,surface,place_on
00108-oStKKWkQ1id\tasks-island_0.json,8,2,Arrange the bean bag chair.,Place bean bag chair in receptacle.,bean bag chair,receptacle,place_in
00108-oStKKWkQ1id\tasks-island_0.json,13,3,Retrieve the kitchen appliance.,Pick up the kitchen appliance.,kitchen appliance,appliance,pick_up
00108-oStKKWkQ1id\tasks-island_0.json,13,4,Set the plate.,Place plate on surface.,plate,surface,place_on
00108-oStKKWkQ1id\tasks-island_0.json,28,2,Apply soap to the bidet.,Place items on the bidet.,bidet,items,place_on
00108-oStKKWkQ1id\tasks-island_0.json,36,4,Arrange the bouquet.,Place bouquet on surface.,bouquet,surface,place_on
00108-oStKKWkQ1id\tasks-island_0.json,48,5,Pack everything into the backpack.,Load items into the backpack.,backpack,items,load
00108-oStKKWkQ1id\tasks-island_0.json,51,3,Bring a cup to the dining area.,Carry the cup to the dining area.,cup,area,carry
00108-oStKKWkQ1id\tasks-island_0.json,54,2,Fill a container at the sink.,Use the sink to fill a container.,sink,container,fill
00108-oStKKWkQ1id\tasks-island_0.json,54,4,Rearrange the bouquet.,Place bouquet on surface.,bouquet,surface,place_on
00108-oStKKWkQ1id\tasks-island_0.json,57,2,Prepare the kitchen appliance.,Wipe kitchen appliance.,kitchen appliance,appliance,wipe
00108-oStKKWkQ1id\tasks-island_0.json,57,5,Set the plate on the counter.,Place plate on surface.,plate,surface,place_on
00108-oStKKWkQ1id\tasks-island_0.json,65,2,Arrange the cosmetics.,Place cosmetics on surface.,cosmetics,surface,place_on
00108-oStKKWkQ1id\tasks-island_0.json,66,1,Arrange the sofa seat.,Place sofa seat on surface.,sofa seat,surface,place_on
00108-oStKKWkQ1id\tasks-island_0.json,66,5,Set the chairs.,Place items on the chair.,chair,items,place_on
00108-oStKKWkQ1id\tasks-island_0.json,78,4,Set the wine bottle on the table.,Place wine bottle on surface.,wine_bottle,surface,place_on
00108-oStKKWkQ1id\tasks-island_0.json,82,3,Position the flowerpot.,Place flowerpot on surface.,flowerpot,surface,place_on
00108-oStKKWkQ1id\tasks-island_0.json,83,4,Set the glass.,Place glass on surface.,glass,surface,place_on
00108-oStKKWkQ1id\tasks-island_0.json,97,6,Check the kitchen appliance.,Inspect the kitchen appliance.,kitchen appliance,appliance,inspect
00108-oStKKWkQ1id\tasks-island_0.json,100,6,Check the kitchen appliance.,Inspect the kitchen appliance.,kitchen appliance,appliance,inspect
00108-oStKKWkQ1id\tasks-island_0.json,102,2,Position the keyboard.,Place keyboard on surface.,keyboard,surface,place_on
00108-oStKKWkQ1id\tasks-island_0.json,104,1,Load the plate into the sink.,Load items into the sink.,sink,items,load
00108-oStKKWkQ1id\tasks-island_0.json,114,2,Arrange the bean bag chair.,Place bean bag chair on surface.,bean bag chair,surface,place_on
00108-oStKKWkQ1id\tasks-island_0.json,117,2,Arrange the keyboard for typing.,Place keyboard on surface.,keyboard,surface,place_on
00108-oStKKWkQ1id\tasks-island_0.json,120,2,Arrange the cosmetics neatly.,Place cosmetics on surface.,cosmetics,surface,place_on
00108-oStKKWkQ1id\tasks-island_0.json,122,5,Place laundry items into the backpack temporarily.,Place laundry items in the backpack temporarily.,backpack,items,place_in
00108-oStKKWkQ1id\tasks-island_0.json,125,2,Arrange the plate for appetizers.,Place plate on surface.,plate,surface,place_on
00108-oStKKWkQ1id\tasks-island_0.json,131,2,Organize soaps on the bathroom shelf.,Place bathroom shelf on surface.,bathroom shelf,surface,place_on
00108-oStKKWkQ1id\tasks-island_0.json,133,3,Position the laptop for focus.,Place laptop on surface.,laptop,surface,place_on
00108-oStKKWkQ1id\tasks-island_0.json,136,3,Fill a pitcher at the sink.,Use the sink to fill a container.,sink,container,fill
00108-oStKKWkQ1id\tasks-island_0.json,138,2,Use the kitchen appliance for toast.,Inspect the kitchen appliance.,kitchen appliance,appliance,inspect
00108-oStKKWkQ1id\tasks-island_0.json,143,3,Arrange the sofa seat.,Place sofa seat on surface.,sofa seat,surface,place_on
00108-oStKKWkQ1id\tasks-island_0.json,145,5,Refill the glass at the sink.,Use the sink to fill a container.,sink,container,fill
00108-oStKKWkQ1id\tasks-island_0.json,146,2,Arrange the bouquet in a vase.,Place bouquet in receptacle.,bouquet,receptacle,place_in
00108-oStKKWkQ1id\tasks-island_0.json,149,5,Set the kitchen appliance to the correct mode.,Set the kitchen appliance to the correct mode.,kitchen appliance,appliance,set
00108-oStKKWkQ1id\tasks-island_0.json,150,3,Arrange the bean bag chair.,Place bean bag chair on surface.,bean bag chair,surface,place_on
00108-oStKKWkQ1id\tasks-island_0.json,153,6,Clean the kitchen appliance.,Wipe kitchen appliance.,kitchen appliance,appliance,wipe
00108-oStKKWkQ1id\tasks-island_0.json,156,2,Tidy the clothes on the rack.,Place rack on surface.,rack,surface,place_on
00108-oStKKWkQ1id\tasks-island_0.json,158,2,Refill the pitcher at the sink.,Use the sink to fill a container.,sink,container,fill
00108-oStKKWkQ1id\tasks-island_0.json,162,5,Arrange the books on the shelf.,Place shelf on surface.,shelf,surface,place_on
00108-oStKKWkQ1id\tasks-island_0.json,168,5,Straighten the chair at the dining area.,Straighten the chair at the dining area.,chair,area,straighten
00108-oStKKWkQ1id\tasks-island_0.json,170,2,Fill the cup at the sink.,Use the sink to fill a container.,sink,container,fill
00108-oStKKWkQ1id\tasks-island_0.json,171,2,Arrange the sofa seat.,Place sofa seat on surface.,sofa seat,surface,place_on
00108-oStKKWkQ1id\tasks-island_0.json,173,3,Position the keyboard.,Place keyboard on surface.,keyboard,surface,place_on
00108-oStKKWkQ1id\tasks-island_0.json,176,7,Hang items on the rack.,Hang items on the rack.,rack,items,hang
00108-oStKKWkQ1id\tasks-island_0.json,185,1,Position the bean bag chair.,Place bean bag chair on surface.,bean bag chair,surface,place_on
00108-oStKKWkQ1id\tasks-island_0.json,188,7,Check the kitchen appliance.,Inspect the kitchen appliance.,kitchen appliance,appliance,inspect
00108-oStKKWkQ1id\tasks-island_0.json,191,4,Check the kitchen appliance.,Inspect the kitchen appliance.,kitchen appliance,appliance,inspect
00109-GTV2Y73Sn5t\tasks-island_0.json,3,4,Put away the spices in the cabinet.,Store items in the cabinet.,cabinet,items,store
00109-GTV2Y73Sn5t\tasks-island_0.json,7,2,Arrange flowers in the flower vase.,Place flower vase in receptacle.,flower vase,receptacle,place_in
00109-GTV2Y73Sn5t\tasks-island_0.json,10,3,Hang tools on the rack.,Hang items on the rack.,rack,items,hang
00109-GTV2Y73Sn5t\tasks-island_0.json,10,4,Label the plastic container.,Place a label on the container.,container,container,place_on
00109-GTV2Y73Sn5t\tasks-island_0.json,13,2,Pack the essentials into the bag.,Load items into the bag.,bag,items,load
00109-GTV2Y73Sn5t\tasks-island_0.json,20,3,Set the water pitcher in the center.,Place pitcher in receptacle.,pitcher,receptacle,place_in
00109-GTV2Y73Sn5t\tasks-island_0.json,23,2,Serve it on a plate.,Place items on the plate.,plate,items,place_on
00109-GTV2Y73Sn5t\tasks-island_0.json,24,3,Hang them in the wardrobe.,Hang items in the wardrobe.,wardrobe,items,hang
00109-GTV2Y73Sn5t\tasks-island_0.json,24,4,Place the extra items on the chair.,Place the extra items on the chair.,chair,items,place_on
00109-GTV2Y73Sn5t\tasks-island_0.json,26,4,Arrange the stools.,Place stools on surface.,stools,surface,place_on
00109-GTV2Y73Sn5t\tasks-island_0.json,35,1,Hang the bag on the hanger.,Hang items on the hanger.,hanger,items,hang
00109-GTV2Y73Sn5t\tasks-island_0.json,35,2,Place the items in the cabinet.,Place the items in the cabinet.,cabinet,items,place_in
00109-GTV2Y73Sn5t\tasks-island_0.json,42,4,Arrange the stools.,Place stools on surface.,stools,surface,place_on
00109-GTV2Y73Sn5t\tasks-island_0.json,44,1,Wipe the shoes near the doormat.,Wipe the area near the doormat.,doormat,area,wipe
00109-GTV2Y73Sn5t\tasks-island_0.json,44,4,Put items in the cabinet.,Place items in the cabinet.,cabinet,items,place_in
00109-GTV2Y73Sn5t\tasks-island_0.json,45,2,Set the plate.,Place plate on surface.,plate,surface,place_on
00109-GTV2Y73Sn5t\tasks-island_0.json,46,3,Organize the cleaning supplies in the cabinet.,Place cabinet in receptacle.,cabinet,receptacle,place_in
00109-GTV2Y73Sn5t\tasks-island_0.json,51,3,Organize the items in the cabinet.,Place cabinet in receptacle.,cabinet,receptacle,place_in
00109-GTV2Y73Sn5t\tasks-island_0.json,54,5,Pack essentials into the backpack.,Load items into the backpack.,backpack,items,load
00109-GTV2Y73Sn5t\tasks-island_0.json,58,4,Arrange the beanbag chair.,Place beanbag chair on surface.,beanbag chair,surface,place_on
00109-GTV2Y73Sn5t\tasks-island_0.json,60,2,Arrange the books on the shelf.,Place book on surface.,book,surface,place_on
00109-GTV2Y73Sn5t\tasks-island_0.json,66,2,Hang the poster in the dining area.,Hang the poster in the dining area.,poster,area,hang
00109-GTV2Y73Sn5t\tasks-island_0.json,72,3,Arrange items in the basket.,Place basket in receptacle.,basket,receptacle,place_in
00109-GTV2Y73Sn5t\tasks-island_0.json,72,4,Stack the plastic container.,Stack the container.,container,container,stack
00109-GTV2Y73Sn5t\tasks-island_0.json,73,3,Set the pitcher on the table.,Place pitcher on surface.,pitcher,surface,place_on
00109-GTV2Y73Sn5t\tasks-island_0.json,82,2,Label the container.,Place a label on the container.,container,container,place_on
00109-GTV2Y73Sn5t\tasks-island_0.json,92,4,Position the monitor.,Place monitor on surface.,monitor,surface,place_on
00109-GTV2Y73Sn5t\tasks-island_0.json,101,1,Straighten the cushions on the sofa.,Straighten items on the sofa.,sofa,items,straighten
00109-GTV2Y73Sn5t\tasks-island_0.json,101,4,Organize the equipment on the rack.,Place rack on surface.,rack,surface,place_on
00109-GTV2Y73Sn5t\tasks-island_0.json,103,3,Organize the files in the cabinet.,Place cabinet in receptacle.,cabinet,receptacle,place_in
00109-GTV2Y73Sn5t\tasks-island_0.json,104,2,Sort the clothes in the wardrobe.,Place wardrobe in receptacle.,wardrobe,receptacle,place_in
00109-GTV2Y73Sn5t\tasks-island_0.json,105,5,Organize the container.,Straighten container.,container,container,straighten
00109-GTV2Y73Sn5t\tasks-island_0.json,107,3,Arrange the coat hanger.,Place hanger on surface.,hanger,surface,place_on
00109-GTV2Y73Sn5t\tasks-island_0.json,107,4,Position the stools.,Place stools on surface.,stools,surface,place_on
00109-GTV2Y73Sn5t\tasks-island_0.json,125,4,Restock the detergent.,Place items in the detergent.,detergent,items,place_in
00109-GTV2Y73Sn5t\tasks-island_0.json,129,2,Arrange the cosmetics.,Place cosmetics on surface.,cosmetics,surface,place_on
00109-GTV2Y73Sn5t\tasks-island_0.json,131,2,Set the plate.,Place plate on surface.,plate,surface,place_on
00109-GTV2Y73Sn5t\tasks-island_0.json,135,4,Arrange the shelf.,Place shelf on surface.,shelf,surface,place_on
00109-GTV2Y73Sn5t\tasks-island_0.json,137,3,Refill water at the sink.,Use the sink to fill a container.,sink,container,fill
00109-GTV2Y73Sn5t\tasks-island_0.json,140,4,Put items in the basket.,Place items in the basket.,basket,items,place_in
00109-GTV2Y73Sn5t\tasks-island_0.json,147,3,Hang the coat on the hanger.,Hang items on the hanger.,hanger,items,hang
00109-GTV2Y73Sn5t\tasks-island_0.json,151,3,Set the plate.,Place plate on surface.,plate,surface,place_on
00109-GTV2Y73Sn5t\tasks-island_0.json,155,7,Move the container.,Carry the container.,container,container,carry
00109-GTV2Y73Sn5t\tasks-island_0.json,156,2,Arrange the hanger.,Place hanger on surface.,hanger,surface,place_on
00109-GTV2Y73Sn5t\tasks-island_0.json,164,4,Arrange the beanbag chair.,Place beanbag chair on surface.,beanbag chair,surface,place_on
00109-GTV2Y73Sn5t\tasks-island_0.json,168,3,Set the plate.,Place plate on surface.,plate,surface,place_on
00109-GTV2Y73Sn5t\tasks-island_0.json,170,3,Arrange the stools.,Place stools on surface.,stools,surface,place_on
00109-GTV2Y73Sn5t\tasks-island_0.json,173,6,Label the container.,Place a label on the container.,container,container,place_on
00109-GTV2Y73Sn5t\tasks-island_0.json,175,3,Set the plate.,Place plate on surface.,plate,surface,place_on
00109-GTV2Y73Sn5t\tasks-island_0.json,176,6,Set a plate for some snacks.,Place plate on surface.,plate,surface,place_on
00109-GTV2Y73Sn5t\tasks-island_0.json,184,3,Arrange the binders.,Place binders in receptacle.,binders,receptacle,place_in
00109-GTV2Y73Sn5t\tasks-island_0.json,186,7,Arrange the beanbag chair.,Place beanbag chair on surface.,beanbag chair,surface,place_on
00109-GTV2Y73Sn5t\tasks-island_0.json,189,4,Display a photo.,Place photo on surface.,photo,surface,place_on
00109-GTV2Y73Sn5t\tasks-island_0.json,195,4,Arrange the hanger.,Place hanger on surface.,hanger,surface,place_on
00109-GTV2Y73Sn5t\tasks-island_0.json,196,2,Arrange the cabinet.,Place cabinet on surface.,cabinet,surface,place_on
00135-HeSYRw7eMtG\tasks-island_0.json,1,4,Organize the books on the shelf.,Place shelf on surface.,shelf,surface,place_on
00135-HeSYRw7eMtG\tasks-island_0.json,3,2,Apply toothpaste to the toothbrush.,Place items on the toothbrush.,toothbrush,items,place_on
00135-HeSYRw7eMtG\tasks-island_0.json,4,3,Hang the jackets on the clothes rack.,Hang items on the clothes rack.,clothes rack,items,hang
00135-HeSYRw7eMtG\tasks-island_0.json,8,4,Pack the items into the bag.,Load items into the bag.,bag,items,load
00135-HeSYRw7eMtG\tasks-island_0.json,11,2,Organize the items on the rack.,Place rack on surface.,rack,surface,place_on
00135-HeSYRw7eMtG\tasks-island_0.json,22,2,Hang items on the clothes rack.,Hang items on the clothes rack.,clothes rack,items,hang
00135-HeSYRw7eMtG\tasks-island_0.json,26,4,Arrange the rack.,Place rack on surface.,rack,surface,place_on
00135-HeSYRw7eMtG\tasks-island_0.json,28,3,Arrange the pitcher.,Place pitcher on surface.,pitcher,surface,place_on
00135-HeSYRw7eMtG\tasks-island_0.json,32,1,Apply toothpaste to the toothbrush.,Place items on the toothbrush.,toothbrush,items,place_on
00135-HeSYRw7eMtG\tasks-island_0.json,37,3,Hang items on the clothes rack.,Hang items on the clothes rack.,clothes rack,items,hang
00135-HeSYRw7eMtG\tasks-island_0.json,44,4,Arrange the bouquet.,Place bouquet on surface.,bouquet,surface,place_on
00135-HeSYRw7eMtG\tasks-island_0.json,46,3,Hang clothes on the rack.,Hang items on the rack.,rack,items,hang
00135-HeSYRw7eMtG\tasks-island_0.json,64,5,Arrange the bouquet on the side table.,Place bouquet on surface.,bouquet,surface,place_on
00135-HeSYRw7eMtG\tasks-island_0.json,73,2,Move the basket to the washing area.,Carry the basket to the washing area.,basket,area,carry
00135-HeSYRw7eMtG\tasks-island_0.json,74,4,Arrange the storage rack.,Place rack on surface.,rack,surface,place_on
00135-HeSYRw7eMtG\tasks-island_0.json,79,4,Arrange the storage rack.,Place rack on surface.,rack,surface,place_on
00135-HeSYRw7eMtG\tasks-island_0.json,86,3,Arrange the storage rack.,Place rack on surface.,rack,surface,place_on
00135-HeSYRw7eMtG\tasks-island_0.json,96,2,Arrange the pantry rack.,Place rack on surface.,rack,surface,place_on
00135-HeSYRw7eMtG\tasks-island_0.json,98,1,Retrieve the pan from the living area.,Pick up the pan from the living area.,pan,area,pick_up
00135-HeSYRw7eMtG\tasks-island_0.json,99,4,Arrange the bouquet in the hallway.,Place bouquet in receptacle.,bouquet,receptacle,place_in
00135-HeSYRw7eMtG\tasks-island_0.json,102,1,Close the curtain in the living area.,Close the curtain in the living area.,curtain,area,close
00135-HeSYRw7eMtG\tasks-island_0.json,105,4,Hang clothes on the clothes rack.,Hang items on the clothes rack.,clothes rack,items,hang
00135-HeSYRw7eMtG\tasks-island_0.json,107,3,Arrange items on the rack.,Place rack on surface.,rack,surface,place_on
00135-HeSYRw7eMtG\tasks-island_0.json,110,5,Position the computer keyboard.,Place computer keyboard in receptacle.,computer_keyboard,receptacle,place_in
00135-HeSYRw7eMtG\tasks-island_0.json,114,3,Place the pouffe in a comfortable spot.,Place the pouffe in a comfortable spot.,pouffe,spot,place_in
00135-HeSYRw7eMtG\tasks-island_0.json,121,2,Hang coats on the clothes rack.,Hang items on the clothes rack.,clothes rack,items,hang
00135-HeSYRw7eMtG\tasks-island_0.json,121,3,Arrange shoes on the shelf.,Place shelf on surface.,shelf,surface,place_on
00135-HeSYRw7eMtG\tasks-island_0.json,124,4,Reposition the monitor.,Place monitor on surface.,monitor,surface,place_on
00135-HeSYRw7eMtG\tasks-island_0.json,125,3,Hang shirts on the clothes rack.,Hang items on the clothes rack.,clothes rack,items,hang
00135-HeSYRw7eMtG\tasks-island_0.json,140,4,Arrange the bouquet.,Place bouquet on surface.,bouquet,surface,place_on
00135-HeSYRw7eMtG\tasks-island_0.json,147,2,Arrange the book.,Place book on surface.,book,surface,place_on
00135-HeSYRw7eMtG\tasks-island_0.json,149,3,Arrange the dresser.,Place dresser on surface.,dresser,surface,place_on
00135-HeSYRw7eMtG\tasks-island_0.json,154,1,Arrange the bouquet.,Place bouquet on surface.,bouquet,surface,place_on
00135-HeSYRw7eMtG\tasks-island_0.json,160,1,Organize clothes in the closet.,Place closet in receptacle.,closet,receptacle,place_in
00135-HeSYRw7eMtG\tasks-island_0.json,163,1,Arrange items on the rack.,Place rack on surface.,rack,surface,place_on
00135-HeSYRw7eMtG\tasks-island_0.json,169,2,Place items in the basket.,Place items in the basket.,basket,items,place_in
00135-HeSYRw7eMtG\tasks-island_0.json,169,6,Arrange the flower.,Place flower on surface.,flower,surface,place_on
00135-HeSYRw7eMtG\tasks-island_0.json,173,6,Store items in the closet.,Place items in the closet.,closet,items,place_in
00135-HeSYRw7eMtG\tasks-island_0.json,180,2,Arrange the bouquet.,Place bouquet in receptacle.,bouquet,receptacle,place_in
00135-HeSYRw7eMtG\tasks-island_0.json,187,2,Place items in the basket.,Place items in the basket.,basket,items,place_in
00135-HeSYRw7eMtG\tasks-island_0.json,189,2,Retrieve the pan from the living area.,Pick up the pan from the living area.,pan,area,pick_up
00135-HeSYRw7eMtG\tasks-island_0.json,197,5,Close the cabinet in the dressing area.,Close the cabinet in the dressing area.,cabinet,area,close
00135-HeSYRw7eMtG\tasks-island_0.json,199,5,Set the paper.,Place paper on surface.,paper,surface,place_on
00135-HeSYRw7eMtG\tasks-island_0.json,204,6,Pick up the pitcher from the office area.,Pick up the pitcher from the office area.,pitcher,area,pick_up
00135-HeSYRw7eMtG\tasks-island_0.json,209,7,Arrange the case.,Place case on surface.,case,surface,place_on
00135-HeSYRw7eMtG\tasks-island_0.json,211,4,Arrange the bag in the storage room.,Place bag in receptacle.,bag,receptacle,place_in
00135-HeSYRw7eMtG\tasks-island_0.json,212,4,Set the paper in storage.,Place paper in receptacle.,paper,receptacle,place_in
00135-HeSYRw7eMtG\tasks-island_0.json,227,4,Arrange the dressing table.,Place dressing table on surface.,dressing table,surface,place_on
00135-HeSYRw7eMtG\tasks-island_0.json,228,5,Arrange the wicker basket.,Place basket on surface.,basket,surface,place_on
00135-HeSYRw7eMtG\tasks-island_0.json,235,7,Arrange the flower bouquet.,Place bouquet on surface.,bouquet,surface,place_on
00135-HeSYRw7eMtG\tasks-island_0.json,240,4,Arrange the hallway bouquet.,Place bouquet on surface.,bouquet,surface,place_on
00135-HeSYRw7eMtG\tasks-island_0.json,244,1,Organize the items on the rack.,Place rack on surface.,rack,surface,place_on
00135-HeSYRw7eMtG\tasks-island_0.json,246,2,Arrange the rack.,Place rack on surface.,rack,surface,place_on
00135-HeSYRw7eMtG\tasks-island_0.json,248,1,Set the pitcher on the rack.,Place pitcher on surface.,pitcher,surface,place_on
00135-HeSYRw7eMtG\tasks-island_0.json,250,4,Hang items on the clothes rack.,Hang items on the clothes rack.,clothes rack,items,hang
00135-HeSYRw7eMtG\tasks-island_0.json,256,3,Set the wine bottle on the table.,Place wine bottle on surface.,wine_bottle,surface,place_on
00135-HeSYRw7eMtG\tasks-island_0.json,259,3,Sort items on the dressing table.,Place dressing table on surface.,dressing table,surface,place_on
00135-HeSYRw7eMtG\tasks-island_0.json,259,4,Hang the bag in the closet.,Hang items in the closet.,closet,items,hang
00135-HeSYRw7eMtG\tasks-island_0.json,263,1,Arrange the rack.,Place rack on surface.,rack,surface,place_on
00141-iigzG1rtanx\tasks-island_0.json,1,3,Arrange the bag.,Place bag on surface.,bag,surface,place_on
00141-iigzG1rtanx\tasks-island_0.json,6,2,Arrange the box.,Place box on surface.,box,surface,place_on
00141-iigzG1rtanx\tasks-island_1.json,7,3,Position the lounge chair.,Place lounge chair on surface.,lounge chair,surface,place_on
00141-iigzG1rtanx\tasks-island_1.json,14,1,Arrange the toy.,Place toy on surface.,toy,surface,place_on
00141-iigzG1rtanx\tasks-island_1.json,27,3,Change the sheets on the bed.,Place items on the bed.,bed,items,place_on
00141-iigzG1rtanx\tasks-island_1.json,57,1,Arrange the lounge chair.,Place lounge chair on surface.,lounge chair,surface,place_on
00141-iigzG1rtanx\tasks-island_1.json,60,5,Refill paper in the printer.,Use the printer to load items.,printer,items,load
00141-iigzG1rtanx\tasks-island_1.json,71,5,Arrange the bottles.,Place bottle on surface.,bottle,surface,place_on
00141-iigzG1rtanx\tasks-island_1.json,76,5,Put items in the refrigerator.,Place items in the refrigerator.,refrigerator,items,place_in
00141-iigzG1rtanx\tasks-island_1.json,79,3,Straighten the pillow in the living area.,Straighten the pillow in the living area.,pillow,area,straighten
00141-iigzG1rtanx\tasks-island_1.json,80,4,Arrange the flowers in the flower vase.,Place flower vase in receptacle.,flower vase,receptacle,place_in
00141-iigzG1rtanx\tasks-island_1.json,80,5,Put away items in the refrigerator.,Store items in the refrigerator.,refrigerator,items,store
00141-iigzG1rtanx\tasks-island_1.json,83,6,Put away clothes in the dresser.,Store items in the dresser.,dresser,items,store
00141-iigzG1rtanx\tasks-island_1.json,88,3,Position the keyboard.,Place keyboard on surface.,keyboard,surface,place_on
00141-iigzG1rtanx\tasks-island_1.json,99,3,Arrange the flower vase.,Place flower vase on surface.,flower vase,surface,place_on
00141-iigzG1rtanx\tasks-island_1.json,110,3,Position the keyboard.,Place keyboard on surface.,keyboard,surface,place_on
00141-iigzG1rtanx\tasks-island_1.json,116,2,Arrange the flower vase.,Place flower vase on surface.,flower vase,surface,place_on
00141-iigzG1rtanx\tasks-island_1.json,133,5,Arrange the cart.,Place cart on surface.,cart,surface,place_on
00141-iigzG1rtanx\tasks-island_1.json,139,5,Arrange the lounge chair.,Place lounge chair on surface.,lounge chair,surface,place_on
00141-iigzG1rtanx\tasks-island_1.json,145,2,Place objects in the basket of something.,Place objects in the basket of something.,basket of something,objects,place_in
00143-5Kw4nGdqYtS\tasks-island_0.json,7,1,Bring the suitcase to the packing area.,Carry the suitcase to the packing area.,suitcase,area,carry
00143-5Kw4nGdqYtS\tasks-island_0.json,8,3,Wipe down the kitchen appliance.,Wipe the kitchen appliance.,kitchen appliance,appliance,wipe
00143-5Kw4nGdqYtS\tasks-island_0.json,19,3,Put away the container.,Store the container.,container,container,store
00143-5Kw4nGdqYtS\tasks-island_0.json,31,4,Use the kitchen appliance.,Inspect the kitchen appliance.,kitchen appliance,appliance,inspect
00143-5Kw4nGdqYtS\tasks-island_0.json,42,5,Put away clothes in the wardrobe.,Store items in the wardrobe.,wardrobe,items,store
00143-5Kw4nGdqYtS\tasks-island_0.json,45,4,Place the pan on the kitchen appliance.,Place the pan on the kitchen appliance.,pan,appliance,place_on
00143-5Kw4nGdqYtS\tasks-island_0.json,57,5,Set the cup down.,Place cup on surface.,cup,surface,place_on
00143-5Kw4nGdqYtS\tasks-island_0.json,59,2,Set the shampoo on the edge.,Place shampoo on surface.,shampoo,surface,place_on
00143-5Kw4nGdqYtS\tasks-island_0.json,60,1,Arrange the firewood in the fireplace.,Place firewood in receptacle.,firewood,receptacle,place_in
00143-5Kw4nGdqYtS\tasks-island_0.json,62,2,Clean the kitchen appliance.,Wipe kitchen appliance.,kitchen appliance,appliance,wipe
00143-5Kw4nGdqYtS\tasks-island_0.json,69,4,Arrange the bag.,Place bag on surface.,bag,surface,place_on
00143-5Kw4nGdqYtS\tasks-island_0.json,72,1,Arrange the book.,Place book on surface.,book,surface,place_on
00143-5Kw4nGdqYtS\tasks-island_0.json,78,3,Set the plate.,Place plate on surface.,plate,surface,place_on
00143-5Kw4nGdqYtS\tasks-island_0.json,85,1,Clean the kitchen appliance.,Wipe kitchen appliance.,kitchen appliance,appliance,wipe
00143-5Kw4nGdqYtS\tasks-island_0.json,87,2,Arrange the shampoo.,Place shampoo on surface.,shampoo,surface,place_on
00143-5Kw4nGdqYtS\tasks-island_0.json,94,6,Wipe the kitchen appliance.,Wipe the kitchen appliance.,kitchen appliance,appliance,wipe
00143-5Kw4nGdqYtS\tasks-island_0.json,99,4,Wipe the kitchen appliance.,Wipe the kitchen appliance.,kitchen appliance,appliance,wipe
00143-5Kw4nGdqYtS\tasks-island_0.json,99,5,Store items in the kitchen cabinet.,Place items in the kitchen cabinet.,kitchen cabinet,items,place_in
00143-5Kw4nGdqYtS\tasks-island_0.json,100,3,Arrange the bag.,Place bag on surface.,bag,surface,place_on
00143-5Kw4nGdqYtS\tasks-island_0.json,109,6,Wipe the kitchen appliance.,Wipe the kitchen appliance.,kitchen appliance,appliance,wipe
00143-5Kw4nGdqYtS\tasks-island_0.json,110,2,Arrange the bookshelf.,Place bookshelf on surface.,bookshelf,surface,place_on
00143-5Kw4nGdqYtS\tasks-island_0.json,117,3,Fill the cup at the sink.,Use the sink to fill a container.,sink,container,fill
00143-5Kw4nGdqYtS\tasks-island_0.json,119,3,Set the bowl.,Place bowl on surface.,bowl,surface,place_on
00143-5Kw4nGdqYtS\tasks-island_0.json,120,5,Arrange the shampoo,Place shampoo on surface.,shampoo,surface,place_on
00143-5Kw4nGdqYtS\tasks-island_0.json,127,3,Organize the kitchen appliance,Straighten kitchen appliance.,kitchen appliance,appliance,straighten
00143-5Kw4nGdqYtS\tasks-island_0.json,127,4,Set the plate on the table,Place plate on surface.,plate,surface,place_on
00143-5Kw4nGdqYtS\tasks-island_0.json,128,5,Arrange the clothes,Place clothes on surface.,clothes,surface,place_on
00143-5Kw4nGdqYtS\tasks-island_0.json,135,3,Organize the kitchen appliance,Straighten kitchen appliance.,kitchen appliance,appliance,straighten
00143-5Kw4nGdqYtS\tasks-island_0.json,139,6,Clean the kitchen appliance,Wipe kitchen appliance.,kitchen appliance,appliance,wipe
00143-5Kw4nGdqYtS\tasks-island_0.json,142,6,Arrange the shoe,Place shoe on surface.,shoe,surface,place_on
00143-5Kw4nGdqYtS\tasks-island_0.json,148,6,Set the plate,Place plate on surface.,plate,surface,place_on
00143-5Kw4nGdqYtS\tasks-island_0.json,153,4,Set the cup,Place cup on surface.,cup,surface,place_on
00143-5Kw4nGdqYtS\tasks-island_0.json,156,6,Arrange the shampoo bottle.,Place shampoo on surface.,shampoo,surface,place_on
00143-5Kw4nGdqYtS\tasks-island_0.json,159,6,Clean the kitchen appliance.,Wipe kitchen appliance.,kitchen appliance,appliance,wipe
00143-5Kw4nGdqYtS\tasks-island_0.json,170,3,Arrange the shampoo bottle.,Place shampoo on surface.,shampoo,surface,place_on
00143-5Kw4nGdqYtS\tasks-island_0.json,179,7,Clean the kitchen appliance.,Wipe kitchen appliance.,kitchen appliance,appliance,wipe
00143-5Kw4nGdqYtS\tasks-island_0.json,182,5,Adjust the armchair for a comfortable spot.,Reposition the armchair for a comfortable spot.,armchair,spot,reposition
00143-5Kw4nGdqYtS\tasks-island_0.json,183,1,Gather the clothes from the storage area.,Pick up the clothes from the storage area.,clothes,area,pick_up
00143-5Kw4nGdqYtS\tasks-island_0.json,189,1,Move the flowerpot to a new spot.,Carry the flowerpot to the new spot.,flowerpot,spot,carry
00143-5Kw4nGdqYtS\tasks-island_0.json,189,2,Rearrange the decorative plate.,Place decorative plate on surface.,decorative plate,surface,place_on
00143-5Kw4nGdqYtS\tasks-island_0.json,189,6,Reposition the decoration on the shelf.,Place decoration on surface.,decoration,surface,place_on
00143-5Kw4nGdqYtS\tasks-island_0.json,190,7,Tidy the kitchen appliance on the counter.,Straighten kitchen appliance.,kitchen appliance,appliance,straighten
00143-5Kw4nGdqYtS\tasks-island_0.json,192,5,Store items in the kitchen cabinet.,Place items in the kitchen cabinet.,kitchen cabinet,items,place_in
00143-5Kw4nGdqYtS\tasks-island_0.json,196,7,Set the bowl of snacks on the table.,Place bowl on surface.,bowl,surface,place_on
00143-5Kw4nGdqYtS\tasks-island_0.json,200,5,Set the cup down neatly.,Place cup on surface.,cup,surface,place_on
00143-5Kw4nGdqYtS\tasks-island_0.json,203,2,Set the cup on the tray.,Place cup on surface.,cup,surface,place_on
00143-5Kw4nGdqYtS\tasks-island_0.json,203,7,Check the kitchen appliance is ready.,Inspect the kitchen appliance.,kitchen appliance,appliance,inspect
00143-5Kw4nGdqYtS\tasks-island_0.json,206,6,Arrange the shampoo bottle on the ledge.,Place shampoo on surface.,shampoo,surface,place_on
00149-UuwwmrTsfBN\tasks-island_0.json,0,4,Pack everything into the backpack.,Load items into the backpack.,backpack,items,load
00149-UuwwmrTsfBN\tasks-island_0.json,9,3,Fill with water at the sink.,Use the sink to fill a container.,sink,container,fill
00149-UuwwmrTsfBN\tasks-island_0.json,17,4,Set the plate.,Place plate on surface.,plate,surface,place_on
00149-UuwwmrTsfBN\tasks-island_0.json,24,2,Set the plate.,Place plate on surface.,plate,surface,place_on
00149-UuwwmrTsfBN\tasks-island_0.json,28,1,Set up the tv.,Place items on the tv.,tv,items,place_on
00149-UuwwmrTsfBN\tasks-island_0.json,32,2,Position the ottoman.,Place ottoman on surface.,ottoman,surface,place_on
00149-UuwwmrTsfBN\tasks-island_0.json,43,4,Set the plate on the table.,Place plate on surface.,plate,surface,place_on
00149-UuwwmrTsfBN\tasks-island_0.json,64,2,Fill the cup with water at the tap.,Use the tap to fill a container.,tap,container,fill
00149-UuwwmrTsfBN\tasks-island_0.json,68,2,Adjust the mirror in the dining area.,Align the mirror in the dining area.,mirror,area,align
00149-UuwwmrTsfBN\tasks-island_0.json,72,1,Get a cup of water from the kitchen area.,Pick up the cup from the kitchen area.,cup,area,pick_up
00149-UuwwmrTsfBN\tasks-island_0.json,76,3,Straighten the chair in the sitting area.,Straighten the chair in the sitting area.,chair,area,straighten
00149-UuwwmrTsfBN\tasks-island_0.json,80,5,Put some items in the backpack.,Place some items in the backpack.,backpack,items,place_in
00149-UuwwmrTsfBN\tasks-island_0.json,81,4,Set the plate on the table.,Place plate on surface.,plate,surface,place_on
00149-UuwwmrTsfBN\tasks-island_0.json,82,4,Load paper into the printer.,Load items into the printer.,printer,items,load
00149-UuwwmrTsfBN\tasks-island_0.json,92,3,Set the plate down.,Place plate on surface.,plate,surface,place_on
00149-UuwwmrTsfBN\tasks-island_0.json,125,7,Set the cup.,Place cup in receptacle.,cup,receptacle,place_in
00149-UuwwmrTsfBN\tasks-island_0.json,128,5,Set the plate.,Place plate on surface.,plate,surface,place_on
00149-UuwwmrTsfBN\tasks-island_2.json,2,3,Arrange the music player.,Place music player on surface.,music player,surface,place_on
00149-UuwwmrTsfBN\tasks-island_2.json,5,3,Position the speaker stand.,Place speaker stand on surface.,speaker stand,surface,place_on
00149-UuwwmrTsfBN\tasks-island_2.json,12,2,Wipe down the table in the storage area.,Wipe the table in the storage area.,table,area,wipe
00149-UuwwmrTsfBN\tasks-island_2.json,16,2,Arrange the decorative plant.,Place decorative plant on surface.,decorative plant,surface,place_on
00149-UuwwmrTsfBN\tasks-island_2.json,24,3,Arrange the decorative plant.,Place decorative plant on surface.,decorative plant,surface,place_on
00149-UuwwmrTsfBN\tasks-island_2.json,26,5,Set the plate.,Place plate on surface.,plate,surface,place_on
00149-UuwwmrTsfBN\tasks-island_2.json,29,5,Arrange the decorative plant.,Place decorative plant on surface.,decorative plant,surface,place_on
00149-UuwwmrTsfBN\tasks-island_2.json,35,6,Arrange the ottoman.,Place ottoman on surface.,ottoman,surface,place_on
00149-UuwwmrTsfBN\tasks-island_2.json,41,5,Arrange the ottoman.,Place ottoman on surface.,ottoman,surface,place_on
00149-UuwwmrTsfBN\tasks-island_2.json,43,6,Position the speaker stand.,Place speaker stand in receptacle.,speaker stand,receptacle,place_in
00149-UuwwmrTsfBN\tasks-island_2.json,45,7,Set the music player.,Place music player on surface.,music player,surface,place_on
00149-UuwwmrTsfBN\tasks-island_2.json,47,5,Position the fan.,Place fan on surface.,fan,surface,place_on
00149-UuwwmrTsfBN\tasks-island_2.json,48,5,Arrange the ottoman.,Place ottoman on surface.,ottoman,surface,place_on
00149-UuwwmrTsfBN\tasks-island_2.json,49,6,Arrange the shelf.,Place shelf on surface.,shelf,surface,place_on
00150-LcAd9dhvVwh\tasks-island_0.json,0,4,Arrange the coffee table.,Place coffee table on surface.,coffee table,surface,place_on
00150-LcAd9dhvVwh\tasks-island_0.json,2,2,Set the plate on the table.,Place plate on surface.,plate,surface,place_on
00150-LcAd9dhvVwh\tasks-island_0.json,8,3,Set the bed table.,Place bed table in receptacle.,bed table,receptacle,place_in
00150-LcAd9dhvVwh\tasks-island_0.json,13,3,Position the stand.,Place stand on surface.,stand,surface,place_on
00150-LcAd9dhvVwh\tasks-island_0.json,15,4,Arrange the wardrobe.,Place wardrobe on surface.,wardrobe,surface,place_on
00150-LcAd9dhvVwh\tasks-island_0.json,19,2,Arrange the food tray.,Place food tray on surface.,food tray,surface,place_on
00150-LcAd9dhvVwh\tasks-island_0.json,20,3,Arrange the computer chair.,Place computer chair on surface.,computer chair,surface,place_on
00150-LcAd9dhvVwh\tasks-island_0.json,22,2,Set the plate on the table.,Place plate on surface.,plate,surface,place_on
00150-LcAd9dhvVwh\tasks-island_0.json,33,2,Position the computer chair.,Place computer chair on surface.,computer chair,surface,place_on
00150-LcAd9dhvVwh\tasks-island_0.json,34,3,Store items in the cabinet.,Place items in the cabinet.,cabinet,items,place_in
00150-LcAd9dhvVwh\tasks-island_0.json,40,4,Organize the clothes in the wardrobe.,Place wardrobe in receptacle.,wardrobe,receptacle,place_in
00150-LcAd9dhvVwh\tasks-island_0.json,42,1,Retrieve a cup from the living area.,Pick up the cup from the living area.,cup,area,pick_up
00150-LcAd9dhvVwh\tasks-island_0.json,43,5,Open the backpack to store the items.,Open the backpack to store the items.,backpack,items,open
00150-LcAd9dhvVwh\tasks-island_0.json,48,3,Open the wardrobe in the bathroom area.,Open the wardrobe in the bathroom area.,wardrobe,area,open
00150-LcAd9dhvVwh\tasks-island_0.json,49,2,Put the cap behind the closet door.,Place items in the closet door.,closet door,items,place_in
00150-LcAd9dhvVwh\tasks-island_0.json,53,1,Load the towel into the washing machine.,Load items into the washing machine.,washing machine,items,load
00150-LcAd9dhvVwh\tasks-island_0.json,62,1,Get a cup from the dining area.,Pick up the cup from the dining area.,cup,area,pick_up
00150-LcAd9dhvVwh\tasks-island_0.json,63,5,Put the items into the handbag.,Place the items in the handbag.,handbag,items,place_in
00150-LcAd9dhvVwh\tasks-island_0.json,65,1,Light the fireplace in the dining area.,Turn on the fireplace in the dining area.,fireplace,area,turn_on
00150-LcAd9dhvVwh\tasks-island_0.json,72,4,Load the dishwasher with used items.,Load the dishwasher with the used items.,dishwasher,items,load
00150-LcAd9dhvVwh\tasks-island_0.json,72,5,Set a plate on the table.,Place plate on surface.,plate,surface,place_on
00150-LcAd9dhvVwh\tasks-island_0.json,78,4,Arrange the stand.,Place stand on surface.,stand,surface,place_on
00150-LcAd9dhvVwh\tasks-island_0.json,80,3,Arrange the food tray.,Place food tray on surface.,food tray,surface,place_on
00150-LcAd9dhvVwh\tasks-island_0.json,85,2,Sort clothes in the wardrobe.,Place wardrobe in receptacle.,wardrobe,receptacle,place_in
00150-LcAd9dhvVwh\tasks-island_0.json,120,4,Set the food tray.,Place food tray on surface.,food tray,surface,place_on
00150-LcAd9dhvVwh\tasks-island_0.json,129,3,Arrange the flower.,Place flower on surface.,flower,surface,place_on
00150-LcAd9dhvVwh\tasks-island_0.json,136,4,Place the items on the bed table.,Place the items on the bed table.,bed table,items,place_on
00150-LcAd9dhvVwh\tasks-island_0.json,148,1,Arrange the folding chair.,Place folding chair on surface.,folding chair,surface,place_on
00150-LcAd9dhvVwh\tasks-island_0.json,152,2,Arrange the flower stand.,Place flower stand on surface.,flower stand,surface,place_on
00150-LcAd9dhvVwh\tasks-island_0.json,168,5,Organize items in the wardrobe.,Place wardrobe in receptacle.,wardrobe,receptacle,place_in
00150-LcAd9dhvVwh\tasks-island_0.json,169,2,Arrange the flower.,Place flower on surface.,flower,surface,place_on
00150-LcAd9dhvVwh\tasks-island_0.json,169,7,Store items in the storage box.,Place items in the storage box.,storage box,items,place_in
00150-LcAd9dhvVwh\tasks-island_0.json,171,3,Hang clothes in the wardrobe.,Hang items in the wardrobe.,wardrobe,items,hang
00150-LcAd9dhvVwh\tasks-island_0.json,173,2,Arrange the computer chair.,Place computer chair on surface.,computer chair,surface,place_on
00150-LcAd9dhvVwh\tasks-island_0.json,183,3,Position the computer chair.,Place computer chair on surface.,computer chair,surface,place_on
00150-LcAd9dhvVwh\tasks-island_0.json,195,6,Arrange the flower.,Place flower on surface.,flower,surface,place_on
00150-LcAd9dhvVwh\tasks-island_0.json,199,3,Organize the clothes in the wardrobe.,Place wardrobe in receptacle.,wardrobe,receptacle,place_in
00150-LcAd9dhvVwh\tasks-island_0.json,202,4,Arrange the coffee table.,Place coffee table on surface.,coffee table,surface,place_on
00150-LcAd9dhvVwh\tasks-island_0.json,210,7,Tidy the clothes in the wardrobe.,Place wardrobe in receptacle.,wardrobe,receptacle,place_in
00150-LcAd9dhvVwh\tasks-island_0.json,213,6,Arrange the items in the storage box.,Place storage box in receptacle.,storage box,receptacle,place_in
00150-LcAd9dhvVwh\tasks-island_0.json,216,7,Place the food tray in the dining area.,Place the food tray in the dining area.,food tray,area,place_in
00150-LcAd9dhvVwh\tasks-island_0.json,218,6,Organize the items in the bed table.,Straighten items in the bed table.,bed table,items,straighten
00150-LcAd9dhvVwh\tasks-island_0.json,222,5,Polish the painting in the dining area.,Polish the painting in the dining area.,painting,area,polish
00155-iLDo95ZbDJq\tasks-island_0.json,2,1,Close the curtain in the kitchen area.,Close the curtain in the kitchen area.,curtain,area,close
00155-iLDo95ZbDJq\tasks-island_0.json,4,3,Hang the jacket on the coat hanger.,Hang items on the coat hanger.,coat hanger,items,hang
00155-iLDo95ZbDJq\tasks-island_0.json,5,2,Fill the vase with water at the sink.,Use the sink to fill a container.,sink,container,fill
00155-iLDo95ZbDJq\tasks-island_0.json,16,1,Move the chair in the bathroom area.,Reposition the chair in the bathroom area.,chair,area,reposition
00155-iLDo95ZbDJq\tasks-island_0.json,18,2,Fill the glass at the sink.,Use the sink to fill a container.,sink,container,fill
00155-iLDo95ZbDJq\tasks-island_0.json,19,2,Hang items on the rack.,Hang items on the rack.,rack,items,hang
00155-iLDo95ZbDJq\tasks-island_0.json,33,2,Hang the coat on the coat hanger.,Hang items on the coat hanger.,coat hanger,items,hang
00155-iLDo95ZbDJq\tasks-island_0.json,39,1,Arrange flowers in the flower vase.,Place flower vase in receptacle.,flower vase,receptacle,place_in
00155-iLDo95ZbDJq\tasks-island_0.json,51,3,Open the container.,Open the container.,container,container,open
00155-iLDo95ZbDJq\tasks-island_0.json,51,4,Arrange the coat hanger.,Place coat hanger on surface.,coat hanger,surface,place_on
00155-iLDo95ZbDJq\tasks-island_0.json,57,3,Arrange the flower vase.,Place flower vase on surface.,flower vase,surface,place_on
00155-iLDo95ZbDJq\tasks-island_0.json,57,4,Fill the kettle at the sink.,Use the sink to fill a container.,sink,container,fill
00155-iLDo95ZbDJq\tasks-island_0.json,65,4,Open the container.,Open the container.,container,container,open
00155-iLDo95ZbDJq\tasks-island_0.json,71,1,Organize the magazines on the shelf.,Place shelf on surface.,shelf,surface,place_on
00155-iLDo95ZbDJq\tasks-island_0.json,71,3,Hang the handbag on the rack.,Hang items on the rack.,rack,items,hang
00155-iLDo95ZbDJq\tasks-island_0.json,73,4,Hang the clothes on the coat hanger.,Hang items on the coat hanger.,coat hanger,items,hang
00155-iLDo95ZbDJq\tasks-island_0.json,74,5,Set out a magazine on the coffee table.,Place magazine on surface.,magazine,surface,place_on
00155-iLDo95ZbDJq\tasks-island_0.json,77,5,Set the dishes on the stool.,Place dishes on surface.,dishes,surface,place_on
00155-iLDo95ZbDJq\tasks-island_0.json,80,2,Take a container from the kitchen.,Pick up the container from the kitchen.,container,container,pick_up
00155-iLDo95ZbDJq\tasks-island_0.json,83,1,Hang the clothes on the rack.,Hang items on the rack.,rack,items,hang
00155-iLDo95ZbDJq\tasks-island_0.json,83,3,Sort the items in the handbag.,Place handbag in receptacle.,handbag,receptacle,place_in
00155-iLDo95ZbDJq\tasks-island_0.json,86,5,Organize the container.,Straighten container.,container,container,straighten
00155-iLDo95ZbDJq\tasks-island_0.json,87,3,Arrange the flower.,Place flower on surface.,flower,surface,place_on
00155-iLDo95ZbDJq\tasks-island_0.json,96,5,Put the items into the handbag.,Place the items in the handbag.,handbag,items,place_in
00155-iLDo95ZbDJq\tasks-island_0.json,98,1,Get the container.,Pick up the container.,container,container,pick_up
00155-iLDo95ZbDJq\tasks-island_0.json,103,5,Refill the container.,Fill the container.,container,container,fill
00155-iLDo95ZbDJq\tasks-island_0.json,107,5,Organize the container.,Straighten container.,container,container,straighten
00155-iLDo95ZbDJq\tasks-island_0.json,108,1,Get the container.,Pick up the container.,container,container,pick_up
00155-iLDo95ZbDJq\tasks-island_0.json,109,1,Hang the handbag on the rack.,Hang items on the rack.,rack,items,hang
00155-iLDo95ZbDJq\tasks-island_0.json,109,2,Arrange the dresser.,Place dresser on surface.,dresser,surface,place_on
00155-iLDo95ZbDJq\tasks-island_0.json,110,2,Fill the kettle at the sink.,Use the sink to fill a container.,sink,container,fill
00155-iLDo95ZbDJq\tasks-island_0.json,114,3,Hang a shirt on the coat hanger.,Hang items on the coat hanger.,coat hanger,items,hang
00155-iLDo95ZbDJq\tasks-island_0.json,115,4,Place the items in the handbag.,Place the items in the handbag.,handbag,items,place_in
00155-iLDo95ZbDJq\tasks-island_0.json,119,3,Put away the container.,Store the container.,container,container,store
00155-iLDo95ZbDJq\tasks-island_0.json,121,5,Clean the container.,Wipe container.,container,container,wipe
00155-iLDo95ZbDJq\tasks-island_0.json,136,5,Arrange the flowers in the flower vase.,Place flower vase in receptacle.,flower vase,receptacle,place_in
00155-iLDo95ZbDJq\tasks-island_0.json,137,3,Hang the bag on the rack.,Hang items on the rack.,rack,items,hang
00155-iLDo95ZbDJq\tasks-island_0.json,141,3,Pack the food in a container.,Load items into the container.,container,"items, container",load
00155-iLDo95ZbDJq\tasks-island_0.json,142,5,Stock toiletries in the bathroom cabinet.,Place items in the bathroom cabinet.,bathroom cabinet,items,place_in
00155-iLDo95ZbDJq\tasks-island_0.json,143,3,Apply toothpaste to the toothbrush.,Place items on the toothbrush.,toothbrush,items,place_on
00155-iLDo95ZbDJq\tasks-island_0.json,144,5,Replace the water in the flower vase.,Place items in the flower vase.,flower vase,items,place_in
00155-iLDo95ZbDJq\tasks-island_0.json,144,6,Organize the books on the rack.,Place rack on surface.,rack,surface,place_on
00155-iLDo95ZbDJq\tasks-island_0.json,148,1,Arrange the logs in the fireplace.,Place fireplace in receptacle.,fireplace,receptacle,place_in
00155-iLDo95ZbDJq\tasks-island_0.json,153,6,Hang the bag on the rack.,Hang items on the rack.,rack,items,hang
00155-iLDo95ZbDJq\tasks-island_0.json,156,2,Add fresh flowers to the flower vase.,Place items on the flower vase.,flower vase,items,place_on
00155-iLDo95ZbDJq\tasks-island_0.json,157,1,Load clothes into the washing machine.,Load items into the washing machine.,washing machine,items,load
00155-iLDo95ZbDJq\tasks-island_0.json,157,3,Hang clean clothes on the coat hanger.,Hang items on the coat hanger.,coat hanger,items,hang
00155-iLDo95ZbDJq\tasks-island_0.json,157,6,Put away the clean pots in the kitchen cabinet.,Store items in the kitchen cabinet.,kitchen cabinet,items,store
00155-iLDo95ZbDJq\tasks-island_0.json,158,1,Change the sheets on the bed.,Place items on the bed.,bed,items,place_on
00155-iLDo95ZbDJq\tasks-island_0.json,158,6,Set the flower vase on the dining table.,Place flower vase on surface.,flower vase,surface,place_on
00155-iLDo95ZbDJq\tasks-island_0.json,159,4,Organize supplies in the container.,Place container in receptacle.,container,"container, receptacle",place_in
00155-iLDo95ZbDJq\tasks-island_0.json,162,4,Put items in the backpack.,Place items in the backpack.,backpack,items,place_in
00155-iLDo95ZbDJq\tasks-island_0.json,166,3,Organize the books on the rack.,Place rack in receptacle.,rack,receptacle,place_in
00155-iLDo95ZbDJq\tasks-island_0.json,167,2,Get a container.,Pick up the container.,container,container,pick_up
00155-iLDo95ZbDJq\tasks-island_0.json,171,1,Arrange the coffee table.,Place coffee table on surface.,coffee table,surface,place_on
00155-iLDo95ZbDJq\tasks-island_0.json,173,4,Arrange the rack.,Place rack on surface.,rack,surface,place_on
00155-iLDo95ZbDJq\tasks-island_0.json,176,3,Get a container.,Pick up the container.,container,container,pick_up
00155-iLDo95ZbDJq\tasks-island_0.json,181,6,Arrange the books on the rack.,Place rack on surface.,rack,surface,place_on
00164-XfUxBGTFQQb\tasks-island_0.json,17,2,Hang clothes on the hanger.,Hang items on the hanger.,hanger,items,hang
00164-XfUxBGTFQQb\tasks-island_0.json,17,3,Adjust the lamp in the office area.,Adjust the lamp in the office area.,lamp,area,set_control
00164-XfUxBGTFQQb\tasks-island_0.json,18,1,Refill the soap near the sink.,Use the sink to fill a container.,sink,container,fill
00164-XfUxBGTFQQb\tasks-island_0.json,25,5,Set the plate on the counter.,Place plate on surface.,plate,surface,place_on
00164-XfUxBGTFQQb\tasks-island_0.json,30,5,Start the appliance in the kitchen.,Turn on the appliance in the kitchen.,appliance,appliance,turn_on
00164-XfUxBGTFQQb\tasks-island_0.json,35,3,Arrange the rack in the living room.,Place rack in receptacle.,rack,receptacle,place_in
00164-XfUxBGTFQQb\tasks-island_0.json,36,2,Turn off the pipe in the utility area.,Turn off the pipe in the utility area.,pipe,area,turn_off
00164-XfUxBGTFQQb\tasks-island_0.json,37,5,Turn off the appliance in the bedroom.,Turn off the appliance in the bedroom.,appliance,appliance,turn_off
00164-XfUxBGTFQQb\tasks-island_0.json,38,1,Fill a container at the sink.,Use the sink to fill a container.,sink,container,fill
00164-XfUxBGTFQQb\tasks-island_0.json,38,2,Move the plant in the utility area.,Carry the plant in the utility area.,plant,area,carry
00164-XfUxBGTFQQb\tasks-island_0.json,44,2,Hang a coat on the hanger.,Hang items on the hanger.,hanger,items,hang
00164-XfUxBGTFQQb\tasks-island_0.json,51,3,Turn on the oven and stove to warm the area.,Turn on the oven and stove to warm the area.,oven and stove,area,turn_on
00164-XfUxBGTFQQb\tasks-island_0.json,53,3,Arrange items on the rack.,Place rack on surface.,rack,surface,place_on
00164-XfUxBGTFQQb\tasks-island_0.json,71,2,Set the plate on the table.,Place plate on surface.,plate,surface,place_on
00164-XfUxBGTFQQb\tasks-island_0.json,76,4,Arrange the wardrobe,Place wardrobe on surface.,wardrobe,surface,place_on
00164-XfUxBGTFQQb\tasks-island_0.json,80,2,Arrange the wardrobe,Place wardrobe on surface.,wardrobe,surface,place_on
00164-XfUxBGTFQQb\tasks-island_0.json,83,2,Arrange the wardrobe,Place wardrobe on surface.,wardrobe,surface,place_on
00164-XfUxBGTFQQb\tasks-island_0.json,89,2,Arrange the wardrobe,Place wardrobe in receptacle.,wardrobe,receptacle,place_in
00164-XfUxBGTFQQb\tasks-island_0.json,90,2,Arrange the hanger,Place hanger on surface.,hanger,surface,place_on
00164-XfUxBGTFQQb\tasks-island_0.json,91,2,Arrange the wardrobe,Place wardrobe on surface.,wardrobe,surface,place_on
00164-XfUxBGTFQQb\tasks-island_0.json,95,4,Arrange the wardrobe,Place wardrobe on surface.,wardrobe,surface,place_on
00164-XfUxBGTFQQb\tasks-island_0.json,96,2,Arrange the book,Place book on surface.,book,surface,place_on
00164-XfUxBGTFQQb\tasks-island_0.json,102,5,Arrange the wardrobe,Place wardrobe on surface.,wardrobe,surface,place_on
00164-XfUxBGTFQQb\tasks-island_0.json,108,4,Arrange the book,Place book on surface.,book,surface,place_on
00166-RaYrxWt5pR1\tasks-island_0.json,1,3,Hang the dry clothes in the wardrobe.,Hang items in the wardrobe.,wardrobe,items,hang
00166-RaYrxWt5pR1\tasks-island_0.json,10,2,Set the backpack on the kitchen chair.,Place backpack on surface.,backpack,surface,place_on
00166-RaYrxWt5pR1\tasks-island_0.json,11,4,Shut the cabinet in the dressing area.,Close the cabinet in the dressing area.,cabinet,area,close
00166-RaYrxWt5pR1\tasks-island_0.json,13,4,Pop some corn in the microwave.,Place items in the microwave.,microwave,items,place_in
00166-RaYrxWt5pR1\tasks-island_0.json,17,3,Set a bowl for cereal.,Place bowl on surface.,bowl,surface,place_on
00166-RaYrxWt5pR1\tasks-island_0.json,19,3,Move the chair in the dining area.,Reposition the chair in the dining area.,chair,area,reposition
00166-RaYrxWt5pR1\tasks-island_0.json,22,2,Set the plate on the side table.,Place plate on surface.,plate,surface,place_on
00166-RaYrxWt5pR1\tasks-island_0.json,26,5,Stock the refrigerator with drinks.,Place items in the refrigerator.,refrigerator,items,place_in
00166-RaYrxWt5pR1\tasks-island_0.json,29,4,Arrange clean linens on the shelf.,Place shelf on surface.,shelf,surface,place_on
00166-RaYrxWt5pR1\tasks-island_0.json,30,1,Move the backpack to a better spot.,Carry the backpack to the better spot.,backpack,spot,carry
00166-RaYrxWt5pR1\tasks-island_0.json,37,1,Lay out pajamas from the wardrobe.,Place items in the wardrobe.,wardrobe,items,place_in
00166-RaYrxWt5pR1\tasks-island_0.json,39,4,Hang clothes in the wardrobe.,Hang items in the wardrobe.,wardrobe,items,hang
00166-RaYrxWt5pR1\tasks-island_0.json,41,4,Arrange the flower as a prop.,Place flower on surface.,flower,surface,place_on
00166-RaYrxWt5pR1\tasks-island_0.json,43,2,Fill a pot at the sink.,Use the sink to fill a container.,sink,container,fill
00166-RaYrxWt5pR1\tasks-island_0.json,45,2,Position the flower.,Place flower on surface.,flower,surface,place_on
00166-RaYrxWt5pR1\tasks-island_0.json,48,5,Set the book on the table.,Place book on surface.,book,surface,place_on
00166-RaYrxWt5pR1\tasks-island_0.json,50,3,Organize the items in the cabinet.,Place cabinet in receptacle.,cabinet,receptacle,place_in
00166-RaYrxWt5pR1\tasks-island_0.json,51,1,Arrange items on the shelf.,Place shelf on surface.,shelf,surface,place_on
00166-RaYrxWt5pR1\tasks-island_0.json,57,1,Arrange the flower.,Place flower on surface.,flower,surface,place_on
00166-RaYrxWt5pR1\tasks-island_0.json,69,1,Arrange the flower.,Place flower on surface.,flower,surface,place_on
00166-RaYrxWt5pR1\tasks-island_0.json,86,2,Pack the camera into the backpack.,Load items into the backpack.,backpack,items,load
00166-RaYrxWt5pR1\tasks-island_0.json,87,4,Move the box to the storage area.,Carry the box to the storage area.,box,area,carry
00166-RaYrxWt5pR1\tasks-island_0.json,93,2,Set the plate.,Place plate on surface.,plate,surface,place_on
00166-RaYrxWt5pR1\tasks-island_0.json,97,4,Arrange the plate.,Place plate on surface.,plate,surface,place_on
00166-RaYrxWt5pR1\tasks-island_0.json,107,4,Arrange the flower.,Place flower on surface.,flower,surface,place_on
00166-RaYrxWt5pR1\tasks-island_0.json,111,5,Arrange the flower.,Place flower on surface.,flower,surface,place_on
00168-bHKTDQFJxTw\tasks-island_0.json,26,1,Restock the toilet paper dispenser.,Place items in the toilet paper dispenser.,toilet paper dispenser,items,place_in
00168-bHKTDQFJxTw\tasks-island_0.json,28,5,Restock the toilet paper dispenser.,Place items in the toilet paper dispenser.,toilet paper dispenser,items,place_in
00168-bHKTDQFJxTw\tasks-island_0.json,37,3,Restock the toilet paper dispenser.,Place items in the toilet paper dispenser.,toilet paper dispenser,items,place_in
00168-bHKTDQFJxTw\tasks-island_0.json,40,2,Arrange the flowerpot.,Place flowerpot on surface.,flowerpot,surface,place_on
00168-bHKTDQFJxTw\tasks-island_0.json,51,1,Restock the toilet paper dispenser.,Place items in the toilet paper dispenser.,toilet paper dispenser,items,place_in
00168-bHKTDQFJxTw\tasks-island_0.json,59,4,Organize the objects on the shelf.,Place shelf on surface.,shelf,surface,place_on
00168-bHKTDQFJxTw\tasks-island_0.json,60,6,Set the flowerpot on the desk.,Place flowerpot on surface.,flowerpot,surface,place_on
00168-bHKTDQFJxTw\tasks-island_0.json,62,5,Set the knife for preparation.,Place knife on surface.,knife,surface,place_on
00168-bHKTDQFJxTw\tasks-island_0.json,67,4,Set the plate on the table.,Place plate on surface.,plate,surface,place_on
00168-bHKTDQFJxTw\tasks-island_0.json,69,6,Arrange the wall sign for the background.,Place wall sign on surface.,wall sign,surface,place_on
00168-bHKTDQFJxTw\tasks-island_0.json,70,1,Refill the toilet paper dispenser in area 1.,Load the toilet paper dispenser in the area 1.,toilet paper dispenser,area,load
00168-bHKTDQFJxTw\tasks-island_0.json,71,6,Set the flowerpot on the shelf.,Place flowerpot on surface.,flowerpot,surface,place_on
00168-bHKTDQFJxTw\tasks-island_0.json,75,4,Set the plate on the coffee table.,Place plate on surface.,plate,surface,place_on
00168-bHKTDQFJxTw\tasks-island_0.json,76,1,Refill the toilet paper dispenser in area 1.,Load the toilet paper dispenser in the area 1.,toilet paper dispenser,area,load
00168-bHKTDQFJxTw\tasks-island_0.json,77,2,Wipe the toaster in the kitchen area.,Wipe the toaster in the kitchen area.,toaster,area,wipe
00168-bHKTDQFJxTw\tasks-island_0.json,86,6,Set the plate.,Place plate on surface.,plate,surface,place_on
00168-bHKTDQFJxTw\tasks-island_0.json,98,5,Set the plate.,Place plate on surface.,plate,surface,place_on
00168-bHKTDQFJxTw\tasks-island_0.json,100,6,Set the plate.,Place plate on surface.,plate,surface,place_on
00168-bHKTDQFJxTw\tasks-island_0.json,117,3,Position the sunglasses.,Place sunglasses on surface.,sunglasses,surface,place_on
00168-bHKTDQFJxTw\tasks-island_0.json,117,4,Arrange the stone support structure.,Place stone support structure on surface.,stone support structure,surface,place_on
00168-bHKTDQFJxTw\tasks-island_0.json,121,6,Set the bottle on the table.,Place bottle on surface.,bottle,surface,place_on
00168-bHKTDQFJxTw\tasks-island_0.json,136,1,Position the speaker for the presentation.,Place speaker on surface.,speaker,surface,place_on
00168-bHKTDQFJxTw\tasks-island_0.json,139,1,Position the arcade game.,Place arcade game in receptacle.,arcade game,receptacle,place_in
00168-bHKTDQFJxTw\tasks-island_0.json,141,3,Position the flowerpot.,Place flowerpot on surface.,flowerpot,surface,place_on
00168-bHKTDQFJxTw\tasks-island_1.json,4,1,Position the speaker.,Place speaker on surface.,speaker,surface,place_on
00168-bHKTDQFJxTw\tasks-island_1.json,6,1,Move the fire extinguisher to a visible spot.,Carry the fire extinguisher to the visible spot.,fire extinguisher,spot,carry
00168-bHKTDQFJxTw\tasks-island_1.json,9,3,Arrange the plate.,Place plate on surface.,plate,surface,place_on
00168-bHKTDQFJxTw\tasks-island_1.json,14,1,Position the chair near the desk area.,Reposition the chair near the desk area.,chair,area,reposition
00168-bHKTDQFJxTw\tasks-island_1.json,17,4,Set the cup on the side table.,Place cup on surface.,cup,surface,place_on
00168-bHKTDQFJxTw\tasks-island_1.json,18,4,Set the cup down.,Place cup on surface.,cup,surface,place_on
00168-bHKTDQFJxTw\tasks-island_1.json,18,5,Move the glasses to the dining area.,Carry the glasses to the dining area.,glasses,area,carry
00168-bHKTDQFJxTw\tasks-island_1.json,20,3,Position the laptop computer for monitoring.,Place laptop computer on surface.,laptop_computer,surface,place_on
00168-bHKTDQFJxTw\tasks-island_1.json,21,1,Move the fire extinguisher to an accessible spot.,Carry the fire extinguisher to the accessible spot.,fire extinguisher,spot,carry
00168-bHKTDQFJxTw\tasks-island_1.json,26,5,Reposition the fire extinguisher to its designated spot.,Place fire extinguisher on surface.,fire extinguisher,surface,place_on
00168-bHKTDQFJxTw\tasks-island_1.json,28,5,Move the plate away from the work area.,Carry the plate from the work area.,plate,area,carry
00168-bHKTDQFJxTw\tasks-island_1.json,29,3,Position the lamp for better lighting.,Place lamp on surface.,lamp,surface,place_on
00168-bHKTDQFJxTw\tasks-island_1.json,37,5,Reposition the fire extinguisher correctly.,Place fire extinguisher on surface.,fire extinguisher,surface,place_on
00168-bHKTDQFJxTw\tasks-island_1.json,42,2,Secure the wall sign onto the wall.,Place items in the wall sign.,wall sign,items,place_in
00168-bHKTDQFJxTw\tasks-island_1.json,49,1,Arrange the laptop computer.,Place laptop computer on surface.,laptop_computer,surface,place_on
00168-bHKTDQFJxTw\tasks-island_1.json,52,2,Arrange the laptop computer.,Place laptop computer in receptacle.,laptop_computer,receptacle,place_in
00168-bHKTDQFJxTw\tasks-island_1.json,56,2,Arrange the laptop computer.,Place laptop computer on surface.,laptop_computer,surface,place_on
00168-bHKTDQFJxTw\tasks-island_1.json,58,7,Arrange the laptop computer.,Place laptop computer on surface.,laptop_computer,surface,place_on
00168-bHKTDQFJxTw\tasks-island_1.json,60,3,Arrange the laptop computer.,Place laptop computer on surface.,laptop_computer,surface,place_on
00172-bB6nKqfsb1z\tasks-island_0.json,2,3,Organize books on the rack.,Place rack on surface.,rack,surface,place_on
00172-bB6nKqfsb1z\tasks-island_0.json,16,4,Display items in the display cabinet.,Place display cabinet in receptacle.,display cabinet,receptacle,place_in
00172-bB6nKqfsb1z\tasks-island_0.json,24,3,Arrange the flowerpot.,Place flowerpot on surface.,flowerpot,surface,place_on
00172-bB6nKqfsb1z\tasks-island_0.json,31,4,Close the storage box in the storage area.,Close the box in the storage area.,box,area,close
00172-bB6nKqfsb1z\tasks-island_0.json,33,4,Hang the clothes on the clothes rack.,Hang items on the clothes rack.,clothes rack,items,hang
00172-bB6nKqfsb1z\tasks-island_0.json,42,1,Fluff the cushions on the couch.,Fluff items on the couch.,couch,items,fluff
00172-bB6nKqfsb1z\tasks-island_0.json,56,3,Set the plate on the table.,Place plate on surface.,plate,surface,place_on
00172-bB6nKqfsb1z\tasks-island_0.json,58,2,Place the laptop into the backpack.,Place items in the laptop_computer.,laptop_computer,items,place_in
00172-bB6nKqfsb1z\tasks-island_0.json,63,1,Fluff the pillows on the couch.,Fluff items on the couch.,couch,items,fluff
00172-bB6nKqfsb1z\tasks-island_0.json,63,3,Move the flowerpot to a prominent spot.,Carry the flowerpot to the prominent spot.,flowerpot,spot,carry
00172-bB6nKqfsb1z\tasks-island_0.json,65,2,Get the hammer from the workshop area.,Pick up the hammer from the workshop area.,hammer,area,pick_up
00172-bB6nKqfsb1z\tasks-island_0.json,65,4,Inspect the kitchen appliance.,Inspect the appliance.,appliance,appliance,inspect
00172-bB6nKqfsb1z\tasks-island_0.json,70,3,Organize items on the rack.,Place rack on surface.,rack,surface,place_on
00172-bB6nKqfsb1z\tasks-island_0.json,78,5,Wipe down the appliance.,Wipe the appliance.,appliance,appliance,wipe
00172-bB6nKqfsb1z\tasks-island_0.json,80,2,Vacuum under the couch.,Vacuum the area under the couch.,couch,area,vacuum
00172-bB6nKqfsb1z\tasks-island_0.json,81,4,Arrange the stuffed animal.,Place stuffed animal on surface.,stuffed animal,surface,place_on
00172-bB6nKqfsb1z\tasks-island_0.json,85,4,Set a book on the desk.,Place book on surface.,book,surface,place_on
00172-bB6nKqfsb1z\tasks-island_0.json,89,4,Check the nearby appliance.,Inspect the appliance.,appliance,appliance,inspect
00172-bB6nKqfsb1z\tasks-island_0.json,98,5,Arrange the hairbrush on the counter.,Place hairbrush on surface.,hairbrush,surface,place_on
00172-bB6nKqfsb1z\tasks-island_0.json,99,5,Pick up a can from the storage area.,Pick up the can from the storage area.,can,area,pick_up
00172-bB6nKqfsb1z\tasks-island_0.json,101,2,Hang clothes on the clothes rack.,Hang items on the clothes rack.,clothes rack,items,hang
00172-bB6nKqfsb1z\tasks-island_0.json,101,4,Arrange the plush toy on the shelf.,Place plush toy on surface.,plush toy,surface,place_on
00172-bB6nKqfsb1z\tasks-island_0.json,101,5,Store extra items in the box.,Place extra items in the box.,box,items,place_in
00172-bB6nKqfsb1z\tasks-island_0.json,103,4,Set the knife beside the plate.,Place knife on surface.,knife,surface,place_on
00172-bB6nKqfsb1z\tasks-island_0.json,104,1,Fluff the pillows on the couch.,Fluff items on the couch.,couch,items,fluff
00172-bB6nKqfsb1z\tasks-island_0.json,109,1,Organize items on the rack.,Place rack on surface.,rack,surface,place_on
00172-bB6nKqfsb1z\tasks-island_0.json,117,3,Arrange the plush toy.,Place plush toy on surface.,plush toy,surface,place_on
00172-bB6nKqfsb1z\tasks-island_0.json,121,3,Check the appliance connection.,Inspect the appliance.,appliance,appliance,inspect
00172-bB6nKqfsb1z\tasks-island_0.json,129,3,Position the computer keyboard.,Place computer keyboard on surface.,computer_keyboard,surface,place_on
00172-bB6nKqfsb1z\tasks-island_0.json,132,2,Arrange the hairbrush.,Place hairbrush on surface.,hairbrush,surface,place_on
00172-bB6nKqfsb1z\tasks-island_0.json,135,4,Set the plate on the table.,Place plate on surface.,plate,surface,place_on
00172-bB6nKqfsb1z\tasks-island_0.json,138,1,Close the curtain in the living area.,Close the curtain in the living area.,curtain,area,close
00172-bB6nKqfsb1z\tasks-island_0.json,138,2,Hang up clothes on the rack.,Hang items on the rack.,rack,items,hang
00172-bB6nKqfsb1z\tasks-island_0.json,146,4,Fill a watering can at the sink.,Use the sink to fill a container.,sink,container,fill
00172-bB6nKqfsb1z\tasks-island_0.json,152,1,Hang items on the rack.,Hang items on the rack.,rack,items,hang
00172-bB6nKqfsb1z\tasks-island_0.json,157,3,Replace the bulb in the lamp.,Place items in the lamp.,lamp,items,place_in
00172-bB6nKqfsb1z\tasks-island_0.json,162,5,Arrange the plate.,Place plate on surface.,plate,surface,place_on
00172-bB6nKqfsb1z\tasks-island_0.json,171,5,Set the plate.,Place plate on surface.,plate,surface,place_on
00172-bB6nKqfsb1z\tasks-island_0.json,176,4,Arrange the shampoo.,Place shampoo on surface.,shampoo,surface,place_on
00172-bB6nKqfsb1z\tasks-island_0.json,179,6,Set the plate.,Place plate on surface.,plate,surface,place_on
00172-bB6nKqfsb1z\tasks-island_0.json,181,5,Arrange the stuffed animal.,Place stuffed animal on surface.,stuffed animal,surface,place_on
00172-bB6nKqfsb1z\tasks-island_0.json,183,4,Arrange the bag.,Place bag on surface.,bag,surface,place_on
00172-bB6nKqfsb1z\tasks-island_0.json,184,6,Arrange the hairbrush.,Place hairbrush on surface.,hairbrush,surface,place_on
00172-bB6nKqfsb1z\tasks-island_0.json,190,3,Arrange the bag.,Place bag on surface.,bag,surface,place_on
00172-bB6nKqfsb1z\tasks-island_0.json,194,4,Arrange the shampoo.,Place shampoo on surface.,shampoo,surface,place_on
00172-bB6nKqfsb1z\tasks-island_0.json,195,4,Set the plate.,Place plate on surface.,plate,surface,place_on
00172-bB6nKqfsb1z\tasks-island_0.json,196,5,Arrange the stuffed animal.,Place stuffed animal on surface.,stuffed animal,surface,place_on
00172-bB6nKqfsb1z\tasks-island_0.json,204,6,Arrange the box.,Place box on surface.,box,surface,place_on
00172-bB6nKqfsb1z\tasks-island_0.json,206,3,Arrange the shampoo.,Place shampoo on surface.,shampoo,surface,place_on
00172-bB6nKqfsb1z\tasks-island_0.json,210,6,Set the plate.,Place plate on surface.,plate,surface,place_on
00172-bB6nKqfsb1z\tasks-island_0.json,211,6,Arrange the bag.,Place bag on surface.,bag,surface,place_on
00172-bB6nKqfsb1z\tasks-island_0.json,217,4,Arrange the stuffed animal.,Place stuffed animal on surface.,stuffed animal,surface,place_on
00172-bB6nKqfsb1z\tasks-island_0.json,217,7,Set the toothbrush.,Place toothbrush on surface.,toothbrush,surface,place_on
00172-bB6nKqfsb1z\tasks-island_0.json,225,2,Hang them on the clothes rack.,Hang items on the clothes rack.,clothes rack,items,hang
00172-bB6nKqfsb1z\tasks-island_0.json,229,4,Set the jar.,Place jar on surface.,jar,surface,place_on
00172-bB6nKqfsb1z\tasks-island_0.json,242,3,Set the plate.,Place plate on surface.,plate,surface,place_on
00172-bB6nKqfsb1z\tasks-island_0.json,251,6,Set the cup.,Place cup on surface.,cup,surface,place_on
00172-bB6nKqfsb1z\tasks-island_0.json,264,5,Arrange the shampoo bottles.,Place shampoo on surface.,shampoo,surface,place_on
00172-bB6nKqfsb1z\tasks-island_0.json,269,6,Arrange the storage rack.,Place rack on surface.,rack,surface,place_on
00172-bB6nKqfsb1z\tasks-island_0.json,284,6,Hang clothes on the clothes rack.,Hang items on the clothes rack.,clothes rack,items,hang
00172-bB6nKqfsb1z\tasks-island_0.json,285,6,Set a plate on the table.,Place plate on surface.,plate,surface,place_on
00172-bB6nKqfsb1z\tasks-island_0.json,287,7,Set a cup of tea on the desk.,Place cup on surface.,cup,surface,place_on
00172-bB6nKqfsb1z\tasks-island_0.json,294,5,Arrange the shampoo bottles.,Place shampoo on surface.,shampoo,surface,place_on
00172-bB6nKqfsb1z\tasks-island_0.json,297,4,Set a plate.,Place plate on surface.,plate,surface,place_on
00172-bB6nKqfsb1z\tasks-island_0.json,304,6,Set the plate.,Place plate on surface.,plate,surface,place_on
00172-bB6nKqfsb1z\tasks-island_0.json,313,6,Set the plate.,Place plate on surface.,plate,surface,place_on
00172-bB6nKqfsb1z\tasks-island_0.json,321,6,Arrange the book.,Place book on surface.,book,surface,place_on
00173-qZ4B7U6XE5Y\tasks-island_0.json,1,4,Organize items inside the fridge.,Place fridge in receptacle.,fridge,receptacle,place_in
00173-qZ4B7U6XE5Y\tasks-island_0.json,6,2,Place items into the box.,Place items in the box.,box,items,place_in
00173-qZ4B7U6XE5Y\tasks-island_0.json,10,3,Place the items in the box.,Place the items in the box.,box,items,place_in
00173-qZ4B7U6XE5Y\tasks-island_0.json,27,4,Arrange the hanger.,Place hanger on surface.,hanger,surface,place_on
00173-qZ4B7U6XE5Y\tasks-island_0.json,41,5,Arrange the vase.,Place vase in receptacle.,vase,receptacle,place_in
00173-qZ4B7U6XE5Y\tasks-island_0.json,47,4,Arrange the vase.,Place vase on surface.,vase,surface,place_on
00173-qZ4B7U6XE5Y\tasks-island_0.json,55,3,Arrange the box.,Place box on surface.,box,surface,place_on
00173-qZ4B7U6XE5Y\tasks-island_0.json,65,3,Arrange the flowerpot.,Place flowerpot on surface.,flowerpot,surface,place_on
00173-qZ4B7U6XE5Y\tasks-island_0.json,75,6,Vacuum the carpet in the living area.,Vacuum the carpet in the living area.,carpet,area,vacuum
00173-qZ4B7U6XE5Y\tasks-island_0.json,77,2,Move the flowerpot to a sunny spot.,Carry the flowerpot to the sunny spot.,flowerpot,spot,carry
00173-qZ4B7U6XE5Y\tasks-island_0.json,79,5,Set the bowl with snacks on the table.,Place bowl on surface.,bowl,surface,place_on
00173-qZ4B7U6XE5Y\tasks-island_0.json,84,4,Vacuum the carpet in the dining area.,Vacuum the carpet in the dining area.,carpet,area,vacuum
00173-qZ4B7U6XE5Y\tasks-island_0.json,87,2,Reposition the flowerpot.,Place flowerpot on surface.,flowerpot,surface,place_on
00173-qZ4B7U6XE5Y\tasks-island_0.json,92,5,Dust the picture in the storage area.,Dust the picture in the storage area.,picture,area,dust
00173-qZ4B7U6XE5Y\tasks-island_0.json,99,6,Arrange the cabinet.,Place cabinet on surface.,cabinet,surface,place_on
00173-qZ4B7U6XE5Y\tasks-island_0.json,100,4,Set the bowl on the side table.,Place bowl on surface.,bowl,surface,place_on
00173-qZ4B7U6XE5Y\tasks-island_0.json,103,4,Set the plate.,Place plate on surface.,plate,surface,place_on
00173-qZ4B7U6XE5Y\tasks-island_0.json,114,3,Set the bowl.,Place bowl on surface.,bowl,surface,place_on
00173-qZ4B7U6XE5Y\tasks-island_0.json,117,3,Arrange the plant.,Place plant on surface.,plant,surface,place_on
00173-qZ4B7U6XE5Y\tasks-island_0.json,124,1,Put items in the closet.,Place items in the closet.,closet,items,place_in
00173-qZ4B7U6XE5Y\tasks-island_0.json,124,3,Hide things in the box.,Place box in receptacle.,box,receptacle,place_in
00177-VSxVP19Cdyw\tasks-island_0.json,3,3,Set the dinnerware on the table,Place dinnerware on surface.,dinnerware,surface,place_on
00177-VSxVP19Cdyw\tasks-island_0.json,12,2,Arrange the decoration,Place decoration on surface.,decoration,surface,place_on
00177-VSxVP19Cdyw\tasks-island_0.json,17,3,Put on pajamas from the cabinet.,Place items on the cabinet.,cabinet,items,place_on
00177-VSxVP19Cdyw\tasks-island_0.json,29,4,Set the wine bottle on the table.,Place wine bottle on surface.,wine_bottle,surface,place_on
00177-VSxVP19Cdyw\tasks-island_0.json,35,4,Set the dinnerware on the table.,Place dinnerware on surface.,dinnerware,surface,place_on
00177-VSxVP19Cdyw\tasks-island_0.json,61,5,Set the plate on the dining table.,Place plate on surface.,plate,surface,place_on
00177-VSxVP19Cdyw\tasks-island_0.json,63,3,Turn on the lamp in the kitchen area.,Turn on the lamp in the kitchen area.,lamp,area,turn_on
00177-VSxVP19Cdyw\tasks-island_0.json,64,3,Organize the items in the fridge.,Place fridge in receptacle.,fridge,receptacle,place_in
00177-VSxVP19Cdyw\tasks-island_0.json,70,2,Position the mouse on the pad.,Place mouse on surface.,mouse,surface,place_on
00177-VSxVP19Cdyw\tasks-island_0.json,73,3,Pop some popcorn in the microwave oven.,Place items in the microwave oven.,microwave_oven,items,place_in
00177-VSxVP19Cdyw\tasks-island_0.json,74,1,Fill a pitcher at the sink.,Use the sink to fill a container.,sink,container,fill
00177-VSxVP19Cdyw\tasks-island_0.json,75,3,Arrange the plate with treats.,Place plate on surface.,plate,surface,place_on
00177-VSxVP19Cdyw\tasks-island_0.json,80,1,Scrub the sink in the utility area.,Scrub the sink in the utility area.,sink,area,scrub
00177-VSxVP19Cdyw\tasks-island_0.json,83,1,Pack essentials into the handbag.,Load items into the handbag.,handbag,items,load
00177-VSxVP19Cdyw\tasks-island_0.json,133,3,Wipe down the mirror in the utility area.,Wipe the mirror in the utility area.,mirror,area,wipe
00177-VSxVP19Cdyw\tasks-island_0.json,135,5,Set the wine bottle on the table.,Place wine bottle on surface.,wine_bottle,surface,place_on
00177-VSxVP19Cdyw\tasks-island_0.json,137,6,Arrange the side table.,Place side table on surface.,side table,surface,place_on
00177-VSxVP19Cdyw\tasks-island_0.json,141,6,Turn on the lamp in the kitchen area.,Turn on the lamp in the kitchen area.,lamp,area,turn_on
00177-VSxVP19Cdyw\tasks-island_0.json,158,7,Arrange the ornament.,Place ornament on surface.,ornament,surface,place_on
00177-VSxVP19Cdyw\tasks-island_0.json,161,2,Fill a pitcher at the sink.,Use the sink to fill a container.,sink,container,fill
00177-VSxVP19Cdyw\tasks-island_0.json,165,2,Set the handbag on the floor.,Place handbag on surface.,handbag,surface,place_on
00177-VSxVP19Cdyw\tasks-island_0.json,170,5,Fill a pot at the faucet.,Use the faucet to fill a container.,faucet,container,fill
00177-VSxVP19Cdyw\tasks-island_0.json,185,2,Set the plate out.,Place plate on surface.,plate,surface,place_on
00179-MVVzj944atG\tasks-island_2.json,5,3,Display the decorative plate.,Place decorative plate on surface.,decorative plate,surface,place_on
00179-MVVzj944atG\tasks-island_2.json,5,4,Arrange the flower vase.,Place flower vase on surface.,flower vase,surface,place_on
00179-MVVzj944atG\tasks-island_2.json,6,1,Position the highchair.,Place highchair on surface.,highchair,surface,place_on
00179-MVVzj944atG\tasks-island_2.json,6,3,Fetch the kitchen appliance.,Pick up the kitchen appliance.,kitchen appliance,appliance,pick_up
00179-MVVzj944atG\tasks-island_2.json,9,3,Arrange the flower vase.,Place flower vase on surface.,flower vase,surface,place_on
00179-MVVzj944atG\tasks-island_2.json,11,1,Arrange the decorative plate.,Place decorative plate on surface.,decorative plate,surface,place_on
00179-MVVzj944atG\tasks-island_2.json,16,1,Organize the books on the bookshelf.,Place bookshelf on surface.,bookshelf,surface,place_on
00179-MVVzj944atG\tasks-island_2.json,17,1,Arrange the flowers in the flower vase.,Place flower vase in receptacle.,flower vase,receptacle,place_in
00179-MVVzj944atG\tasks-island_2.json,18,4,Turn off the kitchen appliance.,Turn off the kitchen appliance.,kitchen appliance,appliance,turn_off
00179-MVVzj944atG\tasks-island_2.json,21,3,Wipe the kitchen appliance.,Wipe the kitchen appliance.,kitchen appliance,appliance,wipe
00179-MVVzj944atG\tasks-island_2.json,26,1,Reposition the decorative plant.,Place decorative plant on surface.,decorative plant,surface,place_on
00179-MVVzj944atG\tasks-island_2.json,26,6,Arrange the flower vase.,Place flower vase on surface.,flower vase,surface,place_on
00179-MVVzj944atG\tasks-island_2.json,29,4,Clean the kitchen appliance.,Wipe kitchen appliance.,kitchen appliance,appliance,wipe
00179-MVVzj944atG\tasks-island_2.json,31,2,Arrange the bookshelf.,Place bookshelf on surface.,bookshelf,surface,place_on
00179-MVVzj944atG\tasks-island_2.json,34,5,Prepare the kitchen appliance.,Wipe kitchen appliance.,kitchen appliance,appliance,wipe
00179-MVVzj944atG\tasks-island_2.json,40,3,Reposition the decorative plant.,Place decorative plant on surface.,decorative plant,surface,place_on
00179-MVVzj944atG\tasks-island_2.json,40,4,Rearrange the bookshelf.,Place bookshelf on surface.,bookshelf,surface,place_on
00179-MVVzj944atG\tasks-island_2.json,40,6,Position the speaker.,Place speaker on surface.,speaker,surface,place_on
00188-dQrLTxHvLXU\tasks-island_0.json,0,4,Set the handbag aside on the outdoor table.,Place handbag on surface.,handbag,surface,place_on
00188-dQrLTxHvLXU\tasks-island_0.json,3,4,Organize the clothes inside the closet.,Place closet in receptacle.,closet,receptacle,place_in
00188-dQrLTxHvLXU\tasks-island_0.json,4,4,Switch on the lamp in the dining area.,Turn on the lamp in the dining area.,lamp,area,turn_on
00188-dQrLTxHvLXU\tasks-island_0.json,8,2,Set out a cup on the dining table.,Place cup on surface.,cup,surface,place_on
00188-dQrLTxHvLXU\tasks-island_0.json,9,1,Fill a container at the sink.,Use the sink to fill a container.,sink,container,fill
00188-dQrLTxHvLXU\tasks-island_0.json,10,2,Organize the items on the shelf.,Place shelf on surface.,shelf,surface,place_on
00188-dQrLTxHvLXU\tasks-island_0.json,12,1,Wipe down the sink in the utility area.,Wipe the sink in the utility area.,sink,area,wipe
00188-dQrLTxHvLXU\tasks-island_0.json,12,3,Set the cutting board on the counter.,Place cutting board on surface.,cutting board,surface,place_on
00188-dQrLTxHvLXU\tasks-island_0.json,16,4,Set the wine bottle in the center.,Place wine bottle in receptacle.,wine_bottle,receptacle,place_in
00188-dQrLTxHvLXU\tasks-island_0.json,17,2,Hang up clothes in the closet.,Hang items in the closet.,closet,items,hang
00188-dQrLTxHvLXU\tasks-island_0.json,17,4,Arrange the items on the bedroom shelf.,Place shelf on surface.,shelf,surface,place_on
00188-dQrLTxHvLXU\tasks-island_0.json,18,1,Scrub the sink in the utility area.,Scrub the sink in the utility area.,sink,area,scrub
00188-dQrLTxHvLXU\tasks-island_0.json,20,1,Move the plant to a sunnier spot.,Carry the plant to the sunnier spot.,plant,spot,carry
00188-dQrLTxHvLXU\tasks-island_0.json,21,3,Set the cushion on the seat.,Place cushion on surface.,cushion,surface,place_on
00188-dQrLTxHvLXU\tasks-island_0.json,36,1,Arrange clothes in the closet.,Place closet in receptacle.,closet,receptacle,place_in
00188-dQrLTxHvLXU\tasks-island_0.json,39,2,Fill a pitcher at the sink.,Use the sink to fill a container.,sink,container,fill
00188-dQrLTxHvLXU\tasks-island_0.json,47,1,Fill a water bottle at the sink.,Use the sink to fill a container.,sink,container,fill
00188-dQrLTxHvLXU\tasks-island_0.json,49,3,Position the coffee table.,Place coffee table on surface.,coffee table,surface,place_on
00188-dQrLTxHvLXU\tasks-island_0.json,50,5,Arrange the plate.,Place plate on surface.,plate,surface,place_on
00188-dQrLTxHvLXU\tasks-island_0.json,52,3,Apply paste to the toothbrush.,Place items on the toothbrush.,toothbrush,items,place_on
00188-dQrLTxHvLXU\tasks-island_0.json,54,2,Fill the kettle at the sink.,Use the sink to fill a container.,sink,container,fill
00188-dQrLTxHvLXU\tasks-island_0.json,56,3,Set the cup.,Place cup on surface.,cup,surface,place_on
00188-dQrLTxHvLXU\tasks-island_0.json,59,2,Fill a bottle at the sink.,Use the sink to fill a container.,sink,container,fill
00188-dQrLTxHvLXU\tasks-island_0.json,72,2,Set the plate.,Place plate on surface.,plate,surface,place_on
00188-dQrLTxHvLXU\tasks-island_0.json,74,5,Put towels in the bathroom shelf.,Place items on the shelf.,shelf,items,place_on
00188-dQrLTxHvLXU\tasks-island_0.json,79,3,Arrange the cup.,Place cup on surface.,cup,surface,place_on
00188-dQrLTxHvLXU\tasks-island_0.json,90,1,Set the wine bottle on the kitchen counter.,Place wine bottle on surface.,wine_bottle,surface,place_on
00188-dQrLTxHvLXU\tasks-island_0.json,92,6,Move the handbag to a storage area.,Carry the handbag to the storage area.,handbag,area,carry
00188-dQrLTxHvLXU\tasks-island_0.json,96,5,Set the coffee table on the terrace.,Place coffee table on surface.,coffee table,surface,place_on
00188-dQrLTxHvLXU\tasks-island_0.json,97,1,Pick up the cup from the dining area.,Pick up the cup from the dining area.,cup,area,pick_up
00188-dQrLTxHvLXU\tasks-island_0.json,97,6,Wipe the mirror in the walk-in area.,Wipe the mirror in the walk-in area.,mirror,area,wipe
00188-dQrLTxHvLXU\tasks-island_0.json,98,5,Arrange the towel.,Place towel on surface.,towel,surface,place_on
00188-dQrLTxHvLXU\tasks-island_0.json,103,2,Wipe the chair in the dining area.,Wipe the chair in the dining area.,chair,area,wipe
00203-VoVGtfYrpuQ\tasks-island_0.json,3,4,Put items back in the refrigerator.,Place items in the refrigerator.,refrigerator,items,place_in
00203-VoVGtfYrpuQ\tasks-island_0.json,5,1,Arrange the shoes neatly.,Place shoe on surface.,shoe,surface,place_on
00203-VoVGtfYrpuQ\tasks-island_0.json,19,3,Set the bowl.,Place bowl on surface.,bowl,surface,place_on
00203-VoVGtfYrpuQ\tasks-island_0.json,25,3,Arrange the shampoo bottles.,Place shampoo on surface.,shampoo,surface,place_on
00203-VoVGtfYrpuQ\tasks-island_0.json,29,2,Position the mouse correctly.,Place mouse on surface.,mouse,surface,place_on
00203-VoVGtfYrpuQ\tasks-island_0.json,32,1,Rearrange the kitchen cabinet.,Place kitchen cabinet on surface.,kitchen cabinet,surface,place_on
00203-VoVGtfYrpuQ\tasks-island_0.json,36,3,Fill a pitcher at the sink.,Use the sink to fill a container.,sink,container,fill
00203-VoVGtfYrpuQ\tasks-island_0.json,37,3,Set the bowl on the table.,Place bowl on surface.,bowl,surface,place_on
00203-VoVGtfYrpuQ\tasks-island_0.json,68,4,Arrange the towel.,Place towel on surface.,towel,surface,place_on
00203-VoVGtfYrpuQ\tasks-island_0.json,78,4,Arrange the plate.,Place plate in receptacle.,plate,receptacle,place_in
00203-VoVGtfYrpuQ\tasks-island_0.json,83,4,Arrange the book.,Place book on surface.,book,surface,place_on
00203-VoVGtfYrpuQ\tasks-island_0.json,109,3,Arrange the ornament.,Place ornament on surface.,ornament,surface,place_on
00203-VoVGtfYrpuQ\tasks-island_0.json,125,1,Arrange the plant.,Place plant on surface.,plant,surface,place_on
00203-VoVGtfYrpuQ\tasks-island_0.json,161,3,Check the shelf in the storage area.,Inspect the shelf in the storage area.,shelf,area,inspect
00203-VoVGtfYrpuQ\tasks-island_0.json,161,7,Hang the scarf on the coat rack.,Hang items on the coat rack.,coat rack,items,hang
00203-VoVGtfYrpuQ\tasks-island_0.json,163,5,Arrange the storage box.,Place box on surface.,box,surface,place_on
00203-VoVGtfYrpuQ\tasks-island_0.json,164,3,Arrange the ornament.,Place ornament in receptacle.,ornament,receptacle,place_in
00203-VoVGtfYrpuQ\tasks-island_0.json,170,4,Hang the coat on the coat rack.,Hang items on the coat rack.,coat rack,items,hang
00203-VoVGtfYrpuQ\tasks-island_0.json,177,1,Arrange the ornament.,Place ornament on surface.,ornament,surface,place_on
00203-VoVGtfYrpuQ\tasks-island_0.json,185,6,Set the ornament on the shelf.,Place ornament on surface.,ornament,surface,place_on
00203-VoVGtfYrpuQ\tasks-island_0.json,187,5,Position the statue.,Place statue on surface.,statue,surface,place_on
00203-VoVGtfYrpuQ\tasks-island_0.json,203,5,Fill a water bottle at the bathtub.,Use the bathtub to fill a container.,bathtub,container,fill
00205-NEVASPhcrxR\tasks-island_1.json,7,2,Hang the towel on the wall hanger.,Hang items on the wall hanger.,wall hanger,items,hang
00205-NEVASPhcrxR\tasks-island_1.json,11,3,Hang the items on the wall hanger.,Hang items on the wall hanger.,wall hanger,items,hang
00205-NEVASPhcrxR\tasks-island_1.json,32,4,Hang the handbag on the wall hanger.,Hang items on the wall hanger.,wall hanger,items,hang
00205-NEVASPhcrxR\tasks-island_1.json,34,1,Arrange the shelf.,Place shelf on surface.,shelf,surface,place_on
00205-NEVASPhcrxR\tasks-island_1.json,42,4,Arrange the shelf.,Place shelf on surface.,shelf,surface,place_on
00205-NEVASPhcrxR\tasks-island_1.json,45,5,Arrange the lounger.,Place lounger on surface.,lounger,surface,place_on
00205-NEVASPhcrxR\tasks-island_1.json,54,2,Arrange the wine bottle.,Place wine bottle on surface.,wine_bottle,surface,place_on
00205-NEVASPhcrxR\tasks-island_1.json,54,3,Set the plate.,Place plate on surface.,plate,surface,place_on
00205-NEVASPhcrxR\tasks-island_1.json,56,5,Set the backpack aside.,Place backpack on surface.,backpack,surface,place_on
00205-NEVASPhcrxR\tasks-island_1.json,61,4,Arrange the boxes.,Place boxes on surface.,boxes,surface,place_on
00205-NEVASPhcrxR\tasks-island_1.json,69,5,Arrange the lounger.,Place lounger on surface.,lounger,surface,place_on
00205-NEVASPhcrxR\tasks-island_1.json,71,5,Arrange the wall hanger.,Place wall hanger on surface.,wall hanger,surface,place_on
00205-NEVASPhcrxR\tasks-island_1.json,73,3,Arrange the lounger.,Place lounger on surface.,lounger,surface,place_on
00205-NEVASPhcrxR\tasks-island_1.json,77,4,Hang the backpack on the wall hanger.,Hang items on the wall hanger.,wall hanger,items,hang
00205-NEVASPhcrxR\tasks-island_1.json,79,2,Reposition the statue.,Place statue on surface.,statue,surface,place_on
00205-NEVASPhcrxR\tasks-island_1.json,84,3,Hang clothes on the wall hanger.,Hang items on the wall hanger.,wall hanger,items,hang
00205-NEVASPhcrxR\tasks-island_1.json,85,5,Arrange the decorative plant.,Place decorative plant on surface.,decorative plant,surface,place_on
00205-NEVASPhcrxR\tasks-island_1.json,94,1,Arrange the lounger.,Place lounger on surface.,lounger,surface,place_on
00205-NEVASPhcrxR\tasks-island_3.json,1,3,Arrange the towel.,Place towel on surface.,towel,surface,place_on
00205-NEVASPhcrxR\tasks-island_3.json,3,4,Arrange the picture frame.,Place picture frame on surface.,picture frame,surface,place_on
00205-NEVASPhcrxR\tasks-island_3.json,8,4,Arrange the monitor.,Place monitor on surface.,monitor,surface,place_on
00205-NEVASPhcrxR\tasks-island_3.json,12,3,Get the container.,Pick up the container.,container,container,pick_up
00205-NEVASPhcrxR\tasks-island_3.json,18,1,Turn off the device.,Turn off the device.,device,device,turn_off
00205-NEVASPhcrxR\tasks-island_3.json,19,3,Organize the container.,Straighten container.,container,container,straighten
00205-NEVASPhcrxR\tasks-island_3.json,28,5,Organize the container.,Straighten container.,container,container,straighten
00205-NEVASPhcrxR\tasks-island_3.json,35,4,Arrange the keyboard.,Place keyboard in receptacle.,keyboard,receptacle,place_in
00205-NEVASPhcrxR\tasks-island_3.json,40,5,Arrange the cosmetics.,Place cosmetics on surface.,cosmetics,surface,place_on
00205-NEVASPhcrxR\tasks-island_3.json,49,4,Arrange the cosmetics.,Place cosmetics on surface.,cosmetics,surface,place_on
00205-NEVASPhcrxR\tasks-island_3.json,59,4,Arrange the brochures on the stand.,Place brochures on surface.,brochures,surface,place_on
00205-NEVASPhcrxR\tasks-island_3.json,61,4,Place the items on the table.,Place the items on the table.,table,items,place_on
00205-NEVASPhcrxR\tasks-island_3.json,68,1,Set the massage bed.,Place massage bed on surface.,massage bed,surface,place_on
00205-NEVASPhcrxR\tasks-island_3.json,73,1,Position the laptop.,Place laptop on surface.,laptop,surface,place_on
00205-NEVASPhcrxR\tasks-island_3.json,76,3,Arrange the paper.,Place paper on surface.,paper,surface,place_on
00205-NEVASPhcrxR\tasks-island_3.json,92,2,Arrange the brochures.,Place brochures on surface.,brochures,surface,place_on
00205-NEVASPhcrxR\tasks-island_3.json,100,6,Wipe the device.,Wipe the device.,device,device,wipe
00205-NEVASPhcrxR\tasks-island_3.json,109,4,Adjust the device.,Reposition the device.,device,device,reposition
00205-NEVASPhcrxR\tasks-island_3.json,114,4,Organize the container.,Straighten container.,container,container,straighten
00205-NEVASPhcrxR\tasks-island_3.json,122,5,Clean the container.,Wipe container.,container,container,wipe
00205-NEVASPhcrxR\tasks-island_3.json,125,3,Sort files on the shelf.,Place shelf on surface.,shelf,surface,place_on
00205-NEVASPhcrxR\tasks-island_3.json,127,6,Set aside a clean towel.,Place towel on surface.,towel,surface,place_on
00205-NEVASPhcrxR\tasks-island_3.json,137,3,Arrange the cosmetics.,Place cosmetics on surface.,cosmetics,surface,place_on
00205-NEVASPhcrxR\tasks-island_3.json,139,5,Clean the container.,Wipe container.,container,container,wipe
00205-NEVASPhcrxR\tasks-island_3.json,148,6,Wipe the mirror in the dressing area.,Wipe the mirror in the dressing area.,mirror,area,wipe
00205-NEVASPhcrxR\tasks-island_3.json,157,6,Dust the shelf in the back area.,Dust the shelf in the back area.,shelf,area,dust
00205-NEVASPhcrxR\tasks-island_3.json,159,6,Tidy the items on the shelf.,Place shelf on surface.,shelf,surface,place_on
00205-NEVASPhcrxR\tasks-island_3.json,162,4,Organize oils on the shelf.,Place shelf on surface.,shelf,surface,place_on
00205-NEVASPhcrxR\tasks-island_3.json,163,2,Place items in the cabinet.,Place items in the cabinet.,cabinet,items,place_in
00205-NEVASPhcrxR\tasks-island_3.json,163,3,Arrange the shelf with cosmetics.,Place shelf with cosmetics on surface.,shelf with cosmetics,surface,place_on
00205-NEVASPhcrxR\tasks-island_3.json,165,5,Position the computer keyboard.,Place computer keyboard on surface.,computer_keyboard,surface,place_on
00205-NEVASPhcrxR\tasks-island_3.json,166,3,Wipe the mirror in the changing area.,Wipe the mirror in the changing area.,mirror,area,wipe
00205-NEVASPhcrxR\tasks-island_3.json,167,7,Wipe the cabinet surface in the break area.,Wipe the cabinet in the break area.,cabinet,area,wipe
00205-NEVASPhcrxR\tasks-island_3.json,168,4,Wipe the shelf in the storage area.,Wipe the shelf in the storage area.,shelf,area,wipe
00205-NEVASPhcrxR\tasks-island_3.json,169,2,Wipe the medical device.,Wipe the device.,device,device,wipe
00205-NEVASPhcrxR\tasks-island_3.json,169,3,Place items in the cabinet.,Place items in the cabinet.,cabinet,items,place_in
00205-NEVASPhcrxR\tasks-island_3.json,172,1,Restock the paper towels.,Place items in the paper towels.,paper towels,items,place_in
00205-NEVASPhcrxR\tasks-island_3.json,177,3,Tidy the items on the shelf.,Place shelf on surface.,shelf,surface,place_on
00205-NEVASPhcrxR\tasks-island_3.json,178,3,Clean the medical device.,Wipe device.,device,device,wipe
00205-NEVASPhcrxR\tasks-island_3.json,179,3,Polish the mirror in the dressing area.,Polish the mirror in the dressing area.,mirror,area,polish
00205-NEVASPhcrxR\tasks-island_3.json,181,5,Wipe the air conditioner vent in the reception area.,Wipe the air conditioner in the reception area.,air conditioner,area,wipe
00205-NEVASPhcrxR\tasks-island_3.json,182,3,Wipe down the mirror in the dressing area.,Wipe the mirror in the dressing area.,mirror,area,wipe
00205-NEVASPhcrxR\tasks-island_3.json,183,3,Straighten the chair in the waiting area.,Straighten the chair in the waiting area.,chair,area,straighten
00205-NEVASPhcrxR\tasks-island_3.json,184,5,Set the cup down for coffee.,Place cup on surface.,cup,surface,place_on
00205-NEVASPhcrxR\tasks-island_3.json,185,2,Apply some cosmetics to look better.,Place items on the cosmetics.,cosmetics,items,place_on
00205-NEVASPhcrxR\tasks-island_3.json,185,6,Place my items in the handbag.,Place my items in the handbag.,handbag,items,place_in
00205-NEVASPhcrxR\tasks-island_3.json,189,5,Organize the items on the ledge.,Place ledge on surface.,ledge,surface,place_on
00205-NEVASPhcrxR\tasks-island_3.json,190,6,Place the extra items in the basket.,Place the extra items in the basket.,basket,items,place_in
00205-NEVASPhcrxR\tasks-island_3.json,191,5,Arrange the yoga mats on the shelf.,Place shelf on surface.,shelf,surface,place_on
00205-NEVASPhcrxR\tasks-island_3.json,192,3,Position the decorative plant for aesthetics.,Place decorative plant on surface.,decorative plant,surface,place_on
00205-NEVASPhcrxR\tasks-island_3.json,194,4,Put the items in the cabinet for safekeeping.,Place the items in the cabinet for safekeeping.,cabinet,items,place_in
00205-NEVASPhcrxR\tasks-island_3.json,194,6,Store the found items in the box.,Store the found items in the box.,box,items,store
00205-NEVASPhcrxR\tasks-island_3.json,196,2,Arrange the brochures neatly on the counter.,Place brochures on surface.,brochures,surface,place_on
00205-NEVASPhcrxR\tasks-island_3.json,198,1,Change the sheets on the massage bed.,Place items on the massage bed.,massage bed,items,place_on
00205-NEVASPhcrxR\tasks-island_3.json,198,7,Place the items on the shelf neatly.,Place the items on the shelf neatly.,shelf,items,place_on
00205-NEVASPhcrxR\tasks-island_3.json,203,1,Arrange the brochure on the display stand.,Place brochure on surface.,brochure,surface,place_on
00205-NEVASPhcrxR\tasks-island_3.json,206,3,Organize the items on the ledge.,Place ledge on surface.,ledge,surface,place_on
00205-NEVASPhcrxR\tasks-island_3.json,207,4,Display the poster on the wall board.,Place poster in receptacle.,poster,receptacle,place_in
00205-NEVASPhcrxR\tasks-island_3.json,208,1,Inspect the device in the treatment room.,Inspect the device in the treatment room.,device,device,inspect
00205-NEVASPhcrxR\tasks-island_3.json,210,3,File the folders into the cabinet.,Place items in the cabinet.,cabinet,items,place_in
00205-NEVASPhcrxR\tasks-island_3.json,210,5,Stack the files neatly in the box.,Place items in the box.,box,items,place_in
00205-NEVASPhcrxR\tasks-island_3.json,212,5,Arrange the cosmetics on the counter.,Place cosmetics on surface.,cosmetics,surface,place_on
00205-NEVASPhcrxR\tasks-island_3.json,213,3,Arrange the decorative plant on the table.,Place decorative plant on surface.,decorative plant,surface,place_on
00205-NEVASPhcrxR\tasks-island_3.json,215,4,Position the art piece on the pedestal.,Place art piece in receptacle.,art piece,receptacle,place_in
00205-NEVASPhcrxR\tasks-island_4.json,1,3,Arrange the brochure.,Place brochure in receptacle.,brochure,receptacle,place_in
00205-NEVASPhcrxR\tasks-island_4.json,5,1,Organize the objects on the shelf.,Place shelf on surface.,shelf,surface,place_on
00205-NEVASPhcrxR\tasks-island_4.json,5,3,Arrange the backrest for comfort.,Place backrest on surface.,backrest,surface,place_on
00205-NEVASPhcrxR\tasks-island_4.json,6,2,Arrange the items on the shelf.,Place shelf on surface.,shelf,surface,place_on
00205-NEVASPhcrxR\tasks-island_4.json,7,2,Set the backrest in position.,Place backrest in receptacle.,backrest,receptacle,place_in
00205-NEVASPhcrxR\tasks-island_4.json,10,2,Arrange the items on the shelf.,Place shelf on surface.,shelf,surface,place_on
00205-NEVASPhcrxR\tasks-island_4.json,13,1,Position the sauna support correctly.,Place sauna support in receptacle.,sauna support,receptacle,place_in
00205-NEVASPhcrxR\tasks-island_4.json,15,4,Arrange the brochure on the table.,Place brochure on surface.,brochure,surface,place_on
00205-NEVASPhcrxR\tasks-island_4.json,16,3,Move the foot spa to the storage area.,Carry the foot spa to the storage area.,foot spa,area,carry
00205-NEVASPhcrxR\tasks-island_4.json,19,5,Arrange the brochure.,Place brochure in receptacle.,brochure,receptacle,place_in
00205-NEVASPhcrxR\tasks-island_4.json,20,2,Position the backrest.,Place backrest on surface.,backrest,surface,place_on
00205-NEVASPhcrxR\tasks-island_4.json,22,1,Arrange the towel.,Place towel on surface.,towel,surface,place_on
00205-NEVASPhcrxR\tasks-island_4.json,24,3,Position the backrest.,Place backrest on surface.,backrest,surface,place_on
00205-NEVASPhcrxR\tasks-island_4.json,24,4,Set the cup down.,Place cup on surface.,cup,surface,place_on
00205-NEVASPhcrxR\tasks-island_4.json,24,5,Arrange the brochure.,Place brochure on surface.,brochure,surface,place_on
00207-FRQ75PjD278\tasks-island_0.json,0,2,Set the plate on the kitchen counter.,Place plate on surface.,plate,surface,place_on
00207-FRQ75PjD278\tasks-island_0.json,20,2,Reposition the plant.,Place plant on surface.,plant,surface,place_on
00207-FRQ75PjD278\tasks-island_0.json,30,2,Bring the camera from the storage area.,Carry the camera from the storage area.,camera,area,carry
00207-FRQ75PjD278\tasks-island_0.json,39,2,Get a cup from the living area.,Pick up the cup from the living area.,cup,area,pick_up
00207-FRQ75PjD278\tasks-island_0.json,42,6,Set a plate on the counter.,Place plate on surface.,plate,surface,place_on
00207-FRQ75PjD278\tasks-island_0.json,44,4,Set a cup on the desk.,Place cup on surface.,cup,surface,place_on
00207-FRQ75PjD278\tasks-island_0.json,46,6,Relocate the umbrella to the gym area.,Carry the umbrella to the gym area.,umbrella,area,carry
00207-FRQ75PjD278\tasks-island_0.json,51,6,Check the refrigerator in the storage area.,Inspect the refrigerator in the storage area.,refrigerator,area,inspect
00207-FRQ75PjD278\tasks-island_0.json,54,1,Open the kitchen cabinet to store stray items.,Open the kitchen cabinet to store stray items.,kitchen cabinet,items,open
00207-FRQ75PjD278\tasks-island_0.json,56,7,Set the camera aside.,Place camera on surface.,camera,surface,place_on
00207-FRQ75PjD278\tasks-island_0.json,57,1,Fill a pitcher at the sink.,Use the sink to fill a container.,sink,container,fill
00207-FRQ75PjD278\tasks-island_0.json,61,4,Bring a cup to the living area.,Carry the cup to the living area.,cup,area,carry
00207-FRQ75PjD278\tasks-island_1.json,10,1,Arrange the shoe rack.,Place shoe rack on surface.,shoe rack,surface,place_on
00207-FRQ75PjD278\tasks-island_1.json,11,3,Set the cushion.,Place cushion on surface.,cushion,surface,place_on
00207-FRQ75PjD278\tasks-island_1.json,14,3,Organize the shoes on the shoe rack.,Place shoe rack on surface.,shoe rack,surface,place_on
00207-FRQ75PjD278\tasks-island_1.json,17,4,Organize the items on the shelving.,Place shelving on surface.,shelving,surface,place_on
00207-FRQ75PjD278\tasks-island_1.json,19,1,Arrange the items on the shelf.,Place shelf on surface.,shelf,surface,place_on
00207-FRQ75PjD278\tasks-island_1.json,19,5,Organize the items inside the drawer.,Place drawer in receptacle.,drawer,receptacle,place_in
00207-FRQ75PjD278\tasks-island_1.json,20,4,Organize the books on the shelving.,Place shelving on surface.,shelving,surface,place_on
00207-FRQ75PjD278\tasks-island_1.json,25,2,Set the bag by the door.,Place bag on surface.,bag,surface,place_on
00207-FRQ75PjD278\tasks-island_1.json,26,2,Put the laptop in the bag.,Place items in the laptop_computer.,laptop_computer,items,place_in
00207-FRQ75PjD278\tasks-island_1.json,33,5,Put things in the drawer.,Place things in the drawer.,drawer,things,place_in
00207-FRQ75PjD278\tasks-island_1.json,41,3,Arrange the shoe rack.,Place shoe rack on surface.,shoe rack,surface,place_on
00207-FRQ75PjD278\tasks-island_1.json,51,4,Rearrange the wardrobe.,Place wardrobe on surface.,wardrobe,surface,place_on
00207-FRQ75PjD278\tasks-island_1.json,54,3,Arrange the cushion on the furniture.,Fluff the cushion on the furniture.,cushion,furniture,fluff
00207-FRQ75PjD278\tasks-island_1.json,73,2,Place items in the bin.,Place items in the bin.,bin,items,place_in
00210-j2EJhFEQGCL\tasks-island_0.json,7,4,Set the cup on the table.,Place cup on surface.,cup,surface,place_on
00210-j2EJhFEQGCL\tasks-island_0.json,11,4,Arrange the photo.,Place photo on surface.,photo,surface,place_on
00210-j2EJhFEQGCL\tasks-island_0.json,15,4,Set the cup on the table.,Place cup on surface.,cup,surface,place_on
00210-j2EJhFEQGCL\tasks-island_0.json,42,2,Arrange the photo.,Place photo on surface.,photo,surface,place_on
00210-j2EJhFEQGCL\tasks-island_0.json,50,5,Arrange the chaise longue.,Place chaise longue on surface.,chaise longue,surface,place_on
00210-j2EJhFEQGCL\tasks-island_0.json,53,5,Arrange the chaise longue.,Place chaise longue on surface.,chaise longue,surface,place_on
00210-j2EJhFEQGCL\tasks-island_0.json,58,4,Set the bowl on the counter.,Place bowl on surface.,bowl,surface,place_on
00210-j2EJhFEQGCL\tasks-island_0.json,77,3,Arrange the chaise longue.,Place chaise longue on surface.,chaise longue,surface,place_on
00210-j2EJhFEQGCL\tasks-island_0.json,81,4,Arrange the chaise longue.,Place chaise longue on surface.,chaise longue,surface,place_on
00210-j2EJhFEQGCL\tasks-island_0.json,81,6,Set the bowl on the table.,Place bowl on surface.,bowl,surface,place_on
00210-j2EJhFEQGCL\tasks-island_0.json,85,6,Arrange the lantern.,Place lantern on surface.,lantern,surface,place_on
00210-j2EJhFEQGCL\tasks-island_0.json,88,2,Arrange the garden chair.,Place garden chair on surface.,garden chair,surface,place_on
00210-j2EJhFEQGCL\tasks-island_0.json,96,4,Position the soundbar.,Place soundbar on surface.,soundbar,surface,place_on
00210-j2EJhFEQGCL\tasks-island_0.json,99,1,Arrange the garden chair.,Place garden chair on surface.,garden chair,surface,place_on
00210-j2EJhFEQGCL\tasks-island_0.json,101,5,Arrange the vase.,Place vase on surface.,vase,surface,place_on
00210-j2EJhFEQGCL\tasks-island_0.json,106,6,Position the chaise longue.,Place chaise longue on surface.,chaise longue,surface,place_on
00210-j2EJhFEQGCL\tasks-island_0.json,108,5,Arrange the decor.,Place decor on surface.,decor,surface,place_on
00210-j2EJhFEQGCL\tasks-island_0.json,109,3,Arrange the garden chair.,Place garden chair on surface.,garden chair,surface,place_on
00210-j2EJhFEQGCL\tasks-island_0.json,111,2,Position the soundbar.,Place soundbar on surface.,soundbar,surface,place_on
00210-j2EJhFEQGCL\tasks-island_0.json,116,6,Position the chaise longue.,Place chaise longue on surface.,chaise longue,surface,place_on
00210-j2EJhFEQGCL\tasks-island_0.json,125,5,Arrange the book.,Place book on surface.,book,surface,place_on
00210-j2EJhFEQGCL\tasks-island_0.json,128,4,Arrange the heater.,Place heater on surface.,heater,surface,place_on
00210-j2EJhFEQGCL\tasks-island_0.json,130,2,Arrange the chaise longue.,Place chaise longue on surface.,chaise longue,surface,place_on
00210-j2EJhFEQGCL\tasks-island_0.json,133,5,Arrange the wardrobe.,Place wardrobe on surface.,wardrobe,surface,place_on
00210-j2EJhFEQGCL\tasks-island_0.json,136,5,Arrange the shampoo.,Place shampoo on surface.,shampoo,surface,place_on
00210-j2EJhFEQGCL\tasks-island_0.json,137,3,Arrange the chaise longue.,Place chaise longue on surface.,chaise longue,surface,place_on
00210-j2EJhFEQGCL\tasks-island_0.json,145,2,Move the chair to a better spot.,Reposition the chair to the better spot.,chair,spot,reposition
00210-j2EJhFEQGCL\tasks-island_0.json,147,4,Arrange the chaise longue.,Place chaise longue on surface.,chaise longue,surface,place_on
00210-j2EJhFEQGCL\tasks-island_0.json,148,3,Arrange the garden chair.,Place garden chair on surface.,garden chair,surface,place_on
00210-j2EJhFEQGCL\tasks-island_0.json,150,2,Turn on the lamp in the dining area.,Turn on the lamp in the dining area.,lamp,area,turn_on
00210-j2EJhFEQGCL\tasks-island_0.json,150,3,Set the vase on the table.,Place vase on surface.,vase,surface,place_on
00210-j2EJhFEQGCL\tasks-island_0.json,159,7,Arrange the chaise longue.,Place chaise longue on surface.,chaise longue,surface,place_on
00210-j2EJhFEQGCL\tasks-island_0.json,161,4,Put the pan away in the cabinet.,Store items in the cabinet.,cabinet,items,store
00217-qz3829g1Lzf\tasks-island_0.json,15,3,Set the plate.,Place plate on surface.,plate,surface,place_on
00217-qz3829g1Lzf\tasks-island_0.json,18,2,Clean the kitchen appliance.,Wipe kitchen appliance.,kitchen appliance,appliance,wipe
00217-qz3829g1Lzf\tasks-island_0.json,19,4,Set the backpack down.,Place backpack on surface.,backpack,surface,place_on
00217-qz3829g1Lzf\tasks-island_0.json,33,2,Wipe the kitchen appliance.,Wipe the kitchen appliance.,kitchen appliance,appliance,wipe
00217-qz3829g1Lzf\tasks-island_0.json,40,4,Set the cup on the stand.,Place cup on surface.,cup,surface,place_on
00217-qz3829g1Lzf\tasks-island_0.json,41,5,Put the kitchen appliance away.,Store the kitchen appliance.,kitchen appliance,appliance,store
00217-qz3829g1Lzf\tasks-island_0.json,55,5,Use the kitchen appliance.,Inspect the kitchen appliance.,kitchen appliance,appliance,inspect
00217-qz3829g1Lzf\tasks-island_0.json,66,3,Vacuum the floor mat in the kitchen area.,Vacuum the floor mat in the kitchen area.,floor mat,area,vacuum
00217-qz3829g1Lzf\tasks-island_0.json,69,5,Set the plate on the table.,Place plate on surface.,plate,surface,place_on
00217-qz3829g1Lzf\tasks-island_0.json,73,2,Put the dirty items in the basket.,Place the dirty items in the basket.,basket,items,place_in
00217-qz3829g1Lzf\tasks-island_0.json,78,3,Wipe the kitchen appliance surface.,Wipe the kitchen appliance.,kitchen appliance,appliance,wipe
00217-qz3829g1Lzf\tasks-island_0.json,79,4,Move the basket to a better spot.,Carry the basket to the better spot.,basket,spot,carry
00217-qz3829g1Lzf\tasks-island_0.json,81,1,Position the monitor correctly.,Place monitor on surface.,monitor,surface,place_on
00217-qz3829g1Lzf\tasks-island_0.json,87,2,Refill paper in the printer.,Use the printer to load items.,printer,items,load
00217-qz3829g1Lzf\tasks-island_0.json,87,4,Arrange the storage box.,Place box on surface.,box,surface,place_on
00217-qz3829g1Lzf\tasks-island_0.json,89,5,Clear the kitchen appliance from the counter.,Wipe kitchen appliance.,kitchen appliance,appliance,wipe
00217-qz3829g1Lzf\tasks-island_0.json,101,6,Rearrange the cabinet.,Place cabinet on surface.,cabinet,surface,place_on
00217-qz3829g1Lzf\tasks-island_0.json,104,5,Arrange the rack.,Place rack on surface.,rack,surface,place_on
00217-qz3829g1Lzf\tasks-island_0.json,107,1,Clean the kitchen appliance.,Wipe kitchen appliance.,kitchen appliance,appliance,wipe
00217-qz3829g1Lzf\tasks-island_0.json,110,2,Put items in the cabinet.,Place items in the cabinet.,cabinet,items,place_in
00217-qz3829g1Lzf\tasks-island_0.json,110,6,Check the kitchen appliance.,Inspect the kitchen appliance.,kitchen appliance,appliance,inspect
00217-qz3829g1Lzf\tasks-island_0.json,114,3,Put away clothes in the wardrobe.,Store items in the wardrobe.,wardrobe,items,store
00217-qz3829g1Lzf\tasks-island_0.json,120,5,Position the keyboard.,Place keyboard on surface.,keyboard,surface,place_on
00217-qz3829g1Lzf\tasks-island_0.json,128,2,Arrange the flower.,Place flower on surface.,flower,surface,place_on
00217-qz3829g1Lzf\tasks-island_0.json,133,4,Arrange the flower.,Place flower on surface.,flower,surface,place_on
00217-qz3829g1Lzf\tasks-island_0.json,145,2,Arrange the chandelier.,Place chandelier on surface.,chandelier,surface,place_on
00222-g8Xrdbe9fir\tasks-island_0.json,5,2,Arrange the wall cabinet.,Place wall cabinet on surface.,wall cabinet,surface,place_on
00222-g8Xrdbe9fir\tasks-island_0.json,7,3,Fill it at the sink.,Use the sink to fill a container.,sink,container,fill
00222-g8Xrdbe9fir\tasks-island_0.json,35,1,Arrange the wall cabinet.,Place wall cabinet on surface.,wall cabinet,surface,place_on
00222-g8Xrdbe9fir\tasks-island_2.json,11,2,Arrange the towel bar.,Place towel bar on surface.,towel bar,surface,place_on
00222-g8Xrdbe9fir\tasks-island_2.json,13,1,Arrange the towel bar.,Place towel bar on surface.,towel bar,surface,place_on
00234-nACV8wLu1u5\tasks-island_0.json,0,2,Place the items in the washing machine.,Place the items in the washing machine.,washing machine,items,place_in
00234-nACV8wLu1u5\tasks-island_0.json,0,3,Organize the detergent on the shelf.,Place shelf on surface.,shelf,surface,place_on
00234-nACV8wLu1u5\tasks-island_0.json,2,4,Organize the items on the shelving.,Place shelving on surface.,shelving,surface,place_on
00234-nACV8wLu1u5\tasks-island_0.json,4,4,Move the bag to the storage area.,Carry the bag to the storage area.,bag,area,carry
00234-nACV8wLu1u5\tasks-island_0.json,15,4,Rearrange the bag.,Place bag on surface.,bag,surface,place_on
00234-nACV8wLu1u5\tasks-island_0.json,16,6,Arrange the broom.,Place broom on surface.,broom,surface,place_on
00234-nACV8wLu1u5\tasks-island_1.json,13,4,Adjust the radiator in the exercise area.,Adjust the radiator in the exercise area.,radiator,area,set_control
00234-nACV8wLu1u5\tasks-island_1.json,38,4,Load the plate into the dishwasher.,Load items into the dishwasher.,dishwasher,items,load
00234-nACV8wLu1u5\tasks-island_1.json,44,2,Set the cup on the table cloth.,Place cup on surface.,cup,surface,place_on
00234-nACV8wLu1u5\tasks-island_1.json,52,1,Fill the bottle at the sink.,Use the sink to fill a container.,sink,container,fill
00234-nACV8wLu1u5\tasks-island_1.json,59,3,Set a plate on the dining surface.,Place plate on surface.,plate,surface,place_on
00234-nACV8wLu1u5\tasks-island_1.json,60,4,Organize the items on the shelving.,Place shelving on surface.,shelving,surface,place_on
00234-nACV8wLu1u5\tasks-island_1.json,62,1,Take the pan to the kitchen area.,Pick up the pan to the kitchen area.,pan,area,pick_up
00234-nACV8wLu1u5\tasks-island_1.json,66,5,Set the plate on the table.,Place plate on surface.,plate,surface,place_on
00234-nACV8wLu1u5\tasks-island_1.json,67,3,Arrange the bathroom utensil.,Place bathroom utensil on surface.,bathroom utensil,surface,place_on
00234-nACV8wLu1u5\tasks-island_1.json,75,3,Arrange the shelving.,Place shelving on surface.,shelving,surface,place_on
00234-nACV8wLu1u5\tasks-island_1.json,89,5,Arrange the vase.,Place vase on surface.,vase,surface,place_on
00234-nACV8wLu1u5\tasks-island_1.json,114,2,Set the plate on the table.,Place plate on surface.,plate,surface,place_on
00234-nACV8wLu1u5\tasks-island_1.json,117,4,Arrange the bathroom utensil.,Place bathroom utensil on surface.,bathroom utensil,surface,place_on
00234-nACV8wLu1u5\tasks-island_1.json,125,4,Set the plate down.,Place plate on surface.,plate,surface,place_on
00234-nACV8wLu1u5\tasks-island_1.json,131,3,Arrange the vase.,Place vase in receptacle.,vase,receptacle,place_in
00234-nACV8wLu1u5\tasks-island_1.json,134,1,Pick up the shampoo from the shower area.,Pick up the shampoo from the shower area.,shampoo,area,pick_up
00234-nACV8wLu1u5\tasks-island_1.json,141,5,Set the plate.,Place plate on surface.,plate,surface,place_on
00238-j6fHrce9pHR\tasks-island_0.json,0,2,Fill the cup at the sink.,Use the sink to fill a container.,sink,container,fill
00238-j6fHrce9pHR\tasks-island_0.json,7,3,Set the pitcher on the table.,Place pitcher on surface.,pitcher,surface,place_on
00238-j6fHrce9pHR\tasks-island_0.json,16,2,Arrange the shelving.,Place shelving on surface.,shelving,surface,place_on
00238-j6fHrce9pHR\tasks-island_0.json,29,3,Fill it at the sink.,Use the sink to fill a container.,sink,container,fill
00238-j6fHrce9pHR\tasks-island_0.json,30,3,Set the bowl on the table.,Place bowl on surface.,bowl,surface,place_on
00238-j6fHrce9pHR\tasks-island_0.json,47,3,Display the flower vase as a centerpiece.,Place flower vase on surface.,flower vase,surface,place_on
00238-j6fHrce9pHR\tasks-island_0.json,48,2,Arrange items on the closet shelving.,Place closet shelving on surface.,closet shelving,surface,place_on
00238-j6fHrce9pHR\tasks-island_0.json,50,1,Move the flowerpot to a better spot.,Carry the flowerpot to the better spot.,flowerpot,spot,carry
00238-j6fHrce9pHR\tasks-island_0.json,50,3,Fill the container at the sink.,Use the sink to fill a container.,sink,container,fill
00238-j6fHrce9pHR\tasks-island_0.json,66,2,Reposition the monitor for better view.,Place monitor on surface.,monitor,surface,place_on
00238-j6fHrce9pHR\tasks-island_0.json,71,3,Hang clothes on the rack.,Hang items on the rack.,rack,items,hang
00238-j6fHrce9pHR\tasks-island_0.json,73,3,Arrange a small decoration on the table.,Place decoration on surface.,decoration,surface,place_on
00238-j6fHrce9pHR\tasks-island_0.json,73,4,Position the flowerpot by the window.,Place flowerpot on surface.,flowerpot,surface,place_on
00238-j6fHrce9pHR\tasks-island_0.json,101,3,Arrange the soft chair.,Place soft chair on surface.,soft chair,surface,place_on
00238-j6fHrce9pHR\tasks-island_0.json,131,5,Set the pitcher for drinks.,Place pitcher on surface.,pitcher,surface,place_on
00238-j6fHrce9pHR\tasks-island_0.json,134,5,Restock the shampoo bottle.,Place items in the shampoo.,shampoo,items,place_in
00238-j6fHrce9pHR\tasks-island_0.json,138,1,Bring the tool box to the work area.,Carry the tool box to the work area.,tool box,area,carry
00238-j6fHrce9pHR\tasks-island_0.json,142,1,Hang clothes in the wardrobe.,Hang items in the wardrobe.,wardrobe,items,hang
00238-j6fHrce9pHR\tasks-island_0.json,142,3,Arrange shoes on the closet shelving.,Place closet shelving on surface.,closet shelving,surface,place_on
00238-j6fHrce9pHR\tasks-island_0.json,146,1,Turn on the tv in the gym area.,Turn on the tv in the gym area.,tv,area,turn_on
00238-j6fHrce9pHR\tasks-island_0.json,148,5,Arrange the shampoo bottles.,Place shampoo on surface.,shampoo,surface,place_on
00238-j6fHrce9pHR\tasks-island_0.json,149,4,Place loose items in the basket.,Place loose items in the basket.,basket,items,place_in
00238-j6fHrce9pHR\tasks-island_0.json,151,1,Arrange the soft chair for reading.,Place soft chair on surface.,soft chair,surface,place_on
00238-j6fHrce9pHR\tasks-island_0.json,151,5,Set the magazine on the side table.,Place magazine on surface.,magazine,surface,place_on
00238-j6fHrce9pHR\tasks-island_0.json,156,5,Store extra items in the backpack.,Place extra items in the backpack.,backpack,items,place_in
00238-j6fHrce9pHR\tasks-island_0.json,159,2,Arrange the shampoo bottles neatly.,Place shampoo on surface.,shampoo,surface,place_on
00238-j6fHrce9pHR\tasks-island_0.json,160,3,Arrange flowers in the flower vase.,Place flower vase in receptacle.,flower vase,receptacle,place_in
00238-j6fHrce9pHR\tasks-island_0.json,160,4,Set the bowl for soup.,Place bowl on surface.,bowl,surface,place_on
00238-j6fHrce9pHR\tasks-island_0.json,162,4,Hang ironed shirts in the wardrobe.,Hang items in the wardrobe.,wardrobe,items,hang
00238-j6fHrce9pHR\tasks-island_0.json,162,5,Store seasonal items in the cabinet.,Place seasonal items in the cabinet.,cabinet,items,place_in
00238-j6fHrce9pHR\tasks-island_0.json,164,3,Prepare the meal on the counter.,Place items on the counter.,counter,items,place_on
00238-j6fHrce9pHR\tasks-island_0.json,164,4,Serve the lunch in a bowl.,Place items in the bowl.,bowl,items,place_in
00238-j6fHrce9pHR\tasks-island_0.json,171,1,Arrange the book alphabetically.,Place book on surface.,book,surface,place_on
00238-j6fHrce9pHR\tasks-island_0.json,171,4,Organize magazines on the closet shelving.,Place closet shelving on surface.,closet shelving,surface,place_on
00238-j6fHrce9pHR\tasks-island_0.json,173,3,Organize baby clothes in the dresser.,Place dresser in receptacle.,dresser,receptacle,place_in
00238-j6fHrce9pHR\tasks-island_0.json,174,4,Prepare snacks in the bowl.,Place items in the bowl.,bowl,items,place_in
00238-j6fHrce9pHR\tasks-island_0.json,175,1,Pack towels in the bag.,Load items into the bag.,bag,items,load
00238-j6fHrce9pHR\tasks-island_0.json,177,3,Organize items on the dresser.,Place dresser on surface.,dresser,surface,place_on
00238-j6fHrce9pHR\tasks-island_0.json,178,2,Pack the laptop computer in the backpack.,Load items into the backpack.,backpack,items,load
00238-j6fHrce9pHR\tasks-island_0.json,195,1,Arrange the cabinet.,Place cabinet on surface.,cabinet,surface,place_on
00238-j6fHrce9pHR\tasks-island_0.json,199,2,Fill it from the pitcher.,Use the pitcher to fill a container.,pitcher,container,fill
00238-j6fHrce9pHR\tasks-island_0.json,210,4,Put the phone on the shelf.,Place items on the cellular_telephone.,cellular_telephone,items,place_on
00238-j6fHrce9pHR\tasks-island_0.json,223,2,Fill it from the pitcher.,Use the pitcher to fill a container.,pitcher,container,fill
00238-j6fHrce9pHR\tasks-island_0.json,226,3,Arrange the shoe.,Place shoe on surface.,shoe,surface,place_on
00238-j6fHrce9pHR\tasks-island_0.json,228,6,Set the bowl on the table.,Place bowl on surface.,bowl,surface,place_on
00238-j6fHrce9pHR\tasks-island_0.json,241,4,Set the pitcher on the table.,Place pitcher in receptacle.,pitcher,receptacle,place_in
00238-j6fHrce9pHR\tasks-island_0.json,243,5,Arrange the lamp stand.,Place lamp stand on surface.,lamp stand,surface,place_on
00238-j6fHrce9pHR\tasks-island_0.json,247,4,Set the cup.,Place cup on surface.,cup,surface,place_on
00238-j6fHrce9pHR\tasks-island_0.json,253,4,Arrange the shelving.,Place shelving in receptacle.,shelving,receptacle,place_in
00238-j6fHrce9pHR\tasks-island_0.json,254,2,Arrange the flower vase.,Place flower vase on surface.,flower vase,surface,place_on
00238-j6fHrce9pHR\tasks-island_0.json,260,2,Arrange the cabinet.,Place cabinet on surface.,cabinet,surface,place_on
00238-j6fHrce9pHR\tasks-island_0.json,269,3,Arrange the flower vase.,Place flower vase on surface.,flower vase,surface,place_on
00238-j6fHrce9pHR\tasks-island_0.json,280,7,Rearrange the flowerpot on the sill.,Place flowerpot on surface.,flowerpot,surface,place_on
00238-j6fHrce9pHR\tasks-island_0.json,284,5,Arrange the book on the shelf.,Place book on surface.,book,surface,place_on
00238-j6fHrce9pHR\tasks-island_0.json,299,3,Arrange the book.,Place book on surface.,book,surface,place_on
00238-j6fHrce9pHR\tasks-island_0.json,301,4,Arrange the magazine.,Place magazine on surface.,magazine,surface,place_on
00238-j6fHrce9pHR\tasks-island_0.json,302,5,Rearrange the soft chair.,Place soft chair on surface.,soft chair,surface,place_on
00238-j6fHrce9pHR\tasks-island_0.json,328,7,Arrange flowers in the flower vase.,Place flower vase in receptacle.,flower vase,receptacle,place_in
00238-j6fHrce9pHR\tasks-island_0.json,329,4,Tidy your hair with the hairbrush.,Place hairbrush in receptacle.,hairbrush,receptacle,place_in
00238-j6fHrce9pHR\tasks-island_0.json,329,6,Secure the locks on the suitcase.,Place items in the suitcase.,suitcase,items,place_in
00238-j6fHrce9pHR\tasks-island_0.json,332,6,Apply toothpaste to the toothbrush.,Place items on the toothbrush.,toothbrush,items,place_on
00238-j6fHrce9pHR\tasks-island_0.json,333,1,Add fresh flowers to the flower vase.,Place items on the flower vase.,flower vase,items,place_on
00238-j6fHrce9pHR\tasks-island_0.json,333,3,Pop some snacks in the microwave.,Place items in the microwave.,microwave,items,place_in
00238-j6fHrce9pHR\tasks-island_0.json,336,1,Change the water in the flower vase.,Place items in the flower vase.,flower vase,items,place_in
00238-j6fHrce9pHR\tasks-island_0.json,336,2,Hang fresh towels in the wardrobe.,Hang items in the wardrobe.,wardrobe,items,hang
00238-j6fHrce9pHR\tasks-island_0.json,337,7,Pack your gear into the backpack.,Load items into the backpack.,backpack,items,load
00238-j6fHrce9pHR\tasks-island_0.json,339,2,Replace the bulb in the desk lamp.,Place items in the desk lamp.,desk lamp,items,place_in
00238-j6fHrce9pHR\tasks-island_0.json,343,4,Straighten the cover on the sofa chair.,Straighten items on the sofa chair.,sofa chair,items,straighten
00238-j6fHrce9pHR\tasks-island_0.json,344,2,Organize the shoes inside the wardrobe.,Place wardrobe in receptacle.,wardrobe,receptacle,place_in
00238-j6fHrce9pHR\tasks-island_0.json,345,4,Pack essentials into your handbag.,Load items into the handbag.,handbag,items,load
00238-j6fHrce9pHR\tasks-island_0.json,346,3,Rearrange the boxes on the shelving.,Place shelving on surface.,shelving,surface,place_on
00238-j6fHrce9pHR\tasks-island_0.json,346,6,Sort the loose items into the basket.,Place basket in receptacle.,basket,receptacle,place_in
00238-j6fHrce9pHR\tasks-island_0.json,347,4,Position the mouse for easy use.,Place mouse on surface.,mouse,surface,place_on
00238-j6fHrce9pHR\tasks-island_0.json,348,6,Serve the cereal in the bowl.,Place items in the bowl.,bowl,items,place_in
00238-j6fHrce9pHR\tasks-island_0.json,349,6,Set the magazine aside on the table.,Place magazine on surface.,magazine,surface,place_on
00238-j6fHrce9pHR\tasks-island_0.json,352,1,Add fresh lilies to the flower vase.,Place items on the flower vase.,flower vase,items,place_on
00238-j6fHrce9pHR\tasks-island_0.json,352,2,Change the linens on the bed.,Place items on the bed.,bed,items,place_on
00238-j6fHrce9pHR\tasks-island_0.json,352,4,Set the pitcher on the bedside table.,Place pitcher on surface.,pitcher,surface,place_on
00238-j6fHrce9pHR\tasks-island_0.json,353,2,Sort the goods in the cabinet.,Place cabinet in receptacle.,cabinet,receptacle,place_in
00238-j6fHrce9pHR\tasks-island_0.json,353,4,Organize the spices in the wall cabinet.,Place wall cabinet in receptacle.,wall cabinet,receptacle,place_in
00238-j6fHrce9pHR\tasks-island_0.json,353,5,Stack the plates in the kitchen cabinet.,Place items in the kitchen cabinet.,kitchen cabinet,items,place_in
00238-j6fHrce9pHR\tasks-island_0.json,354,3,Position the monitor correctly.,Place monitor on surface.,monitor,surface,place_on
00238-j6fHrce9pHR\tasks-island_0.json,355,7,Arrange the shampoo bottles neatly.,Place shampoo on surface.,shampoo,surface,place_on
00238-j6fHrce9pHR\tasks-island_0.json,357,7,Pack your gear into the backpack.,Load items into the backpack.,backpack,items,load
00238-j6fHrce9pHR\tasks-island_0.json,358,4,Set the cup on the saucer.,Place cup on surface.,cup,surface,place_on
00238-j6fHrce9pHR\tasks-island_0.json,360,3,Sort the supplies on the shelving.,Place shelving on surface.,shelving,surface,place_on
00238-j6fHrce9pHR\tasks-island_0.json,360,4,Organize the chemicals in the cabinet.,Place cabinet in receptacle.,cabinet,receptacle,place_in
00238-j6fHrce9pHR\tasks-island_0.json,360,5,Hang the tools on the rack.,Hang items on the rack.,rack,items,hang
00238-j6fHrce9pHR\tasks-island_0.json,361,2,Plump up the cushions on the sofa seat.,Fluff items on the sofa seat.,sofa seat,items,fluff
00238-j6fHrce9pHR\tasks-island_0.json,362,2,Pack your suit from the wardrobe.,Pick up items from the wardrobe.,wardrobe,items,pick_up
00238-j6fHrce9pHR\tasks-island_0.json,362,4,Pack the charger in your handbag.,Load items into the handbag.,handbag,items,load
00238-j6fHrce9pHR\tasks-island_0.json,362,7,Tidy your hair with the hairbrush.,Place hairbrush in receptacle.,hairbrush,receptacle,place_in
00238-j6fHrce9pHR\tasks-island_0.json,363,5,Prepare the side dish in the bowl.,Place items in the bowl.,bowl,items,place_in
00238-j6fHrce9pHR\tasks-island_0.json,363,6,Add festive greens to the flower vase.,Place items on the flower vase.,flower vase,items,place_on
00238-j6fHrce9pHR\tasks-island_0.json,364,4,Sort the tools in the tool box.,Place tool box in receptacle.,tool box,receptacle,place_in
00238-j6fHrce9pHR\tasks-island_0.json,365,2,Arrange the throw on the sofa seat.,Place sofa seat on surface.,sofa seat,surface,place_on
00238-j6fHrce9pHR\tasks-island_0.json,368,2,Pack the snacks from the refrigerator.,Load items into the refrigerator.,refrigerator,items,load
00238-j6fHrce9pHR\tasks-island_0.json,370,7,Keep a drink nearby in the cup.,Place items in the cup.,cup,items,place_in
00238-j6fHrce9pHR\tasks-island_0.json,371,7,Arrange the pair of shoes neatly.,Place shoe on surface.,shoe,surface,place_on
00238-j6fHrce9pHR\tasks-island_0.json,374,6,File the papers in the cabinet.,Place items in the cabinet.,cabinet,items,place_in
00238-j6fHrce9pHR\tasks-island_0.json,375,7,Set the pitcher on the table.,Place pitcher on surface.,pitcher,surface,place_on
00238-j6fHrce9pHR\tasks-island_0.json,394,4,Fill the cup from the sink.,Use the sink to fill a container.,sink,container,fill
00238-j6fHrce9pHR\tasks-island_0.json,396,2,Set the wine bottle on the table.,Place wine bottle on surface.,wine_bottle,surface,place_on
00238-j6fHrce9pHR\tasks-island_0.json,407,1,Arrange the soft chair.,Place soft chair on surface.,soft chair,surface,place_on
00238-j6fHrce9pHR\tasks-island_0.json,413,3,Arrange items on the shelving.,Place shelving on surface.,shelving,surface,place_on
00238-j6fHrce9pHR\tasks-island_0.json,423,4,Hang items in the wardrobe.,Hang items in the wardrobe.,wardrobe,items,hang
00238-j6fHrce9pHR\tasks-island_0.json,427,3,Set items on the counter.,Place items on the counter.,counter,items,place_on
00238-j6fHrce9pHR\tasks-island_0.json,430,3,Stack items on the shelf.,Place items on the shelf.,shelf,items,place_on
00238-j6fHrce9pHR\tasks-island_0.json,430,5,Store extra items in the wall cabinet.,Place extra items in the wall cabinet.,wall cabinet,items,place_in
00238-j6fHrce9pHR\tasks-island_0.json,433,3,Place loose items in the basket.,Place loose items in the basket.,basket,items,place_in
00238-j6fHrce9pHR\tasks-island_0.json,435,5,Place the items near the basket in the bedroom.,Place the items near the basket in the bedroom.,basket,items,place_in
00238-j6fHrce9pHR\tasks-island_0.json,437,3,Get a cup from the kitchen area.,Pick up the cup from the kitchen area.,cup,area,pick_up
00238-j6fHrce9pHR\tasks-island_0.json,437,4,Place the items on the refrigerator cabinet.,Place the items on the refrigerator cabinet.,refrigerator cabinet,items,place_on
00238-j6fHrce9pHR\tasks-island_0.json,439,2,Load the clothes into the laundry machine.,Load items into the laundry machine.,laundry machine,items,load
00238-j6fHrce9pHR\tasks-island_0.json,440,1,Close the curtain in the dining area.,Close the curtain in the dining area.,curtain,area,close
00238-j6fHrce9pHR\tasks-island_0.json,440,2,Turn on the lamp in the living area.,Turn on the lamp in the living area.,lamp,area,turn_on
00238-j6fHrce9pHR\tasks-island_0.json,442,4,Arrange the flower vase on the table.,Place flower vase on surface.,flower vase,surface,place_on
00238-j6fHrce9pHR\tasks-island_0.json,444,4,Turn on the lamp in the study area.,Turn on the lamp in the study area.,lamp,area,turn_on
00238-j6fHrce9pHR\tasks-island_0.json,445,1,Move the flowerpot to a sunny spot.,Carry the flowerpot to the sunny spot.,flowerpot,spot,carry
00238-j6fHrce9pHR\tasks-island_0.json,446,3,Arrange the shelving unit.,Place shelving on surface.,shelving,surface,place_on
00238-j6fHrce9pHR\tasks-island_0.json,449,1,Organize the items on the shelf.,Place shelf on surface.,shelf,surface,place_on
00238-j6fHrce9pHR\tasks-island_0.json,449,3,Arrange the cabinet in the storage area.,Place cabinet in receptacle.,cabinet,receptacle,place_in
00238-j6fHrce9pHR\tasks-island_0.json,450,3,Position the mouse on the pad.,Place mouse on surface.,mouse,surface,place_on
00238-j6fHrce9pHR\tasks-island_0.json,455,4,Inspect the ceiling lamp in the storage area.,Inspect the ceiling lamp in the storage area.,ceiling lamp,area,inspect
00238-j6fHrce9pHR\tasks-island_0.json,460,6,Turn on the lamp in the living area.,Turn on the lamp in the living area.,lamp,area,turn_on
00238-j6fHrce9pHR\tasks-island_0.json,463,5,Place them by the lamp stand.,Place items on the lamp stand.,lamp stand,items,place_on
00238-j6fHrce9pHR\tasks-island_0.json,467,6,Set the cup down on the dresser.,Place cup in receptacle.,cup,receptacle,place_in
00238-j6fHrce9pHR\tasks-island_0.json,471,4,Put away the detergent in the wall cabinet.,Store items in the wall cabinet.,wall cabinet,items,store
00238-j6fHrce9pHR\tasks-island_0.json,473,3,Arrange the sofa seat.,Place sofa seat on surface.,sofa seat,surface,place_on
00238-j6fHrce9pHR\tasks-island_0.json,480,3,Arrange the towel.,Place towel on surface.,towel,surface,place_on
00238-j6fHrce9pHR\tasks-island_0.json,484,6,Set the bowl.,Place bowl on surface.,bowl,surface,place_on
00238-j6fHrce9pHR\tasks-island_0.json,493,2,Wipe the floor near the sink.,Wipe the area near the sink.,sink,area,wipe
00241-h6nwVLpAKQz\tasks-island_1.json,15,3,Store clean items in the cabinet.,Place clean items in the cabinet.,cabinet,items,place_in
00241-h6nwVLpAKQz\tasks-island_1.json,24,1,Hang shirts on the hanger.,Hang items on the hanger.,hanger,items,hang
00241-h6nwVLpAKQz\tasks-island_1.json,48,2,Organize shoes on the rack.,Place rack on surface.,rack,surface,place_on
00241-h6nwVLpAKQz\tasks-island_1.json,54,6,Put things on the shelf.,Place things on the shelf.,shelf,things,place_on
00241-h6nwVLpAKQz\tasks-island_1.json,66,2,Arrange the rack.,Place rack on surface.,rack,surface,place_on
00245-741Fdj7NLF9\tasks-island_0.json,9,3,Hang clothes on the hanger.,Hang items on the hanger.,hanger,items,hang
00245-741Fdj7NLF9\tasks-island_0.json,10,2,Arrange the magazines.,Place magazine on surface.,magazine,surface,place_on
00245-741Fdj7NLF9\tasks-island_0.json,13,2,Fill it at the sink.,Use the sink to fill a container.,sink,container,fill
00245-741Fdj7NLF9\tasks-island_0.json,18,1,Organize the items on the shelf.,Place shelf on surface.,shelf,surface,place_on
00245-741Fdj7NLF9\tasks-island_0.json,24,5,Arrange the rack.,Place rack on surface.,rack,surface,place_on
00245-741Fdj7NLF9\tasks-island_0.json,33,2,Hang clothes on the hanger.,Hang items on the hanger.,hanger,items,hang
00245-741Fdj7NLF9\tasks-island_0.json,47,2,Hang up guest coats on the rack.,Hang items on the rack.,rack,items,hang
00245-741Fdj7NLF9\tasks-island_0.json,47,6,Set up chairs for guests.,Place items on the chair.,chair,items,place_on
00245-741Fdj7NLF9\tasks-island_0.json,49,1,Organize items on the rack.,Place rack on surface.,rack,surface,place_on
00245-741Fdj7NLF9\tasks-island_0.json,55,3,Fill it at the sink.,Use the sink to fill a container.,sink,container,fill
00245-741Fdj7NLF9\tasks-island_0.json,64,2,Hang clothes on the hanger.,Hang items on the hanger.,hanger,items,hang
00245-741Fdj7NLF9\tasks-island_0.json,72,3,Hang clothes on the hanger.,Hang items on the hanger.,hanger,items,hang
00245-741Fdj7NLF9\tasks-island_0.json,72,4,Place items in the chest of drawers.,Place items in the chest of drawers.,chest of drawers,items,place_in
00245-741Fdj7NLF9\tasks-island_0.json,81,2,Hang clothes on the hanger.,Hang items on the hanger.,hanger,items,hang
00245-741Fdj7NLF9\tasks-island_0.json,86,5,Set the tray.,Place tray on surface.,tray,surface,place_on
00245-741Fdj7NLF9\tasks-island_0.json,86,6,Arrange the vase.,Place vase on surface.,vase,surface,place_on
00245-741Fdj7NLF9\tasks-island_0.json,88,2,Hang the jacket on the hanger.,Hang items on the hanger.,hanger,items,hang
00245-741Fdj7NLF9\tasks-island_0.json,89,3,Fill the cup at the sink.,Use the sink to fill a container.,sink,container,fill
00245-741Fdj7NLF9\tasks-island_0.json,89,6,Set the tray.,Place tray on surface.,tray,surface,place_on
00245-741Fdj7NLF9\tasks-island_0.json,92,5,Hang clothes on the hanger.,Hang items on the hanger.,hanger,items,hang
00245-741Fdj7NLF9\tasks-island_0.json,95,4,Hang clothes on the hanger.,Hang items on the hanger.,hanger,items,hang
00245-741Fdj7NLF9\tasks-island_0.json,98,3,Arrange the tray.,Place tray on surface.,tray,surface,place_on
00245-741Fdj7NLF9\tasks-island_0.json,104,2,Set the cup.,Place cup in receptacle.,cup,receptacle,place_in
00250-U3oQjwTuMX8\tasks-island_0.json,0,2,Organize files in the cabinet.,Place cabinet in receptacle.,cabinet,receptacle,place_in
00250-U3oQjwTuMX8\tasks-island_0.json,14,3,Arrange the flower vase.,Place flower vase on surface.,flower vase,surface,place_on
00250-U3oQjwTuMX8\tasks-island_0.json,33,4,Set the box down.,Place box on surface.,box,surface,place_on
00250-U3oQjwTuMX8\tasks-island_0.json,36,3,Arrange the flower vase.,Place flower vase on surface.,flower vase,surface,place_on
00250-U3oQjwTuMX8\tasks-island_0.json,44,3,Set the tray.,Place tray on surface.,tray,surface,place_on
00250-U3oQjwTuMX8\tasks-island_0.json,55,2,Fill the cup at the sink.,Use the sink to fill a container.,sink,container,fill
00250-U3oQjwTuMX8\tasks-island_0.json,58,4,Hang it on a hanger.,Hang items on the hanger.,hanger,items,hang
00250-U3oQjwTuMX8\tasks-island_0.json,64,5,Organize files in the cabinet.,Place cabinet in receptacle.,cabinet,receptacle,place_in
00250-U3oQjwTuMX8\tasks-island_0.json,65,2,Plump the pillows on the couch.,Fluff items on the couch.,couch,items,fluff
00250-U3oQjwTuMX8\tasks-island_0.json,70,2,Sort the kitchen countertop items.,Straighten kitchen countertop items.,kitchen countertop items,items,straighten
00250-U3oQjwTuMX8\tasks-island_0.json,70,5,Store extra items in the box.,Place extra items in the box.,box,items,place_in
00250-U3oQjwTuMX8\tasks-island_0.json,88,4,Fill a bottle at the water fountain.,Use the water fountain to fill a container.,water fountain,container,fill
00250-U3oQjwTuMX8\tasks-island_0.json,92,2,Position the computer keyboard on the desk.,Place computer keyboard on surface.,computer_keyboard,surface,place_on
00250-U3oQjwTuMX8\tasks-island_0.json,98,5,Open the jar in the dining area.,Open the jar in the dining area.,jar,area,open
00250-U3oQjwTuMX8\tasks-island_0.json,112,4,Check the kitchen countertop items.,Inspect the kitchen countertop items.,kitchen countertop items,items,inspect
00250-U3oQjwTuMX8\tasks-island_0.json,119,3,Sort items into the basket.,Place basket in receptacle.,basket,receptacle,place_in
00250-U3oQjwTuMX8\tasks-island_0.json,122,5,Position the camera.,Place camera on surface.,camera,surface,place_on
00250-U3oQjwTuMX8\tasks-island_0.json,123,3,Arrange the flowerpot.,Place flowerpot on surface.,flowerpot,surface,place_on
00250-U3oQjwTuMX8\tasks-island_0.json,129,2,Position the computer keyboard.,Place computer keyboard on surface.,computer_keyboard,surface,place_on
00250-U3oQjwTuMX8\tasks-island_0.json,129,4,Organize files in the cabinet.,Place cabinet in receptacle.,cabinet,receptacle,place_in
00250-U3oQjwTuMX8\tasks-island_0.json,133,4,Arrange the flower vase.,Place flower vase on surface.,flower vase,surface,place_on
00250-U3oQjwTuMX8\tasks-island_0.json,139,3,Position the cellular_telephone.,Place cellular telephone on surface.,cellular_telephone,surface,place_on
00250-U3oQjwTuMX8\tasks-island_0.json,149,4,Arrange the flower vase.,Place flower vase on surface.,flower vase,surface,place_on
00250-U3oQjwTuMX8\tasks-island_0.json,151,5,Arrange the tray.,Place tray on surface.,tray,surface,place_on
00250-U3oQjwTuMX8\tasks-island_0.json,152,4,Position the cellular_telephone.,Place cellular telephone on surface.,cellular_telephone,surface,place_on
00250-U3oQjwTuMX8\tasks-island_0.json,153,4,Arrange the basket.,Place basket on surface.,basket,surface,place_on
00250-U3oQjwTuMX8\tasks-island_0.json,161,6,Set the pitcher.,Place pitcher on surface.,pitcher,surface,place_on
00250-U3oQjwTuMX8\tasks-island_0.json,163,4,Arrange the flower vase.,Place flower vase on surface.,flower vase,surface,place_on
00250-U3oQjwTuMX8\tasks-island_0.json,176,3,Organize the items in the handbag.,Place handbag in receptacle.,handbag,receptacle,place_in
00250-U3oQjwTuMX8\tasks-island_0.json,178,3,Arrange the basket for tools.,Place basket on surface.,basket,surface,place_on
00250-U3oQjwTuMX8\tasks-island_0.json,181,4,Set the tray down.,Place tray on surface.,tray,surface,place_on
00250-U3oQjwTuMX8\tasks-island_0.json,184,5,Position the speaker for better sound.,Place speaker on surface.,speaker,surface,place_on
00250-U3oQjwTuMX8\tasks-island_0.json,185,2,Arrange the hangers.,Place hanger on surface.,hanger,surface,place_on
00250-U3oQjwTuMX8\tasks-island_0.json,187,3,Organize the kitchen countertop items.,Straighten kitchen countertop items.,kitchen countertop items,items,straighten
00250-U3oQjwTuMX8\tasks-island_0.json,190,6,Change the bulb in the lamp.,Place items in the lamp.,lamp,items,place_in
00250-U3oQjwTuMX8\tasks-island_0.json,201,5,Arrange the flower vase nearby.,Place flower vase on surface.,flower vase,surface,place_on
00250-U3oQjwTuMX8\tasks-island_0.json,202,3,Organize the kitchen countertop items.,Straighten kitchen countertop items.,kitchen countertop items,items,straighten
00250-U3oQjwTuMX8\tasks-island_0.json,204,3,Set the tray across the tub.,Place tray on surface.,tray,surface,place_on
00250-U3oQjwTuMX8\tasks-island_0.json,207,5,Position the flowerpot.,Place flowerpot on surface.,flowerpot,surface,place_on
00250-U3oQjwTuMX8\tasks-island_0.json,216,6,Arrange the bathrobe.,Place bathrobe on surface.,bathrobe,surface,place_on
00250-U3oQjwTuMX8\tasks-island_0.json,220,3,Arrange the bathroom accessory.,Place bathroom accessory on surface.,bathroom accessory,surface,place_on
00250-U3oQjwTuMX8\tasks-island_0.json,224,6,Arrange the shampoo.,Place shampoo on surface.,shampoo,surface,place_on
00250-U3oQjwTuMX8\tasks-island_0.json,241,6,Arrange the shampoo.,Place shampoo on surface.,shampoo,surface,place_on
00250-U3oQjwTuMX8\tasks-island_0.json,246,4,Arrange the decoration.,Place decoration on surface.,decoration,surface,place_on
00250-U3oQjwTuMX8\tasks-island_0.json,248,5,Arrange the bathroom accessory.,Place bathroom accessory on surface.,bathroom accessory,surface,place_on
00250-U3oQjwTuMX8\tasks-island_0.json,257,6,Arrange the shampoo.,Place shampoo on surface.,shampoo,surface,place_on
00250-U3oQjwTuMX8\tasks-island_0.json,260,3,Place fruit into the bowl.,Place items in the bowl of fruit.,bowl of fruit,items,place_in
00250-U3oQjwTuMX8\tasks-island_0.json,261,4,Tidy the items in the handbag.,Place handbag in receptacle.,handbag,receptacle,place_in
00250-U3oQjwTuMX8\tasks-island_0.json,267,3,Arrange the flowerpot.,Place flowerpot on surface.,flowerpot,surface,place_on
00250-U3oQjwTuMX8\tasks-island_0.json,269,6,Arrange the basket.,Place basket in receptacle.,basket,receptacle,place_in
00250-U3oQjwTuMX8\tasks-island_0.json,275,4,Arrange the flower vase.,Place flower vase on surface.,flower vase,surface,place_on
00250-U3oQjwTuMX8\tasks-island_0.json,278,7,Hang clothes on the hanger.,Hang items on the hanger.,hanger,items,hang
00250-U3oQjwTuMX8\tasks-island_0.json,281,4,Clean the kitchen countertop items.,Wipe kitchen countertop items.,kitchen countertop items,items,wipe
00250-U3oQjwTuMX8\tasks-island_0.json,286,5,Arrange the tray.,Place tray on surface.,tray,surface,place_on
00250-U3oQjwTuMX8\tasks-island_0.json,292,5,Clear the kitchen countertop items.,Wipe kitchen countertop items.,kitchen countertop items,items,wipe
00250-U3oQjwTuMX8\tasks-island_0.json,299,4,Fill the cup at the water fountain.,Use the water fountain to fill a container.,water fountain,container,fill
00250-U3oQjwTuMX8\tasks-island_0.json,301,4,Store items in the wardrobe.,Place items in the wardrobe.,wardrobe,items,place_in
00250-U3oQjwTuMX8\tasks-island_0.json,306,4,Arrange the bathroom accessory.,Place bathroom accessory on surface.,bathroom accessory,surface,place_on
00250-U3oQjwTuMX8\tasks-island_0.json,307,4,Place items on the tray.,Place items on the tray.,tray,items,place_on
00250-U3oQjwTuMX8\tasks-island_0.json,317,3,Set the tray.,Place tray in receptacle.,tray,receptacle,place_in
00250-U3oQjwTuMX8\tasks-island_0.json,324,3,Arrange the book.,Place book on surface.,book,surface,place_on
00250-U3oQjwTuMX8\tasks-island_0.json,325,1,Retrieve the pitcher from the living area.,Pick up the pitcher from the living area.,pitcher,area,pick_up
00250-U3oQjwTuMX8\tasks-island_0.json,325,2,Fill the pitcher at the sink.,Use the sink to fill a container.,sink,container,fill
00250-U3oQjwTuMX8\tasks-island_0.json,328,2,Grab the wrench from the kitchen area.,Pick up the wrench from the kitchen area.,wrench,area,pick_up
00250-U3oQjwTuMX8\tasks-island_0.json,331,2,Switch on the chandelier in the dining area.,Turn on the chandelier in the dining area.,chandelier,area,turn_on
00250-U3oQjwTuMX8\tasks-island_0.json,332,6,Wipe the kitchen countertop items.,Wipe the kitchen countertop items.,kitchen countertop items,items,wipe
00250-U3oQjwTuMX8\tasks-island_0.json,334,5,Place the items on the table.,Place the items on the table.,table,items,place_on
00250-U3oQjwTuMX8\tasks-island_0.json,336,2,Fill a bottle at the water fountain.,Use the water fountain to fill a container.,water fountain,container,fill
00250-U3oQjwTuMX8\tasks-island_0.json,336,5,Adjust the stool in the dressing area.,Reposition the stool in the dressing area.,stool,area,reposition
00250-U3oQjwTuMX8\tasks-island_0.json,337,6,Put away the box in the cabinet.,Store items in the cabinet.,cabinet,items,store
00250-U3oQjwTuMX8\tasks-island_0.json,338,2,Fill it at the water fountain.,Use the water fountain to fill a container.,water fountain,container,fill
00250-U3oQjwTuMX8\tasks-island_0.json,340,3,Set the tray on the table.,Place tray on surface.,tray,surface,place_on
00250-U3oQjwTuMX8\tasks-island_0.json,340,5,Position the speaker for music.,Place speaker on surface.,speaker,surface,place_on
00250-U3oQjwTuMX8\tasks-island_0.json,341,5,Wipe the table in the kitchen area.,Wipe the table in the kitchen area.,table,area,wipe
00250-U3oQjwTuMX8\tasks-island_0.json,343,6,Put away the tools in the box.,Store items in the box.,box,items,store
00250-U3oQjwTuMX8\tasks-island_0.json,346,2,Wipe the kitchen countertop items.,Wipe the kitchen countertop items.,kitchen countertop items,items,wipe
00250-U3oQjwTuMX8\tasks-island_0.json,349,3,Turn on the tv in the living area.,Turn on the tv in the living area.,tv,area,turn_on
00250-U3oQjwTuMX8\tasks-island_0.json,351,1,Retrieve the cap from the bed area.,Pick up the cap from the bed area.,cap,area,pick_up
00250-U3oQjwTuMX8\tasks-island_0.json,351,4,Fill a cup with water from the fountain.,Use the water fountain to fill items.,water fountain,items,fill
00250-U3oQjwTuMX8\tasks-island_0.json,353,1,Retrieve the pliers from the toolbox area.,Pick up the pliers from the toolbox area.,pliers,area,pick_up
00250-U3oQjwTuMX8\tasks-island_0.json,354,3,Measure the table in the dining area.,Inspect the table in the dining area.,table,area,inspect
00250-U3oQjwTuMX8\tasks-island_0.json,355,4,Organize my clothes in the wardrobe.,Place wardrobe in receptacle.,wardrobe,receptacle,place_in
00250-U3oQjwTuMX8\tasks-island_0.json,356,3,Position the speaker for better sound.,Place speaker on surface.,speaker,surface,place_on
00250-U3oQjwTuMX8\tasks-island_0.json,361,4,Get the shampoo from the shower area.,Pick up the shampoo from the shower area.,shampoo,area,pick_up
00250-U3oQjwTuMX8\tasks-island_0.json,361,7,Put items in the laundry basket.,Place items in the laundry basket.,basket,items,place_in
00250-U3oQjwTuMX8\tasks-island_0.json,363,3,Position the computer keyboard.,Place computer keyboard in receptacle.,computer_keyboard,receptacle,place_in
00250-U3oQjwTuMX8\tasks-island_0.json,366,1,Hang wet clothes on the hanger.,Hang items on the hanger.,hanger,items,hang
00250-U3oQjwTuMX8\tasks-island_0.json,367,2,Position the flowerpot by the window.,Place flowerpot on surface.,flowerpot,surface,place_on
00250-U3oQjwTuMX8\tasks-island_0.json,368,4,Pack my essentials into the bag.,Load items into the bag.,bag,items,load
00250-U3oQjwTuMX8\tasks-island_0.json,368,5,Check the kitchen appliance settings.,Inspect the appliance.,appliance,appliance,inspect
00250-U3oQjwTuMX8\tasks-island_0.json,368,6,Hang up the bathrobe in the bath area.,Hang the bathrobe in the bath area.,bathrobe,area,hang
00250-U3oQjwTuMX8\tasks-island_0.json,369,7,Wipe down the kitchen countertop items.,Wipe the kitchen countertop items.,kitchen countertop items,items,wipe
00250-U3oQjwTuMX8\tasks-island_0.json,376,1,Sort clothes in the wardrobe.,Place wardrobe in receptacle.,wardrobe,receptacle,place_in
00250-U3oQjwTuMX8\tasks-island_0.json,376,2,Put loose items in the bag.,Place loose items in the bag.,bag,items,place_in
00250-U3oQjwTuMX8\tasks-island_0.json,376,3,Wipe down the storage appliance.,Wipe the appliance.,appliance,appliance,wipe
00250-U3oQjwTuMX8\tasks-island_0.json,377,3,Arrange the bowl of fruit.,Place bowl of fruit on surface.,bowl of fruit,surface,place_on
00250-U3oQjwTuMX8\tasks-island_0.json,377,4,Tidy the kitchen countertop items.,Straighten kitchen countertop items.,kitchen countertop items,items,straighten
00250-U3oQjwTuMX8\tasks-island_0.json,381,4,Set the pitcher on the counter.,Place pitcher on surface.,pitcher,surface,place_on
00251-wsAYBFtQaL7\tasks-island_0.json,2,4,Move the handbag to the dining area.,Carry the handbag to the dining area.,handbag,area,carry
00251-wsAYBFtQaL7\tasks-island_0.json,7,4,Set the cup on the table.,Place cup on surface.,cup,surface,place_on
00251-wsAYBFtQaL7\tasks-island_0.json,10,3,Arrange the clothes hanger.,Place clothes hanger on surface.,clothes hanger,surface,place_on
00251-wsAYBFtQaL7\tasks-island_0.json,11,4,Set the plate on the table.,Place plate on surface.,plate,surface,place_on
00251-wsAYBFtQaL7\tasks-island_0.json,29,4,Set the toothbrush.,Place toothbrush on surface.,toothbrush,surface,place_on
00251-wsAYBFtQaL7\tasks-island_0.json,45,1,Set the plate.,Place plate on surface.,plate,surface,place_on
00251-wsAYBFtQaL7\tasks-island_0.json,65,3,Fill it from the faucet.,Use the faucet to fill a container.,faucet,container,fill
00251-wsAYBFtQaL7\tasks-island_0.json,68,2,Organize the books on the shelving.,Place shelving on surface.,shelving,surface,place_on
00251-wsAYBFtQaL7\tasks-island_0.json,82,1,Arrange the clothes hanger.,Place clothes hanger on surface.,clothes hanger,surface,place_on
00251-wsAYBFtQaL7\tasks-island_0.json,85,3,Arrange the computer keyboard.,Place computer keyboard on surface.,computer_keyboard,surface,place_on
00251-wsAYBFtQaL7\tasks-island_0.json,93,3,Arrange the kitchen utensil.,Place kitchen utensil on surface.,kitchen utensil,surface,place_on
00251-wsAYBFtQaL7\tasks-island_0.json,106,4,Arrange the ladder.,Place ladder on surface.,ladder,surface,place_on
00251-wsAYBFtQaL7\tasks-island_0.json,109,2,Set the plate.,Place plate on surface.,plate,surface,place_on
00251-wsAYBFtQaL7\tasks-island_0.json,112,5,Put the empty container into the trash can.,Place the empty container in the trash can.,trash can,container,place_in
00251-wsAYBFtQaL7\tasks-island_0.json,114,1,Organize the books on the shelving.,Place shelving on surface.,shelving,surface,place_on
00251-wsAYBFtQaL7\tasks-island_0.json,114,3,Arrange the mouse next to the computer.,Place mouse on surface.,mouse,surface,place_on
00251-wsAYBFtQaL7\tasks-island_0.json,116,4,Secure the joint with the hammer.,Place items in the hammer.,hammer,items,place_in
00251-wsAYBFtQaL7\tasks-island_0.json,123,2,Fill a bottle at the faucet.,Use the faucet to fill a container.,faucet,container,fill
00251-wsAYBFtQaL7\tasks-island_0.json,123,4,Prune the leaves near the armchair.,Inspect the area near the armchair.,armchair,area,inspect
00251-wsAYBFtQaL7\tasks-island_0.json,124,4,Organize the sheet music on the shelving.,Place shelving on surface.,shelving,surface,place_on
00251-wsAYBFtQaL7\tasks-island_0.json,125,5,Hang the robe on the clothes hanger.,Hang items on the clothes hanger.,clothes hanger,items,hang
00251-wsAYBFtQaL7\tasks-island_0.json,126,4,Sort items into the recycle bin.,Place recycle bin in receptacle.,recycle bin,receptacle,place_in
00251-wsAYBFtQaL7\tasks-island_0.json,129,3,Take a plate from the dining area.,Pick up the plate from the dining area.,plate,area,pick_up
00251-wsAYBFtQaL7\tasks-island_0.json,130,3,Move the sculpture to a better spot.,Carry the sculpture to the better spot.,sculpture,spot,carry
00251-wsAYBFtQaL7\tasks-island_0.json,137,3,Reposition the floor lamp.,Place floor lamp on surface.,floor lamp,surface,place_on
00251-wsAYBFtQaL7\tasks-island_0.json,148,5,Set the cup down on the table.,Place cup on surface.,cup,surface,place_on
00251-wsAYBFtQaL7\tasks-island_0.json,149,2,Hang the coat on a clothes hanger.,Hang items on the clothes hanger.,clothes hanger,items,hang
00251-wsAYBFtQaL7\tasks-island_0.json,153,2,Organize the books on the shelf.,Place shelf on surface.,shelf,surface,place_on
00251-wsAYBFtQaL7\tasks-island_0.json,153,3,Wipe the desk surface near the printer.,Wipe the area near the printer.,printer,area,wipe
00251-wsAYBFtQaL7\tasks-island_0.json,156,2,Get a cup from the dining area.,Pick up the cup from the dining area.,cup,area,pick_up
00251-wsAYBFtQaL7\tasks-island_0.json,160,2,Position the laptop computer.,Place laptop computer on surface.,laptop_computer,surface,place_on
00251-wsAYBFtQaL7\tasks-island_0.json,160,3,Arrange the book.,Place book on surface.,book,surface,place_on
00251-wsAYBFtQaL7\tasks-island_0.json,165,3,Arrange the side table.,Place side table on surface.,side table,surface,place_on
00251-wsAYBFtQaL7\tasks-island_0.json,169,2,Position the laptop computer.,Place laptop computer on surface.,laptop_computer,surface,place_on
00251-wsAYBFtQaL7\tasks-island_0.json,173,4,Position the headboard.,Place headboard on surface.,headboard,surface,place_on
00251-wsAYBFtQaL7\tasks-island_0.json,173,5,Arrange the clothes hanger.,Place clothes hanger on surface.,clothes hanger,surface,place_on
00251-wsAYBFtQaL7\tasks-island_0.json,175,2,Set the plate.,Place plate on surface.,plate,surface,place_on
00251-wsAYBFtQaL7\tasks-island_0.json,175,3,Arrange the handbag.,Place handbag on surface.,handbag,surface,place_on
00251-wsAYBFtQaL7\tasks-island_0.json,179,5,Position the globe stand.,Place globe stand on surface.,globe stand,surface,place_on
00251-wsAYBFtQaL7\tasks-island_0.json,184,2,Arrange the basket.,Place basket on surface.,basket,surface,place_on
00251-wsAYBFtQaL7\tasks-island_0.json,193,3,Set the handbag.,Place handbag on surface.,handbag,surface,place_on
00251-wsAYBFtQaL7\tasks-island_0.json,199,1,Hang clothes on the clothes hanger.,Hang items on the clothes hanger.,clothes hanger,items,hang
00251-wsAYBFtQaL7\tasks-island_0.json,200,5,Arrange the l-shaped sofa.,Place l-shaped sofa on surface.,l-shaped sofa,surface,place_on
00251-wsAYBFtQaL7\tasks-island_0.json,211,5,Put items in the basket.,Place items in the basket.,basket,items,place_in
00251-wsAYBFtQaL7\tasks-island_0.json,218,5,Arrange the book.,Place book on surface.,book,surface,place_on
00251-wsAYBFtQaL7\tasks-island_0.json,224,1,Arrange the easy chair.,Place easy chair on surface.,easy chair,surface,place_on
00251-wsAYBFtQaL7\tasks-island_0.json,243,6,Store items in the box.,Place items in the box.,box,items,place_in
00251-wsAYBFtQaL7\tasks-island_0.json,245,3,Plump the cushions on the l-shaped sofa.,Fluff items on the l-shaped sofa.,l-shaped sofa,items,fluff
00251-wsAYBFtQaL7\tasks-island_0.json,249,6,Position the mouse.,Place mouse on surface.,mouse,surface,place_on
00251-wsAYBFtQaL7\tasks-island_0.json,255,4,Set the plate on the counter.,Place plate on surface.,plate,surface,place_on
00251-wsAYBFtQaL7\tasks-island_0.json,257,5,Arrange the hanging clothes.,Place hanging clothes on surface.,hanging clothes,surface,place_on
00251-wsAYBFtQaL7\tasks-island_0.json,272,3,Fold items in the chest of drawers.,Place chest of drawers in receptacle.,chest of drawers,receptacle,place_in
00251-wsAYBFtQaL7\tasks-island_0.json,274,6,Stock the refrigerator.,Place items in the refrigerator.,refrigerator,items,place_in
00251-wsAYBFtQaL7\tasks-island_0.json,282,5,Arrange the locker.,Place locker in receptacle.,locker,receptacle,place_in
00251-wsAYBFtQaL7\tasks-island_0.json,283,2,Position the mouse.,Place mouse on surface.,mouse,surface,place_on
00251-wsAYBFtQaL7\tasks-island_0.json,283,6,Arrange the book.,Place book on surface.,book,surface,place_on
00251-wsAYBFtQaL7\tasks-island_0.json,290,3,Set the kitchen lower cabinet.,Place kitchen lower cabinet on surface.,kitchen lower cabinet,surface,place_on
00251-wsAYBFtQaL7\tasks-island_0.json,290,6,Set the plate.,Place plate on surface.,plate,surface,place_on
00251-wsAYBFtQaL7\tasks-island_0.json,292,2,Arrange the shelf.,Place shelf in receptacle.,shelf,receptacle,place_in
00251-wsAYBFtQaL7\tasks-island_0.json,292,6,Position the lamp.,Place lamp in receptacle.,lamp,receptacle,place_in
00251-wsAYBFtQaL7\tasks-island_0.json,293,6,Arrange the locker.,Place locker on surface.,locker,surface,place_on
00251-wsAYBFtQaL7\tasks-island_0.json,302,2,Arrange the chest of drawers.,Place chest of drawers on surface.,chest of drawers,surface,place_on
00251-wsAYBFtQaL7\tasks-island_0.json,304,2,Stock the wall cubby.,Place items in the wall cubby.,wall cubby,items,place_in
00251-wsAYBFtQaL7\tasks-island_0.json,305,2,Set the plate.,Place plate on surface.,plate,surface,place_on
00251-wsAYBFtQaL7\tasks-island_0.json,305,6,Arrange the board.,Place board on surface.,board,surface,place_on
00251-wsAYBFtQaL7\tasks-island_0.json,308,3,Arrange the basket.,Place basket on surface.,basket,surface,place_on
00251-wsAYBFtQaL7\tasks-island_0.json,311,2,Arrange the easy chair.,Place easy chair on surface.,easy chair,surface,place_on
00251-wsAYBFtQaL7\tasks-island_0.json,312,3,Position the mouse.,Place mouse on surface.,mouse,surface,place_on
00251-wsAYBFtQaL7\tasks-island_0.json,312,5,Arrange the shelving.,Place shelving on surface.,shelving,surface,place_on
00251-wsAYBFtQaL7\tasks-island_0.json,319,5,Arrange the basket of something.,Place basket of something on surface.,basket of something,surface,place_on
00251-wsAYBFtQaL7\tasks-island_0.json,325,3,Set the plate.,Place plate on surface.,plate,surface,place_on
00251-wsAYBFtQaL7\tasks-island_0.json,339,3,Position the globe stand.,Place globe stand on surface.,globe stand,surface,place_on
00251-wsAYBFtQaL7\tasks-island_0.json,355,6,Set the plate on the table.,Place plate on surface.,plate,surface,place_on
00251-wsAYBFtQaL7\tasks-island_0.json,358,5,Arrange the book.,Place book on surface.,book,surface,place_on
00251-wsAYBFtQaL7\tasks-island_0.json,361,4,Set the plate.,Place plate in receptacle.,plate,receptacle,place_in
00251-wsAYBFtQaL7\tasks-island_0.json,365,5,Position the l-shaped sofa.,Place l-shaped sofa on surface.,l-shaped sofa,surface,place_on
00251-wsAYBFtQaL7\tasks-island_0.json,368,3,Arrange the book.,Place book on surface.,book,surface,place_on
00251-wsAYBFtQaL7\tasks-island_0.json,374,3,Set the cup.,Place cup on surface.,cup,surface,place_on
00251-wsAYBFtQaL7\tasks-island_0.json,378,4,Arrange the l-shaped sofa.,Place l-shaped sofa on surface.,l-shaped sofa,surface,place_on
00251-wsAYBFtQaL7\tasks-island_0.json,379,6,Set the plate.,Place plate on surface.,plate,surface,place_on
00254-YMNvYDhK8mB\tasks-island_1.json,2,1,Get the flashlight from the tool area.,Pick up the flashlight from the tool area.,flashlight,area,pick_up
00254-YMNvYDhK8mB\tasks-island_1.json,10,3,Move the desk chair to a quieter spot.,Reposition the desk chair to the quieter spot.,desk chair,spot,reposition
00254-YMNvYDhK8mB\tasks-island_1.json,13,3,Position the flowerpot in the corner.,Place flowerpot in receptacle.,flowerpot,receptacle,place_in
00254-YMNvYDhK8mB\tasks-island_1.json,16,1,Replace the bulb in the lamp.,Place items in the lamp.,lamp,items,place_in
00254-YMNvYDhK8mB\tasks-island_1.json,19,1,Straighten the chair in the waiting area.,Straighten the office chair in the waiting area.,office chair,area,straighten
00254-YMNvYDhK8mB\tasks-island_1.json,20,1,Position the monitor on the desk.,Place monitor on surface.,monitor,surface,place_on
00254-YMNvYDhK8mB\tasks-island_1.json,29,4,Replace the bulb in the ceiling lamp.,Place items in the ceiling lamp.,ceiling lamp,items,place_in
00254-YMNvYDhK8mB\tasks-island_1.json,32,4,File the finished work in the cabinet.,Place items in the cabinet.,cabinet,items,place_in
00254-YMNvYDhK8mB\tasks-island_1.json,35,2,Pack the backpack with personal items.,Load the backpack with the personal items.,backpack,items,load
00254-YMNvYDhK8mB\tasks-island_1.json,39,4,Reposition the partition.,Place partition on surface.,partition,surface,place_on
00254-YMNvYDhK8mB\tasks-island_1.json,43,2,Arrange the statue.,Place statue on surface.,statue,surface,place_on
00254-YMNvYDhK8mB\tasks-island_1.json,45,4,Position the mouse.,Place mouse on surface.,mouse,surface,place_on
00254-YMNvYDhK8mB\tasks-island_1.json,46,3,Set aside the wine bottle.,Place wine bottle on surface.,wine_bottle,surface,place_on
00254-YMNvYDhK8mB\tasks-island_1.json,54,3,Arrange the flowerpot.,Place flowerpot on surface.,flowerpot,surface,place_on
00254-YMNvYDhK8mB\tasks-island_1.json,62,1,Arrange the statue.,Place statue on surface.,statue,surface,place_on
00254-YMNvYDhK8mB\tasks-island_1.json,63,2,Set the cup.,Place cup on surface.,cup,surface,place_on
00254-YMNvYDhK8mB\tasks-island_1.json,78,2,Refill the paper in the copier machine.,Use the copier machine to fill items.,copier machine,items,fill
00254-YMNvYDhK8mB\tasks-island_1.json,79,1,Move the office chair to the new spot.,Reposition the office chair to the new spot.,office chair,spot,reposition
00254-YMNvYDhK8mB\tasks-island_1.json,80,2,Sort the papers in the folder.,Place folder in receptacle.,folder,receptacle,place_in
00254-YMNvYDhK8mB\tasks-island_1.json,81,1,Arrange the brochure on the table.,Place brochure on surface.,brochure,surface,place_on
00254-YMNvYDhK8mB\tasks-island_1.json,84,4,Organize the files in the folder.,Place folder in receptacle.,folder,receptacle,place_in
00254-YMNvYDhK8mB\tasks-island_1.json,114,6,Arrange the flowerpot.,Place flowerpot on surface.,flowerpot,surface,place_on
00254-YMNvYDhK8mB\tasks-island_1.json,123,6,Set the handbag on the table.,Place handbag on surface.,handbag,surface,place_on
00254-YMNvYDhK8mB\tasks-island_1.json,126,1,Position the monitor.,Place monitor on surface.,monitor,surface,place_on
00254-YMNvYDhK8mB\tasks-island_1.json,133,4,Arrange the document holder.,Place document holder on surface.,document holder,surface,place_on
00254-YMNvYDhK8mB\tasks-island_1.json,134,2,Position the monitor.,Place monitor on surface.,monitor,surface,place_on
00254-YMNvYDhK8mB\tasks-island_1.json,135,6,Arrange the document.,Place document on surface.,document,surface,place_on
00254-YMNvYDhK8mB\tasks-island_1.json,150,4,Set the cup on the table.,Place cup on surface.,cup,surface,place_on
00254-YMNvYDhK8mB\tasks-island_1.json,150,6,Arrange the handbag neatly.,Place handbag on surface.,handbag,surface,place_on
00254-YMNvYDhK8mB\tasks-island_1.json,152,2,Arrange the identifier on the desk.,Place identifier on surface.,identifier,surface,place_on
00254-YMNvYDhK8mB\tasks-island_1.json,161,5,Position the stand.,Place stand on surface.,stand,surface,place_on
00254-YMNvYDhK8mB\tasks-island_1.json,165,1,Pack the laptop into the backpack.,Load items into the backpack.,backpack,items,load
00254-YMNvYDhK8mB\tasks-island_1.json,165,3,Move the chair to the new spot.,Reposition the chair to the new spot.,chair,spot,reposition
00254-YMNvYDhK8mB\tasks-island_1.json,171,1,Position the flowerpot by the door.,Place flowerpot on surface.,flowerpot,surface,place_on
00254-YMNvYDhK8mB\tasks-island_1.json,174,4,Retrieve the screwdriver from the storage area.,Pick up the screwdriver from the storage area.,screwdriver,area,pick_up
00254-YMNvYDhK8mB\tasks-island_1.json,175,3,Organize everything into the binder.,Place binder in receptacle.,binder,receptacle,place_in
00254-YMNvYDhK8mB\tasks-island_1.json,176,5,Set the cup on the table.,Place cup on surface.,cup,surface,place_on
00254-YMNvYDhK8mB\tasks-island_1.json,181,3,Change the bulb in the ceiling lamp.,Place items in the ceiling lamp.,ceiling lamp,items,place_in
00254-YMNvYDhK8mB\tasks-island_1.json,185,3,Set the mouse on the pad.,Place mouse on surface.,mouse,surface,place_on
00254-YMNvYDhK8mB\tasks-island_1.json,187,4,Neatly arrange items in the cabinet.,Place cabinet in receptacle.,cabinet,receptacle,place_in
00254-YMNvYDhK8mB\tasks-island_1.json,191,5,Position the stand in the corner.,Place stand in receptacle.,stand,receptacle,place_in
00254-YMNvYDhK8mB\tasks-island_1.json,193,1,Set the wine bottle on the counter.,Place wine bottle on surface.,wine_bottle,surface,place_on
00255-NGyoyh91xXJ\tasks-island_0.json,64,5,Arrange the vase.,Place vase on surface.,vase,surface,place_on
00255-NGyoyh91xXJ\tasks-island_0.json,66,4,Pick up the kitchen countertop item.,Pick up the kitchen countertop item.,kitchen countertop item,item,pick_up
00255-NGyoyh91xXJ\tasks-island_0.json,73,4,Arrange the vase.,Place vase on surface.,vase,surface,place_on
00255-NGyoyh91xXJ\tasks-island_0.json,82,4,Arrange the clothes in the wardrobe.,Place wardrobe in receptacle.,wardrobe,receptacle,place_in
00255-NGyoyh91xXJ\tasks-island_0.json,85,2,Fluff the pillow on the armchair.,Fluff items on the armchair.,armchair,items,fluff
00255-NGyoyh91xXJ\tasks-island_0.json,105,5,Wipe the kitchen countertop item.,Wipe the kitchen countertop item.,kitchen countertop item,item,wipe
00255-NGyoyh91xXJ\tasks-island_0.json,111,7,Set the cabinet.,Place cabinet on surface.,cabinet,surface,place_on
00255-NGyoyh91xXJ\tasks-island_0.json,117,5,Wipe the kitchen countertop item.,Wipe the kitchen countertop item.,kitchen countertop item,item,wipe
00255-NGyoyh91xXJ\tasks-island_0.json,120,4,Arrange the side table.,Place side table on surface.,side table,surface,place_on
00255-NGyoyh91xXJ\tasks-island_0.json,131,1,Retrieve a cup from the dining area.,Pick up the cup from the dining area.,cup,area,pick_up
00255-NGyoyh91xXJ\tasks-island_0.json,131,2,Fill the cup using the kettle.,Use the kettle to fill items.,kettle,items,fill
00255-NGyoyh91xXJ\tasks-island_0.json,135,5,Clean the kitchen countertop item.,Wipe kitchen countertop item.,kitchen countertop item,item,wipe
00255-NGyoyh91xXJ\tasks-island_0.json,142,6,Set the cup on the table.,Place cup on surface.,cup,surface,place_on
00255-NGyoyh91xXJ\tasks-island_0.json,148,5,Wipe the kitchen countertop item.,Wipe the kitchen countertop item.,kitchen countertop item,item,wipe
00255-NGyoyh91xXJ\tasks-island_0.json,153,1,Set the cup on the dining table.,Place cup on surface.,cup,surface,place_on
00256-92vYG1q49FY\tasks-island_0.json,0,4,Arrange the coat rack.,Place coat rack on surface.,coat rack,surface,place_on
00256-92vYG1q49FY\tasks-island_0.json,8,1,Put items into the kitchen cabinet.,Place items in the kitchen cabinet.,kitchen cabinet,items,place_in
00256-92vYG1q49FY\tasks-island_0.json,14,3,Arrange the dresser.,Place dresser on surface.,dresser,surface,place_on
00256-92vYG1q49FY\tasks-island_0.json,25,5,Arrange the dresser.,Place dresser on surface.,dresser,surface,place_on
00256-92vYG1q49FY\tasks-island_0.json,37,5,Arrange the vase.,Place vase on surface.,vase,surface,place_on
00256-92vYG1q49FY\tasks-island_0.json,39,4,Arrange the flower vase.,Place flower vase on surface.,flower vase,surface,place_on
00256-92vYG1q49FY\tasks-island_0.json,50,3,Fill a pitcher at the sink.,Use the sink to fill a container.,sink,container,fill
00256-92vYG1q49FY\tasks-island_0.json,52,1,Hang coats on the coat rack.,Hang items on the coat rack.,coat rack,items,hang
00256-92vYG1q49FY\tasks-island_0.json,59,2,Hang items in the closet.,Hang items in the closet.,closet,items,hang
00256-92vYG1q49FY\tasks-island_0.json,70,2,Arrange the vase on the table.,Place vase on surface.,vase,surface,place_on
00256-92vYG1q49FY\tasks-island_0.json,71,7,Arrange the fruit in the bowl.,Place fruit in receptacle.,fruit,receptacle,place_in
00256-92vYG1q49FY\tasks-island_0.json,80,2,Arrange the tea set.,Place tea set on surface.,tea set,surface,place_on
00256-92vYG1q49FY\tasks-island_0.json,88,1,Arrange the vase.,Place vase on surface.,vase,surface,place_on
00256-92vYG1q49FY\tasks-island_0.json,88,4,Arrange the fruit.,Place fruit on surface.,fruit,surface,place_on
00256-92vYG1q49FY\tasks-island_0.json,95,3,Arrange the tea set.,Place tea set on surface.,tea set,surface,place_on
00256-92vYG1q49FY\tasks-island_0.json,97,7,Arrange the fruit.,Place fruit on surface.,fruit,surface,place_on
00256-92vYG1q49FY\tasks-island_2.json,0,1,Arrange the stuffed animal on the bed.,Place stuffed animal on surface.,stuffed animal,surface,place_on
00256-92vYG1q49FY\tasks-island_2.json,5,2,Set the wine bottle on the cabinet.,Place wine bottle on surface.,wine_bottle,surface,place_on
00256-92vYG1q49FY\tasks-island_2.json,5,3,Arrange the plate on the table.,Place plate on surface.,plate,surface,place_on
00256-92vYG1q49FY\tasks-island_2.json,13,4,Turn off the record player in the living area.,Turn off the record player in the living area.,record player,area,turn_off
00256-92vYG1q49FY\tasks-island_2.json,16,3,Arrange the stuffed animal on the shelf.,Place stuffed animal on surface.,stuffed animal,surface,place_on
00256-92vYG1q49FY\tasks-island_2.json,28,4,Set the plate on the counter.,Place plate on surface.,plate,surface,place_on
00256-92vYG1q49FY\tasks-island_2.json,30,5,Arrange the paper.,Place paper on surface.,paper,surface,place_on
00256-92vYG1q49FY\tasks-island_2.json,41,2,Set the tray.,Place tray on surface.,tray,surface,place_on
00256-92vYG1q49FY\tasks-island_2.json,43,3,Arrange the stuffed animal.,Place stuffed animal in receptacle.,stuffed animal,receptacle,place_in
00256-92vYG1q49FY\tasks-island_2.json,51,4,Arrange the stuffed animal.,Place stuffed animal on surface.,stuffed animal,surface,place_on
00256-92vYG1q49FY\tasks-island_2.json,52,2,Arrange the paper.,Place paper on surface.,paper,surface,place_on
00256-92vYG1q49FY\tasks-island_2.json,61,3,Tidy the items in the basket.,Place basket in receptacle.,basket,receptacle,place_in
00256-92vYG1q49FY\tasks-island_2.json,63,5,Arrange the shampoo bottles.,Place shampoo on surface.,shampoo,surface,place_on
00256-92vYG1q49FY\tasks-island_2.json,65,5,Place items on the tray.,Place items on the tray.,tray,items,place_on
00256-92vYG1q49FY\tasks-island_2.json,65,6,Arrange snacks on a plate.,Place plate on surface.,plate,surface,place_on
00256-92vYG1q49FY\tasks-island_2.json,80,3,Arrange the plates.,Place plate on surface.,plate,surface,place_on
00256-92vYG1q49FY\tasks-island_2.json,80,4,Set the cups.,Place cup on surface.,cup,surface,place_on
00256-92vYG1q49FY\tasks-island_2.json,94,3,Set the plate on the cabinet.,Place plate on surface.,plate,surface,place_on
00256-92vYG1q49FY\tasks-island_2.json,97,6,Set the handbag near the door.,Place handbag on surface.,handbag,surface,place_on
00256-92vYG1q49FY\tasks-island_2.json,101,4,Arrange the paper.,Place paper on surface.,paper,surface,place_on
00256-92vYG1q49FY\tasks-island_2.json,111,4,Set the plate.,Place plate in receptacle.,plate,receptacle,place_in
00256-92vYG1q49FY\tasks-island_2.json,112,5,Arrange the baskets.,Place basket on surface.,basket,surface,place_on
00256-92vYG1q49FY\tasks-island_2.json,120,1,Arrange the tray.,Place tray on surface.,tray,surface,place_on
00256-92vYG1q49FY\tasks-island_2.json,125,3,Arrange the flower vase.,Place flower vase on surface.,flower vase,surface,place_on
00256-92vYG1q49FY\tasks-island_2.json,125,6,Set the plate.,Place plate on surface.,plate,surface,place_on
00256-92vYG1q49FY\tasks-island_2.json,132,4,Position the camera.,Place camera on surface.,camera,surface,place_on
00258-2Pc8W48bu21\tasks-island_0.json,1,1,Load the dirty plates into the dishwasher.,Load items into the dishwasher.,dishwasher,items,load
00258-2Pc8W48bu21\tasks-island_0.json,2,1,Bring the bowl to the dining area.,Carry the bowl to the dining area.,bowl,area,carry
00258-2Pc8W48bu21\tasks-island_0.json,2,2,Set the plate on the table.,Place plate on surface.,plate,surface,place_on
00258-2Pc8W48bu21\tasks-island_0.json,2,4,Organize the items inside the cabinet.,Place cabinet in receptacle.,cabinet,receptacle,place_in
00258-2Pc8W48bu21\tasks-island_0.json,5,4,Arrange the flowers in the vase.,Place vase in receptacle.,vase,receptacle,place_in
00258-2Pc8W48bu21\tasks-island_0.json,14,2,Organize the supplies on the shelving.,Place shelving on surface.,shelving,surface,place_on
00258-2Pc8W48bu21\tasks-island_0.json,16,1,Get the pan from the storage area.,Pick up the pan from the storage area.,pan,area,pick_up
00258-2Pc8W48bu21\tasks-island_0.json,16,4,Load the used utensils into the dishwasher.,Load items into the dishwasher.,dishwasher,items,load
00258-2Pc8W48bu21\tasks-island_0.json,20,2,Organize the spices in the cabinet.,Place cabinet in receptacle.,cabinet,receptacle,place_in
00258-2Pc8W48bu21\tasks-island_0.json,21,4,Move the stool in the kitchen area.,Reposition the stool in the kitchen area.,stool,area,reposition
00258-2Pc8W48bu21\tasks-island_0.json,22,4,Set the toaster for breakfast later.,Place toaster on surface.,toaster,surface,place_on
00258-2Pc8W48bu21\tasks-island_0.json,24,4,Get a bowl from the dining area.,Pick up the bowl from the dining area.,bowl,area,pick_up
00258-2Pc8W48bu21\tasks-island_0.json,26,1,Pack the backpack in the dining area.,Load the backpack in the dining area.,backpack,area,load
00258-2Pc8W48bu21\tasks-island_0.json,27,2,Stack the dishes in the sink area.,Stack the dishes in the sink area.,dishes,area,stack
00258-2Pc8W48bu21\tasks-island_0.json,27,4,Fill the kettle in the preparation area.,Fill the kettle in the preparation area.,kettle,area,fill
00258-2Pc8W48bu21\tasks-island_0.json,31,2,Dust the armchair in the living area.,Dust the armchair in the living area.,armchair,area,dust
00258-2Pc8W48bu21\tasks-island_0.json,34,2,Wipe the countertop in the kitchen area.,Wipe the countertop in the kitchen area.,countertop,area,wipe
00258-2Pc8W48bu21\tasks-island_0.json,36,2,Realign the armchair in the study area.,Align the armchair in the study area.,armchair,area,align
00258-2Pc8W48bu21\tasks-island_0.json,37,3,Grab a can from the pantry area.,Pick up the can from the pantry area.,can,area,pick_up
00258-2Pc8W48bu21\tasks-island_0.json,38,3,Mount the picture in the kitchen area.,Plug in the picture in the kitchen area.,picture,area,plug_in
00258-2Pc8W48bu21\tasks-island_0.json,39,4,Set the book on the side table.,Place book on surface.,book,surface,place_on
00258-2Pc8W48bu21\tasks-island_0.json,42,4,Put the hairbrush away in the cabinet.,Store items in the cabinet.,cabinet,items,store
00258-2Pc8W48bu21\tasks-island_0.json,46,2,Arrange the plant in the corner.,Place plant in receptacle.,plant,receptacle,place_in
00258-2Pc8W48bu21\tasks-island_0.json,49,1,Move the painting to a new spot.,Carry the painting to the new spot.,painting,spot,carry
00258-2Pc8W48bu21\tasks-island_0.json,49,4,Arrange the vase on the cabinet.,Place vase on surface.,vase,surface,place_on
00258-2Pc8W48bu21\tasks-island_0.json,50,4,Set the tray on the table.,Place tray on surface.,tray,surface,place_on
00258-2Pc8W48bu21\tasks-island_0.json,51,1,Arrange the box neatly.,Place box on surface.,box,surface,place_on
00258-2Pc8W48bu21\tasks-island_0.json,56,5,Organize the items in the niche.,Place niche in receptacle.,niche,receptacle,place_in
00258-2Pc8W48bu21\tasks-island_0.json,58,3,Organize the books in the cabinet.,Place cabinet in receptacle.,cabinet,receptacle,place_in
00258-2Pc8W48bu21\tasks-island_0.json,69,3,Arrange the shelving.,Place shelving on surface.,shelving,surface,place_on
00258-2Pc8W48bu21\tasks-island_0.json,70,4,Arrange the poster.,Place poster on surface.,poster,surface,place_on
00258-2Pc8W48bu21\tasks-island_0.json,77,2,Position the vase.,Place vase on surface.,vase,surface,place_on
00258-2Pc8W48bu21\tasks-island_0.json,78,5,Set the tray.,Place tray on surface.,tray,surface,place_on
00258-2Pc8W48bu21\tasks-island_0.json,85,2,Set the plate.,Place plate on surface.,plate,surface,place_on
00258-2Pc8W48bu21\tasks-island_0.json,85,3,Arrange the bowl.,Place bowl on surface.,bowl,surface,place_on
00258-2Pc8W48bu21\tasks-island_0.json,94,3,Arrange the vase.,Place vase on surface.,vase,surface,place_on
00258-2Pc8W48bu21\tasks-island_0.json,101,4,Set the plate.,Place plate on surface.,plate,surface,place_on
00258-2Pc8W48bu21\tasks-island_0.json,111,2,Arrange the cabinet.,Place cabinet on surface.,cabinet,surface,place_on
00258-2Pc8W48bu21\tasks-island_0.json,127,4,Set the decorative item.,Place items on the decor.,decor,items,place_on
00258-2Pc8W48bu21\tasks-island_0.json,134,4,Arrange the wine bottle.,Place wine bottle on surface.,wine_bottle,surface,place_on
00258-2Pc8W48bu21\tasks-island_0.json,141,3,Wipe down the table in the dining area.,Wipe the table in the dining area.,table,area,wipe
00258-2Pc8W48bu21\tasks-island_0.json,146,1,Sort the items in the bag.,Place bag in receptacle.,bag,receptacle,place_in
00258-2Pc8W48bu21\tasks-island_0.json,147,2,Arrange the books on the desk.,Place book on surface.,book,surface,place_on
00258-2Pc8W48bu21\tasks-island_0.json,148,5,Set the tray on the coffee table.,Place tray on surface.,tray,surface,place_on
00258-2Pc8W48bu21\tasks-island_0.json,151,4,Sort the items in the niche.,Place niche in receptacle.,niche,receptacle,place_in
00258-2Pc8W48bu21\tasks-island_0.json,152,2,Wipe the sink in the laundry area.,Wipe the sink in the laundry area.,sink,area,wipe
00258-2Pc8W48bu21\tasks-island_0.json,152,4,Arrange the toothbrush on the vanity.,Place toothbrush on surface.,toothbrush,surface,place_on
00258-2Pc8W48bu21\tasks-island_0.json,156,1,Pick up the bowl from the dining area.,Pick up the bowl from the dining area.,bowl,area,pick_up
00258-2Pc8W48bu21\tasks-island_0.json,158,3,Set the wine bottle on the counter.,Place wine bottle on surface.,wine_bottle,surface,place_on
00258-2Pc8W48bu21\tasks-island_0.json,160,5,Set the tray for tea in the kitchen.,Place tray in receptacle.,tray,receptacle,place_in
00258-2Pc8W48bu21\tasks-island_0.json,164,5,Wipe the sink in the laundry area.,Wipe the sink in the laundry area.,sink,area,wipe
00258-2Pc8W48bu21\tasks-island_0.json,165,2,Dust the painting in the dining area.,Dust the painting in the dining area.,painting,area,dust
00258-2Pc8W48bu21\tasks-island_0.json,166,2,Sort the laundry in the bag.,Place bag in receptacle.,bag,receptacle,place_in
00258-2Pc8W48bu21\tasks-island_0.json,168,5,Wipe the table in the dining area.,Wipe the table in the dining area.,table,area,wipe
00258-2Pc8W48bu21\tasks-island_0.json,171,5,Set the tray on the table.,Place tray on surface.,tray,surface,place_on
00258-2Pc8W48bu21\tasks-island_0.json,172,7,Set the plate on the dining table.,Place plate on surface.,plate,surface,place_on
00258-2Pc8W48bu21\tasks-island_0.json,187,7,Position the decor.,Place decor on surface.,decor,surface,place_on
00258-2Pc8W48bu21\tasks-island_0.json,190,3,Position the lamp.,Place lamp on surface.,lamp,surface,place_on
00258-2Pc8W48bu21\tasks-island_0.json,193,3,Arrange the book.,Place book on surface.,book,surface,place_on
00258-2Pc8W48bu21\tasks-island_0.json,193,6,Position the lamp.,Place lamp on surface.,lamp,surface,place_on
00258-2Pc8W48bu21\tasks-island_0.json,197,6,Position the decor.,Place decor on surface.,decor,surface,place_on
00258-2Pc8W48bu21\tasks-island_0.json,198,2,Set the plate.,Place plate on surface.,plate,surface,place_on
00258-2Pc8W48bu21\tasks-island_0.json,200,4,Position the lamp.,Place lamp on surface.,lamp,surface,place_on
00258-2Pc8W48bu21\tasks-island_0.json,205,6,Position the lamp.,Place lamp on surface.,lamp,surface,place_on
00262-1xGrZPxG1Hz\tasks-island_1.json,2,4,Move the chair to a cooler spot.,Reposition the chair to the cooler spot.,chair,spot,reposition
00262-1xGrZPxG1Hz\tasks-island_1.json,14,2,Wipe down the mirror in the dressing area.,Wipe the mirror in the dressing area.,mirror,area,wipe
00262-1xGrZPxG1Hz\tasks-island_1.json,17,2,Move the ladder to its storage spot.,Reposition the ladder to the storage spot.,ladder,spot,reposition
00262-1xGrZPxG1Hz\tasks-island_1.json,22,1,Turn on the floor lamp in the bathroom area.,Turn on the floor lamp in the bathroom area.,floor lamp,area,turn_on
00262-1xGrZPxG1Hz\tasks-island_1.json,37,2,Arrange the toothbrush.,Place toothbrush on surface.,toothbrush,surface,place_on
00262-1xGrZPxG1Hz\tasks-island_1.json,38,4,Set the pillow.,Place pillow on surface.,pillow,surface,place_on
00262-1xGrZPxG1Hz\tasks-island_1.json,38,6,Arrange the basket of towels.,Place basket of towels on surface.,basket of towels,surface,place_on
00262-1xGrZPxG1Hz\tasks-island_1.json,41,5,Set aside the pillow.,Place pillow on surface.,pillow,surface,place_on
00262-1xGrZPxG1Hz\tasks-island_1.json,45,1,Fold the clothes on the iron board.,Place iron board on surface.,iron board,surface,place_on
00263-GGBvSFddQgs\tasks-island_1.json,0,1,Wipe the spa bench in the spa area.,Wipe the spa bench in the spa area.,spa bench,area,wipe
00263-GGBvSFddQgs\tasks-island_1.json,0,2,Fold the towel near the living area.,Fold the towel near the living area.,towel,area,fold
00263-GGBvSFddQgs\tasks-island_1.json,3,2,Arrange the sofa set.,Place sofa set on surface.,sofa set,surface,place_on
00263-GGBvSFddQgs\tasks-island_1.json,6,3,Arrange the sofa set.,Place sofa set on surface.,sofa set,surface,place_on
00263-GGBvSFddQgs\tasks-island_1.json,10,2,Place items in the storage bin.,Place items in the storage bin.,storage bin,items,place_in
00263-GGBvSFddQgs\tasks-island_1.json,10,3,Fluff the pillows on the sofa set.,Fluff items on the sofa set.,sofa set,items,fluff
00263-GGBvSFddQgs\tasks-island_1.json,16,3,Arrange the sofa set.,Place sofa set on surface.,sofa set,surface,place_on
00263-GGBvSFddQgs\tasks-island_1.json,24,5,Arrange the sofa set.,Place sofa set on surface.,sofa set,surface,place_on
00263-GGBvSFddQgs\tasks-island_1.json,27,5,Arrange the items in the chest of drawers.,Place chest of drawers in receptacle.,chest of drawers,receptacle,place_in
00263-GGBvSFddQgs\tasks-island_1.json,33,3,Arrange the shelf cubby.,Place shelf cubby in receptacle.,shelf cubby,receptacle,place_in
00263-GGBvSFddQgs\tasks-island_2.json,5,2,Hang the shirt on the clothes hanger.,Hang items on the clothes hanger.,clothes hanger,items,hang
00263-GGBvSFddQgs\tasks-island_2.json,5,3,Arrange the chest of drawers.,Place chest of drawers on surface.,chest of drawers,surface,place_on
00263-GGBvSFddQgs\tasks-island_2.json,10,4,Arrange the chest of drawers.,Place chest of drawers on surface.,chest of drawers,surface,place_on
00263-GGBvSFddQgs\tasks-island_2.json,29,3,Arrange the easy chair.,Place easy chair on surface.,easy chair,surface,place_on
00263-GGBvSFddQgs\tasks-island_2.json,46,4,Hang the clothes in the wardrobe.,Hang items in the wardrobe.,wardrobe,items,hang
00263-GGBvSFddQgs\tasks-island_2.json,53,3,Arrange the easy chair.,Place easy chair on surface.,easy chair,surface,place_on
00263-GGBvSFddQgs\tasks-island_2.json,58,4,Hang coats on the coat rack.,Hang items on the coat rack.,coat rack,items,hang
00263-GGBvSFddQgs\tasks-island_2.json,60,3,Arrange the vase.,Place vase on surface.,vase,surface,place_on
00263-GGBvSFddQgs\tasks-island_2.json,69,3,Arrange the easy chair.,Place easy chair on surface.,easy chair,surface,place_on
00263-GGBvSFddQgs\tasks-island_2.json,86,2,Hang the clothes on the coat rack.,Hang items on the coat rack.,coat rack,items,hang
00263-GGBvSFddQgs\tasks-island_2.json,87,2,Arrange the easy chair.,Place easy chair on surface.,easy chair,surface,place_on
00263-GGBvSFddQgs\tasks-island_2.json,90,5,Arrange the chest of drawers.,Place chest of drawers on surface.,chest of drawers,surface,place_on
00263-GGBvSFddQgs\tasks-island_2.json,93,2,Arrange the clothes hanger.,Place clothes hanger on surface.,clothes hanger,surface,place_on
00263-GGBvSFddQgs\tasks-island_2.json,94,4,Arrange the chair.,Place easy chair on surface.,easy chair,surface,place_on
00263-GGBvSFddQgs\tasks-island_2.json,97,5,Arrange the wardrobe.,Place wardrobe on surface.,wardrobe,surface,place_on
00263-GGBvSFddQgs\tasks-island_2.json,102,2,Arrange the easy chair.,Place easy chair on surface.,easy chair,surface,place_on
00263-GGBvSFddQgs\tasks-island_2.json,103,1,Arrange the decorative plant.,Place decorative plant on surface.,decorative plant,surface,place_on
00263-GGBvSFddQgs\tasks-island_2.json,117,6,Arrange the easy chair.,Place easy chair on surface.,easy chair,surface,place_on
00263-GGBvSFddQgs\tasks-island_2.json,123,2,Hang the robe on the coat rack.,Hang items on the coat rack.,coat rack,items,hang
00263-GGBvSFddQgs\tasks-island_2.json,123,4,Position the easy chair.,Place easy chair in receptacle.,easy chair,receptacle,place_in
00263-GGBvSFddQgs\tasks-island_2.json,128,5,Set the handbag.,Place handbag on surface.,handbag,surface,place_on
00263-GGBvSFddQgs\tasks-island_2.json,136,6,Arrange the easy chair.,Place easy chair on surface.,easy chair,surface,place_on
00263-GGBvSFddQgs\tasks-island_2.json,143,1,Pack clothes in the wardrobe.,Load items into the wardrobe.,wardrobe,items,load
00263-GGBvSFddQgs\tasks-island_2.json,143,2,Hang a jacket on the coat rack.,Hang items on the coat rack.,coat rack,items,hang
00263-GGBvSFddQgs\tasks-island_2.json,149,6,Hang clothes on the coat rack.,Hang items on the coat rack.,coat rack,items,hang
00263-GGBvSFddQgs\tasks-island_2.json,151,2,Arrange the book.,Place book on surface.,book,surface,place_on
00263-GGBvSFddQgs\tasks-island_2.json,157,3,Hang the robe on the coat rack.,Hang items on the coat rack.,coat rack,items,hang
00263-GGBvSFddQgs\tasks-island_2.json,163,4,Hang coats on the coat rack.,Hang items on the coat rack.,coat rack,items,hang
00263-GGBvSFddQgs\tasks-island_2.json,165,3,Put away clothes in the wardrobe.,Store items in the wardrobe.,wardrobe,items,store
00263-GGBvSFddQgs\tasks-island_2.json,165,6,Arrange the decorative plant.,Place decorative plant on surface.,decorative plant,surface,place_on
00263-GGBvSFddQgs\tasks-island_2.json,171,4,Arrange the decorative plant.,Place decorative plant on surface.,decorative plant,surface,place_on
00263-GGBvSFddQgs\tasks-island_2.json,172,4,Put away clothes in the wardrobe.,Store items in the wardrobe.,wardrobe,items,store
00263-GGBvSFddQgs\tasks-island_2.json,173,7,Arrange the vase.,Place vase on surface.,vase,surface,place_on
00263-GGBvSFddQgs\tasks-island_2.json,174,6,Put away clothes in the wardrobe.,Store items in the wardrobe.,wardrobe,items,store
00263-GGBvSFddQgs\tasks-island_2.json,177,1,Arrange the easy chair.,Place easy chair on surface.,easy chair,surface,place_on
00263-GGBvSFddQgs\tasks-island_2.json,179,5,Arrange the decorative plant.,Place decorative plant on surface.,decorative plant,surface,place_on
00263-GGBvSFddQgs\tasks-island_2.json,180,5,Put away clothes in the wardrobe.,Store items in the wardrobe.,wardrobe,items,store
00263-GGBvSFddQgs\tasks-island_2.json,181,6,Put away clothes in the wardrobe.,Store items in the wardrobe.,wardrobe,items,store
00263-GGBvSFddQgs\tasks-island_2.json,184,7,Put away clothes in the wardrobe.,Store items in the wardrobe.,wardrobe,items,store
00269-JNiWU5TZLtt\tasks-island_0.json,7,2,Replace the batteries in the mouse.,Place items in the mouse.,mouse,items,place_in
00269-JNiWU5TZLtt\tasks-island_0.json,12,1,Arrange the beanbag.,Place beanbag on surface.,beanbag,surface,place_on
00269-JNiWU5TZLtt\tasks-island_0.json,39,1,Arrange the beanbag.,Place beanbag in receptacle.,beanbag,receptacle,place_in
00269-JNiWU5TZLtt\tasks-island_0.json,48,4,Arrange the book rack.,Place book rack on surface.,book rack,surface,place_on
00269-JNiWU5TZLtt\tasks-island_0.json,50,3,Position the sculpture.,Place sculpture on surface.,sculpture,surface,place_on
00269-JNiWU5TZLtt\tasks-island_0.json,50,4,Arrange the ornament.,Place ornament on surface.,ornament,surface,place_on
00269-JNiWU5TZLtt\tasks-island_0.json,53,3,Arrange the beanbag.,Place beanbag on surface.,beanbag,surface,place_on
00269-JNiWU5TZLtt\tasks-island_0.json,61,2,Position the keyboard.,Place keyboard on surface.,keyboard,surface,place_on
00269-JNiWU5TZLtt\tasks-island_0.json,63,5,Put the jacket on the rack.,Place items on the clothes hanger.,clothes hanger,items,place_on
00269-JNiWU5TZLtt\tasks-island_0.json,65,5,Arrange the beanbag.,Place beanbag on surface.,beanbag,surface,place_on
00269-JNiWU5TZLtt\tasks-island_0.json,68,3,Position the ornament.,Place ornament on surface.,ornament,surface,place_on
00269-JNiWU5TZLtt\tasks-island_0.json,68,4,Arrange the plant.,Place plant on surface.,plant,surface,place_on
00269-JNiWU5TZLtt\tasks-island_0.json,71,1,Replace the bulb in the lamp.,Place items in the lamp.,lamp,items,place_in
00269-JNiWU5TZLtt\tasks-island_0.json,73,4,Position the monitor.,Place monitor on surface.,monitor,surface,place_on
00269-JNiWU5TZLtt\tasks-island_0.json,76,3,Rearrange the flower vase.,Place flower vase on surface.,flower vase,surface,place_on
00269-JNiWU5TZLtt\tasks-island_0.json,79,4,Arrange the beanbag.,Place beanbag on surface.,beanbag,surface,place_on
00269-JNiWU5TZLtt\tasks-island_0.json,86,3,Rearrange the flower vase.,Place flower vase on surface.,flower vase,surface,place_on
00269-JNiWU5TZLtt\tasks-island_0.json,93,4,Turn on the lamp in the seating area.,Turn on the lamp in the seating area.,lamp,area,turn_on
00269-JNiWU5TZLtt\tasks-island_0.json,97,3,Arrange the flower vase neatly.,Place flower vase on surface.,flower vase,surface,place_on
00269-JNiWU5TZLtt\tasks-island_0.json,97,5,Move the stand to a sunnier spot.,Carry the stand to the sunnier spot.,stand,spot,carry
00269-JNiWU5TZLtt\tasks-island_0.json,103,1,Arrange the beanbags for seating.,Place beanbag on surface.,beanbag,surface,place_on
00269-JNiWU5TZLtt\tasks-island_0.json,109,3,Move the plant to a different spot.,Carry the plant to the different spot.,plant,spot,carry
00269-JNiWU5TZLtt\tasks-island_0.json,111,5,Put loose items into the box.,Place loose items in the box.,box,items,place_in
00269-JNiWU5TZLtt\tasks-island_0.json,113,3,Put the folded items in the cabinet.,Place the folded items in the cabinet.,cabinet,items,place_in
00269-JNiWU5TZLtt\tasks-island_0.json,114,2,Move the partition to create a private area.,Carry the partition to create a private area.,partition,area,carry
00269-JNiWU5TZLtt\tasks-island_0.json,118,1,Get the wrench from the tool area.,Pick up the wrench from the tool area.,wrench,area,pick_up
00269-JNiWU5TZLtt\tasks-island_0.json,120,5,Wipe the table in the meeting area.,Wipe the table in the meeting area.,table,area,wipe
00269-JNiWU5TZLtt\tasks-island_0.json,122,2,Fluff the pillows on the couch.,Fluff items on the couch.,couch,items,fluff
00269-JNiWU5TZLtt\tasks-island_0.json,131,2,Refill the paper in the printer.,Use the printer to load items.,printer,items,load
00269-JNiWU5TZLtt\tasks-island_0.json,131,5,Position the keyboard correctly.,Place keyboard on surface.,keyboard,surface,place_on
00269-JNiWU5TZLtt\tasks-island_0.json,133,4,Fluff the pillows on the couch.,Fluff items on the couch.,couch,items,fluff
00269-JNiWU5TZLtt\tasks-island_0.json,133,5,Dust the shelf in the living area.,Dust the shelf in the living area.,shelf,area,dust
00269-JNiWU5TZLtt\tasks-island_0.json,135,1,Arrange the clothes hanger in the closet.,Place clothes hanger in receptacle.,clothes hanger,receptacle,place_in
00269-JNiWU5TZLtt\tasks-island_0.json,136,3,Secure the loose board with the hammer.,Place items in the hammer.,hammer,items,place_in
00269-JNiWU5TZLtt\tasks-island_0.json,138,2,Move the mouse to a comfortable spot.,Carry the mouse to the comfortable spot.,mouse,spot,carry
00269-JNiWU5TZLtt\tasks-island_0.json,139,2,Arrange the flower vase in the lounge.,Place flower vase in receptacle.,flower vase,receptacle,place_in
00269-JNiWU5TZLtt\tasks-island_0.json,141,4,Arrange the magazines on the table.,Place magazine on surface.,magazine,surface,place_on
00269-JNiWU5TZLtt\tasks-island_0.json,148,5,Move the chair to a more open area.,Reposition the chair to the more open area.,chair,area,reposition
00269-JNiWU5TZLtt\tasks-island_0.json,151,1,Arrange the beanbag for the best view.,Place beanbag in receptacle.,beanbag,receptacle,place_in
00269-JNiWU5TZLtt\tasks-island_0.json,151,5,Set the cup on the coaster.,Place cup in receptacle.,cup,receptacle,place_in
00269-JNiWU5TZLtt\tasks-island_0.json,153,3,Arrange the ornament next to it.,Place ornament on surface.,ornament,surface,place_on
00269-JNiWU5TZLtt\tasks-island_0.json,153,4,Position the lamp to highlight the display.,Place lamp on surface.,lamp,surface,place_on
00269-JNiWU5TZLtt\tasks-island_0.json,155,5,Organize the tools back on the rack.,Place rack in receptacle.,rack,receptacle,place_in
00269-JNiWU5TZLtt\tasks-island_0.json,156,2,Organize the equipment on the stand.,Place stand on surface.,stand,surface,place_on
00269-JNiWU5TZLtt\tasks-island_0.json,157,4,Arrange the items on the rack.,Place rack on surface.,rack,surface,place_on
00269-JNiWU5TZLtt\tasks-island_0.json,160,2,Organize the books on the shelf.,Place shelf on surface.,shelf,surface,place_on
00269-JNiWU5TZLtt\tasks-island_0.json,163,3,Arrange the plant stand.,Place stand on surface.,stand,surface,place_on
00269-JNiWU5TZLtt\tasks-island_0.json,170,5,Organize the items on the stand.,Place stand in receptacle.,stand,receptacle,place_in
00269-JNiWU5TZLtt\tasks-island_0.json,171,2,Arrange the beanbag for reading.,Place beanbag in receptacle.,beanbag,receptacle,place_in
00269-JNiWU5TZLtt\tasks-island_0.json,173,2,Arrange the clothes hanger properly.,Place clothes hanger on surface.,clothes hanger,surface,place_on
00269-JNiWU5TZLtt\tasks-island_0.json,185,7,Arrange the beanbag neatly.,Place beanbag on surface.,beanbag,surface,place_on
00269-JNiWU5TZLtt\tasks-island_0.json,187,7,Set the ornament on the shelf.,Place ornament on surface.,ornament,surface,place_on
00269-JNiWU5TZLtt\tasks-island_0.json,190,2,Place the pot on the surface.,Place the pot on the surface.,pot,surface,place_on
00269-JNiWU5TZLtt\tasks-island_0.json,197,5,Arrange the beanbag.,Place beanbag on surface.,beanbag,surface,place_on
00269-JNiWU5TZLtt\tasks-island_0.json,202,6,Position the flower vase.,Place flower vase on surface.,flower vase,surface,place_on
00269-JNiWU5TZLtt\tasks-island_0.json,204,1,Arrange the beanbag.,Place beanbag on surface.,beanbag,surface,place_on
00269-JNiWU5TZLtt\tasks-island_0.json,204,7,Set the jar on the table.,Place jar on surface.,jar,surface,place_on
00269-JNiWU5TZLtt\tasks-island_0.json,224,1,Arrange the book rack.,Place book rack on surface.,book rack,surface,place_on
00269-JNiWU5TZLtt\tasks-island_0.json,233,3,Arrange the beanbag.,Place beanbag on surface.,beanbag,surface,place_on
00269-JNiWU5TZLtt\tasks-island_0.json,236,7,Arrange the clothes hanger.,Place clothes hanger on surface.,clothes hanger,surface,place_on
00269-JNiWU5TZLtt\tasks-island_0.json,239,3,Arrange the book rack.,Place book rack on surface.,book rack,surface,place_on
00269-JNiWU5TZLtt\tasks-island_0.json,243,1,Arrange the beanbag.,Place beanbag in receptacle.,beanbag,receptacle,place_in
00272-kA2nG18hCAr\tasks-island_0.json,7,1,Arrange the bookshelf.,Place bookshelf on surface.,bookshelf,surface,place_on
00272-kA2nG18hCAr\tasks-island_0.json,8,1,Set the plate on the table.,Place plate on surface.,plate,surface,place_on
00272-kA2nG18hCAr\tasks-island_0.json,12,3,Hang the clothes in the wardrobe.,Hang items in the wardrobe.,wardrobe,items,hang
00272-kA2nG18hCAr\tasks-island_0.json,19,1,Set the plate on the table.,Place plate on surface.,plate,surface,place_on
00272-kA2nG18hCAr\tasks-island_0.json,25,4,Bring the pitcher to the dining area.,Carry the pitcher to the dining area.,pitcher,area,carry
00272-kA2nG18hCAr\tasks-island_0.json,27,2,Hang a fresh towel on the towel bar.,Hang items on the towel bar.,towel bar,items,hang
00272-kA2nG18hCAr\tasks-island_0.json,38,2,Arrange the flower.,Place flower on surface.,flower,surface,place_on
00272-kA2nG18hCAr\tasks-island_0.json,41,4,Hang them on the rack.,Hang items on the rack.,rack,items,hang
00272-kA2nG18hCAr\tasks-island_0.json,48,5,Organize the cleaning supplies on the shelf.,Place shelf on surface.,shelf,surface,place_on
00272-kA2nG18hCAr\tasks-island_0.json,49,2,Adjust the seat on the exercise bike.,Place exercise bike on surface.,exercise bike,surface,place_on
00272-kA2nG18hCAr\tasks-island_0.json,51,2,Straighten the cushions on the couch.,Straighten items on the couch.,couch,items,straighten
00272-kA2nG18hCAr\tasks-island_0.json,51,4,Arrange the books on the bookshelf.,Place bookshelf on surface.,bookshelf,surface,place_on
00272-kA2nG18hCAr\tasks-island_0.json,52,4,Apply paste to the toothbrush.,Place items on the toothbrush.,toothbrush,items,place_on
00272-kA2nG18hCAr\tasks-island_0.json,53,4,Organize the items in the kitchen cabinet.,Place kitchen cabinet in receptacle.,kitchen cabinet,receptacle,place_in
00272-kA2nG18hCAr\tasks-island_0.json,56,1,Load the dirty dishes into the dishwasher.,Load items into the dishwasher.,dishwasher,items,load
00272-kA2nG18hCAr\tasks-island_0.json,56,4,Organize the knives in the knife holder.,Place knife holder in receptacle.,knife holder,receptacle,place_in
00272-kA2nG18hCAr\tasks-island_0.json,59,1,Pack essentials into the backpack.,Load items into the backpack.,backpack,items,load
00272-kA2nG18hCAr\tasks-island_0.json,60,5,Turn on the chandelier in the dining area.,Turn on the chandelier in the dining area.,chandelier,area,turn_on
00272-kA2nG18hCAr\tasks-island_0.json,64,1,Position the monitor on the desk.,Place monitor on surface.,monitor,surface,place_on
00272-kA2nG18hCAr\tasks-island_0.json,65,4,Wipe the floor mat near the feeding area.,Wipe the floor mat near the feeding area.,floor mat,area,wipe
00272-kA2nG18hCAr\tasks-island_0.json,68,4,Arrange the photo on the bedside table.,Place photo on surface.,photo,surface,place_on
00272-kA2nG18hCAr\tasks-island_0.json,71,2,Arrange the storage rack.,Place rack on surface.,rack,surface,place_on
00272-kA2nG18hCAr\tasks-island_0.json,72,3,Set a plate on the counter.,Place plate on surface.,plate,surface,place_on
00272-kA2nG18hCAr\tasks-island_0.json,77,4,Rearrange the equipment rack.,Place rack on surface.,rack,surface,place_on
00272-kA2nG18hCAr\tasks-island_0.json,81,1,Move the suitcase to the storage area.,Carry the suitcase to the storage area.,suitcase,area,carry
00272-kA2nG18hCAr\tasks-island_0.json,89,2,Position the monitor correctly.,Place monitor on surface.,monitor,surface,place_on
00272-kA2nG18hCAr\tasks-island_0.json,96,1,Carry the clothes from the laundry area.,Carry the clothes from the laundry area.,clothes,area,carry
00272-kA2nG18hCAr\tasks-island_0.json,96,2,Hang the items with the hanging clothes.,Hang items on the hanging clothes.,hanging clothes,items,hang
00272-kA2nG18hCAr\tasks-island_0.json,96,3,Arrange the hat on the shelf.,Place hat on surface.,hat,surface,place_on
00272-kA2nG18hCAr\tasks-island_0.json,99,1,Bring the plate to the dining area.,Carry the plate to the dining area.,plate,area,carry
00272-kA2nG18hCAr\tasks-island_0.json,110,4,Set a plate for snacks.,Place plate on surface.,plate,surface,place_on
00272-kA2nG18hCAr\tasks-island_0.json,111,3,Position the keyboard correctly.,Place keyboard on surface.,keyboard,surface,place_on
00272-kA2nG18hCAr\tasks-island_0.json,115,1,Arrange the box on the pantry floor.,Place box on surface.,box,surface,place_on
00272-kA2nG18hCAr\tasks-island_0.json,117,2,Hang them in the wardrobe.,Hang items in the wardrobe.,wardrobe,items,hang
00272-kA2nG18hCAr\tasks-island_0.json,119,2,Arrange the items on the rack.,Place rack on surface.,rack,surface,place_on
00272-kA2nG18hCAr\tasks-island_0.json,127,4,Hang the towel on the towel bar.,Hang items on the towel bar.,towel bar,items,hang
00272-kA2nG18hCAr\tasks-island_0.json,128,6,Arrange the knife holder.,Place knife holder on surface.,knife holder,surface,place_on
00272-kA2nG18hCAr\tasks-island_0.json,133,2,Set the plate.,Place plate on surface.,plate,surface,place_on
00272-kA2nG18hCAr\tasks-island_0.json,133,6,Restock the refrigerator.,Place items in the refrigerator.,refrigerator,items,place_in
00272-kA2nG18hCAr\tasks-island_0.json,135,2,Arrange the rack.,Place rack on surface.,rack,surface,place_on
00272-kA2nG18hCAr\tasks-island_0.json,162,6,Arrange the bathroom accessory.,Place bathroom accessory on surface.,bathroom accessory,surface,place_on
00272-kA2nG18hCAr\tasks-island_0.json,171,3,Arrange the rack.,Place rack on surface.,rack,surface,place_on
00272-kA2nG18hCAr\tasks-island_0.json,180,4,Set the plate.,Place plate on surface.,plate,surface,place_on
00272-kA2nG18hCAr\tasks-island_0.json,191,5,Arrange the towels.,Place towel on surface.,towel,surface,place_on
00272-kA2nG18hCAr\tasks-island_0.json,193,1,Organize the clothes in the rack.,Place rack in receptacle.,rack,receptacle,place_in
00272-kA2nG18hCAr\tasks-island_0.json,194,5,Arrange the fireplace utensil.,Place fireplace utensil on surface.,fireplace utensil,surface,place_on
00272-kA2nG18hCAr\tasks-island_0.json,195,7,Arrange the keyboard.,Place keyboard in receptacle.,keyboard,receptacle,place_in
00272-kA2nG18hCAr\tasks-island_0.json,198,2,Set the plate.,Place plate on surface.,plate,surface,place_on
00272-kA2nG18hCAr\tasks-island_0.json,200,5,Arrange the basket of something.,Place basket of something on surface.,basket of something,surface,place_on
00272-kA2nG18hCAr\tasks-island_0.json,207,5,Arrange the basket of something.,Place basket of something on surface.,basket of something,surface,place_on
00272-kA2nG18hCAr\tasks-island_0.json,211,2,Set the plate.,Place plate on surface.,plate,surface,place_on
00272-kA2nG18hCAr\tasks-island_0.json,214,2,Set the bowl.,Place bowl on surface.,bowl,surface,place_on
00272-kA2nG18hCAr\tasks-island_0.json,215,4,Arrange the basket of something.,Place basket of something on surface.,basket of something,surface,place_on
00272-kA2nG18hCAr\tasks-island_0.json,219,2,Set the plate.,Place plate on surface.,plate,surface,place_on
00272-kA2nG18hCAr\tasks-island_0.json,222,6,Arrange the mouse.,Place mouse in receptacle.,mouse,receptacle,place_in
00272-kA2nG18hCAr\tasks-island_0.json,232,1,Put the clothes in the hamper.,Place items in the clothes_hamper.,clothes_hamper,items,place_in
00272-kA2nG18hCAr\tasks-island_0.json,238,4,Arrange the paper.,Place paper on surface.,paper,surface,place_on
00272-kA2nG18hCAr\tasks-island_0.json,239,6,Arrange the fireplace utensil.,Place fireplace utensil on surface.,fireplace utensil,surface,place_on
00272-kA2nG18hCAr\tasks-island_0.json,255,2,Position the treadmill.,Place treadmill on surface.,treadmill,surface,place_on
00272-kA2nG18hCAr\tasks-island_1.json,0,4,Move the cart to its storage spot.,Carry the cart to the storage spot.,cart,spot,carry
00272-kA2nG18hCAr\tasks-island_1.json,3,3,Arrange the basket.,Place basket on surface.,basket,surface,place_on
00272-kA2nG18hCAr\tasks-island_1.json,6,4,Set aside the ladder.,Place ladder on surface.,ladder,surface,place_on
00272-kA2nG18hCAr\tasks-island_1.json,13,5,Move the newspaper to clear the area.,Carry the newspaper to clear the area.,newspaper,area,carry
00272-kA2nG18hCAr\tasks-island_1.json,18,4,Place the bucket in a secure spot.,Place the bucket in a secure spot.,bucket,spot,place_in
00272-kA2nG18hCAr\tasks-island_1.json,24,3,Arrange the wreath.,Place wreath on surface.,wreath,surface,place_on
00272-kA2nG18hCAr\tasks-island_1.json,30,1,Position the ladder.,Place ladder on surface.,ladder,surface,place_on
00272-kA2nG18hCAr\tasks-island_1.json,33,4,Place items in the basket.,Place items in the basket.,basket,items,place_in
00272-kA2nG18hCAr\tasks-island_1.json,34,6,Position the ladder.,Place ladder on surface.,ladder,surface,place_on
00272-kA2nG18hCAr\tasks-island_1.json,39,5,Arrange the basket.,Place basket on surface.,basket,surface,place_on
00272-kA2nG18hCAr\tasks-island_1.json,45,3,Display the wreath.,Place wreath on surface.,wreath,surface,place_on
00294-PPTLa8SkUfo\tasks-island_0.json,0,4,Set the plate on the table.,Place plate on surface.,plate,surface,place_on
00294-PPTLa8SkUfo\tasks-island_0.json,2,2,Turn on the kitchen appliance light.,Turn on the kitchen appliance.,kitchen appliance,appliance,turn_on
00294-PPTLa8SkUfo\tasks-island_0.json,8,3,Position the elephant sculpture as a subject.,Place elephant sculpture on surface.,elephant sculpture,surface,place_on
00294-PPTLa8SkUfo\tasks-island_0.json,23,4,Arrange the candle holder.,Place candle holder on surface.,candle holder,surface,place_on
00294-PPTLa8SkUfo\tasks-island_0.json,31,4,Arrange the stuffed animal.,Place stuffed animal on surface.,stuffed animal,surface,place_on
00294-PPTLa8SkUfo\tasks-island_0.json,32,1,Arrange the sofa seat.,Place sofa seat on surface.,sofa seat,surface,place_on
00294-PPTLa8SkUfo\tasks-island_0.json,70,1,Arrange the hanging clothes.,Place hanging clothes on surface.,hanging clothes,surface,place_on
00294-PPTLa8SkUfo\tasks-island_0.json,75,4,Check the kitchen appliance.,Inspect the kitchen appliance.,kitchen appliance,appliance,inspect
00294-PPTLa8SkUfo\tasks-island_0.json,96,2,Arrange the sofa seat.,Place sofa seat on surface.,sofa seat,surface,place_on
00294-PPTLa8SkUfo\tasks-island_0.json,101,5,Clean the kitchen appliance.,Wipe kitchen appliance.,kitchen appliance,appliance,wipe
00294-PPTLa8SkUfo\tasks-island_0.json,103,1,Set the plate.,Place plate on surface.,plate,surface,place_on
00294-PPTLa8SkUfo\tasks-island_0.json,109,3,Set the plate.,Place plate on surface.,plate,surface,place_on
00294-PPTLa8SkUfo\tasks-island_0.json,114,1,Arrange the sofa seat.,Place sofa seat on surface.,sofa seat,surface,place_on
00294-PPTLa8SkUfo\tasks-island_0.json,114,4,Set the plate.,Place plate on surface.,plate,surface,place_on
00294-PPTLa8SkUfo\tasks-island_0.json,123,3,Get the toothbrush from the sink area.,Pick up the toothbrush from the sink area.,toothbrush,area,pick_up
00294-PPTLa8SkUfo\tasks-island_0.json,124,1,Take a pitcher from the dining area.,Pick up the pitcher from the dining area.,pitcher,area,pick_up
00294-PPTLa8SkUfo\tasks-island_0.json,124,2,Fill it at the refrigerator.,Use the refrigerator to fill a container.,refrigerator,container,fill
00294-PPTLa8SkUfo\tasks-island_0.json,124,6,Load the used items into the dishwasher.,Load items into the dishwasher.,dishwasher,items,load
00294-PPTLa8SkUfo\tasks-island_0.json,125,4,Organize the magazines on the side table.,Place side table on surface.,side table,surface,place_on
00294-PPTLa8SkUfo\tasks-island_0.json,126,1,Get the pliers from the laundry area.,Pick up the pliers from the laundry area.,pliers,area,pick_up
00294-PPTLa8SkUfo\tasks-island_0.json,133,1,Light the candle holder in the dining area.,Light the candle holder in the dining area.,candle holder,area,light
00294-PPTLa8SkUfo\tasks-island_0.json,134,5,Arrange the rocking chair.,Place rocking chair on surface.,rocking chair,surface,place_on
00294-PPTLa8SkUfo\tasks-island_0.json,136,4,Add it to the second laundry machine.,Place items on the laundry machine.,laundry machine,items,place_on
00294-PPTLa8SkUfo\tasks-island_0.json,141,1,Fluff the cushions on the couch.,Fluff items on the couch.,couch,items,fluff
00294-PPTLa8SkUfo\tasks-island_0.json,145,3,Set the shower curtain.,Place shower curtain on surface.,shower curtain,surface,place_on
00294-PPTLa8SkUfo\tasks-island_0.json,148,3,Arrange the elephant sculpture as a subject.,Place elephant sculpture on surface.,elephant sculpture,surface,place_on
00294-PPTLa8SkUfo\tasks-island_0.json,154,6,Set the cup on the table.,Place cup on surface.,cup,surface,place_on
00294-PPTLa8SkUfo\tasks-island_0.json,160,4,Set the plate on the table.,Place plate on surface.,plate,surface,place_on
00294-PPTLa8SkUfo\tasks-island_0.json,166,4,Wipe the kitchen appliance.,Wipe the kitchen appliance.,kitchen appliance,appliance,wipe
00294-PPTLa8SkUfo\tasks-island_0.json,167,4,Prepare some snacks on a plate.,Place items on the plate.,plate,items,place_on
00294-PPTLa8SkUfo\tasks-island_0.json,167,5,Set the pitcher on the table.,Place pitcher on surface.,pitcher,surface,place_on
00294-PPTLa8SkUfo\tasks-island_0.json,170,1,Set the chairs around the table.,Place items on the chair.,chair,items,place_on
00294-PPTLa8SkUfo\tasks-island_0.json,170,7,Arrange the candle holder.,Place candle holder on surface.,candle holder,surface,place_on
00294-PPTLa8SkUfo\tasks-island_0.json,176,7,Wipe the kitchen appliance.,Wipe the kitchen appliance.,kitchen appliance,appliance,wipe
00294-PPTLa8SkUfo\tasks-island_0.json,181,6,Arrange the folding chair.,Place folding chair on surface.,folding chair,surface,place_on
00294-PPTLa8SkUfo\tasks-island_0.json,185,3,Arrange the stuffed animal.,Place stuffed animal on surface.,stuffed animal,surface,place_on
00294-PPTLa8SkUfo\tasks-island_0.json,188,2,Arrange the rocking chair.,Place rocking chair on surface.,rocking chair,surface,place_on
00294-PPTLa8SkUfo\tasks-island_0.json,188,6,Set the cup on the coffee table.,Place cup on surface.,cup,surface,place_on
00294-PPTLa8SkUfo\tasks-island_0.json,193,5,Clean the kitchen appliance.,Wipe kitchen appliance.,kitchen appliance,appliance,wipe
00294-PPTLa8SkUfo\tasks-island_0.json,200,7,Arrange the folding chair.,Place folding chair on surface.,folding chair,surface,place_on
00294-PPTLa8SkUfo\tasks-island_0.json,209,2,Check the kitchen appliance.,Inspect the kitchen appliance.,kitchen appliance,appliance,inspect
00294-PPTLa8SkUfo\tasks-island_0.json,211,2,Arrange the folding chair.,Place folding chair on surface.,folding chair,surface,place_on
00294-PPTLa8SkUfo\tasks-island_0.json,238,1,Set the plate on the dining surface.,Place plate on surface.,plate,surface,place_on
00294-PPTLa8SkUfo\tasks-island_0.json,241,3,Position the statue.,Place statue on surface.,statue,surface,place_on
00294-PPTLa8SkUfo\tasks-island_0.json,252,5,Get the wrench from the tool area.,Pick up the wrench from the tool area.,wrench,area,pick_up
00294-PPTLa8SkUfo\tasks-island_0.json,256,6,Load the dishwasher with used items.,Load the dishwasher with the used items.,dishwasher,items,load
00294-PPTLa8SkUfo\tasks-island_0.json,257,4,Fold a towel from the stack of towels.,Fold items on the stack of towels.,stack of towels,items,fold
00294-PPTLa8SkUfo\tasks-island_0.json,261,6,Fluff the cushion on the armchair.,Fluff items on the armchair.,armchair,items,fluff
00294-PPTLa8SkUfo\tasks-island_0.json,266,6,Set items on the table.,Place items on the table.,table,items,place_on
00294-PPTLa8SkUfo\tasks-island_0.json,281,6,Set the plate of food.,Place plate of food on surface.,plate of food,surface,place_on
00294-PPTLa8SkUfo\tasks-island_3.json,1,1,Arrange the rocking chair.,Place rocking chair on surface.,rocking chair,surface,place_on
00294-PPTLa8SkUfo\tasks-island_3.json,3,4,Arrange the rocking chair.,Place rocking chair on surface.,rocking chair,surface,place_on
00294-PPTLa8SkUfo\tasks-island_3.json,7,3,Position the rocking chair.,Place rocking chair on surface.,rocking chair,surface,place_on
00294-PPTLa8SkUfo\tasks-island_3.json,18,3,Bring a magazine to the seating area.,Carry the magazine to the seating area.,magazine,area,carry
00294-PPTLa8SkUfo\tasks-island_3.json,20,4,Move the cushion to the storage area.,Carry the cushion to the storage area.,cushion,area,carry
00294-PPTLa8SkUfo\tasks-island_3.json,21,7,Arrange the magazine pile.,Place magazine on surface.,magazine,surface,place_on
00299-bdp1XNEdvmW\tasks-island_0.json,5,2,Move the stool to the work area.,Reposition the stool to the work area.,stool,area,reposition
00299-bdp1XNEdvmW\tasks-island_0.json,10,2,Get a kitchen countertop item.,Pick up the kitchen countertop item.,kitchen countertop item,item,pick_up
00299-bdp1XNEdvmW\tasks-island_0.json,17,2,Wipe the kitchen countertop item.,Wipe the kitchen countertop item.,kitchen countertop item,item,wipe
00299-bdp1XNEdvmW\tasks-island_0.json,17,3,Arrange the wine bottle on the shelf.,Place wine bottle on surface.,wine_bottle,surface,place_on
00299-bdp1XNEdvmW\tasks-island_0.json,17,4,Clean the kitchen appliance.,Wipe kitchen appliance.,kitchen appliance,appliance,wipe
00299-bdp1XNEdvmW\tasks-island_0.json,21,3,Arrange the box on the lower shelf.,Place box on surface.,box,surface,place_on
00299-bdp1XNEdvmW\tasks-island_0.json,23,3,Clean the appliance in the room.,Dust appliance.,appliance,appliance,dust
00299-bdp1XNEdvmW\tasks-island_0.json,25,2,Put items in the cabinet.,Place items in the cabinet.,cabinet,items,place_in
00299-bdp1XNEdvmW\tasks-island_0.json,25,5,Pack essentials into the backpack.,Load items into the backpack.,backpack,items,load
00299-bdp1XNEdvmW\tasks-island_0.json,31,1,Organize items on the shelf.,Place shelf on surface.,shelf,surface,place_on
00299-bdp1XNEdvmW\tasks-island_0.json,31,5,Arrange the keyboard.,Place keyboard on surface.,keyboard,surface,place_on
00299-bdp1XNEdvmW\tasks-island_0.json,36,4,Prepare snacks on the kitchen countertop items.,Place items on the kitchen countertop items.,kitchen countertop items,"items, items",place_on
00299-bdp1XNEdvmW\tasks-island_0.json,37,2,Place items on the shelf.,Place items on the shelf.,shelf,items,place_on
00299-bdp1XNEdvmW\tasks-island_0.json,42,3,Organize the kitchen appliance.,Straighten kitchen appliance.,kitchen appliance,appliance,straighten
00299-bdp1XNEdvmW\tasks-island_0.json,42,4,Clear the kitchen countertop item.,Wipe kitchen countertop item.,kitchen countertop item,item,wipe
00299-bdp1XNEdvmW\tasks-island_0.json,47,5,Arrange the keyboard.,Place keyboard on surface.,keyboard,surface,place_on
00299-bdp1XNEdvmW\tasks-island_0.json,55,5,Check the appliance.,Inspect the appliance.,appliance,appliance,inspect
00299-bdp1XNEdvmW\tasks-island_0.json,56,3,Set the tray.,Place tray on surface.,tray,surface,place_on
00299-bdp1XNEdvmW\tasks-island_0.json,57,3,Wipe the kitchen countertop item.,Wipe the kitchen countertop item.,kitchen countertop item,item,wipe
00299-bdp1XNEdvmW\tasks-island_0.json,57,4,Store items in the kitchen cabinet.,Place items in the kitchen cabinet.,kitchen cabinet,items,place_in
00299-bdp1XNEdvmW\tasks-island_0.json,61,2,Sort items on the shelf.,Place shelf on surface.,shelf,surface,place_on
00299-bdp1XNEdvmW\tasks-island_0.json,63,4,Wipe the appliance.,Wipe the appliance.,appliance,appliance,wipe
00299-bdp1XNEdvmW\tasks-island_0.json,71,4,Organize the books on the book rack.,Place book rack on surface.,book rack,surface,place_on
00299-bdp1XNEdvmW\tasks-island_0.json,74,1,Move the stool to the dining area.,Reposition the stool to the dining area.,stool,area,reposition
00299-bdp1XNEdvmW\tasks-island_0.json,75,3,Refill paper in the printer.,Use the printer to load items.,printer,items,load
00299-bdp1XNEdvmW\tasks-island_0.json,76,6,Put away glasses in the cabinet.,Store items in the cabinet.,cabinet,items,store
00299-bdp1XNEdvmW\tasks-island_0.json,77,2,Wipe the kitchen countertop item.,Wipe the kitchen countertop item.,kitchen countertop item,item,wipe
00299-bdp1XNEdvmW\tasks-island_0.json,90,4,Use the kitchen appliance.,Inspect the kitchen appliance.,kitchen appliance,appliance,inspect
00299-bdp1XNEdvmW\tasks-island_0.json,93,1,Organize the clothes on the shelf.,Place shelf on surface.,shelf,surface,place_on
00299-bdp1XNEdvmW\tasks-island_0.json,93,6,Put away clothes in the cabinet.,Store items in the cabinet.,cabinet,items,store
00299-bdp1XNEdvmW\tasks-island_0.json,98,1,Tidy the items on the shelf.,Place shelf on surface.,shelf,surface,place_on
00299-bdp1XNEdvmW\tasks-island_0.json,102,1,Position the ladder to hang decorations.,Place ladder on surface.,ladder,surface,place_on
00299-bdp1XNEdvmW\tasks-island_0.json,103,1,Arrange the clothes on the rack.,Place rack on surface.,rack,surface,place_on
00299-bdp1XNEdvmW\tasks-island_0.json,104,5,Place items on the dining table.,Place items on the dining table.,dining table,items,place_on
00299-bdp1XNEdvmW\tasks-island_0.json,107,7,Unplug the appliance.,Unplug the appliance.,appliance,appliance,unplug
00299-bdp1XNEdvmW\tasks-island_0.json,109,4,Move the board to the storage area.,Carry the board to the storage area.,board,area,carry
00299-bdp1XNEdvmW\tasks-island_0.json,110,4,Set the globe in the center.,Place globe in receptacle.,globe,receptacle,place_in
00299-bdp1XNEdvmW\tasks-island_0.json,123,5,Wipe down the kitchen appliance.,Wipe the kitchen appliance.,kitchen appliance,appliance,wipe
00299-bdp1XNEdvmW\tasks-island_0.json,126,7,Turn on the air conditioner in the gym area.,Turn on the air conditioner in the gym area.,air conditioner,area,turn_on
00299-bdp1XNEdvmW\tasks-island_0.json,129,7,Inspect the appliance for leaks.,Inspect the appliance.,appliance,appliance,inspect
00299-bdp1XNEdvmW\tasks-island_0.json,135,6,Check the appliance for loose wires.,Inspect the appliance.,appliance,appliance,inspect
00299-bdp1XNEdvmW\tasks-island_0.json,136,4,Wipe the kitchen appliance.,Wipe the kitchen appliance.,kitchen appliance,appliance,wipe
00304-X6Pct1msZv5\tasks-island_0.json,2,3,Organize items in a box.,Place box in receptacle.,box,receptacle,place_in
00304-X6Pct1msZv5\tasks-island_0.json,4,4,Move the container.,Carry the container.,container,container,carry
00304-X6Pct1msZv5\tasks-island_0.json,27,3,Fill the pan with water at the sink.,Use the sink to fill a container.,sink,container,fill
00304-X6Pct1msZv5\tasks-island_0.json,32,3,Organize the items on the rack.,Place rack on surface.,rack,surface,place_on
00304-X6Pct1msZv5\tasks-island_0.json,33,5,Place the extra items in the cabinet.,Place the extra items in the cabinet.,cabinet,items,place_in
00304-X6Pct1msZv5\tasks-island_0.json,38,5,Organize the magazines on the rack.,Place rack in receptacle.,rack,receptacle,place_in
00304-X6Pct1msZv5\tasks-island_0.json,42,3,Put the loose items into the storage box.,Place the loose items in the storage box.,box,items,place_in
00304-X6Pct1msZv5\tasks-island_0.json,48,5,Tidy the food container.,Straighten container.,container,container,straighten
00304-X6Pct1msZv5\tasks-island_0.json,52,4,Arrange the books on the rack.,Place rack on surface.,rack,surface,place_on
00304-X6Pct1msZv5\tasks-island_0.json,63,2,Set a bowl for snacks.,Place bowl on surface.,bowl,surface,place_on
00304-X6Pct1msZv5\tasks-island_0.json,73,4,Get a container for tea leaves.,Pick up the container.,container,container,pick_up
00304-X6Pct1msZv5\tasks-island_0.json,78,3,Arrange the towel.,Place towel on surface.,towel,surface,place_on
00304-X6Pct1msZv5\tasks-island_0.json,81,6,Arrange the towel.,Place towel on surface.,towel,surface,place_on
00304-X6Pct1msZv5\tasks-island_0.json,83,4,Arrange the towel.,Place towel on surface.,towel,surface,place_on
00304-X6Pct1msZv5\tasks-island_0.json,88,2,Organize documents near the printer.,Place printer in receptacle.,printer,receptacle,place_in
00304-X6Pct1msZv5\tasks-island_0.json,91,2,Arrange toiletries on the shelf.,Place shelf on surface.,shelf,surface,place_on
00304-X6Pct1msZv5\tasks-island_0.json,92,4,Pack essentials into the storage box.,Load items into the box.,box,items,load
00304-X6Pct1msZv5\tasks-island_0.json,97,1,Organize items on the shelf.,Place shelf on surface.,shelf,surface,place_on
00304-X6Pct1msZv5\tasks-island_0.json,97,4,Tidy the toys on the rack.,Place rack on surface.,rack,surface,place_on
00304-X6Pct1msZv5\tasks-island_0.json,99,4,Arrange the flowers in the vase.,Place vase in receptacle.,vase,receptacle,place_in
00304-X6Pct1msZv5\tasks-island_0.json,101,2,Organize printed sheets near the printer.,Place printer in receptacle.,printer,receptacle,place_in
00304-X6Pct1msZv5\tasks-island_0.json,101,4,Arrange folders on the rack.,Place rack on surface.,rack,surface,place_on
00304-X6Pct1msZv5\tasks-island_0.json,104,5,Refill the watering can at the tap.,Use the tap to fill a container.,tap,container,fill
00304-X6Pct1msZv5\tasks-island_0.json,111,1,Organize the items on the rack.,Place rack on surface.,rack,surface,place_on
00304-X6Pct1msZv5\tasks-island_0.json,114,7,Store extra items in the box.,Place extra items in the box.,box,items,place_in
00304-X6Pct1msZv5\tasks-island_0.json,116,4,Turn on the tap to soak items.,Turn on the tap to soak items.,tap,items,turn_on
00304-X6Pct1msZv5\tasks-island_0.json,116,6,Sort the clean items into the box.,Place box in receptacle.,box,receptacle,place_in
00304-X6Pct1msZv5\tasks-island_0.json,117,5,Open the container of flour.,Open the container.,container,container,open
00304-X6Pct1msZv5\tasks-island_0.json,119,2,Place items into the storage box.,Place items in the storage box.,box,items,place_in
00304-X6Pct1msZv5\tasks-island_0.json,124,1,Rearrange items in the cabinet.,Place cabinet in receptacle.,cabinet,receptacle,place_in
00304-X6Pct1msZv5\tasks-island_0.json,124,4,Organize the items on the rack.,Place rack on surface.,rack,surface,place_on
00304-X6Pct1msZv5\tasks-island_0.json,126,2,Reposition the vase.,Place vase on surface.,vase,surface,place_on
00304-X6Pct1msZv5\tasks-island_0.json,130,6,Close the container lid.,Close the container.,container,container,close
00304-X6Pct1msZv5\tasks-island_0.json,137,3,Arrange the plush toy.,Place plush toy on surface.,plush toy,surface,place_on
00304-X6Pct1msZv5\tasks-island_0.json,139,5,Wipe the container.,Wipe the container.,container,container,wipe
00304-X6Pct1msZv5\tasks-island_0.json,141,2,Arrange the flowerpot.,Place flowerpot on surface.,flowerpot,surface,place_on
00304-X6Pct1msZv5\tasks-island_0.json,141,3,Place items in the box.,Place items in the box.,box,items,place_in
00304-X6Pct1msZv5\tasks-island_0.json,144,1,Arrange the flowerpot.,Place flowerpot on surface.,flowerpot,surface,place_on
00304-X6Pct1msZv5\tasks-island_0.json,145,2,Position the lamp.,Place lamp on surface.,lamp,surface,place_on
00304-X6Pct1msZv5\tasks-island_0.json,146,1,Arrange the plush toy.,Place plush toy on surface.,plush toy,surface,place_on
00304-X6Pct1msZv5\tasks-island_0.json,149,6,Put away the container.,Store the container.,container,container,store
00304-X6Pct1msZv5\tasks-island_0.json,154,5,Position the cellular telephone.,Place cellular telephone on surface.,cellular_telephone,surface,place_on
00304-X6Pct1msZv5\tasks-island_0.json,156,2,Arrange the flowerpot.,Place flowerpot on surface.,flowerpot,surface,place_on
00307-vDfkYo5VqEQ\tasks-island_0.json,3,2,Load paper into the printer.,Load items into the printer.,printer,items,load
00307-vDfkYo5VqEQ\tasks-island_0.json,8,2,Fill it at the tap.,Use the tap to fill a container.,tap,container,fill
00307-vDfkYo5VqEQ\tasks-island_0.json,12,3,Turn off the appliance.,Turn off the appliance.,appliance,appliance,turn_off
00307-vDfkYo5VqEQ\tasks-island_0.json,20,3,Set the flower vase in the center.,Place flower vase in receptacle.,flower vase,receptacle,place_in
00307-vDfkYo5VqEQ\tasks-island_0.json,31,2,Hang the towel on the towel bar.,Hang items on the towel bar.,towel bar,items,hang
00307-vDfkYo5VqEQ\tasks-island_0.json,31,5,Arrange the hairbrush on the vanity.,Place hairbrush on surface.,hairbrush,surface,place_on
00307-vDfkYo5VqEQ\tasks-island_0.json,52,4,Set the flower vase on the table.,Place flower vase on surface.,flower vase,surface,place_on
00307-vDfkYo5VqEQ\tasks-island_0.json,59,4,Arrange the flower vase.,Place flower vase on surface.,flower vase,surface,place_on
00307-vDfkYo5VqEQ\tasks-island_0.json,63,3,Wipe the appliance.,Wipe the appliance.,appliance,appliance,wipe
00307-vDfkYo5VqEQ\tasks-island_0.json,66,5,Plug in the appliance.,Plug in the appliance.,appliance,appliance,plug_in
00307-vDfkYo5VqEQ\tasks-island_0.json,67,1,Fill a container at the tap.,Use the tap to fill a container.,tap,container,fill
00307-vDfkYo5VqEQ\tasks-island_0.json,67,4,Arrange the flower vase.,Place flower vase on surface.,flower vase,surface,place_on
00307-vDfkYo5VqEQ\tasks-island_0.json,69,2,Sort items in the drawer.,Place drawer in receptacle.,drawer,receptacle,place_in
00307-vDfkYo5VqEQ\tasks-island_0.json,74,2,Dust the appliance.,Dust the appliance.,appliance,appliance,dust
00307-vDfkYo5VqEQ\tasks-island_0.json,74,6,Clean the appliance.,Wipe appliance.,appliance,appliance,wipe
00307-vDfkYo5VqEQ\tasks-island_0.json,77,7,Hang the towel on the towel bar.,Hang items on the towel bar.,towel bar,items,hang
00307-vDfkYo5VqEQ\tasks-island_0.json,79,3,Refill paper in the printer.,Use the printer to load items.,printer,items,load
00307-vDfkYo5VqEQ\tasks-island_0.json,83,4,Check the appliance.,Inspect the appliance.,appliance,appliance,inspect
00307-vDfkYo5VqEQ\tasks-island_0.json,84,3,Switch off the appliance.,Turn off the appliance.,appliance,appliance,turn_off
00307-vDfkYo5VqEQ\tasks-island_0.json,86,3,Hang a towel on the towel bar.,Hang items on the towel bar.,towel bar,items,hang
00307-vDfkYo5VqEQ\tasks-island_0.json,94,2,Wipe the appliance.,Wipe the appliance.,appliance,appliance,wipe
00307-vDfkYo5VqEQ\tasks-island_0.json,105,2,Check the appliance.,Inspect the appliance.,appliance,appliance,inspect
00307-vDfkYo5VqEQ\tasks-island_0.json,106,5,Hang a fresh towel on the towel bar.,Hang items on the towel bar.,towel bar,items,hang
00307-vDfkYo5VqEQ\tasks-island_0.json,109,6,Hang a towel on the towel bar.,Hang items on the towel bar.,towel bar,items,hang
00313-PE6kVEtrxtj\tasks-island_0.json,0,1,Arrange the chandelier.,Place chandelier on surface.,chandelier,surface,place_on
00313-PE6kVEtrxtj\tasks-island_0.json,7,3,Arrange the kitchen shelf.,Place kitchen shelf on surface.,kitchen shelf,surface,place_on
00313-PE6kVEtrxtj\tasks-island_0.json,10,4,Arrange the row of theater chairs.,Place row of theater chairs on surface.,row of theater chairs,surface,place_on
00313-PE6kVEtrxtj\tasks-island_0.json,26,3,Arrange the shelf.,Place shelf on surface.,shelf,surface,place_on
00313-PE6kVEtrxtj\tasks-island_0.json,26,4,Organize the container.,Straighten container.,container,container,straighten
00313-PE6kVEtrxtj\tasks-island_0.json,28,3,Arrange the storage box.,Place storage box on surface.,storage box,surface,place_on
00313-PE6kVEtrxtj\tasks-island_0.json,30,4,Arrange the artwork.,Place artwork on surface.,artwork,surface,place_on
00313-PE6kVEtrxtj\tasks-island_0.json,31,2,Arrange the row of theater chairs.,Place row of theater chairs on surface.,row of theater chairs,surface,place_on
00313-PE6kVEtrxtj\tasks-island_0.json,32,1,Load the clothes into the laundry machine.,Load items into the laundry machine.,laundry machine,items,load
00313-PE6kVEtrxtj\tasks-island_0.json,32,3,Hang the items in the wardrobe.,Hang items in the wardrobe.,wardrobe,items,hang
00313-PE6kVEtrxtj\tasks-island_0.json,38,2,Fill a water bowl at the sink.,Use the sink to fill a container.,sink,container,fill
00313-PE6kVEtrxtj\tasks-island_0.json,53,2,Set the cup.,Place cup on surface.,cup,surface,place_on
00313-PE6kVEtrxtj\tasks-island_0.json,61,4,Arrange the flower vase.,Place flower vase on surface.,flower vase,surface,place_on
00313-PE6kVEtrxtj\tasks-island_0.json,68,5,Organize the container.,Straighten container.,container,container,straighten
00313-PE6kVEtrxtj\tasks-island_0.json,81,5,Sort the containers.,Straighten container.,container,container,straighten
00313-PE6kVEtrxtj\tasks-island_0.json,88,4,Hang items on the rack.,Hang items on the rack.,rack,items,hang
00313-PE6kVEtrxtj\tasks-island_0.json,93,5,Label the container.,Place a label on the container.,container,container,place_on
00313-PE6kVEtrxtj\tasks-island_0.json,97,3,Arrange the row of theater chairs.,Place row of theater chairs on surface.,row of theater chairs,surface,place_on
00313-PE6kVEtrxtj\tasks-island_0.json,105,4,Arrange the hanging clothes.,Place hanging clothes in receptacle.,hanging clothes,receptacle,place_in
00313-PE6kVEtrxtj\tasks-island_0.json,106,2,Arrange the basket.,Place basket in receptacle.,basket,receptacle,place_in
00313-PE6kVEtrxtj\tasks-island_0.json,107,4,Store small items in the container.,Place small items in the container.,container,"items, container",place_in
00313-PE6kVEtrxtj\tasks-island_0.json,108,3,Organize items on the shelf with clutter.,Place shelf with clutter on surface.,shelf with clutter,surface,place_on
00313-PE6kVEtrxtj\tasks-island_0.json,109,2,Sort clothes from the wardrobe.,Place wardrobe in receptacle.,wardrobe,receptacle,place_in
00313-PE6kVEtrxtj\tasks-island_0.json,116,5,Place items in the container.,Place items in the container.,container,"items, container",place_in
00313-PE6kVEtrxtj\tasks-island_0.json,121,5,Hang a cloth on the shower bar.,Hang items on the shower bar.,shower bar,items,hang
00313-PE6kVEtrxtj\tasks-island_0.json,123,5,Tidy the container.,Straighten container.,container,container,straighten
00313-PE6kVEtrxtj\tasks-island_0.json,124,3,Arrange the bathroom accessory.,Place bathroom accessory on surface.,bathroom accessory,surface,place_on
00313-PE6kVEtrxtj\tasks-island_0.json,127,5,Set the pillow.,Place pillow on surface.,pillow,surface,place_on
00313-PE6kVEtrxtj\tasks-island_0.json,129,3,Arrange clothes in the wardrobe.,Place wardrobe in receptacle.,wardrobe,receptacle,place_in
00313-PE6kVEtrxtj\tasks-island_0.json,135,2,Arrange the artwork.,Place artwork on surface.,artwork,surface,place_on
00313-PE6kVEtrxtj\tasks-island_0.json,135,3,Organize the container.,Straighten container.,container,container,straighten
00313-PE6kVEtrxtj\tasks-island_0.json,139,6,Arrange the kitchen utensil.,Place kitchen utensil on surface.,kitchen utensil,surface,place_on
00313-PE6kVEtrxtj\tasks-island_0.json,149,6,Organize the container.,Straighten container.,container,container,straighten
00323-yHLr6bvWsVm\tasks-island_1.json,13,3,Arrange the dinner chair.,Place dinner chair on surface.,dinner chair,surface,place_on
00323-yHLr6bvWsVm\tasks-island_1.json,15,1,Load the refrigerator.,Place items in the refrigerator.,refrigerator,items,place_in
00323-yHLr6bvWsVm\tasks-island_1.json,16,4,Hang items on the coat rack.,Hang items on the coat rack.,coat rack,items,hang
00323-yHLr6bvWsVm\tasks-island_1.json,25,2,Arrange the dinner chair around the table.,Place dinner chair on surface.,dinner chair,surface,place_on
00323-yHLr6bvWsVm\tasks-island_1.json,26,3,Hang a coat on the coat rack.,Hang items on the coat rack.,coat rack,items,hang
00323-yHLr6bvWsVm\tasks-island_1.json,29,4,Arrange the chest of drawers.,Place chest of drawers on surface.,chest of drawers,surface,place_on
00323-yHLr6bvWsVm\tasks-island_1.json,34,5,Arrange the bouquet.,Place bouquet on surface.,bouquet,surface,place_on
00323-yHLr6bvWsVm\tasks-island_1.json,37,2,Set the plate.,Place plate on surface.,plate,surface,place_on
00323-yHLr6bvWsVm\tasks-island_1.json,38,2,Hang the coat on the coat rack.,Hang items on the coat rack.,coat rack,items,hang
00323-yHLr6bvWsVm\tasks-island_1.json,42,4,Arrange the bouquet.,Place bouquet on surface.,bouquet,surface,place_on
00323-yHLr6bvWsVm\tasks-island_1.json,49,5,Hang a coat on the coat rack.,Hang items on the coat rack.,coat rack,items,hang
00323-yHLr6bvWsVm\tasks-island_1.json,54,2,Arrange the coat rack.,Place coat rack on surface.,coat rack,surface,place_on
00323-yHLr6bvWsVm\tasks-island_1.json,56,4,Arrange the bouquet.,Place bouquet on surface.,bouquet,surface,place_on
00323-yHLr6bvWsVm\tasks-island_1.json,64,3,Arrange the bouquet.,Place bouquet on surface.,bouquet,surface,place_on
00323-yHLr6bvWsVm\tasks-island_1.json,65,3,Hang the jacket on the coat rack.,Hang items on the coat rack.,coat rack,items,hang
00323-yHLr6bvWsVm\tasks-island_1.json,67,3,Hang a clean coat on the coat rack.,Hang items on the coat rack.,coat rack,items,hang
00323-yHLr6bvWsVm\tasks-island_1.json,74,5,Arrange the bouquet on the table.,Place bouquet on surface.,bouquet,surface,place_on
00323-yHLr6bvWsVm\tasks-island_1.json,80,2,Arrange the dinner chair.,Place dinner chair on surface.,dinner chair,surface,place_on
00323-yHLr6bvWsVm\tasks-island_1.json,90,3,Hang the coat on the coat rack.,Hang items on the coat rack.,coat rack,items,hang
00323-yHLr6bvWsVm\tasks-island_1.json,94,6,Set the camera.,Place camera on surface.,camera,surface,place_on
00323-yHLr6bvWsVm\tasks-island_1.json,97,3,Arrange the dinner chair.,Place dinner chair on surface.,dinner chair,surface,place_on
00323-yHLr6bvWsVm\tasks-island_1.json,97,5,Set the plate.,Place plate on surface.,plate,surface,place_on
00323-yHLr6bvWsVm\tasks-island_1.json,105,5,Set the camera.,Place camera on surface.,camera,surface,place_on
00323-yHLr6bvWsVm\tasks-island_1.json,108,5,Set the plate.,Place plate on surface.,plate,surface,place_on
00323-yHLr6bvWsVm\tasks-island_1.json,110,2,Open the chest of drawers to put things away.,Open the chest of drawers to put things.,chest of drawers,things,open
00323-yHLr6bvWsVm\tasks-island_1.json,110,4,Arrange the flowers in the flower vase.,Place flower vase in receptacle.,flower vase,receptacle,place_in
00323-yHLr6bvWsVm\tasks-island_1.json,110,7,Organize the jackets on the coat rack.,Place coat rack on surface.,coat rack,surface,place_on
00323-yHLr6bvWsVm\tasks-island_1.json,111,2,Set out the table cloth in the dining area.,Place the table cloth in the dining area.,table cloth,area,place_in
00323-yHLr6bvWsVm\tasks-island_1.json,111,4,Arrange the dinner chair around the table.,Place dinner chair on surface.,dinner chair,surface,place_on
00323-yHLr6bvWsVm\tasks-island_1.json,116,3,Hang clothes in the wardrobe.,Hang items in the wardrobe.,wardrobe,items,hang
00323-yHLr6bvWsVm\tasks-island_1.json,119,7,Arrange objects on the shelf.,Place shelf in receptacle.,shelf,receptacle,place_in
00323-yHLr6bvWsVm\tasks-island_1.json,120,5,Hang the coat on the coat rack.,Hang items on the coat rack.,coat rack,items,hang
00323-yHLr6bvWsVm\tasks-island_1.json,124,6,Arrange the bouquet on the counter.,Place bouquet on surface.,bouquet,surface,place_on
00323-yHLr6bvWsVm\tasks-island_1.json,126,4,Arrange the decorative plant for the background.,Place decorative plant on surface.,decorative plant,surface,place_on
00323-yHLr6bvWsVm\tasks-island_1.json,128,3,Hang my coat on the coat rack.,Hang items on the coat rack.,coat rack,items,hang
00323-yHLr6bvWsVm\tasks-island_1.json,129,5,Arrange flowers in the flower vase.,Place flower vase in receptacle.,flower vase,receptacle,place_in
00323-yHLr6bvWsVm\tasks-island_1.json,131,2,Hang clothes in the wardrobe.,Hang items in the wardrobe.,wardrobe,items,hang
00323-yHLr6bvWsVm\tasks-island_1.json,134,1,Organize clothes in the wardrobe.,Place wardrobe in receptacle.,wardrobe,receptacle,place_in
00323-yHLr6bvWsVm\tasks-island_1.json,134,3,Arrange the board against the wall.,Place board on surface.,board,surface,place_on
00323-yHLr6bvWsVm\tasks-island_1.json,136,2,Hang fresh towels in the wardrobe.,Hang items in the wardrobe.,wardrobe,items,hang
00323-yHLr6bvWsVm\tasks-island_1.json,138,2,Arrange books on the shelf in the den.,Place shelf in receptacle.,shelf,receptacle,place_in
00323-yHLr6bvWsVm\tasks-island_1.json,138,6,Vacuum the rug in the lounge area.,Vacuum the rug in the lounge area.,rug,area,vacuum
00323-yHLr6bvWsVm\tasks-island_1.json,139,2,Pack clothes in the backpack.,Load items into the backpack.,backpack,items,load
00323-yHLr6bvWsVm\tasks-island_1.json,140,3,Arrange the dinner chair for guests.,Place dinner chair on surface.,dinner chair,surface,place_on
00324-DoSbsoo4EAg\tasks-island_0.json,21,3,Put away clothes in the wardrobe.,Store items in the wardrobe.,wardrobe,items,store
00324-DoSbsoo4EAg\tasks-island_0.json,26,4,Put away dishes in the dishwasher.,Store items in the dishwasher.,dishwasher,items,store
00324-DoSbsoo4EAg\tasks-island_0.json,31,2,Hang clothes on the rail.,Hang items on the rail.,rail,items,hang
00324-DoSbsoo4EAg\tasks-island_0.json,35,1,Hang clothes on the rail.,Hang items on the rail.,rail,items,hang
00324-DoSbsoo4EAg\tasks-island_0.json,47,3,Position the lamp.,Place lamp on surface.,lamp,surface,place_on
00324-DoSbsoo4EAg\tasks-island_0.json,56,1,Pack clothes from the wardrobe.,Pick up items from the wardrobe.,wardrobe,items,pick_up
00324-DoSbsoo4EAg\tasks-island_0.json,60,4,Hang a coat on the rail.,Hang items on the rail.,rail,items,hang
00324-DoSbsoo4EAg\tasks-island_0.json,62,4,Place items in the kitchen cabinet.,Place items in the kitchen cabinet.,kitchen cabinet,items,place_in
00324-DoSbsoo4EAg\tasks-island_0.json,66,5,Hang a new item on the rail.,Hang items on the rail.,rail,items,hang
00324-DoSbsoo4EAg\tasks-island_0.json,69,2,Prepare the food on the cutting board.,Place items on the cutting board.,cutting board,items,place_on
00324-DoSbsoo4EAg\tasks-island_0.json,70,5,Pack the essentials into the handbag.,Load items into the handbag.,handbag,items,load
00324-DoSbsoo4EAg\tasks-island_0.json,70,7,Straighten the chair in the dining area.,Straighten the chair in the dining area.,chair,area,straighten
00324-DoSbsoo4EAg\tasks-island_0.json,84,1,Tidy the clothes in the wardrobe.,Place wardrobe in receptacle.,wardrobe,receptacle,place_in
00324-DoSbsoo4EAg\tasks-island_0.json,90,4,Dust the lamp in the seating area.,Dust the lamp in the seating area.,lamp,area,dust
00326-u9rPN5cHWBg\tasks-island_0.json,8,4,Set the bowl on the counter.,Place bowl on surface.,bowl,surface,place_on
00326-u9rPN5cHWBg\tasks-island_0.json,15,2,Fold the blanket in the living area.,Fold the blanket in the living area.,blanket,area,fold
00326-u9rPN5cHWBg\tasks-island_0.json,15,4,Position the leg rest.,Place leg rest on surface.,leg rest,surface,place_on
00326-u9rPN5cHWBg\tasks-island_0.json,25,3,Turn on the led tv in the breakfast area.,Turn on the led tv in the breakfast area.,led tv,area,turn_on
00326-u9rPN5cHWBg\tasks-island_0.json,33,3,Arrange the stand on the landing.,Place stand on surface.,stand,surface,place_on
00326-u9rPN5cHWBg\tasks-island_0.json,36,2,Position the leg rest.,Place leg rest on surface.,leg rest,surface,place_on
00326-u9rPN5cHWBg\tasks-island_0.json,45,2,Hang it on the clothes hanger.,Hang items on the clothes hanger.,clothes hanger,items,hang
00326-u9rPN5cHWBg\tasks-island_0.json,47,2,File papers in the file cabinet.,Place items in the file cabinet.,file cabinet,items,place_in
00326-u9rPN5cHWBg\tasks-island_0.json,47,3,Arrange the books on the rack.,Place book rack on surface.,book rack,surface,place_on
00326-u9rPN5cHWBg\tasks-island_0.json,54,2,Arrange the books.,Place book on surface.,book,surface,place_on
00326-u9rPN5cHWBg\tasks-island_0.json,72,2,Reposition the coffee table.,Place coffee table on surface.,coffee table,surface,place_on
00326-u9rPN5cHWBg\tasks-island_0.json,82,2,Organize the books on the book rack.,Place book rack on surface.,book rack,surface,place_on
00326-u9rPN5cHWBg\tasks-island_0.json,87,2,Arrange the entertainment set.,Place entertainment set in receptacle.,entertainment set,receptacle,place_in
00326-u9rPN5cHWBg\tasks-island_0.json,108,2,Arrange the book rack.,Place book rack on surface.,book rack,surface,place_on
00326-u9rPN5cHWBg\tasks-island_0.json,132,4,Move the flowerpot to a sunnier spot.,Carry the flowerpot to the sunnier spot.,flowerpot,spot,carry
00326-u9rPN5cHWBg\tasks-island_0.json,139,4,Arrange the books on the desk.,Place book on surface.,book,surface,place_on
00326-u9rPN5cHWBg\tasks-island_0.json,140,2,Load the sink with dishes.,Place items in the sink.,sink,items,place_in
00326-u9rPN5cHWBg\tasks-island_0.json,149,3,Arrange the books on the shelf.,Place book on surface.,book,surface,place_on
00326-u9rPN5cHWBg\tasks-island_0.json,155,2,Organize the items on the coffee table.,Place coffee table on surface.,coffee table,surface,place_on
00326-u9rPN5cHWBg\tasks-island_0.json,157,5,Organize the detergent on the shelf.,Place shelf on surface.,shelf,surface,place_on
00326-u9rPN5cHWBg\tasks-island_0.json,162,1,Organize the clothes in the wardrobe.,Place wardrobe in receptacle.,wardrobe,receptacle,place_in
00326-u9rPN5cHWBg\tasks-island_0.json,163,3,Position the computer correctly.,Place computer on surface.,computer,surface,place_on
00326-u9rPN5cHWBg\tasks-island_0.json,167,4,Tidy the items in the basket.,Place basket in receptacle.,basket,receptacle,place_in
00326-u9rPN5cHWBg\tasks-island_0.json,168,3,Arrange the shelf contents.,Place shelf on surface.,shelf,surface,place_on
00326-u9rPN5cHWBg\tasks-island_0.json,170,1,Plump the cushions on the couch.,Fluff items on the couch.,couch,items,fluff
00326-u9rPN5cHWBg\tasks-island_0.json,174,3,Fill a pitcher at the sink.,Use the sink to fill a container.,sink,container,fill
00326-u9rPN5cHWBg\tasks-island_0.json,177,6,Hang items on the rack.,Hang items on the rack.,rack,items,hang
00326-u9rPN5cHWBg\tasks-island_0.json,187,2,Position the leg rest.,Place leg rest on surface.,leg rest,surface,place_on
00326-u9rPN5cHWBg\tasks-island_0.json,188,2,Organize the items in the basket.,Place basket in receptacle.,basket,receptacle,place_in
00326-u9rPN5cHWBg\tasks-island_0.json,188,4,Place the backpack in its spot.,Place the backpack in its spot.,backpack,spot,place_in
00326-u9rPN5cHWBg\tasks-island_0.json,192,3,Organize materials in the basket.,Place basket in receptacle.,basket,receptacle,place_in
00326-u9rPN5cHWBg\tasks-island_0.json,207,2,Arrange the towel in the bathroom.,Place towel in receptacle.,towel,receptacle,place_in
00326-u9rPN5cHWBg\tasks-island_0.json,213,6,Rearrange the plant on the landing.,Place plant on surface.,plant,surface,place_on
00326-u9rPN5cHWBg\tasks-island_0.json,215,3,Pack the camera from the kitchen area.,Load the camera from the kitchen area.,camera,area,load
00326-u9rPN5cHWBg\tasks-island_0.json,220,5,Move the chair in the dining area.,Reposition the chair in the dining area.,chair,area,reposition
00326-u9rPN5cHWBg\tasks-island_0.json,227,1,Hang the jacket on the wall hanger.,Hang items on the wall hanger.,wall hanger,items,hang
00326-u9rPN5cHWBg\tasks-island_0.json,250,7,Set the books on the shelf in the library.,Place book in receptacle.,book,receptacle,place_in
00326-u9rPN5cHWBg\tasks-island_0.json,251,1,Pick up the purse from the entry area.,Pick up the purse from the entry area.,purse,area,pick_up
00326-u9rPN5cHWBg\tasks-island_0.json,255,6,Sort the clothes in the storage cabinet.,Place storage cabinet in receptacle.,storage cabinet,receptacle,place_in
00326-u9rPN5cHWBg\tasks-island_0.json,256,4,Place the coffee maker in the kitchen area.,Place the coffee maker in the kitchen area.,coffee_maker,area,place_in
00326-u9rPN5cHWBg\tasks-island_0.json,256,5,Set the tray on the coffee table.,Place tray in receptacle.,tray,receptacle,place_in
00326-u9rPN5cHWBg\tasks-island_0.json,257,3,Hang the towel on the towel bar.,Hang items on the towel bar.,towel bar,items,hang
00326-u9rPN5cHWBg\tasks-island_0.json,257,4,Organize the clothes in the dresser.,Place dresser in receptacle.,dresser,receptacle,place_in
00326-u9rPN5cHWBg\tasks-island_0.json,258,3,Arrange the books on the coffee table.,Place book on surface.,book,surface,place_on
00326-u9rPN5cHWBg\tasks-island_0.json,258,6,Organize the magazines in the basket.,Place basket in receptacle.,basket,receptacle,place_in
00326-u9rPN5cHWBg\tasks-island_0.json,260,1,Organize the books on the ladder.,Place ladder on surface.,ladder,surface,place_on
00326-u9rPN5cHWBg\tasks-island_0.json,260,6,Arrange the file cabinet drawers.,Place file cabinet on surface.,file cabinet,surface,place_on
00326-u9rPN5cHWBg\tasks-island_0.json,267,4,Arrange the magazines on the shelf.,Place shelf on surface.,shelf,surface,place_on
00326-u9rPN5cHWBg\tasks-island_0.json,269,2,Set the jar on the kitchen counter.,Place jar in receptacle.,jar,receptacle,place_in
00326-u9rPN5cHWBg\tasks-island_0.json,271,5,Set the globe on the desk.,Place globe on surface.,globe,surface,place_on
00326-u9rPN5cHWBg\tasks-island_0.json,272,5,Place the handbag in the closet.,Place items in the basket.,basket,items,place_in
00326-u9rPN5cHWBg\tasks-island_0.json,272,6,Hang the jacket on the rod.,Hang items in the closet rod.,closet rod,items,hang
00326-u9rPN5cHWBg\tasks-island_0.json,274,1,Hang the jacket in the wardrobe.,Hang items in the wardrobe.,wardrobe,items,hang
00326-u9rPN5cHWBg\tasks-island_0.json,276,1,Sort the items in the kitchen cabinet.,Place kitchen cabinet in receptacle.,kitchen cabinet,receptacle,place_in
00326-u9rPN5cHWBg\tasks-island_0.json,277,4,Move the plant in the office area.,Carry the plant in the office area.,plant,area,carry
00326-u9rPN5cHWBg\tasks-island_0.json,281,4,Straighten the books on the book rack.,Straighten items on the book rack.,book rack,items,straighten
00326-u9rPN5cHWBg\tasks-island_0.json,281,5,Set the globe on the bookshelf.,Place globe on surface.,globe,surface,place_on
00326-u9rPN5cHWBg\tasks-island_0.json,286,5,Arrange the books on the rack.,Place book rack in receptacle.,book rack,receptacle,place_in
00326-u9rPN5cHWBg\tasks-island_0.json,290,2,Sort the clothes in the wardrobe.,Place wardrobe in receptacle.,wardrobe,receptacle,place_in
00326-u9rPN5cHWBg\tasks-island_0.json,290,3,Arrange the items in the chest drawer.,Place chest drawer in receptacle.,chest drawer,receptacle,place_in
00326-u9rPN5cHWBg\tasks-island_0.json,292,2,Organize the cleaning supplies on the shelf.,Place shelf on surface.,shelf,surface,place_on
00326-u9rPN5cHWBg\tasks-island_0.json,292,7,Sort the items in the storage cabinet.,Place storage cabinet in receptacle.,storage cabinet,receptacle,place_in
00326-u9rPN5cHWBg\tasks-island_0.json,298,6,Arrange the book rack.,Place book rack on surface.,book rack,surface,place_on
00326-u9rPN5cHWBg\tasks-island_0.json,303,1,Hang the clothes on the clothes hanger.,Hang items on the clothes hanger.,clothes hanger,items,hang
00326-u9rPN5cHWBg\tasks-island_0.json,303,6,Arrange the plush toy.,Place plush toy on surface.,plush toy,surface,place_on
00326-u9rPN5cHWBg\tasks-island_0.json,313,4,Arrange the book rack.,Place book rack on surface.,book rack,surface,place_on
00326-u9rPN5cHWBg\tasks-island_0.json,323,2,Arrange the rack.,Place rack on surface.,rack,surface,place_on
00326-u9rPN5cHWBg\tasks-island_0.json,323,5,Hang the clothes on the clothes hanger.,Hang items on the clothes hanger.,clothes hanger,items,hang
00326-u9rPN5cHWBg\tasks-island_0.json,327,1,Arrange the plush toy.,Place plush toy on surface.,plush toy,surface,place_on
00326-u9rPN5cHWBg\tasks-island_0.json,327,6,Hang the clothes on the clothes hanger.,Hang items on the clothes hanger.,clothes hanger,items,hang
00326-u9rPN5cHWBg\tasks-island_0.json,336,2,Arrange the rack.,Place rack on surface.,rack,surface,place_on
00326-u9rPN5cHWBg\tasks-island_0.json,338,7,Arrange the book rack.,Place book rack on surface.,book rack,surface,place_on
00326-u9rPN5cHWBg\tasks-island_0.json,346,3,Organize the items on the shelf.,Place shelf on surface.,shelf,surface,place_on
00326-u9rPN5cHWBg\tasks-island_0.json,349,2,Hang the jacket on the wall hanger.,Hang items on the wall hanger.,wall hanger,items,hang
00326-u9rPN5cHWBg\tasks-island_0.json,353,2,Organize the supplies in the sink cabinet.,Place sink cabinet in receptacle.,sink cabinet,receptacle,place_in
00326-u9rPN5cHWBg\tasks-island_0.json,355,2,Arrange the plush toy.,Place plush toy on surface.,plush toy,surface,place_on
00326-u9rPN5cHWBg\tasks-island_0.json,357,4,Organize the books on the book rack.,Place book rack on surface.,book rack,surface,place_on
00326-u9rPN5cHWBg\tasks-island_0.json,359,4,Put the tools back in the laundry area.,Place items in the washing machine.,washing machine,items,place_in
00326-u9rPN5cHWBg\tasks-island_0.json,360,4,Set the tray with drinks.,Place tray on surface.,tray,surface,place_on
00326-u9rPN5cHWBg\tasks-island_0.json,368,4,Move the stool to a convenient spot.,Reposition the stool to the convenient spot.,stool,spot,reposition
00326-u9rPN5cHWBg\tasks-island_0.json,371,2,Load the dishwasher in the kitchen lower cabinet.,Load items into the kitchen lower cabinet.,kitchen lower cabinet,items,load
00326-u9rPN5cHWBg\tasks-island_0.json,373,6,Arrange the plush toy.,Place plush toy on surface.,plush toy,surface,place_on
00326-u9rPN5cHWBg\tasks-island_0.json,375,2,Organize magazines in the basket.,Place basket in receptacle.,basket,receptacle,place_in
00326-u9rPN5cHWBg\tasks-island_0.json,377,4,Arrange the books on the ladder.,Place ladder in receptacle.,ladder,receptacle,place_in
00326-u9rPN5cHWBg\tasks-island_0.json,388,4,Set the tray.,Place tray on surface.,tray,surface,place_on
00326-u9rPN5cHWBg\tasks-island_0.json,392,2,Arrange the file cabinet.,Place file cabinet on surface.,file cabinet,surface,place_on
00326-u9rPN5cHWBg\tasks-island_0.json,395,1,Arrange books on the shelf.,Place shelf on surface.,shelf,surface,place_on
00326-u9rPN5cHWBg\tasks-island_0.json,395,2,Sort the books on the ladder.,Place ladder on surface.,ladder,surface,place_on
00326-u9rPN5cHWBg\tasks-island_0.json,404,7,Organize books on the book rack.,Place book rack on surface.,book rack,surface,place_on
00326-u9rPN5cHWBg\tasks-island_0.json,406,7,Hang items on the rack.,Hang items on the rack.,rack,items,hang
00326-u9rPN5cHWBg\tasks-island_0.json,414,2,Arrange books on the library shelf.,Place book on surface.,book,surface,place_on
00326-u9rPN5cHWBg\tasks-island_0.json,420,5,Arrange the plant on the shelf.,Place plant in receptacle.,plant,receptacle,place_in
00326-u9rPN5cHWBg\tasks-island_0.json,421,3,Arrange the clothes in the basket.,Place basket in receptacle.,basket,receptacle,place_in
00326-u9rPN5cHWBg\tasks-island_0.json,426,2,Hang the jacket on the wall hanger.,Hang items on the wall hanger.,wall hanger,items,hang
00326-u9rPN5cHWBg\tasks-island_0.json,428,7,Organize books on the book rack.,Place book rack on surface.,book rack,surface,place_on
00327-xgLmjqzoAzF\tasks-island_0.json,2,3,Set the flower vase on the table.,Place flower vase on surface.,flower vase,surface,place_on
00327-xgLmjqzoAzF\tasks-island_0.json,3,4,Load paper into the printer.,Load items into the printer.,printer,items,load
00327-xgLmjqzoAzF\tasks-island_0.json,6,1,Stock the refrigerator with drinks.,Place items in the refrigerator.,refrigerator,items,place_in
00327-xgLmjqzoAzF\tasks-island_0.json,9,3,Pack extra items into the cardboard box.,Load items into the cardboard box.,cardboard box,items,load
00327-xgLmjqzoAzF\tasks-island_0.json,10,1,Pack a water bottle in the bag.,Load items into the bag.,bag,items,load
00327-xgLmjqzoAzF\tasks-island_0.json,23,1,Light the fireplace in the lounge area.,Turn on the fireplace in the lounge area.,fireplace,area,turn_on
00327-xgLmjqzoAzF\tasks-island_0.json,27,4,Load the dirty plates into the dishwasher.,Load items into the dishwasher.,dishwasher,items,load
00327-xgLmjqzoAzF\tasks-island_0.json,28,2,Pack the gear into the backpack.,Load items into the backpack.,backpack,items,load
00327-xgLmjqzoAzF\tasks-island_0.json,29,1,Get the pitcher from the dining area.,Pick up the pitcher from the dining area.,pitcher,area,pick_up
00327-xgLmjqzoAzF\tasks-island_0.json,29,2,Fill it with water from the kitchen sink.,Use the sink to fill a container.,sink,container,fill
00327-xgLmjqzoAzF\tasks-island_0.json,30,3,Put on my shoes from the bedroom area.,Place the shoe from the bedroom area.,shoe,area,place_on
00327-xgLmjqzoAzF\tasks-island_0.json,34,2,Place the items into the storage box.,Place the items in the storage box.,box,items,place_in
00327-xgLmjqzoAzF\tasks-island_0.json,35,2,Fill the machine with water at the kitchen sink.,Use the sink to fill a container.,sink,container,fill
00327-xgLmjqzoAzF\tasks-island_0.json,42,3,Store extra items in the chest.,Place extra items in the chest.,chest,items,place_in
00327-xgLmjqzoAzF\tasks-island_0.json,43,2,Fill the kettle at the sink.,Use the sink to fill a container.,sink,container,fill
00327-xgLmjqzoAzF\tasks-island_0.json,44,2,Organize items inside the cabinet.,Place cabinet in receptacle.,cabinet,receptacle,place_in
00327-xgLmjqzoAzF\tasks-island_0.json,48,4,Organize the kitchen countertop item.,Straighten kitchen countertop item.,kitchen countertop item,item,straighten
00327-xgLmjqzoAzF\tasks-island_0.json,51,5,Store away the appliance.,Store the appliance.,appliance,appliance,store
00327-xgLmjqzoAzF\tasks-island_0.json,52,2,Prepare the kitchen appliance.,Wipe kitchen appliance.,kitchen appliance,appliance,wipe
00327-xgLmjqzoAzF\tasks-island_0.json,60,3,Arrange the book.,Place book on surface.,book,surface,place_on
00327-xgLmjqzoAzF\tasks-island_0.json,62,5,Tidy the appliance.,Straighten appliance.,appliance,appliance,straighten
00327-xgLmjqzoAzF\tasks-island_0.json,81,4,Position the speaker.,Place speaker on surface.,speaker,surface,place_on
00327-xgLmjqzoAzF\tasks-island_0.json,82,5,Wipe the kitchen appliance.,Wipe the appliance.,appliance,appliance,wipe
00327-xgLmjqzoAzF\tasks-island_0.json,91,3,Dust the hallway appliance.,Dust the appliance.,appliance,appliance,dust
00327-xgLmjqzoAzF\tasks-island_0.json,97,2,Place items in the chest.,Place items in the chest.,chest,items,place_in
00327-xgLmjqzoAzF\tasks-island_0.json,102,5,Dust the kitchen appliance.,Dust the kitchen appliance.,kitchen appliance,appliance,dust
00327-xgLmjqzoAzF\tasks-island_0.json,104,1,Arrange the decoration items.,Place decoration on surface.,decoration,surface,place_on
00327-xgLmjqzoAzF\tasks-island_0.json,106,2,Arrange the shoe pair in the closet.,Place shoe in receptacle.,shoe,receptacle,place_in
00327-xgLmjqzoAzF\tasks-island_0.json,114,4,Adjust the lamp in the common area.,Adjust the lamp in the common area.,lamp,area,set_control
00327-xgLmjqzoAzF\tasks-island_0.json,115,6,Store items in the cabinet.,Place items in the cabinet.,cabinet,items,place_in
00327-xgLmjqzoAzF\tasks-island_0.json,119,4,Arrange the flower vase.,Place flower vase on surface.,flower vase,surface,place_on
00327-xgLmjqzoAzF\tasks-island_0.json,123,6,Wipe the kitchen countertop item.,Wipe the kitchen countertop item.,kitchen countertop item,item,wipe
00327-xgLmjqzoAzF\tasks-island_0.json,125,5,Apply lotion from the bathroom cabinet.,Place items on the bathroom cabinet.,bathroom cabinet,items,place_on
00327-xgLmjqzoAzF\tasks-island_0.json,127,2,Fill it at the sink.,Use the sink to fill a container.,sink,container,fill
00327-xgLmjqzoAzF\tasks-island_0.json,129,2,Adjust the appliance.,Reposition the appliance.,appliance,appliance,reposition
00327-xgLmjqzoAzF\tasks-island_0.json,133,5,Organize the clothes on the rack.,Place rack in receptacle.,rack,receptacle,place_in
00327-xgLmjqzoAzF\tasks-island_0.json,134,1,Put the clothes in the basket.,Place items in the basket of something.,basket of something,items,place_in
00327-xgLmjqzoAzF\tasks-island_0.json,136,6,Check the appliance.,Inspect the appliance.,appliance,appliance,inspect
00327-xgLmjqzoAzF\tasks-island_0.json,140,4,Use the kitchen appliance.,Inspect the kitchen appliance.,kitchen appliance,appliance,inspect
00327-xgLmjqzoAzF\tasks-island_0.json,145,2,Hang the clothes in the cabinet.,Hang items in the cabinet.,cabinet,items,hang
00327-xgLmjqzoAzF\tasks-island_0.json,149,5,Pack extra items into the suitcase.,Load items into the suitcase.,suitcase,items,load
00327-xgLmjqzoAzF\tasks-island_0.json,151,3,Fluff the cushion on the sofa chair.,Fluff items on the sofa chair.,sofa chair,items,fluff
00327-xgLmjqzoAzF\tasks-island_0.json,151,6,Set out the wine bottle on the counter.,Place wine bottle on surface.,wine_bottle,surface,place_on
00327-xgLmjqzoAzF\tasks-island_0.json,156,2,Pack several outfits from the clothes pile.,Load items into the clothes.,clothes,items,load
00327-xgLmjqzoAzF\tasks-island_0.json,156,5,Pack the laptop in the backpack.,Load items into the backpack.,backpack,items,load
00327-xgLmjqzoAzF\tasks-island_0.json,158,3,Organize the tools in the drawer.,Place drawer in receptacle.,drawer,receptacle,place_in
00327-xgLmjqzoAzF\tasks-island_0.json,160,1,Organize the spices in the cabinet.,Place cabinet in receptacle.,cabinet,receptacle,place_in
00327-xgLmjqzoAzF\tasks-island_0.json,160,5,Sort the Tupperware in the kitchen cabinet.,Place kitchen cabinet in receptacle.,kitchen cabinet,receptacle,place_in
00327-xgLmjqzoAzF\tasks-island_0.json,160,6,Scrub the drain in the sink.,Scrub items in the sink.,sink,items,scrub
00327-xgLmjqzoAzF\tasks-island_0.json,161,2,Adjust the weight on the exercise equipment.,Place exercise equipment on surface.,exercise equipment,surface,place_on
00327-xgLmjqzoAzF\tasks-island_0.json,163,4,Refill the toner in the copier machine.,Use the copier machine to fill items.,copier machine,items,fill
00327-xgLmjqzoAzF\tasks-island_0.json,165,2,Change the bulb in the lamp.,Place items in the lamp.,lamp,items,place_in
00327-xgLmjqzoAzF\tasks-island_0.json,165,6,Arrange the flowers in the flower vase.,Place flower vase in receptacle.,flower vase,receptacle,place_in
00327-xgLmjqzoAzF\tasks-island_0.json,166,2,Pop some popcorn in the microwave.,Place items in the microwave.,microwave,items,place_in
00327-xgLmjqzoAzF\tasks-island_0.json,167,2,Put the winter gear in the box.,Place items in the cardboard box.,cardboard box,items,place_in
00327-xgLmjqzoAzF\tasks-island_0.json,167,3,Organize the shoes on the shelf.,Place shelf on surface.,shelf,surface,place_on
00327-xgLmjqzoAzF\tasks-island_0.json,167,4,Sort the socks in the drawer.,Place drawer in receptacle.,drawer,receptacle,place_in
00327-xgLmjqzoAzF\tasks-island_0.json,169,3,Adjust the brightness on the screen.,Place screen on surface.,screen,surface,place_on
00327-xgLmjqzoAzF\tasks-island_0.json,172,6,Place folded items on the shelf.,Place folded items on the shelf.,shelf,items,place_on
00327-xgLmjqzoAzF\tasks-island_0.json,175,5,Set the pitcher of water on the sideboard.,Place pitcher on surface.,pitcher,surface,place_on
00327-xgLmjqzoAzF\tasks-island_0.json,176,1,Pack away old files into the cardboard box.,Load items into the cardboard box.,cardboard box,items,load
00327-xgLmjqzoAzF\tasks-island_0.json,176,3,Refill the paper in the printer.,Use the printer to load items.,printer,items,load
00327-xgLmjqzoAzF\tasks-island_0.json,176,4,Organize the papers in the bag.,Place bag in receptacle.,bag,receptacle,place_in
00327-xgLmjqzoAzF\tasks-island_0.json,180,5,Pack the camera in the backpack.,Load items into the backpack.,backpack,items,load
00327-xgLmjqzoAzF\tasks-island_0.json,181,6,Load the dishes into the dishwasher.,Load items into the dishwasher.,dishwasher,items,load
00327-xgLmjqzoAzF\tasks-island_0.json,185,4,Refill the paper in the printer.,Use the printer to load items.,printer,items,load
00327-xgLmjqzoAzF\tasks-island_0.json,185,5,Place the loose items in the bag.,Place the loose items in the bag.,bag,items,place_in
00327-xgLmjqzoAzF\tasks-island_0.json,195,2,Set the bowl.,Place bowl on surface.,bowl,surface,place_on
00327-xgLmjqzoAzF\tasks-island_0.json,198,2,Clean the appliance.,Wipe appliance.,appliance,appliance,wipe
00327-xgLmjqzoAzF\tasks-island_0.json,201,6,Clear the kitchen countertop item.,Wipe kitchen countertop item.,kitchen countertop item,item,wipe
00327-xgLmjqzoAzF\tasks-island_0.json,207,7,Arrange the flower vase.,Place flower vase on surface.,flower vase,surface,place_on
00327-xgLmjqzoAzF\tasks-island_0.json,212,6,Clear the kitchen countertop item.,Wipe kitchen countertop item.,kitchen countertop item,item,wipe
00327-xgLmjqzoAzF\tasks-island_0.json,214,4,Arrange the bag.,Place bag on surface.,bag,surface,place_on
00327-xgLmjqzoAzF\tasks-island_0.json,223,7,Arrange the book.,Place book in receptacle.,book,receptacle,place_in
00327-xgLmjqzoAzF\tasks-island_0.json,245,3,Arrange the flower vase as a backdrop.,Place flower vase on surface.,flower vase,surface,place_on
00327-xgLmjqzoAzF\tasks-island_0.json,251,3,Use the appliance to smooth wrinkles.,Inspect the appliance.,appliance,appliance,inspect
00327-xgLmjqzoAzF\tasks-island_0.json,256,2,Organize the items on the shelf.,Place shelf on surface.,shelf,surface,place_on
00327-xgLmjqzoAzF\tasks-island_0.json,259,3,Fill the bucket with water from the sink.,Use the sink to fill a container.,sink,container,fill
00327-xgLmjqzoAzF\tasks-island_0.json,260,2,Prepare the ingredients in a bowl.,Place items in the bowl.,bowl,items,place_in
00327-xgLmjqzoAzF\tasks-island_0.json,262,3,Pack items into the suitcase.,Load items into the suitcase.,suitcase,items,load
00327-xgLmjqzoAzF\tasks-island_0.json,265,5,Organize the items in the cabinet.,Place cabinet in receptacle.,cabinet,receptacle,place_in
00327-xgLmjqzoAzF\tasks-island_0.json,267,6,Position the keyboard.,Place keyboard on surface.,keyboard,surface,place_on
00327-xgLmjqzoAzF\tasks-island_0.json,270,6,Organize the kitchen countertop item.,Straighten kitchen countertop item.,kitchen countertop item,item,straighten
00327-xgLmjqzoAzF\tasks-island_0.json,271,6,Place the folded items on the shelf.,Place the folded items on the shelf.,shelf,items,place_on
00327-xgLmjqzoAzF\tasks-island_0.json,273,3,Pack a snack from the refrigerator.,Load items into the refrigerator.,refrigerator,items,load
00327-xgLmjqzoAzF\tasks-island_0.json,278,2,Organize the items in the cabinet.,Place cabinet in receptacle.,cabinet,receptacle,place_in
00327-xgLmjqzoAzF\tasks-island_0.json,281,7,Set the pitcher on the counter.,Place pitcher on surface.,pitcher,surface,place_on
00327-xgLmjqzoAzF\tasks-island_0.json,285,2,Check the appliance.,Inspect the appliance.,appliance,appliance,inspect
00327-xgLmjqzoAzF\tasks-island_0.json,286,6,Use the kitchen appliance.,Inspect the kitchen appliance.,kitchen appliance,appliance,inspect
00327-xgLmjqzoAzF\tasks-island_0.json,292,6,Arrange the bathroom cabinet.,Place bathroom cabinet on surface.,bathroom cabinet,surface,place_on
00327-xgLmjqzoAzF\tasks-island_0.json,293,5,Wipe the appliance.,Wipe the appliance.,appliance,appliance,wipe
00327-xgLmjqzoAzF\tasks-island_0.json,295,7,Set the wine bottle.,Place wine bottle on surface.,wine_bottle,surface,place_on
00327-xgLmjqzoAzF\tasks-island_0.json,296,7,Wipe the appliance.,Wipe the appliance.,appliance,appliance,wipe
00327-xgLmjqzoAzF\tasks-island_0.json,299,7,Position the flowerpot.,Place flowerpot on surface.,flowerpot,surface,place_on
00327-xgLmjqzoAzF\tasks-island_0.json,307,3,Wipe the kitchen countertop item.,Wipe the kitchen countertop item.,kitchen countertop item,item,wipe
00327-xgLmjqzoAzF\tasks-island_0.json,308,2,Place them into a laundry basket.,Place items in the basket of something.,basket of something,items,place_in
00327-xgLmjqzoAzF\tasks-island_0.json,309,4,Organize the books on the shelf.,Place shelf on surface.,shelf,surface,place_on
00327-xgLmjqzoAzF\tasks-island_0.json,311,4,Wipe the kitchen countertop item.,Wipe the kitchen countertop item.,kitchen countertop item,item,wipe
00327-xgLmjqzoAzF\tasks-island_0.json,318,4,Sort the items in the bag.,Place bag in receptacle.,bag,receptacle,place_in
00327-xgLmjqzoAzF\tasks-island_0.json,321,5,Wipe the appliance surface.,Wipe the appliance.,appliance,appliance,wipe
00327-xgLmjqzoAzF\tasks-island_0.json,327,3,Check the appliance.,Inspect the appliance.,appliance,appliance,inspect
00327-xgLmjqzoAzF\tasks-island_0.json,327,6,Clear the kitchen countertop item.,Wipe kitchen countertop item.,kitchen countertop item,item,wipe
00327-xgLmjqzoAzF\tasks-island_0.json,327,7,Fill a jug at the sink.,Use the sink to fill a container.,sink,container,fill
00327-xgLmjqzoAzF\tasks-island_0.json,330,4,Check the appliance.,Inspect the appliance.,appliance,appliance,inspect
00327-xgLmjqzoAzF\tasks-island_0.json,336,3,Wipe the kitchen countertop item.,Wipe the kitchen countertop item.,kitchen countertop item,item,wipe
00330-WhNyDTnd9g5\tasks-island_0.json,4,3,Position the mouse.,Place mouse on surface.,mouse,surface,place_on
00330-WhNyDTnd9g5\tasks-island_0.json,18,1,Arrange the seat.,Place seat on surface.,seat,surface,place_on
00330-WhNyDTnd9g5\tasks-island_0.json,21,4,Set the cup on the chest of drawers.,Place cup on surface.,cup,surface,place_on
00330-WhNyDTnd9g5\tasks-island_0.json,25,1,Position the laptop computer.,Place laptop computer on surface.,laptop_computer,surface,place_on
00330-WhNyDTnd9g5\tasks-island_0.json,33,4,Position the laptop_computer.,Place laptop computer on surface.,laptop_computer,surface,place_on
00330-WhNyDTnd9g5\tasks-island_0.json,37,3,Set the wine_bottle.,Place wine bottle on surface.,wine_bottle,surface,place_on
00330-WhNyDTnd9g5\tasks-island_0.json,38,5,Set the bowl.,Place bowl on surface.,bowl,surface,place_on
00330-WhNyDTnd9g5\tasks-island_0.json,44,5,Set the cup.,Place cup on surface.,cup,surface,place_on
00330-WhNyDTnd9g5\tasks-island_0.json,51,2,Arrange the seat.,Place seat on surface.,seat,surface,place_on
00330-WhNyDTnd9g5\tasks-island_0.json,52,1,Hang the towel on the towel bar.,Hang items on the towel bar.,towel bar,items,hang
00330-WhNyDTnd9g5\tasks-island_0.json,55,3,Position the mouse by the computer.,Place mouse on surface.,mouse,surface,place_on
00330-WhNyDTnd9g5\tasks-island_0.json,57,4,Arrange the storage bin.,Place storage bin on surface.,storage bin,surface,place_on
00330-WhNyDTnd9g5\tasks-island_0.json,61,1,Arrange the hanger.,Place hanger on surface.,hanger,surface,place_on
00330-WhNyDTnd9g5\tasks-island_0.json,64,1,Hang the towel on the towel bar.,Hang items on the towel bar.,towel bar,items,hang
00330-WhNyDTnd9g5\tasks-island_0.json,67,4,Organize the furniture.,Straighten furniture.,furniture,furniture,straighten
00330-WhNyDTnd9g5\tasks-island_0.json,70,1,Hang the towel on the towel bar.,Hang items on the towel bar.,towel bar,items,hang
00330-WhNyDTnd9g5\tasks-island_0.json,82,4,Arrange the seat.,Place seat on surface.,seat,surface,place_on
00330-WhNyDTnd9g5\tasks-island_0.json,97,2,Arrange the seat.,Place seat on surface.,seat,surface,place_on
00330-WhNyDTnd9g5\tasks-island_0.json,105,5,Stock the bathroom cabinet.,Place items in the bathroom cabinet.,bathroom cabinet,items,place_in
00330-WhNyDTnd9g5\tasks-island_0.json,108,4,Arrange the clothing stand.,Place clothing stand on surface.,clothing stand,surface,place_on
00330-WhNyDTnd9g5\tasks-island_0.json,111,5,Position the keyboard.,Place keyboard on surface.,keyboard,surface,place_on
00330-WhNyDTnd9g5\tasks-island_0.json,115,5,Stock the refrigerator.,Place items in the refrigerator.,refrigerator,items,place_in
00330-WhNyDTnd9g5\tasks-island_0.json,117,7,Arrange the shelving.,Place shelving on surface.,shelving,surface,place_on
00330-WhNyDTnd9g5\tasks-island_0.json,118,4,Set the wine bottle.,Place wine bottle on surface.,wine_bottle,surface,place_on
00330-WhNyDTnd9g5\tasks-island_0.json,130,6,Set the wine bottle.,Place wine bottle on surface.,wine_bottle,surface,place_on
00330-WhNyDTnd9g5\tasks-island_0.json,133,7,Arrange the furniture.,Place furniture on surface.,furniture,"furniture, surface",place_on
00330-WhNyDTnd9g5\tasks-island_0.json,136,5,Tidy the furniture.,Straighten furniture.,furniture,furniture,straighten
00330-WhNyDTnd9g5\tasks-island_0.json,140,2,Load the clothes into the machine.,Load items into the machine.,machine,items,load
00330-WhNyDTnd9g5\tasks-island_0.json,146,6,Arrange the plant.,Place plant in receptacle.,plant,receptacle,place_in
00330-WhNyDTnd9g5\tasks-island_0.json,155,1,Refill the toilet paper near the toilet.,Use the toilet to fill items.,toilet,items,fill
00366-fxbzYAGkrtm\tasks-island_0.json,0,4,Organize the papers inside the cabinet.,Place cabinet in receptacle.,cabinet,receptacle,place_in
00366-fxbzYAGkrtm\tasks-island_0.json,2,4,Put the pajamas away in the wardrobe.,Store items in the wardrobe.,wardrobe,items,store
00366-fxbzYAGkrtm\tasks-island_0.json,7,1,Open the cabinet to store small items.,Open the cabinet to store small items.,cabinet,items,open
00366-fxbzYAGkrtm\tasks-island_0.json,7,3,Hang the clean shirts in the wardrobe.,Hang items in the wardrobe.,wardrobe,items,hang
00366-fxbzYAGkrtm\tasks-island_0.json,18,4,Change the lightbulb in the lamp.,Place items in the lamp.,lamp,items,place_in
00366-fxbzYAGkrtm\tasks-island_0.json,23,3,Organize the books on the shelf.,Place shelf on surface.,shelf,surface,place_on
00366-fxbzYAGkrtm\tasks-island_0.json,23,4,Tidy the papers inside the cabinet.,Place cabinet in receptacle.,cabinet,receptacle,place_in
00366-fxbzYAGkrtm\tasks-island_0.json,28,4,Organize the files in the cabinet.,Place cabinet in receptacle.,cabinet,receptacle,place_in
00366-fxbzYAGkrtm\tasks-island_0.json,35,5,Straighten the art frame in the vanity area.,Straighten the art frame in the vanity area.,art frame,area,straighten
00366-fxbzYAGkrtm\tasks-island_0.json,37,3,Straighten the art frame in the dining area.,Straighten the art frame in the dining area.,art frame,area,straighten
00366-fxbzYAGkrtm\tasks-island_0.json,41,1,Get the screwdriver from the utility area.,Pick up the screwdriver from the utility area.,screwdriver,area,pick_up
00366-fxbzYAGkrtm\tasks-island_0.json,48,4,Arrange the plant.,Place plant on surface.,plant,surface,place_on
00366-fxbzYAGkrtm\tasks-island_0.json,52,3,Arrange the decoration on the shelf.,Place decoration on surface.,decoration,surface,place_on
00366-fxbzYAGkrtm\tasks-island_0.json,65,3,Arrange the decoration.,Place decoration on surface.,decoration,surface,place_on
00366-fxbzYAGkrtm\tasks-island_0.json,96,4,Arrange the flower vase.,Place flower vase on surface.,flower vase,surface,place_on
00366-fxbzYAGkrtm\tasks-island_0.json,98,5,Set the stove.,Place stove on surface.,stove,surface,place_on
00366-fxbzYAGkrtm\tasks-island_0.json,102,5,Arrange the flower vase.,Place flower vase on surface.,flower vase,surface,place_on
00366-fxbzYAGkrtm\tasks-island_0.json,110,2,Arrange the wardrobe.,Place wardrobe on surface.,wardrobe,surface,place_on
00366-fxbzYAGkrtm\tasks-island_0.json,114,6,Arrange the items on the shelf.,Place shelf on surface.,shelf,surface,place_on
00366-fxbzYAGkrtm\tasks-island_0.json,138,6,Wipe the mirror in the dressing area.,Wipe the mirror in the dressing area.,mirror,area,wipe
00366-fxbzYAGkrtm\tasks-island_0.json,142,6,Fill the cabinet.,Load items in the cabinet.,cabinet,items,load
00366-fxbzYAGkrtm\tasks-island_0.json,152,7,Arrange the flower vase.,Place flower vase on surface.,flower vase,surface,place_on
00378-DqJKU7YU7dA\tasks-island_1.json,0,2,Retrieve a cup from the living area.,Pick up the cup from the living area.,cup,area,pick_up
00378-DqJKU7YU7dA\tasks-island_1.json,2,2,Load paper into the printer.,Load items into the printer.,printer,items,load
00378-DqJKU7YU7dA\tasks-island_1.json,9,1,Fill the pitcher with water from the sink.,Use the sink to fill a container.,sink,container,fill
00378-DqJKU7YU7dA\tasks-island_1.json,13,1,Arrange the deck chair.,Place deck chair on surface.,deck chair,surface,place_on
00378-DqJKU7YU7dA\tasks-island_1.json,14,3,Organize soap in the shower wall cubby.,Place shower wall cubby in receptacle.,shower wall cubby,receptacle,place_in
00378-DqJKU7YU7dA\tasks-island_1.json,23,3,Place items in the drawer.,Place items in the drawer.,drawer,items,place_in
00378-DqJKU7YU7dA\tasks-island_1.json,32,4,Set the pan on the stove.,Place pan on surface.,pan,surface,place_on
00378-DqJKU7YU7dA\tasks-island_1.json,36,1,Fold the towels in the stack of towels.,Fold items in the stack of towels.,stack of towels,items,fold
00378-DqJKU7YU7dA\tasks-island_1.json,37,1,Hang the clothes on the hanger.,Hang items on the hanger.,hanger,items,hang
00378-DqJKU7YU7dA\tasks-island_1.json,37,2,Put away socks in the drawer.,Store items in the drawer.,drawer,items,store
00378-DqJKU7YU7dA\tasks-island_1.json,37,4,Place items on the rack.,Place items on the rack.,rack,items,place_on
00378-DqJKU7YU7dA\tasks-island_1.json,52,1,Replace the bulb in the lamp.,Place items in the lamp.,lamp,items,place_in
00378-DqJKU7YU7dA\tasks-island_1.json,55,2,Put away the cushions in the basket.,Store items in the basket.,basket,items,store
00378-DqJKU7YU7dA\tasks-island_1.json,56,3,Hang the items on the rack.,Hang items on the rack.,rack,items,hang
00378-DqJKU7YU7dA\tasks-island_1.json,58,3,Arrange the shoe.,Place shoe on surface.,shoe,surface,place_on
00378-DqJKU7YU7dA\tasks-island_1.json,58,4,Hang the coats on the rack.,Hang items on the rack.,rack,items,hang
00378-DqJKU7YU7dA\tasks-island_1.json,66,2,Fill the cup at the sink.,Use the sink to fill a container.,sink,container,fill
00378-DqJKU7YU7dA\tasks-island_1.json,81,4,Set the plate on the table.,Place plate on surface.,plate,surface,place_on
00378-DqJKU7YU7dA\tasks-island_1.json,92,4,Fill the cup at the sink.,Use the sink to fill a container.,sink,container,fill
00378-DqJKU7YU7dA\tasks-island_1.json,100,5,Put the document in the rack.,Place items on the rack.,rack,items,place_on
00378-DqJKU7YU7dA\tasks-island_1.json,105,3,Place the items on the table.,Place the items on the table.,table,items,place_on
00378-DqJKU7YU7dA\tasks-island_1.json,115,2,Fill it with water at the sink.,Use the sink to fill a container.,sink,container,fill
00378-DqJKU7YU7dA\tasks-island_1.json,118,4,Replace the toilet paper in the toilet paper dispenser.,Place items in the toilet paper dispenser.,toilet paper dispenser,items,place_in
00378-DqJKU7YU7dA\tasks-island_1.json,124,3,Arrange the coffee table.,Place coffee table in receptacle.,coffee table,receptacle,place_in
00378-DqJKU7YU7dA\tasks-island_1.json,130,5,Arrange the decorative plate.,Place decorative plate on surface.,decorative plate,surface,place_on
00378-DqJKU7YU7dA\tasks-island_1.json,139,2,Arrange the shelf.,Place shelf on surface.,shelf,surface,place_on
00378-DqJKU7YU7dA\tasks-island_1.json,161,6,Arrange the decoration.,Place decoration on surface.,decoration,surface,place_on
00378-DqJKU7YU7dA\tasks-island_1.json,167,5,Arrange the rack.,Place rack on surface.,rack,surface,place_on
00378-DqJKU7YU7dA\tasks-island_1.json,168,6,Arrange the deck chair.,Place deck chair on surface.,deck chair,surface,place_on
00378-DqJKU7YU7dA\tasks-island_1.json,190,2,Arrange the firewood.,Place firewood on surface.,firewood,surface,place_on
00378-DqJKU7YU7dA\tasks-island_1.json,193,2,Fill a container at the sink.,Use the sink to fill a container.,sink,container,fill
00378-DqJKU7YU7dA\tasks-island_1.json,196,4,Arrange the rack.,Place rack on surface.,rack,surface,place_on
00378-DqJKU7YU7dA\tasks-island_1.json,199,4,Set the plate.,Place plate on surface.,plate,surface,place_on
00378-DqJKU7YU7dA\tasks-island_1.json,209,3,Set the plate.,Place plate on surface.,plate,surface,place_on
00378-DqJKU7YU7dA\tasks-island_1.json,220,5,Arrange the decorative plate.,Place decorative plate on surface.,decorative plate,surface,place_on
00378-DqJKU7YU7dA\tasks-island_1.json,229,4,Arrange the coffee table.,Place coffee table in receptacle.,coffee table,receptacle,place_in
00378-DqJKU7YU7dA\tasks-island_1.json,231,5,Arrange the deck chair.,Place deck chair on surface.,deck chair,surface,place_on
00378-DqJKU7YU7dA\tasks-island_1.json,253,2,Get a bowl from the living area.,Pick up the bowl from the living area.,bowl,area,pick_up
00378-DqJKU7YU7dA\tasks-island_1.json,256,1,Load the pan into the kitchen area.,Load the pan into the kitchen area.,pan,area,load
00378-DqJKU7YU7dA\tasks-island_1.json,260,2,Close the curtain in the living area.,Close the curtain in the living area.,curtain,area,close
00378-DqJKU7YU7dA\tasks-island_1.json,263,5,Fill a bottle at the sink.,Use the sink to fill a container.,sink,container,fill
00378-DqJKU7YU7dA\tasks-island_1.json,264,4,Hang the towel on the rack.,Hang items on the rack.,rack,items,hang
00378-DqJKU7YU7dA\tasks-island_1.json,269,1,Check the basket in the living area.,Inspect the basket in the living area.,basket,area,inspect
00378-DqJKU7YU7dA\tasks-island_1.json,271,6,Put on a record on the music player.,Place music player on surface.,music player,surface,place_on
00378-DqJKU7YU7dA\tasks-island_1.json,275,7,Put dirty items in the dishwasher.,Place dirty items in the dishwasher.,dishwasher,items,place_in
00378-DqJKU7YU7dA\tasks-island_1.json,280,3,Arrange the shoe on the floor.,Place shoe on surface.,shoe,surface,place_on
00378-DqJKU7YU7dA\tasks-island_1.json,289,3,Plump the pillows on the couch.,Fluff items on the couch.,couch,items,fluff
00378-DqJKU7YU7dA\tasks-island_1.json,309,3,Add water with the kettle.,Place items on the kettle.,kettle,items,place_on
00378-DqJKU7YU7dA\tasks-island_1.json,314,6,Arrange the rack.,Place rack on surface.,rack,surface,place_on
00382-S7uMvxjBVZq\tasks-island_0.json,6,2,Arrange the piano stool.,Place piano stool on surface.,piano stool,surface,place_on
00382-S7uMvxjBVZq\tasks-island_0.json,7,1,Fluff the pillows on the couch.,Fluff items on the couch.,couch,items,fluff
00382-S7uMvxjBVZq\tasks-island_0.json,41,2,Arrange the shelf.,Place shelf on surface.,shelf,surface,place_on
00382-S7uMvxjBVZq\tasks-island_0.json,54,2,Refill water at the sink.,Use the sink to fill a container.,sink,container,fill
00382-S7uMvxjBVZq\tasks-island_0.json,65,2,Fill it at the sink.,Use the sink to fill a container.,sink,container,fill
00382-S7uMvxjBVZq\tasks-island_0.json,68,3,Arrange the box.,Place box on surface.,box,surface,place_on
00382-S7uMvxjBVZq\tasks-island_0.json,73,2,Hang the towel on the towel bar.,Hang items on the towel bar.,towel bar,items,hang
00382-S7uMvxjBVZq\tasks-island_0.json,86,1,Arrange the hanging clothes.,Place hanging clothes on surface.,hanging clothes,surface,place_on
00382-S7uMvxjBVZq\tasks-island_0.json,113,4,Position the plant.,Place plant on surface.,plant,surface,place_on
00382-S7uMvxjBVZq\tasks-island_0.json,118,6,Arrange the laptop.,Place laptop on surface.,laptop,surface,place_on
00382-S7uMvxjBVZq\tasks-island_0.json,134,5,Arrange the hanger.,Place hanger on surface.,hanger,surface,place_on
00382-S7uMvxjBVZq\tasks-island_0.json,151,2,Arrange the keyboard.,Place keyboard on surface.,keyboard,surface,place_on
00382-S7uMvxjBVZq\tasks-island_0.json,159,6,Set the pan on the stove.,Place pan on surface.,pan,surface,place_on
00382-S7uMvxjBVZq\tasks-island_0.json,161,3,Arrange the book.,Place book in receptacle.,book,receptacle,place_in
00382-S7uMvxjBVZq\tasks-island_0.json,171,2,Arrange the shoe.,Place shoe on surface.,shoe,surface,place_on
00382-S7uMvxjBVZq\tasks-island_0.json,179,4,Add paper to the printer.,Place items on the printer.,printer,items,place_on
00382-S7uMvxjBVZq\tasks-island_0.json,183,6,Arrange the shelf.,Place shelf on surface.,shelf,surface,place_on
00382-S7uMvxjBVZq\tasks-island_0.json,188,7,Set the cutting board on the counter.,Place cutting board on surface.,cutting board,surface,place_on
00382-S7uMvxjBVZq\tasks-island_0.json,191,1,Arrange the bookshelf.,Place bookshelf on surface.,bookshelf,surface,place_on
00384-ceJTwFNjqCt\tasks-island_0.json,2,1,Position the camera.,Place camera on surface.,camera,surface,place_on
00384-ceJTwFNjqCt\tasks-island_0.json,10,3,Position the speaker.,Place speaker on surface.,speaker,surface,place_on
00384-ceJTwFNjqCt\tasks-island_0.json,10,4,Adjust the device.,Reposition the device.,device,device,reposition
00384-ceJTwFNjqCt\tasks-island_0.json,14,1,Arrange the tambourine.,Place tambourine on surface.,tambourine,surface,place_on
00384-ceJTwFNjqCt\tasks-island_0.json,15,2,Position the camera.,Place camera on surface.,camera,surface,place_on
00384-ceJTwFNjqCt\tasks-island_0.json,19,2,Arrange the flowerpot.,Place flowerpot on surface.,flowerpot,surface,place_on
00384-ceJTwFNjqCt\tasks-island_0.json,20,3,Position the music equipment stand.,Place music equipment stand on surface.,music equipment stand,surface,place_on
00384-ceJTwFNjqCt\tasks-island_0.json,21,2,Position the floor lamp for better lighting.,Place floor lamp on surface.,floor lamp,surface,place_on
00384-ceJTwFNjqCt\tasks-island_0.json,23,1,Neatly arrange the brochures on the stand.,Place brochures on surface.,brochures,surface,place_on
00384-ceJTwFNjqCt\tasks-island_0.json,25,3,Straighten the poster in the percussion area.,Straighten the poster in the percussion area.,poster,area,straighten
00384-ceJTwFNjqCt\tasks-island_0.json,26,3,Reposition the flowerpot to catch more light.,Place flowerpot on surface.,flowerpot,surface,place_on
00384-ceJTwFNjqCt\tasks-island_0.json,30,1,Position the camera on the tripod.,Place camera on surface.,camera,surface,place_on
00384-ceJTwFNjqCt\tasks-island_0.json,31,1,Move the box to the sorting area.,Carry the box to the sorting area.,box,area,carry
00384-ceJTwFNjqCt\tasks-island_0.json,31,4,Update the labels on the shelf.,Place shelf on surface.,shelf,surface,place_on
00384-ceJTwFNjqCt\tasks-island_0.json,36,3,Position the music equipment stand.,Place music equipment stand on surface.,music equipment stand,surface,place_on
00384-ceJTwFNjqCt\tasks-island_0.json,39,4,Arrange the music equipment stand for the singer.,Place music equipment stand on surface.,music equipment stand,surface,place_on
00384-ceJTwFNjqCt\tasks-island_0.json,40,4,Move the chair to a sunny spot.,Reposition the chair to the sunny spot.,chair,spot,reposition
00384-ceJTwFNjqCt\tasks-island_0.json,43,2,Organize the items in the box.,Place box in receptacle.,box,receptacle,place_in
00384-ceJTwFNjqCt\tasks-island_0.json,43,3,Restock the shop shelf.,Place items in the shop shelf.,shop shelf,items,place_in
00384-ceJTwFNjqCt\tasks-island_0.json,46,1,Wipe the floor near the keyboard.,Wipe the area near the keyboard.,keyboard,area,wipe
00384-ceJTwFNjqCt\tasks-island_0.json,46,3,Move the chair away from the wet spot.,Reposition the chair from the wet spot.,chair,spot,reposition
00384-ceJTwFNjqCt\tasks-island_0.json,48,1,Position the music equipment stand.,Place music equipment stand on surface.,music equipment stand,surface,place_on
00384-ceJTwFNjqCt\tasks-island_0.json,53,4,Arrange the clarinets on the display.,Place clarinet on surface.,clarinet,surface,place_on
00384-ceJTwFNjqCt\tasks-island_0.json,56,2,Arrange the brochures.,Place brochures on surface.,brochures,surface,place_on
00384-ceJTwFNjqCt\tasks-island_0.json,58,2,Arrange the guitar cases.,Place guitar cases on surface.,guitar cases,surface,place_on
00384-ceJTwFNjqCt\tasks-island_0.json,62,2,Replace the bulb in the floor lamp.,Place items in the floor lamp.,floor lamp,items,place_in
00384-ceJTwFNjqCt\tasks-island_0.json,65,4,Put the device on the stand.,Place the device on the stand.,device,device,place_on
00384-ceJTwFNjqCt\tasks-island_0.json,67,2,Arrange the products.,Place products on surface.,products,surface,place_on
00384-ceJTwFNjqCt\tasks-island_0.json,70,4,Arrange the brochures.,Place brochures on surface.,brochures,surface,place_on
00384-ceJTwFNjqCt\tasks-island_0.json,75,3,Position the board.,Place board on surface.,board,surface,place_on
00384-ceJTwFNjqCt\tasks-island_0.json,77,3,Arrange the magazines.,Place magazines on surface.,magazines,surface,place_on
00384-ceJTwFNjqCt\tasks-island_0.json,78,1,Position the drum.,Place drum in receptacle.,drum,receptacle,place_in
00384-ceJTwFNjqCt\tasks-island_0.json,81,4,Arrange the trombones.,Place trombone on surface.,trombone,surface,place_on
00384-ceJTwFNjqCt\tasks-island_0.json,82,4,Organize the books on the shelf.,Place shelf on surface.,shelf,surface,place_on
00384-ceJTwFNjqCt\tasks-island_0.json,84,1,Position the keyboard piano.,Place keyboard piano on surface.,keyboard piano,surface,place_on
00384-ceJTwFNjqCt\tasks-island_0.json,88,3,Arrange the magazines.,Place magazines on surface.,magazines,surface,place_on
00384-ceJTwFNjqCt\tasks-island_0.json,90,1,Position the electric guitar.,Place electric guitar on surface.,electric guitar,surface,place_on
00384-ceJTwFNjqCt\tasks-island_0.json,93,1,Position the drums.,Place drum on surface.,drum,surface,place_on
00384-ceJTwFNjqCt\tasks-island_0.json,94,4,Arrange the boxes.,Place boxes on surface.,boxes,surface,place_on
00384-ceJTwFNjqCt\tasks-island_0.json,95,5,Pack everything in the bag.,Load items into the bag.,bag,items,load
00384-ceJTwFNjqCt\tasks-island_0.json,96,1,Arrange the books.,Place book on surface.,book,surface,place_on
00384-ceJTwFNjqCt\tasks-island_0.json,99,3,Position the floor lamp.,Place floor lamp on surface.,floor lamp,surface,place_on
00384-ceJTwFNjqCt\tasks-island_0.json,100,3,Position the amplifier.,Place amplifier on surface.,amplifier,surface,place_on
00384-ceJTwFNjqCt\tasks-island_0.json,102,2,Fill the pitcher at the drinking fountain.,Use the drinking fountain to fill a container.,drinking fountain,container,fill
00384-ceJTwFNjqCt\tasks-island_0.json,103,2,Arrange the books on the shelf.,Place shelf on surface.,shelf,surface,place_on
00384-ceJTwFNjqCt\tasks-island_0.json,103,3,Straighten the floor lamp in the storage area.,Straighten the floor lamp in the storage area.,floor lamp,area,straighten
00384-ceJTwFNjqCt\tasks-island_0.json,105,2,Polish the mirror in the storage area.,Polish the mirror in the storage area.,mirror,area,polish
00384-ceJTwFNjqCt\tasks-island_0.json,106,1,Position the camera in the meeting room.,Place camera in receptacle.,camera,receptacle,place_in
00384-ceJTwFNjqCt\tasks-island_0.json,108,3,Set the handbag on the chair.,Place handbag on surface.,handbag,surface,place_on
00384-ceJTwFNjqCt\tasks-island_0.json,110,2,Move the stand to the storage area.,Carry the stand to the storage area.,stand,area,carry
00384-ceJTwFNjqCt\tasks-island_0.json,112,3,Dust the floor lamp in the storage area.,Dust the floor lamp in the storage area.,floor lamp,area,dust
00384-ceJTwFNjqCt\tasks-island_0.json,114,4,Set up the stand in the storage area.,Place the stand in the storage area.,stand,area,place_in
00384-ceJTwFNjqCt\tasks-island_0.json,116,4,Arrange the guitar pedals.,Place guitar pedals on surface.,guitar pedals,surface,place_on
00384-ceJTwFNjqCt\tasks-island_0.json,120,2,Arrange the guitar straps.,Place guitar straps on surface.,guitar straps,surface,place_on
00384-ceJTwFNjqCt\tasks-island_0.json,122,5,Arrange the magazines.,Place magazines on surface.,magazines,surface,place_on
00384-ceJTwFNjqCt\tasks-island_0.json,125,4,Stock the shop shelf.,Place items in the shop shelf.,shop shelf,items,place_in
00384-ceJTwFNjqCt\tasks-island_0.json,126,6,Move the stand in the storage area.,Carry the stand in the storage area.,stand,area,carry
00384-ceJTwFNjqCt\tasks-island_0.json,127,5,Straighten the floor lamp in the storage area.,Straighten the floor lamp in the storage area.,floor lamp,area,straighten
00384-ceJTwFNjqCt\tasks-island_0.json,128,2,Arrange the book on the table.,Place book on surface.,book,surface,place_on
00384-ceJTwFNjqCt\tasks-island_0.json,133,4,Wipe the mirror in the storage area.,Wipe the mirror in the storage area.,mirror,area,wipe
00384-ceJTwFNjqCt\tasks-island_0.json,137,2,Fill the pitcher at the drinking fountain.,Use the drinking fountain to fill a container.,drinking fountain,container,fill
00384-ceJTwFNjqCt\tasks-island_0.json,138,2,Arrange the music equipment stand.,Place music equipment stand on surface.,music equipment stand,surface,place_on
00384-ceJTwFNjqCt\tasks-island_0.json,139,3,Position the floor lamp.,Place floor lamp on surface.,floor lamp,surface,place_on
00384-ceJTwFNjqCt\tasks-island_0.json,141,2,Arrange the shelf units.,Place shelf on surface.,shelf,surface,place_on
00384-ceJTwFNjqCt\tasks-island_0.json,144,3,Position the music equipment stand.,Place music equipment stand on surface.,music equipment stand,surface,place_on
00384-ceJTwFNjqCt\tasks-island_0.json,144,6,Carry the handbag to the staff area.,Carry the handbag to the staff area.,handbag,area,carry
00384-ceJTwFNjqCt\tasks-island_0.json,145,6,Position the ladder safely.,Place ladder on surface.,ladder,surface,place_on
00384-ceJTwFNjqCt\tasks-island_0.json,146,2,Arrange the board against the wall.,Place board on surface.,board,surface,place_on
00384-ceJTwFNjqCt\tasks-island_0.json,148,2,Arrange the albums by genre.,Place albums on surface.,albums,surface,place_on
00384-ceJTwFNjqCt\tasks-island_0.json,149,4,Arrange the guitar pedals neatly.,Place guitar pedals on surface.,guitar pedals,surface,place_on
00384-ceJTwFNjqCt\tasks-island_0.json,152,3,Position the saxophone for display.,Place saxophone on surface.,saxophone,surface,place_on
00384-ceJTwFNjqCt\tasks-island_0.json,152,4,Arrange the music equipment stand.,Place music equipment stand on surface.,music equipment stand,surface,place_on
00384-ceJTwFNjqCt\tasks-island_0.json,152,6,Carry the backpack to the storage area.,Carry the backpack to the storage area.,backpack,area,carry
00384-ceJTwFNjqCt\tasks-island_0.json,154,2,Arrange the music equipment stand in the studio.,Place music equipment stand in receptacle.,music equipment stand,receptacle,place_in
00384-ceJTwFNjqCt\tasks-island_0.json,154,3,Move the chair in the waiting area.,Reposition the chair in the waiting area.,chair,area,reposition
00384-ceJTwFNjqCt\tasks-island_0.json,155,4,Lock the cabinet in the sales area.,Lock the cabinet in the sales area.,cabinet,area,lock
00384-ceJTwFNjqCt\tasks-island_0.json,156,4,Arrange the box in the corner.,Place box in receptacle.,box,receptacle,place_in
00384-ceJTwFNjqCt\tasks-island_0.json,158,1,Position the keyboard on the stand.,Place keyboard on surface.,keyboard,surface,place_on
00384-ceJTwFNjqCt\tasks-island_0.json,162,1,Position the clarinet on the display.,Place clarinet on surface.,clarinet,surface,place_on
00384-ceJTwFNjqCt\tasks-island_0.json,162,4,Arrange the case for the instrument.,Place case on surface.,case,surface,place_on
00384-ceJTwFNjqCt\tasks-island_0.json,163,2,Position the amplifier for the session.,Place amplifier on surface.,amplifier,surface,place_on
00384-ceJTwFNjqCt\tasks-island_0.json,163,6,Bring the kettle to the break area.,Carry the kettle to the break area.,kettle,area,carry
00384-ceJTwFNjqCt\tasks-island_0.json,165,2,Arrange the guitar pedals in the case.,Place guitar pedals in receptacle.,guitar pedals,receptacle,place_in
00384-ceJTwFNjqCt\tasks-island_0.json,167,2,Arrange the keyboard cover on the unit.,Place keyboard cover on surface.,keyboard cover,surface,place_on
00384-ceJTwFNjqCt\tasks-island_0.json,167,4,Wipe the monitor in the sales area.,Wipe the monitor in the sales area.,monitor,area,wipe
00384-ceJTwFNjqCt\tasks-island_0.json,168,1,Position the microphone accessory.,Place microphone accessory on surface.,microphone accessory,surface,place_on
00384-ceJTwFNjqCt\tasks-island_0.json,168,2,Arrange the audio cables on the floor.,Place audio cables on surface.,audio cables,surface,place_on
00384-ceJTwFNjqCt\tasks-island_0.json,172,3,Position the music equipment stand.,Place music equipment stand on surface.,music equipment stand,surface,place_on
00384-ceJTwFNjqCt\tasks-island_0.json,173,4,Arrange the product box.,Place product box on surface.,product box,surface,place_on
00384-ceJTwFNjqCt\tasks-island_0.json,174,6,Arrange the clarinet.,Place clarinet on surface.,clarinet,surface,place_on
00384-ceJTwFNjqCt\tasks-island_0.json,176,7,Position the speaker.,Place speaker on surface.,speaker,surface,place_on
00384-ceJTwFNjqCt\tasks-island_0.json,179,4,Position the amplifier.,Place amplifier on surface.,amplifier,surface,place_on
00384-ceJTwFNjqCt\tasks-island_0.json,179,5,Arrange the guitar straps.,Place guitar straps on surface.,guitar straps,surface,place_on
00384-ceJTwFNjqCt\tasks-island_0.json,181,4,Position the drum.,Place drum on surface.,drum,surface,place_on
00384-ceJTwFNjqCt\tasks-island_0.json,181,6,Arrange the product box.,Place product box on surface.,product box,surface,place_on
00384-ceJTwFNjqCt\tasks-island_0.json,183,6,Position the telephone.,Place telephone on surface.,telephone,surface,place_on
00384-ceJTwFNjqCt\tasks-island_0.json,184,6,Position the speaker.,Place speaker on surface.,speaker,surface,place_on
00384-ceJTwFNjqCt\tasks-island_0.json,185,6,Position the ladder.,Place ladder on surface.,ladder,surface,place_on
00384-ceJTwFNjqCt\tasks-island_0.json,187,6,Pack it into the product box.,Load items into the product box.,product box,items,load
00384-ceJTwFNjqCt\tasks-island_0.json,190,4,Position the music equipment stand.,Place music equipment stand on surface.,music equipment stand,surface,place_on
00384-ceJTwFNjqCt\tasks-island_0.json,192,7,Position the trumpet.,Place trumpet on surface.,trumpet,surface,place_on
00384-ceJTwFNjqCt\tasks-island_0.json,195,5,Arrange the guitar cases.,Place guitar cases on surface.,guitar cases,surface,place_on
00384-ceJTwFNjqCt\tasks-island_0.json,196,3,Position the amplifier.,Place amplifier on surface.,amplifier,surface,place_on
00384-ceJTwFNjqCt\tasks-island_0.json,199,5,Position the keyboard.,Place keyboard on surface.,keyboard,surface,place_on
00384-ceJTwFNjqCt\tasks-island_0.json,200,5,Position the keyboard for the accompaniment.,Place keyboard piano on surface.,keyboard piano,surface,place_on
00384-ceJTwFNjqCt\tasks-island_0.json,202,1,Move the safety cone to mark the work area.,Carry the cone to mark the work area.,cone,area,carry
00384-ceJTwFNjqCt\tasks-island_0.json,202,4,Restock the instrument accessories on the shelf.,Place items on the shelf.,shelf,items,place_on
00384-ceJTwFNjqCt\tasks-island_0.json,202,5,Organize the spare parts in the box.,Place box in receptacle.,box,receptacle,place_in
00384-ceJTwFNjqCt\tasks-island_0.json,204,4,Display the electric guitar on the main stand.,Place electric guitar on surface.,electric guitar,surface,place_on
00384-ceJTwFNjqCt\tasks-island_0.json,204,5,Position the amplifier next to the guitar.,Place amplifier on surface.,amplifier,surface,place_on
00384-ceJTwFNjqCt\tasks-island_0.json,207,2,Set up the music stand in the repair area.,Place the music equipment stand in the repair area.,music equipment stand,area,place_in
00384-ceJTwFNjqCt\tasks-island_0.json,209,2,Move the display stand to a prominent spot.,Carry the stand to the prominent spot.,stand,spot,carry
00384-ceJTwFNjqCt\tasks-island_0.json,209,6,Arrange the featured product on the counter.,Place product on surface.,product,surface,place_on
00384-ceJTwFNjqCt\tasks-island_0.json,212,4,Arrange the snare drum on its stand.,Place drum on surface.,drum,surface,place_on
00384-ceJTwFNjqCt\tasks-island_0.json,212,5,Display the tambourine on the wall hook.,Place tambourine on surface.,tambourine,surface,place_on
00384-ceJTwFNjqCt\tasks-island_0.json,213,4,Restock the merchandise on the shop shelf.,Place items in the shop shelf.,shop shelf,items,place_in
00384-ceJTwFNjqCt\tasks-island_0.json,213,5,Arrange the small product items near the register.,Place product on surface.,product,surface,place_on
00384-ceJTwFNjqCt\tasks-island_0.json,214,5,Organize the cleaning kits in the product box.,Place product box in receptacle.,product box,receptacle,place_in
00384-ceJTwFNjqCt\tasks-island_0.json,215,4,Set the MIDI keyboard on the desk.,Place keyboard on surface.,keyboard,surface,place_on
00384-ceJTwFNjqCt\tasks-island_0.json,217,1,Position the music stand for the vocalist.,Place music equipment stand on surface.,music equipment stand,surface,place_on
00384-ceJTwFNjqCt\tasks-island_0.json,218,3,Set the handbag on the shelf.,Place handbag on surface.,handbag,surface,place_on
00384-ceJTwFNjqCt\tasks-island_0.json,219,1,Arrange the music books by difficulty.,Place book on surface.,book,surface,place_on
00384-ceJTwFNjqCt\tasks-island_0.json,219,2,Display the master-grade violin on the center pedestal.,Place violin on surface.,violin,surface,place_on
00384-ceJTwFNjqCt\tasks-island_0.json,219,5,Organize the rosin in the product box.,Place product box in receptacle.,product box,receptacle,place_in
00384-ceJTwFNjqCt\tasks-island_0.json,220,2,Position the lead electric guitar in the window.,Place electric guitar in receptacle.,electric guitar,receptacle,place_in
00384-ceJTwFNjqCt\tasks-island_0.json,220,4,Display the latest guitar pedals on the floor.,Place guitar pedals on surface.,guitar pedals,surface,place_on
00384-ceJTwFNjqCt\tasks-island_0.json,221,4,Plump the cushion on the chair.,Fluff items on the chair.,chair,items,fluff
00384-ceJTwFNjqCt\tasks-island_0.json,222,1,Set the music stand in the practice room.,Place music equipment stand in receptacle.,music equipment stand,receptacle,place_in
00384-ceJTwFNjqCt\tasks-island_0.json,224,4,Position the music stand for the sheet music.,Place music equipment stand on surface.,music equipment stand,surface,place_on
00384-ceJTwFNjqCt\tasks-island_0.json,228,3,Display the tambourine near the register.,Place tambourine on surface.,tambourine,surface,place_on
00384-ceJTwFNjqCt\tasks-island_0.json,228,5,Restock the cleaning product on the shelf.,Place items in the product.,product,items,place_in
00384-ceJTwFNjqCt\tasks-island_0.json,230,7,Refill the water in the office kettle.,Use the kettle to fill items.,kettle,items,fill
00386-b3WpMbPFB6q\tasks-island_0.json,12,2,Arrange the ottoman.,Place ottoman on surface.,ottoman,surface,place_on
00386-b3WpMbPFB6q\tasks-island_0.json,24,1,Arrange the decoration.,Place decoration on surface.,decoration,surface,place_on
00386-b3WpMbPFB6q\tasks-island_0.json,29,1,Arrange the clothes.,Place clothes on surface.,clothes,surface,place_on
00386-b3WpMbPFB6q\tasks-island_0.json,34,3,Reposition the mouse for better access.,Place mouse on surface.,mouse,surface,place_on
00386-b3WpMbPFB6q\tasks-island_0.json,35,1,Pack essentials into the backpack.,Load items into the backpack.,backpack,items,load
00386-b3WpMbPFB6q\tasks-island_0.json,38,3,Straighten the cushions on the sofa.,Straighten items on the sofa.,sofa,items,straighten
00386-b3WpMbPFB6q\tasks-island_0.json,38,4,Bring a jar of snacks to the living area.,Carry the jar to the living area.,jar,area,carry
00386-b3WpMbPFB6q\tasks-island_0.json,42,2,Fill it up at the washbasin.,Use the washbasin to fill a container.,washbasin,container,fill
00386-b3WpMbPFB6q\tasks-island_0.json,45,2,Pull up the chair to the desk area.,Pull the chair to the desk area.,chair,area,pull
00386-b3WpMbPFB6q\tasks-island_0.json,48,2,Load paper from the stack of papers.,Load items into the stack of papers.,stack of papers,items,load
00386-b3WpMbPFB6q\tasks-island_0.json,48,4,File the documents in the cabinet.,Place items in the cabinet.,cabinet,items,place_in
00386-b3WpMbPFB6q\tasks-island_0.json,50,3,Pack smaller items into the backpack.,Load items into the backpack.,backpack,items,load
00386-b3WpMbPFB6q\tasks-island_0.json,54,3,Arrange the decoration on the shelf.,Place decoration on surface.,decoration,surface,place_on
00386-b3WpMbPFB6q\tasks-island_0.json,57,1,Fluff the pillows on the sofa.,Fluff items on the sofa.,sofa,items,fluff
00386-b3WpMbPFB6q\tasks-island_0.json,57,2,Organize the items in the cabinet.,Place cabinet in receptacle.,cabinet,receptacle,place_in
00386-b3WpMbPFB6q\tasks-island_0.json,58,2,Organize the materials on the shelf.,Place shelf on surface.,shelf,surface,place_on
00386-b3WpMbPFB6q\tasks-island_0.json,62,4,Put it away in the cabinet.,Store items in the cabinet.,cabinet,items,store
00386-b3WpMbPFB6q\tasks-island_0.json,68,3,Arrange the plate.,Place plate on surface.,plate,surface,place_on
00386-b3WpMbPFB6q\tasks-island_0.json,71,5,Arrange the shelf.,Place shelf on surface.,shelf,surface,place_on
00386-b3WpMbPFB6q\tasks-island_0.json,74,3,Arrange the bowl of fruit.,Place bowl of fruit on surface.,bowl of fruit,surface,place_on
00386-b3WpMbPFB6q\tasks-island_0.json,81,4,Arrange the bowl of fruit.,Place bowl of fruit on surface.,bowl of fruit,surface,place_on
00386-b3WpMbPFB6q\tasks-island_0.json,92,3,Arrange the clothes.,Place clothes on surface.,clothes,surface,place_on
00386-b3WpMbPFB6q\tasks-island_0.json,97,3,Arrange the plate.,Place plate on surface.,plate,surface,place_on
00386-b3WpMbPFB6q\tasks-island_0.json,101,4,Arrange the decorative plant.,Place decorative plant on surface.,decorative plant,surface,place_on
00386-b3WpMbPFB6q\tasks-island_0.json,108,5,Place completed items on the shelf.,Place completed items on the shelf.,shelf,items,place_on
00386-b3WpMbPFB6q\tasks-island_0.json,111,2,Rearrange the ottoman.,Place ottoman on surface.,ottoman,surface,place_on
00386-b3WpMbPFB6q\tasks-island_0.json,113,5,Store items in the cabinet.,Place items in the cabinet.,cabinet,items,place_in
00386-b3WpMbPFB6q\tasks-island_0.json,117,4,Arrange the vase.,Place vase on surface.,vase,surface,place_on
00386-b3WpMbPFB6q\tasks-island_0.json,119,3,Position the ottoman.,Place ottoman on surface.,ottoman,surface,place_on
00386-b3WpMbPFB6q\tasks-island_0.json,177,4,Prepare popcorn in the bowl.,Place items in the bowl.,bowl,items,place_in
00386-b3WpMbPFB6q\tasks-island_0.json,178,1,Put the toy away in the cabinet.,Store items in the cabinet.,cabinet,items,store
00386-b3WpMbPFB6q\tasks-island_0.json,178,3,Arrange the shoes on the shelf.,Place shelf with shoes on surface.,shelf with shoes,surface,place_on
00386-b3WpMbPFB6q\tasks-island_0.json,178,4,Put small items in the box.,Place small items in the box.,box,items,place_in
00386-b3WpMbPFB6q\tasks-island_0.json,183,4,Place a candle on the holder.,Place items on the candle holder.,candle holder,items,place_on
00386-b3WpMbPFB6q\tasks-island_0.json,185,2,Put the books back on the rack.,Place items on the magazine rack.,magazine rack,items,place_on
00386-b3WpMbPFB6q\tasks-island_0.json,186,5,Set the jar on the table.,Place jar on surface.,jar,surface,place_on
00386-b3WpMbPFB6q\tasks-island_0.json,191,4,Hang items on the hanger.,Hang items on the hanger.,hanger,items,hang
00386-b3WpMbPFB6q\tasks-island_0.json,198,5,Set the pitcher on the table.,Place pitcher on surface.,pitcher,surface,place_on
00386-b3WpMbPFB6q\tasks-island_0.json,207,5,Load paper into the printer.,Load items into the printer.,printer,items,load
00386-b3WpMbPFB6q\tasks-island_0.json,215,2,Set the bowl of fruit on the table.,Place bowl of fruit on surface.,bowl of fruit,surface,place_on
00386-b3WpMbPFB6q\tasks-island_0.json,227,4,Set the bowl of fruit on the table.,Place bowl of fruit on surface.,bowl of fruit,surface,place_on
00386-b3WpMbPFB6q\tasks-island_0.json,236,3,Load the clothes into the washing machine.,Load items into the washing machine.,washing machine,items,load
00386-b3WpMbPFB6q\tasks-island_0.json,236,6,Organize the cleaning supplies in the kitchen cabinet.,Place kitchen cabinet in receptacle.,kitchen cabinet,receptacle,place_in
00386-b3WpMbPFB6q\tasks-island_0.json,236,7,Hang the wet items on the hanger.,Hang items on the hanger.,hanger,items,hang
00386-b3WpMbPFB6q\tasks-island_0.json,239,1,Pack the clothes into the suitcase.,Load items into the suitcase.,suitcase,items,load
00386-b3WpMbPFB6q\tasks-island_0.json,240,5,Organize the items in the wash cabinet.,Place wash cabinet in receptacle.,wash cabinet,receptacle,place_in
00386-b3WpMbPFB6q\tasks-island_0.json,241,5,Organize the threads on the shelf.,Place shelf on surface.,shelf,surface,place_on
00386-b3WpMbPFB6q\tasks-island_0.json,242,6,Store the loose items in the cabinet.,Store the loose items in the cabinet.,cabinet,items,store
00386-b3WpMbPFB6q\tasks-island_0.json,243,3,Arrange the bowl of fruit on the dining table.,Place bowl of fruit on surface.,bowl of fruit,surface,place_on
00386-b3WpMbPFB6q\tasks-island_0.json,248,6,Organize the clothes on the shelf.,Place shelf on surface.,shelf,surface,place_on
00386-b3WpMbPFB6q\tasks-island_0.json,250,5,Organize the supplies on the shelf.,Place shelf on surface.,shelf,surface,place_on
00386-b3WpMbPFB6q\tasks-island_0.json,252,7,Organize the tools in the cabinet.,Place cabinet in receptacle.,cabinet,receptacle,place_in
00386-b3WpMbPFB6q\tasks-island_0.json,255,2,Organize the shoes on the shelf with shoes.,Place shelf with shoes on surface.,shelf with shoes,surface,place_on
00386-b3WpMbPFB6q\tasks-island_0.json,255,3,Store the out-of-season items in the box.,Store the out-of-season items in the box.,box,items,store
00386-b3WpMbPFB6q\tasks-island_0.json,255,4,Hang the current clothes on the hanger.,Hang items on the hanger.,hanger,items,hang
00386-b3WpMbPFB6q\tasks-island_0.json,260,4,Organize the pots on the shelf.,Place shelf on surface.,shelf,surface,place_on
00388-pcpn6mFqFCg\tasks-island_0.json,8,3,Arrange the ornament.,Place ornament on surface.,ornament,surface,place_on
00388-pcpn6mFqFCg\tasks-island_0.json,13,3,Position the monitor.,Place monitor on surface.,monitor,surface,place_on
00388-pcpn6mFqFCg\tasks-island_0.json,22,4,Place items in the box.,Place items in the box.,box,items,place_in
00388-pcpn6mFqFCg\tasks-island_0.json,24,4,Set the tray nearby.,Place tray on surface.,tray,surface,place_on
00388-pcpn6mFqFCg\tasks-island_0.json,29,1,Arrange the panel screen.,Place panel screen on surface.,panel screen,surface,place_on
00388-pcpn6mFqFCg\tasks-island_0.json,33,4,Place items in the box.,Place items in the box.,box,items,place_in
00388-pcpn6mFqFCg\tasks-island_0.json,53,2,Reposition the panel screen,Place panel screen on surface.,panel screen,surface,place_on
00388-pcpn6mFqFCg\tasks-island_0.json,59,2,Arrange the stuffed animal,Place stuffed animal on surface.,stuffed animal,surface,place_on
00388-pcpn6mFqFCg\tasks-island_0.json,61,2,Reposition the panel screen,Place panel screen on surface.,panel screen,surface,place_on
00388-pcpn6mFqFCg\tasks-island_0.json,64,7,Arrange the stuffed animal on the shelf.,Place stuffed animal on surface.,stuffed animal,surface,place_on
00388-pcpn6mFqFCg\tasks-island_0.json,66,7,Set the mouse on the pad.,Place mouse on surface.,mouse,surface,place_on
00388-pcpn6mFqFCg\tasks-island_0.json,67,3,Position the mouse correctly.,Place mouse on surface.,mouse,surface,place_on
00388-pcpn6mFqFCg\tasks-island_0.json,69,3,Set the tray down for snacks.,Place tray on surface.,tray,surface,place_on
00388-pcpn6mFqFCg\tasks-island_0.json,70,2,Set the tray on the table.,Place tray on surface.,tray,surface,place_on
00388-pcpn6mFqFCg\tasks-island_0.json,71,4,Organize the items in the box.,Place box in receptacle.,box,receptacle,place_in
00388-pcpn6mFqFCg\tasks-island_0.json,75,4,Sort the documents in the folder.,Place folder in receptacle.,folder,receptacle,place_in
00388-pcpn6mFqFCg\tasks-island_2.json,1,2,Load the dirty dishes into the dishwasher.,Load items into the dishwasher.,dishwasher,items,load
00388-pcpn6mFqFCg\tasks-island_2.json,11,3,Add a log to the fireplace.,Place items on the fireplace.,fireplace,items,place_on
00388-pcpn6mFqFCg\tasks-island_2.json,12,1,Organize the books on the shelving.,Place shelving on surface.,shelving,surface,place_on
00388-pcpn6mFqFCg\tasks-island_2.json,12,4,Load the dishwasher with dirty items.,Load the dishwasher with the dirty items.,dishwasher,items,load
00388-pcpn6mFqFCg\tasks-island_2.json,13,5,Set the items on the coffee table.,Place the items on the coffee table.,coffee table,items,place_on
00388-pcpn6mFqFCg\tasks-island_2.json,14,1,Move the stool to the work area.,Reposition the stool to the work area.,stool,area,reposition
00388-pcpn6mFqFCg\tasks-island_2.json,17,4,Set the plate on the table.,Place plate on surface.,plate,surface,place_on
00388-pcpn6mFqFCg\tasks-island_2.json,27,6,Position the kitchen table.,Place kitchen table on surface.,kitchen table,surface,place_on
00388-pcpn6mFqFCg\tasks-island_2.json,34,6,Align the chair in the dining area.,Align the chair in the dining area.,chair,area,align
00397-ZNanfzgCdm3\tasks-island_0.json,2,2,Check the appliance.,Inspect the appliance.,appliance,appliance,inspect
00397-ZNanfzgCdm3\tasks-island_0.json,4,2,Check the appliance.,Inspect the appliance.,appliance,appliance,inspect
00397-ZNanfzgCdm3\tasks-island_0.json,7,4,Store items in the cabinet.,Place items in the cabinet.,cabinet,items,place_in
00397-ZNanfzgCdm3\tasks-island_0.json,11,4,Clean the appliance.,Wipe appliance.,appliance,appliance,wipe
00397-ZNanfzgCdm3\tasks-island_0.json,12,2,Appliance.,Inspect the appliance.,appliance,appliance,inspect
00397-ZNanfzgCdm3\tasks-island_0.json,15,1,Fill a container at the sink.,Use the sink to fill a container.,sink,container,fill
00397-ZNanfzgCdm3\tasks-island_0.json,21,1,Set the plate on the table.,Place plate on surface.,plate,surface,place_on
00397-ZNanfzgCdm3\tasks-island_0.json,21,4,Turn on the appliance.,Turn on the appliance.,appliance,appliance,turn_on
00397-ZNanfzgCdm3\tasks-island_0.json,27,5,Start the appliance.,Turn on the appliance.,appliance,appliance,turn_on
00397-ZNanfzgCdm3\tasks-island_0.json,29,3,Check the appliance.,Inspect the appliance.,appliance,appliance,inspect
00397-ZNanfzgCdm3\tasks-island_0.json,29,5,Repair the kitchen appliance.,Turn on the kitchen appliance.,kitchen appliance,appliance,turn_on
00397-ZNanfzgCdm3\tasks-island_0.json,34,4,Position the lamp.,Place lamp on surface.,lamp,surface,place_on
00397-ZNanfzgCdm3\tasks-island_0.json,35,2,Put everything in the appliance.,Place everything in the appliance.,appliance,appliance,place_in
00397-ZNanfzgCdm3\tasks-island_0.json,41,5,Use the kitchen appliance.,Inspect the kitchen appliance.,kitchen appliance,appliance,inspect
00397-ZNanfzgCdm3\tasks-island_0.json,52,2,Put the kettle on the appliance.,Place the kettle on the appliance.,appliance,appliance,place_on
00397-ZNanfzgCdm3\tasks-island_0.json,55,4,Wipe the appliance.,Wipe the appliance.,appliance,appliance,wipe
00397-ZNanfzgCdm3\tasks-island_0.json,60,5,Set the plate.,Place plate on surface.,plate,surface,place_on
00397-ZNanfzgCdm3\tasks-island_0.json,62,6,Set the wine bottle on the table.,Place wine bottle on surface.,wine_bottle,surface,place_on
00397-ZNanfzgCdm3\tasks-island_0.json,63,3,Check the appliance.,Inspect the appliance.,appliance,appliance,inspect
00397-ZNanfzgCdm3\tasks-island_0.json,64,4,Arrange the lamp.,Place lamp on surface.,lamp,surface,place_on
00397-ZNanfzgCdm3\tasks-island_0.json,64,5,File papers in the cabinet.,Place items in the cabinet.,cabinet,items,place_in
00397-ZNanfzgCdm3\tasks-island_0.json,65,5,Set the wine bottle.,Place wine bottle on surface.,wine_bottle,surface,place_on
00397-ZNanfzgCdm3\tasks-island_0.json,69,1,Arrange the kitchen lower cabinet.,Place kitchen lower cabinet on surface.,kitchen lower cabinet,surface,place_on
00397-ZNanfzgCdm3\tasks-island_0.json,70,3,Set the wine bottle on the table.,Place wine bottle on surface.,wine_bottle,surface,place_on
00397-ZNanfzgCdm3\tasks-island_0.json,71,3,Wipe the appliance.,Wipe the appliance.,appliance,appliance,wipe
00397-ZNanfzgCdm3\tasks-island_0.json,80,5,Place the clothes in the rack.,Place items on the rack.,rack,items,place_on
00397-ZNanfzgCdm3\tasks-island_0.json,83,6,Arrange the shoe.,Place shoe on surface.,shoe,surface,place_on
00397-ZNanfzgCdm3\tasks-island_0.json,84,6,Turn off the appliance.,Turn off the appliance.,appliance,appliance,turn_off
00397-ZNanfzgCdm3\tasks-island_0.json,86,5,Check the kitchen appliance.,Inspect the kitchen appliance.,kitchen appliance,appliance,inspect
00397-ZNanfzgCdm3\tasks-island_0.json,86,6,Reset the appliance.,Inspect the appliance.,appliance,appliance,inspect
00397-ZNanfzgCdm3\tasks-island_0.json,87,7,Adjust the appliance.,Reposition the appliance.,appliance,appliance,reposition
00397-ZNanfzgCdm3\tasks-island_0.json,91,7,Turn off the appliance.,Turn off the appliance.,appliance,appliance,turn_off
00397-ZNanfzgCdm3\tasks-island_0.json,92,6,Wipe the appliance.,Wipe the appliance.,appliance,appliance,wipe
00397-ZNanfzgCdm3\tasks-island_0.json,93,2,Set the plate on the counter.,Place plate on surface.,plate,surface,place_on
00397-ZNanfzgCdm3\tasks-island_0.json,95,7,Reset the appliance.,Inspect the appliance.,appliance,appliance,inspect
00397-ZNanfzgCdm3\tasks-island_0.json,99,7,Reset the appliance.,Inspect the appliance.,appliance,appliance,inspect
00397-ZNanfzgCdm3\tasks-island_0.json,100,5,Arrange the shoe.,Place shoe on surface.,shoe,surface,place_on
00397-ZNanfzgCdm3\tasks-island_0.json,102,7,Clean the appliance.,Wipe appliance.,appliance,appliance,wipe
00397-ZNanfzgCdm3\tasks-island_0.json,107,4,Wipe the kitchen appliance.,Wipe the kitchen appliance.,kitchen appliance,appliance,wipe
00397-ZNanfzgCdm3\tasks-island_0.json,107,6,Reset the appliance.,Inspect the appliance.,appliance,appliance,inspect
00404-QN2dRqwd84J\tasks-island_0.json,7,2,Set the tray.,Place tray on surface.,tray,surface,place_on
00404-QN2dRqwd84J\tasks-island_0.json,7,3,Arrange the flower vase.,Place flower vase on surface.,flower vase,surface,place_on
00404-QN2dRqwd84J\tasks-island_0.json,13,3,Set the toaster.,Place toaster on surface.,toaster,surface,place_on
00404-QN2dRqwd84J\tasks-island_0.json,21,2,Organize the books on the shelf.,Place shelf on surface.,shelf,surface,place_on
00404-QN2dRqwd84J\tasks-island_0.json,24,5,Arrange the flower vase.,Place flower vase on surface.,flower vase,surface,place_on
00404-QN2dRqwd84J\tasks-island_0.json,29,5,Organize the items on the shelf.,Place shelf on surface.,shelf,surface,place_on
00404-QN2dRqwd84J\tasks-island_0.json,36,1,Wipe the mirror in the dressing area.,Wipe the mirror in the dressing area.,mirror,area,wipe
00404-QN2dRqwd84J\tasks-island_0.json,38,2,Refill water at the sink.,Use the sink to fill a container.,sink,container,fill
00404-QN2dRqwd84J\tasks-island_0.json,38,3,Arrange the flower vase.,Place flower vase on surface.,flower vase,surface,place_on
00404-QN2dRqwd84J\tasks-island_0.json,40,3,Arrange the flower vase.,Place flower vase in receptacle.,flower vase,receptacle,place_in
00404-QN2dRqwd84J\tasks-island_0.json,42,3,Wipe the floor near the partition.,Wipe the area near the partition.,partition,area,wipe
00404-QN2dRqwd84J\tasks-island_0.json,54,4,Place the items on a tray.,Place the items on a tray.,tray,items,place_on
00404-QN2dRqwd84J\tasks-island_0.json,58,5,Move the chair to the living area.,Reposition the chair to the living area.,chair,area,reposition
00404-QN2dRqwd84J\tasks-island_0.json,62,6,Arrange flowers in the flower vase.,Place flower vase in receptacle.,flower vase,receptacle,place_in
00404-QN2dRqwd84J\tasks-island_0.json,63,1,Organize the items on the dresser.,Place dresser on surface.,dresser,surface,place_on
00404-QN2dRqwd84J\tasks-island_0.json,67,2,Sort items on the dresser.,Place dresser on surface.,dresser,surface,place_on
00404-QN2dRqwd84J\tasks-island_0.json,67,5,Hang items in the wardrobe.,Hang items in the wardrobe.,wardrobe,items,hang
00404-QN2dRqwd84J\tasks-island_0.json,70,2,Fill a pitcher at the sink.,Use the sink to fill a container.,sink,container,fill
00404-QN2dRqwd84J\tasks-island_0.json,70,3,Add water to the flower vase.,Place items on the flower vase.,flower vase,items,place_on
00404-QN2dRqwd84J\tasks-island_0.json,75,6,Organize the cables near the speaker.,Place speaker in receptacle.,speaker,receptacle,place_in
00404-QN2dRqwd84J\tasks-island_0.json,82,3,Sort items in the wardrobe.,Place wardrobe in receptacle.,wardrobe,receptacle,place_in
00404-QN2dRqwd84J\tasks-island_0.json,82,5,Arrange the books on the shelf.,Place shelf on surface.,shelf,surface,place_on
00404-QN2dRqwd84J\tasks-island_0.json,85,2,Change the water in the flower vase.,Place items in the flower vase.,flower vase,items,place_in
00404-QN2dRqwd84J\tasks-island_0.json,93,5,Sort the clothes in the wardrobe.,Place wardrobe in receptacle.,wardrobe,receptacle,place_in
00404-QN2dRqwd84J\tasks-island_0.json,97,6,Set the tray for serving.,Place tray on surface.,tray,surface,place_on
00404-QN2dRqwd84J\tasks-island_0.json,102,6,Open the wardrobe to store clean items.,Open the wardrobe to store clean items.,wardrobe,items,open
00404-QN2dRqwd84J\tasks-island_0.json,107,4,Dust the shelf in the living area.,Dust the shelf in the living area.,shelf,area,dust
00404-QN2dRqwd84J\tasks-island_0.json,111,1,Move the stool to a new spot.,Reposition the stool to the new spot.,stool,spot,reposition
00404-QN2dRqwd84J\tasks-island_0.json,111,4,Move the speaker in the media area.,Carry the speaker in the media area.,speaker,area,carry
00407-NPHxDe6VeCc\tasks-island_1.json,0,1,Get the jar from the storage area.,Pick up the jar from the storage area.,jar,area,pick_up
00407-NPHxDe6VeCc\tasks-island_1.json,5,3,Arrange the flower in the vase.,Place flower in receptacle.,flower,receptacle,place_in
00407-NPHxDe6VeCc\tasks-island_1.json,9,2,Hang items on the rod.,Hang items on the rod.,rod,items,hang
00407-NPHxDe6VeCc\tasks-island_1.json,11,3,Prepare the kitchen appliance.,Wipe kitchen appliance.,kitchen appliance,appliance,wipe
00407-NPHxDe6VeCc\tasks-island_1.json,11,4,Serve the food on the plate.,Place items on the plate.,plate,items,place_on
00407-NPHxDe6VeCc\tasks-island_1.json,22,2,Position the telescope.,Place telescope on surface.,telescope,surface,place_on
00407-NPHxDe6VeCc\tasks-island_1.json,31,2,Clean the kitchen appliance.,Wipe kitchen appliance.,kitchen appliance,appliance,wipe
00407-NPHxDe6VeCc\tasks-island_1.json,34,5,Arrange the candle.,Place candle on surface.,candle,surface,place_on
00407-NPHxDe6VeCc\tasks-island_1.json,39,2,Organize the kitchen appliance.,Straighten kitchen appliance.,kitchen appliance,appliance,straighten
00407-NPHxDe6VeCc\tasks-island_1.json,53,2,Position the footrest.,Place footrest on surface.,footrest,surface,place_on
00407-NPHxDe6VeCc\tasks-island_1.json,54,1,Load the kitchen appliance.,Load the kitchen appliance.,kitchen appliance,appliance,load
00407-NPHxDe6VeCc\tasks-island_1.json,58,2,Arrange the flower in the vase.,Place flower in receptacle.,flower,receptacle,place_in
00407-NPHxDe6VeCc\tasks-island_1.json,61,2,Position the guitar properly.,Place guitar on surface.,guitar,surface,place_on
00407-NPHxDe6VeCc\tasks-island_1.json,61,3,Move the chair to the studio area.,Reposition the chair to the studio area.,chair,area,reposition
00407-NPHxDe6VeCc\tasks-island_1.json,63,5,Set a plate on the table.,Place plate on surface.,plate,surface,place_on
00407-NPHxDe6VeCc\tasks-island_1.json,68,2,Load the clothes into the washing machine.,Load items into the washing machine.,washing machine,items,load
00407-NPHxDe6VeCc\tasks-island_1.json,75,3,Check the kitchen appliance.,Inspect the kitchen appliance.,kitchen appliance,appliance,inspect
00407-NPHxDe6VeCc\tasks-island_1.json,80,2,Arrange the flower.,Place flower on surface.,flower,surface,place_on
00407-NPHxDe6VeCc\tasks-island_1.json,85,3,Clean the kitchen appliance.,Wipe kitchen appliance.,kitchen appliance,appliance,wipe
00407-NPHxDe6VeCc\tasks-island_1.json,86,6,Set the plate.,Place plate on surface.,plate,surface,place_on
00407-NPHxDe6VeCc\tasks-island_1.json,92,3,Wipe the kitchen appliance.,Wipe the kitchen appliance.,kitchen appliance,appliance,wipe
00407-NPHxDe6VeCc\tasks-island_1.json,95,3,Wipe the kitchen appliance.,Wipe the kitchen appliance.,kitchen appliance,appliance,wipe
00407-NPHxDe6VeCc\tasks-island_1.json,96,3,Arrange the lamp table.,Place lamp table on surface.,lamp table,surface,place_on
00407-NPHxDe6VeCc\tasks-island_1.json,100,1,Set the plate.,Place plate on surface.,plate,surface,place_on
00407-NPHxDe6VeCc\tasks-island_1.json,101,3,Position the footrest.,Place footrest on surface.,footrest,surface,place_on
00407-NPHxDe6VeCc\tasks-island_1.json,109,5,Clean the kitchen appliance.,Wipe kitchen appliance.,kitchen appliance,appliance,wipe
00407-NPHxDe6VeCc\tasks-island_1.json,115,3,Clean the kitchen appliance.,Wipe kitchen appliance.,kitchen appliance,appliance,wipe
00407-NPHxDe6VeCc\tasks-island_1.json,120,1,Clean the kitchen appliance.,Wipe kitchen appliance.,kitchen appliance,appliance,wipe
00407-NPHxDe6VeCc\tasks-island_1.json,124,3,Wipe the kitchen appliance.,Wipe the kitchen appliance.,kitchen appliance,appliance,wipe
00407-NPHxDe6VeCc\tasks-island_1.json,129,4,Arrange the coffee table.,Place coffee table on surface.,coffee table,surface,place_on
00407-NPHxDe6VeCc\tasks-island_1.json,130,2,Set the plate on the counter.,Place plate on surface.,plate,surface,place_on
00407-NPHxDe6VeCc\tasks-island_1.json,133,2,Arrange the firewood.,Place firewood on surface.,firewood,surface,place_on
00407-NPHxDe6VeCc\tasks-island_1.json,139,3,Organize the kitchen appliance.,Straighten kitchen appliance.,kitchen appliance,appliance,straighten
00407-NPHxDe6VeCc\tasks-island_1.json,146,2,Organize the kitchen appliance.,Straighten kitchen appliance.,kitchen appliance,appliance,straighten
00407-NPHxDe6VeCc\tasks-island_1.json,149,7,Set the throw blanket on the couch.,Place throw blanket on surface.,throw blanket,surface,place_on
00407-NPHxDe6VeCc\tasks-island_1.json,152,1,Wipe the kitchen appliance.,Wipe the kitchen appliance.,kitchen appliance,appliance,wipe
00407-NPHxDe6VeCc\tasks-island_1.json,156,4,Adjust the kitchen appliance.,Reposition the kitchen appliance.,kitchen appliance,appliance,reposition
00407-NPHxDe6VeCc\tasks-island_1.json,156,5,Arrange the flower.,Place flower on surface.,flower,surface,place_on
00407-NPHxDe6VeCc\tasks-island_1.json,165,2,Clean the kitchen appliance.,Wipe kitchen appliance.,kitchen appliance,appliance,wipe
00407-NPHxDe6VeCc\tasks-island_1.json,165,3,Refill water from the sink.,Use the sink to fill a container.,sink,container,fill
00407-NPHxDe6VeCc\tasks-island_1.json,169,3,Check the kitchen appliance.,Inspect the kitchen appliance.,kitchen appliance,appliance,inspect
00410-v7DzfFFEpsD\tasks-island_1.json,3,4,Arrange the shoe by the door.,Place shoe on surface.,shoe,surface,place_on
00410-v7DzfFFEpsD\tasks-island_1.json,4,1,Turn on the tv in the living area.,Turn on the tv in the living area.,tv,area,turn_on
00410-v7DzfFFEpsD\tasks-island_1.json,5,2,Fill it at the water dispenser.,Use the water dispenser to fill a container.,water dispenser,container,fill
00410-v7DzfFFEpsD\tasks-island_1.json,6,1,Refill paper in the printer.,Use the printer to load items.,printer,items,load
00410-v7DzfFFEpsD\tasks-island_1.json,11,4,Place the small items into the basket.,Place items in the basket of something.,basket of something,items,place_in
00410-v7DzfFFEpsD\tasks-island_1.json,13,4,Arrange books on the bookshelf.,Place bookshelf on surface.,bookshelf,surface,place_on
00410-v7DzfFFEpsD\tasks-island_1.json,14,3,Arrange the shampoo bottle on the shelf.,Place shampoo on surface.,shampoo,surface,place_on
00410-v7DzfFFEpsD\tasks-island_1.json,20,1,Shake out the rug in the bath area.,Shake out the rug in the bath area.,rug,area,shake_out
00410-v7DzfFFEpsD\tasks-island_1.json,21,2,Plug in the kitchen appliance.,Plug in the kitchen appliance.,kitchen appliance,appliance,plug_in
00410-v7DzfFFEpsD\tasks-island_1.json,21,3,Set the place mat on the counter.,Place place mat on surface.,place mat,surface,place_on
00410-v7DzfFFEpsD\tasks-island_1.json,29,2,Carry the tray to the dining area.,Carry the tray to the dining area.,tray,area,carry
00410-v7DzfFFEpsD\tasks-island_1.json,30,3,Place the items on the table.,Place the items on the table.,table,items,place_on
00410-v7DzfFFEpsD\tasks-island_1.json,40,2,Set the place mat.,Place place mat on surface.,place mat,surface,place_on
00410-v7DzfFFEpsD\tasks-island_1.json,44,3,Use the kitchen appliance.,Inspect the kitchen appliance.,kitchen appliance,appliance,inspect
00410-v7DzfFFEpsD\tasks-island_1.json,60,2,Fill it at the water dispenser.,Use the water dispenser to fill a container.,water dispenser,container,fill
00410-v7DzfFFEpsD\tasks-island_1.json,61,3,Place the items on the table.,Place the items on the table.,table,items,place_on
00410-v7DzfFFEpsD\tasks-island_1.json,63,2,Hang coats on the coat rack.,Hang items on the coat rack.,coat rack,items,hang
00410-v7DzfFFEpsD\tasks-island_1.json,63,3,Arrange the shoe on the floor.,Place shoe on surface.,shoe,surface,place_on
00410-v7DzfFFEpsD\tasks-island_1.json,82,1,Arrange the shoe.,Place shoe on surface.,shoe,surface,place_on
00410-v7DzfFFEpsD\tasks-island_1.json,84,5,Arrange the bookshelf.,Place bookshelf on surface.,bookshelf,surface,place_on
00410-v7DzfFFEpsD\tasks-island_1.json,89,3,Arrange the candle holder.,Place candle holder on surface.,candle holder,surface,place_on
00410-v7DzfFFEpsD\tasks-island_1.json,102,1,Organize the papers on the sideboard.,Place sideboard on surface.,sideboard,surface,place_on
00410-v7DzfFFEpsD\tasks-island_1.json,108,5,Arrange the rack.,Place rack on surface.,rack,surface,place_on
00410-v7DzfFFEpsD\tasks-island_1.json,113,5,Position the computer keyboard.,Place computer keyboard on surface.,computer_keyboard,surface,place_on
00410-v7DzfFFEpsD\tasks-island_1.json,119,1,Arrange the bookshelf.,Place bookshelf on surface.,bookshelf,surface,place_on
00410-v7DzfFFEpsD\tasks-island_1.json,121,2,Arrange the stuffed animal.,Place stuffed animal on surface.,stuffed animal,surface,place_on
00410-v7DzfFFEpsD\tasks-island_1.json,127,1,Sort mail on the sideboard.,Place sideboard on surface.,sideboard,surface,place_on
00410-v7DzfFFEpsD\tasks-island_1.json,131,1,Arrange the kitchen cabinet.,Place kitchen cabinet on surface.,kitchen cabinet,surface,place_on
00410-v7DzfFFEpsD\tasks-island_1.json,136,1,Heat some soup using the kitchen appliance.,Turn on kitchen appliance.,kitchen appliance,appliance,turn_on
00410-v7DzfFFEpsD\tasks-island_1.json,142,4,Position the footrest for comfort.,Place footrest on surface.,footrest,surface,place_on
00410-v7DzfFFEpsD\tasks-island_1.json,143,3,Place the mat on the table.,Place items on the place mat.,place mat,items,place_on
00410-v7DzfFFEpsD\tasks-island_1.json,145,6,Hang the bag on the clothes rack.,Hang items on the clothes rack.,clothes rack,items,hang
00410-v7DzfFFEpsD\tasks-island_1.json,157,4,Pack clothes from the clothes rack.,Load items into the clothes rack.,clothes rack,items,load
00410-v7DzfFFEpsD\tasks-island_1.json,160,2,Use the kitchen appliance for mixing.,Inspect the kitchen appliance.,kitchen appliance,appliance,inspect
00410-v7DzfFFEpsD\tasks-island_1.json,162,1,Pop some corn in the microwave.,Place items in the microwave.,microwave,items,place_in
00410-v7DzfFFEpsD\tasks-island_1.json,169,3,Organize the detergent on the shelf.,Place shelf on surface.,shelf,surface,place_on
00410-v7DzfFFEpsD\tasks-island_1.json,174,3,Prepare the ingredients on the cutting board.,Place items on the cutting board.,cutting board,items,place_on
00410-v7DzfFFEpsD\tasks-island_1.json,174,4,Set up the kitchen appliance for mixing.,Set up the kitchen appliance.,kitchen appliance,appliance,set_up
00410-v7DzfFFEpsD\tasks-island_1.json,175,1,Sort through the papers in the folder.,Place folder in receptacle.,folder,receptacle,place_in
00410-v7DzfFFEpsD\tasks-island_1.json,175,2,Refill the paper in the printer.,Use the printer to load items.,printer,items,load
00410-v7DzfFFEpsD\tasks-island_1.json,179,3,Organize the items on the rack.,Place rack on surface.,rack,surface,place_on
00410-v7DzfFFEpsD\tasks-island_1.json,180,5,Straighten the books on the bookshelf.,Straighten items on the bookshelf.,bookshelf,items,straighten
00410-v7DzfFFEpsD\tasks-island_1.json,183,2,Arrange the ornament on the shelf.,Place ornament on surface.,ornament,surface,place_on
00410-v7DzfFFEpsD\tasks-island_1.json,186,2,Arrange the books on the bookshelf.,Place bookshelf on surface.,bookshelf,surface,place_on
00410-v7DzfFFEpsD\tasks-island_1.json,189,6,Set the box of tools on the table.,Place box on surface.,box,surface,place_on
00410-v7DzfFFEpsD\tasks-island_1.json,197,2,Arrange the bookshelf.,Place bookshelf on surface.,bookshelf,surface,place_on
00410-v7DzfFFEpsD\tasks-island_1.json,198,6,Set the bowl on the table.,Place bowl on surface.,bowl,surface,place_on
00410-v7DzfFFEpsD\tasks-island_1.json,199,3,Position the computer keyboard properly.,Place computer keyboard in receptacle.,computer_keyboard,receptacle,place_in
00410-v7DzfFFEpsD\tasks-island_1.json,199,4,Sort the documents into the folder.,Place folder in receptacle.,folder,receptacle,place_in
00410-v7DzfFFEpsD\tasks-island_1.json,202,3,Hang a coat on the coat rack.,Hang items on the coat rack.,coat rack,items,hang
00410-v7DzfFFEpsD\tasks-island_1.json,206,5,Restock the shampoo.,Place items in the shampoo.,shampoo,items,place_in
00410-v7DzfFFEpsD\tasks-island_1.json,206,7,Hang clothes on the clothes rack.,Hang items on the clothes rack.,clothes rack,items,hang
00410-v7DzfFFEpsD\tasks-island_1.json,214,3,Arrange the sideboard.,Place sideboard on surface.,sideboard,surface,place_on
00410-v7DzfFFEpsD\tasks-island_1.json,214,7,Arrange the board game.,Place board game on surface.,board game,surface,place_on
00410-v7DzfFFEpsD\tasks-island_1.json,218,3,Arrange the coat rack.,Place coat rack on surface.,coat rack,surface,place_on
00410-v7DzfFFEpsD\tasks-island_1.json,230,5,Arrange the decoration.,Place decoration on surface.,decoration,surface,place_on
00410-v7DzfFFEpsD\tasks-island_1.json,237,2,Set the bowl on the table.,Place bowl on surface.,bowl,surface,place_on
00410-v7DzfFFEpsD\tasks-island_1.json,243,3,Arrange the stuffed animal.,Place stuffed animal on surface.,stuffed animal,surface,place_on
00410-v7DzfFFEpsD\tasks-island_1.json,244,4,Set the tray.,Place tray on surface.,tray,surface,place_on
00410-v7DzfFFEpsD\tasks-island_1.json,251,3,Clean the kitchen appliance.,Wipe kitchen appliance.,kitchen appliance,appliance,wipe
00410-v7DzfFFEpsD\tasks-island_1.json,251,5,Set the place mat.,Place place mat on surface.,place mat,surface,place_on
00410-v7DzfFFEpsD\tasks-island_1.json,253,3,Arrange the cabinet /w cluttered art.,Place cabinet /w cluttered art on surface.,cabinet /w cluttered art,surface,place_on
00410-v7DzfFFEpsD\tasks-island_1.json,268,3,Arrange the board game.,Place board game on surface.,board game,surface,place_on
00414-77mMEyxhs44\tasks-island_1.json,3,2,Plump up the cushions on the sofa.,Fluff items on the sofa.,sofa,items,fluff
00414-77mMEyxhs44\tasks-island_1.json,7,4,Arrange the book on the shelf.,Place book on surface.,book,surface,place_on
00414-77mMEyxhs44\tasks-island_1.json,17,3,Move the luggage to the storage area.,Carry the luggage to the storage area.,luggage,area,carry
00414-77mMEyxhs44\tasks-island_1.json,17,4,Arrange the car model on the shelf.,Place car model on surface.,car model,surface,place_on
00414-77mMEyxhs44\tasks-island_1.json,19,1,Arrange the book on the desk.,Place book on surface.,book,surface,place_on
00414-77mMEyxhs44\tasks-island_1.json,23,3,Arrange the music player.,Place music player on surface.,music player,surface,place_on
00414-77mMEyxhs44\tasks-island_1.json,29,3,Arrange the keyboard.,Place keyboard on surface.,keyboard,surface,place_on
00414-77mMEyxhs44\tasks-island_1.json,50,2,Arrange the shelf.,Place shelf on surface.,shelf,surface,place_on
00414-77mMEyxhs44\tasks-island_1.json,58,3,Retrieve the shampoo from the storage area.,Pick up the shampoo from the storage area.,shampoo,area,pick_up
00414-77mMEyxhs44\tasks-island_1.json,75,2,Fill a jug at the sink.,Use the sink to fill a container.,sink,container,fill
00414-77mMEyxhs44\tasks-island_1.json,90,5,Arrange the pile of magazines.,Place pile of magazines on surface.,pile of magazines,surface,place_on
00414-77mMEyxhs44\tasks-island_1.json,92,3,Arrange the kitchen seating.,Place kitchen seating in receptacle.,kitchen seating,receptacle,place_in
00414-77mMEyxhs44\tasks-island_1.json,100,3,Arrange the decorative plant.,Place decorative plant on surface.,decorative plant,surface,place_on
00414-77mMEyxhs44\tasks-island_1.json,105,6,Arrange the kitchen seating.,Place kitchen seating on surface.,kitchen seating,surface,place_on
00414-77mMEyxhs44\tasks-island_1.json,114,6,Set the toaster for breakfast.,Place toaster on surface.,toaster,surface,place_on
00414-77mMEyxhs44\tasks-island_1.json,114,7,Arrange the kitchen seating.,Place kitchen seating on surface.,kitchen seating,surface,place_on
00414-77mMEyxhs44\tasks-island_1.json,122,3,Arrange the chest.,Place chest on surface.,chest,surface,place_on
00414-77mMEyxhs44\tasks-island_1.json,125,6,Arrange the cabinet.,Place cabinet on surface.,cabinet,surface,place_on
00414-77mMEyxhs44\tasks-island_1.json,129,3,Arrange the pile of magazines.,Place pile of magazines on surface.,pile of magazines,surface,place_on
00414-77mMEyxhs44\tasks-island_1.json,131,6,Arrange the cabinet.,Place cabinet in receptacle.,cabinet,receptacle,place_in
00414-77mMEyxhs44\tasks-island_1.json,132,4,Arrange the kitchen cabinet.,Place kitchen cabinet on surface.,kitchen cabinet,surface,place_on
00414-77mMEyxhs44\tasks-island_1.json,141,5,Set the toaster,Place toaster on surface.,toaster,surface,place_on
00414-77mMEyxhs44\tasks-island_2.json,6,5,Move the decorative plant to a brighter spot.,Carry the decorative plant to the brighter spot.,decorative plant,spot,carry
00414-77mMEyxhs44\tasks-island_2.json,11,3,Stock the firewood chest.,Place items in the firewood chest.,firewood chest,items,place_in
00417-nGhNxKrgBPb\tasks-island_0.json,10,2,Arrange the flower vase.,Place flower vase on surface.,flower vase,surface,place_on
00417-nGhNxKrgBPb\tasks-island_0.json,23,1,Straighten the cushions on the couch.,Straighten items on the couch.,couch,items,straighten
00417-nGhNxKrgBPb\tasks-island_0.json,36,3,Arrange the flower vase.,Place flower vase in receptacle.,flower vase,receptacle,place_in
00417-nGhNxKrgBPb\tasks-island_0.json,43,3,Add water to the flower vase.,Place items on the flower vase.,flower vase,items,place_on
00417-nGhNxKrgBPb\tasks-island_0.json,48,1,Set the plate on the dining table.,Place plate on surface.,plate,surface,place_on
00417-nGhNxKrgBPb\tasks-island_0.json,56,3,Arrange the shampoo bottles.,Place shampoo on surface.,shampoo,surface,place_on
00417-nGhNxKrgBPb\tasks-island_0.json,57,4,Straighten the couch in the seating area.,Straighten the couch in the seating area.,couch,area,straighten
00417-nGhNxKrgBPb\tasks-island_0.json,62,5,Set the bowl on the table.,Place bowl on surface.,bowl,surface,place_on
00417-nGhNxKrgBPb\tasks-island_0.json,76,3,Set the bowl on the counter.,Place bowl on surface.,bowl,surface,place_on
00417-nGhNxKrgBPb\tasks-island_0.json,83,2,Arrange the flower vase.,Place flower vase on surface.,flower vase,surface,place_on
00417-nGhNxKrgBPb\tasks-island_0.json,90,2,Arrange the plush toy.,Place plush toy on surface.,plush toy,surface,place_on
00417-nGhNxKrgBPb\tasks-island_0.json,91,5,Set the plate.,Place plate on surface.,plate,surface,place_on
00417-nGhNxKrgBPb\tasks-island_0.json,102,2,Arrange the bath towel.,Place bath towel on surface.,bath towel,surface,place_on
00417-nGhNxKrgBPb\tasks-island_0.json,135,4,Position the keyboard on the desk.,Place computer keyboard in receptacle.,computer_keyboard,receptacle,place_in
00417-nGhNxKrgBPb\tasks-island_0.json,139,2,Arrange the flower vase on the table.,Place flower vase on surface.,flower vase,surface,place_on
00417-nGhNxKrgBPb\tasks-island_0.json,139,6,Set the plate on the table.,Place plate on surface.,plate,surface,place_on
00417-nGhNxKrgBPb\tasks-island_0.json,142,4,Arrange the flower vase on the dresser.,Place flower vase on surface.,flower vase,surface,place_on
00417-nGhNxKrgBPb\tasks-island_0.json,142,6,Position the decorative plant.,Place decorative plant on surface.,decorative plant,surface,place_on
00417-nGhNxKrgBPb\tasks-island_0.json,153,4,Position the flower vase.,Place flower vase on surface.,flower vase,surface,place_on
00417-nGhNxKrgBPb\tasks-island_0.json,155,4,Arrange the decorative plant.,Place decorative plant on surface.,decorative plant,surface,place_on
00417-nGhNxKrgBPb\tasks-island_0.json,155,5,Position the decoration.,Place decoration on surface.,decoration,surface,place_on
00417-nGhNxKrgBPb\tasks-island_0.json,162,3,Arrange the flower vase.,Place flower vase on surface.,flower vase,surface,place_on
00417-nGhNxKrgBPb\tasks-island_0.json,162,4,Position the decorative plant.,Place decorative plant on surface.,decorative plant,surface,place_on
00417-nGhNxKrgBPb\tasks-island_0.json,164,5,Position the lamp.,Place lamp in receptacle.,lamp,receptacle,place_in
00417-nGhNxKrgBPb\tasks-island_0.json,166,4,Arrange the flower vase.,Place flower vase on surface.,flower vase,surface,place_on
00417-nGhNxKrgBPb\tasks-island_0.json,168,2,Arrange the plush toy.,Place plush toy on surface.,plush toy,surface,place_on
00417-nGhNxKrgBPb\tasks-island_0.json,173,5,Position the cap.,Place cap on surface.,cap,surface,place_on
00417-nGhNxKrgBPb\tasks-island_0.json,174,2,Arrange the hanging clothes.,Place hanging clothes on surface.,hanging clothes,surface,place_on
00417-nGhNxKrgBPb\tasks-island_0.json,176,3,Arrange the flower vase.,Place flower vase on surface.,flower vase,surface,place_on
00417-nGhNxKrgBPb\tasks-island_0.json,177,7,Position the lamp.,Place lamp in receptacle.,lamp,receptacle,place_in
00417-nGhNxKrgBPb\tasks-island_0.json,183,1,Arrange the plush toy.,Place plush toy on surface.,plush toy,surface,place_on
00417-nGhNxKrgBPb\tasks-island_0.json,187,5,Set the bed table.,Place bed table in receptacle.,bed table,receptacle,place_in
00417-nGhNxKrgBPb\tasks-island_0.json,189,2,Arrange the flower vase.,Place flower vase on surface.,flower vase,surface,place_on
00417-nGhNxKrgBPb\tasks-island_0.json,191,5,Arrange the flower vase.,Place flower vase on surface.,flower vase,surface,place_on
00417-nGhNxKrgBPb\tasks-island_0.json,192,6,Arrange the shampoo.,Place shampoo on surface.,shampoo,surface,place_on
00417-nGhNxKrgBPb\tasks-island_0.json,194,7,Arrange the plush toy.,Place plush toy on surface.,plush toy,surface,place_on
00417-nGhNxKrgBPb\tasks-island_0.json,198,5,Arrange the flower vase.,Place flower vase on surface.,flower vase,surface,place_on
00417-nGhNxKrgBPb\tasks-island_0.json,198,6,Set the blanket.,Place blanket on surface.,blanket,surface,place_on
00417-nGhNxKrgBPb\tasks-island_0.json,201,4,Arrange the bowl.,Place bowl on surface.,bowl,surface,place_on
00417-nGhNxKrgBPb\tasks-island_0.json,203,6,Arrange the flower vase.,Place flower vase on surface.,flower vase,surface,place_on
00417-nGhNxKrgBPb\tasks-island_2.json,2,1,Position the camera.,Place camera on surface.,camera,surface,place_on
00417-nGhNxKrgBPb\tasks-island_2.json,6,3,Set the plate aside.,Place plate on surface.,plate,surface,place_on
00417-nGhNxKrgBPb\tasks-island_2.json,8,1,Position the flashlight.,Place flashlight on surface.,flashlight,surface,place_on
00417-nGhNxKrgBPb\tasks-island_2.json,11,3,Position the flashlight.,Place flashlight on surface.,flashlight,surface,place_on
00417-nGhNxKrgBPb\tasks-island_2.json,19,2,Move the flashlight to an accessible spot.,Carry the flashlight to the accessible spot.,flashlight,spot,carry
00417-nGhNxKrgBPb\tasks-island_2.json,20,5,Position the camera to record the project progress.,Place camera on surface.,camera,surface,place_on
00417-nGhNxKrgBPb\tasks-island_2.json,28,2,Reposition the camera.,Place camera in receptacle.,camera,receptacle,place_in
00422-8wJuSPJ9FXG\tasks-island_0.json,0,1,Hang up the coat on the coat rack.,Hang items on the coat rack.,coat rack,items,hang
00422-8wJuSPJ9FXG\tasks-island_0.json,5,3,Wipe the kitchen countertop item.,Wipe the kitchen countertop item.,kitchen countertop item,item,wipe
00422-8wJuSPJ9FXG\tasks-island_0.json,14,2,Wipe the kitchen countertop item.,Wipe the kitchen countertop item.,kitchen countertop item,item,wipe
00422-8wJuSPJ9FXG\tasks-island_0.json,14,4,Clean the kitchen appliance.,Wipe kitchen appliance.,kitchen appliance,appliance,wipe
00422-8wJuSPJ9FXG\tasks-island_0.json,15,3,Display the decoration.,Place decoration on surface.,decoration,surface,place_on
00422-8wJuSPJ9FXG\tasks-island_0.json,26,4,Arrange the rack.,Place rack on surface.,rack,surface,place_on
00422-8wJuSPJ9FXG\tasks-island_0.json,28,1,Hang the coat on the coat rack.,Hang items on the coat rack.,coat rack,items,hang
00422-8wJuSPJ9FXG\tasks-island_0.json,30,3,Clear the kitchen countertop item.,Wipe kitchen countertop item.,kitchen countertop item,item,wipe
00422-8wJuSPJ9FXG\tasks-island_0.json,33,3,Store items in the kitchen cabinet.,Place items in the kitchen cabinet.,kitchen cabinet,items,place_in
00422-8wJuSPJ9FXG\tasks-island_0.json,39,1,Hang the towel on the hook.,Hang items on the hook.,hook,items,hang
00422-8wJuSPJ9FXG\tasks-island_0.json,44,4,Tidy the kitchen countertop item.,Straighten kitchen countertop item.,kitchen countertop item,item,straighten
00422-8wJuSPJ9FXG\tasks-island_0.json,45,3,Set aside the briefcase.,Place briefcase in receptacle.,briefcase,receptacle,place_in
00422-8wJuSPJ9FXG\tasks-island_0.json,50,5,Check the kitchen appliance for power.,Inspect the kitchen appliance.,kitchen appliance,appliance,inspect
00422-8wJuSPJ9FXG\tasks-island_0.json,59,4,Wipe the kitchen countertop item.,Wipe the kitchen countertop item.,kitchen countertop item,item,wipe
00422-8wJuSPJ9FXG\tasks-island_0.json,63,1,Hang my jacket on the coat rack.,Hang items on the coat rack.,coat rack,items,hang
00422-8wJuSPJ9FXG\tasks-island_0.json,73,5,Clean the kitchen countertop item.,Wipe kitchen countertop item.,kitchen countertop item,item,wipe
00422-8wJuSPJ9FXG\tasks-island_0.json,74,1,Arrange the books on the rack.,Place rack on surface.,rack,surface,place_on
00422-8wJuSPJ9FXG\tasks-island_0.json,80,2,Use the kitchen appliance.,Inspect the kitchen appliance.,kitchen appliance,appliance,inspect
00422-8wJuSPJ9FXG\tasks-island_0.json,81,2,Position the monitor.,Place monitor on surface.,monitor,surface,place_on
00422-8wJuSPJ9FXG\tasks-island_0.json,83,1,Sort items in the basket of something.,Place basket of something in receptacle.,basket of something,receptacle,place_in
00422-8wJuSPJ9FXG\tasks-island_0.json,87,3,Sort items in the display cabinet.,Place display cabinet in receptacle.,display cabinet,receptacle,place_in
00422-8wJuSPJ9FXG\tasks-island_0.json,89,4,Rearrange the storage box.,Place storage box on surface.,storage box,surface,place_on
00422-8wJuSPJ9FXG\tasks-island_0.json,100,1,Put items in the refrigerator.,Place items in the refrigerator.,refrigerator,items,place_in
00422-8wJuSPJ9FXG\tasks-island_0.json,104,7,Arrange the bouquet.,Place bouquet on surface.,bouquet,surface,place_on
00422-8wJuSPJ9FXG\tasks-island_0.json,107,1,Check the kitchen appliance.,Inspect the kitchen appliance.,kitchen appliance,appliance,inspect
00422-8wJuSPJ9FXG\tasks-island_0.json,107,3,Clear the kitchen countertop item.,Wipe kitchen countertop item.,kitchen countertop item,item,wipe
00422-8wJuSPJ9FXG\tasks-island_0.json,116,4,Hang things on the hook.,Hang items on the hook.,hook,items,hang
00422-8wJuSPJ9FXG\tasks-island_0.json,117,5,Arrange the keyboard on the workstation.,Place keyboard on surface.,keyboard,surface,place_on
00422-8wJuSPJ9FXG\tasks-island_0.json,118,2,Take a cup from the dining area.,Pick up the cup from the dining area.,cup,area,pick_up
00422-8wJuSPJ9FXG\tasks-island_0.json,119,1,Hang the coat on the coat rack.,Hang items on the coat rack.,coat rack,items,hang
00422-8wJuSPJ9FXG\tasks-island_0.json,120,2,Arrange the decorative plant.,Place decorative plant on surface.,decorative plant,surface,place_on
00422-8wJuSPJ9FXG\tasks-island_0.json,120,5,Replace the lightbulb in the bedside lamp.,Place items in the bedside lamp.,bedside lamp,items,place_in
00422-8wJuSPJ9FXG\tasks-island_0.json,122,7,Arrange the office table.,Place office table on surface.,office table,surface,place_on
00422-8wJuSPJ9FXG\tasks-island_0.json,124,2,Wipe the kitchen countertop item.,Wipe the kitchen countertop item.,kitchen countertop item,item,wipe
00422-8wJuSPJ9FXG\tasks-island_0.json,125,1,Adjust the shower head on the shower hose.,Place shower hose on surface.,shower hose,surface,place_on
00422-8wJuSPJ9FXG\tasks-island_0.json,125,4,Arrange the bouquet on the counter.,Place bouquet on surface.,bouquet,surface,place_on
00422-8wJuSPJ9FXG\tasks-island_0.json,127,7,Toast bread in the kitchen appliance.,Turn on kitchen appliance.,kitchen appliance,appliance,turn_on
00422-8wJuSPJ9FXG\tasks-island_0.json,128,5,Hang the coat on the coat rack.,Hang items on the coat rack.,coat rack,items,hang
00422-8wJuSPJ9FXG\tasks-island_0.json,134,4,Hang the towel on the hook.,Hang items on the hook.,hook,items,hang
00422-8wJuSPJ9FXG\tasks-island_0.json,136,6,Position the keyboard.,Place keyboard on surface.,keyboard,surface,place_on
00434-L5QEsaVqwrY\tasks-island_0.json,14,2,Position the plant.,Place plant on surface.,plant,surface,place_on
00434-L5QEsaVqwrY\tasks-island_0.json,23,4,Organize the books on the bookshelf.,Place bookshelf on surface.,bookshelf,surface,place_on
00434-L5QEsaVqwrY\tasks-island_0.json,28,1,Set the cup.,Place cup on surface.,cup,surface,place_on
00434-L5QEsaVqwrY\tasks-island_0.json,30,3,Use the appliance.,Inspect the appliance.,appliance,appliance,inspect
00434-L5QEsaVqwrY\tasks-island_0.json,48,1,Set the wine rack.,Place wine rack on surface.,wine rack,surface,place_on
00434-L5QEsaVqwrY\tasks-island_0.json,54,4,Set the cup down.,Place cup on surface.,cup,surface,place_on
00434-L5QEsaVqwrY\tasks-island_0.json,56,2,Arrange the shoes.,Place shoe on surface.,shoe,surface,place_on
00434-L5QEsaVqwrY\tasks-island_0.json,59,4,Set the jar of honey.,Place jar on surface.,jar,surface,place_on
00434-L5QEsaVqwrY\tasks-island_0.json,67,1,Arrange the bookshelf.,Place bookshelf on surface.,bookshelf,surface,place_on
00434-L5QEsaVqwrY\tasks-island_0.json,79,1,Retrieve the laptop from the living area.,Pick up the laptop_computer from the living area.,laptop_computer,area,pick_up
00434-L5QEsaVqwrY\tasks-island_0.json,81,5,Tidy the items on the shelf.,Place shelf on surface.,shelf,surface,place_on
00434-L5QEsaVqwrY\tasks-island_0.json,87,1,Place a fresh towel in the guest area.,Place a fresh towel in the guest area.,towel,area,place_in
00434-L5QEsaVqwrY\tasks-island_0.json,92,4,Hang the coat on the coat rack.,Hang items on the coat rack.,coat rack,items,hang
00434-L5QEsaVqwrY\tasks-island_0.json,93,3,Position the lounge chair.,Place lounge chair on surface.,lounge chair,surface,place_on
00434-L5QEsaVqwrY\tasks-island_0.json,93,5,Set the cup on the coffee table.,Place cup on surface.,cup,surface,place_on
00434-L5QEsaVqwrY\tasks-island_0.json,96,3,Tidy the items in the storage box.,Place storage box in receptacle.,storage box,receptacle,place_in
00434-L5QEsaVqwrY\tasks-island_0.json,97,5,Pack everything into the handbag.,Load items into the handbag.,handbag,items,load
00434-L5QEsaVqwrY\tasks-island_0.json,98,1,Get the shovel from the storage area.,Pick up the shovel from the storage area.,shovel,area,pick_up
00434-L5QEsaVqwrY\tasks-island_0.json,98,2,Move the large plant to a sunnier spot.,Carry the plant to the sunnier spot.,plant,spot,carry
00434-L5QEsaVqwrY\tasks-island_0.json,100,5,Set a plate on the table.,Place plate on surface.,plate,surface,place_on
00434-L5QEsaVqwrY\tasks-island_0.json,102,2,Arrange the cardboard boxes.,Place cardboard box on surface.,cardboard box,surface,place_on
00434-L5QEsaVqwrY\tasks-island_0.json,109,5,Set a plate on the dining table.,Place plate on surface.,plate,surface,place_on
00434-L5QEsaVqwrY\tasks-island_0.json,110,1,Stock the extra shampoo.,Place items in the shampoo.,shampoo,items,place_in
00434-L5QEsaVqwrY\tasks-island_0.json,112,3,Arrange the books on the bookshelf.,Place bookshelf on surface.,bookshelf,surface,place_on
00434-L5QEsaVqwrY\tasks-island_0.json,113,3,Organize the items on the shelf.,Place shelf on surface.,shelf,surface,place_on
00434-L5QEsaVqwrY\tasks-island_0.json,118,3,Arrange the coffee table.,Place coffee table on surface.,coffee table,surface,place_on
00434-L5QEsaVqwrY\tasks-island_0.json,124,5,Hang the items on the clothes hanger.,Hang items on the clothes hanger.,clothes hanger,items,hang
00434-L5QEsaVqwrY\tasks-island_0.json,125,4,Find the sunglasses in the storage area.,Pick up the sunglasses in the storage area.,sunglasses,area,pick_up
00434-L5QEsaVqwrY\tasks-island_0.json,127,3,Arrange the books on the bookshelf.,Place bookshelf on surface.,bookshelf,surface,place_on
00434-L5QEsaVqwrY\tasks-island_0.json,132,3,Stock the wine rack.,Place items in the wine rack.,wine rack,items,place_in
00434-L5QEsaVqwrY\tasks-island_0.json,132,5,Set the jar of olives on the table.,Place jar on surface.,jar,surface,place_on
00434-L5QEsaVqwrY\tasks-island_0.json,133,2,Move the plant to a sunny spot.,Carry the plant to the sunny spot.,plant,spot,carry
00434-L5QEsaVqwrY\tasks-island_0.json,135,2,Pick up the toy in the sitting area.,Pick up the toy in the sitting area.,toy,area,pick_up
00434-L5QEsaVqwrY\tasks-island_0.json,136,2,Position the mouse next to it.,Place mouse on surface.,mouse,surface,place_on
00434-L5QEsaVqwrY\tasks-island_0.json,136,4,Set the cup on the nightstand.,Place cup on surface.,cup,surface,place_on
00434-L5QEsaVqwrY\tasks-island_0.json,141,3,Arrange the bookshelf.,Place bookshelf on surface.,bookshelf,surface,place_on
00434-L5QEsaVqwrY\tasks-island_0.json,144,1,Retrieve the cup from the dining area.,Pick up the cup from the dining area.,cup,area,pick_up
00434-L5QEsaVqwrY\tasks-island_0.json,144,3,Set the pitcher on the counter.,Place pitcher on surface.,pitcher,surface,place_on
00434-L5QEsaVqwrY\tasks-island_0.json,146,4,Arrange the shoe on the rack.,Place shoe on surface.,shoe,surface,place_on
00434-L5QEsaVqwrY\tasks-island_0.json,147,5,Position the plant in the corner.,Place plant in receptacle.,plant,receptacle,place_in
00434-L5QEsaVqwrY\tasks-island_0.json,150,5,Move the lounge chair to a quiet spot.,Reposition the lounge chair to the quiet spot.,lounge chair,spot,reposition
00434-L5QEsaVqwrY\tasks-island_0.json,157,2,Arrange the bookshelf.,Place bookshelf on surface.,bookshelf,surface,place_on
00434-L5QEsaVqwrY\tasks-island_0.json,159,4,Arrange the shoe pile.,Place shoe on surface.,shoe,surface,place_on
00434-L5QEsaVqwrY\tasks-island_0.json,169,3,Arrange the seat for comfort.,Place seat on surface.,seat,surface,place_on
00434-L5QEsaVqwrY\tasks-island_0.json,171,6,Load the dirty dishes into the dishwasher.,Load items into the dishwasher.,dishwasher,items,load
00434-L5QEsaVqwrY\tasks-island_0.json,174,6,Hang items on the clothes hanger.,Hang items on the clothes hanger.,clothes hanger,items,hang
00434-L5QEsaVqwrY\tasks-island_0.json,177,4,Stack items on the shelf.,Place items on the shelf.,shelf,items,place_on
00434-L5QEsaVqwrY\tasks-island_0.json,177,6,Arrange the drying rack.,Place rack on surface.,rack,surface,place_on
00434-L5QEsaVqwrY\tasks-island_0.json,197,1,Apply toothpaste to the toothbrush.,Place items on the toothbrush.,toothbrush,items,place_on
00434-L5QEsaVqwrY\tasks-island_0.json,199,6,Arrange the bookshelf.,Place bookshelf on surface.,bookshelf,surface,place_on
00434-L5QEsaVqwrY\tasks-island_0.json,206,6,Reposition the seat.,Place seat on surface.,seat,surface,place_on
00434-L5QEsaVqwrY\tasks-island_0.json,220,6,Set the plate.,Place plate on surface.,plate,surface,place_on
00434-L5QEsaVqwrY\tasks-island_0.json,221,5,Store items in the cardboard box.,Place items in the cardboard box.,cardboard box,items,place_in
00434-L5QEsaVqwrY\tasks-island_0.json,230,6,Put things in the storage box.,Place things in the storage box.,storage box,things,place_in
00434-L5QEsaVqwrY\tasks-island_0.json,240,2,Arrange the decoration.,Place decoration on surface.,decoration,surface,place_on
00434-L5QEsaVqwrY\tasks-island_0.json,246,6,Set the plate.,Place plate on surface.,plate,surface,place_on
00434-L5QEsaVqwrY\tasks-island_0.json,250,4,Arrange the jar.,Place jar on surface.,jar,surface,place_on
00434-L5QEsaVqwrY\tasks-island_0.json,258,1,Set the plate.,Place plate on surface.,plate,surface,place_on
00434-L5QEsaVqwrY\tasks-island_0.json,262,7,Set the plate for a snack.,Place plate on surface.,plate,surface,place_on
00434-L5QEsaVqwrY\tasks-island_0.json,265,1,Retrieve the appliance.,Pick up the appliance.,appliance,appliance,pick_up
00434-L5QEsaVqwrY\tasks-island_0.json,269,1,Arrange the seat.,Place seat on surface.,seat,surface,place_on
00434-L5QEsaVqwrY\tasks-island_0.json,269,5,Set the rack.,Place rack on surface.,rack,surface,place_on
00434-L5QEsaVqwrY\tasks-island_0.json,281,3,Set the plate.,Place plate on surface.,plate,surface,place_on
00434-L5QEsaVqwrY\tasks-island_0.json,298,7,Check the appliance.,Inspect the appliance.,appliance,appliance,inspect
00434-L5QEsaVqwrY\tasks-island_0.json,299,6,Arrange the decoration.,Place decoration on surface.,decoration,surface,place_on
00434-L5QEsaVqwrY\tasks-island_0.json,300,2,Arrange the seat.,Place seat on surface.,seat,surface,place_on
00434-L5QEsaVqwrY\tasks-island_0.json,310,7,Arrange the bookshelf.,Place bookshelf on surface.,bookshelf,surface,place_on
00434-L5QEsaVqwrY\tasks-island_0.json,318,2,Position the mouse.,Place mouse on surface.,mouse,surface,place_on
00434-L5QEsaVqwrY\tasks-island_0.json,319,1,Hang coats on the coat rack.,Hang items on the coat rack.,coat rack,items,hang
00434-L5QEsaVqwrY\tasks-island_0.json,331,4,Arrange the bookshelf.,Place bookshelf on surface.,bookshelf,surface,place_on
00434-L5QEsaVqwrY\tasks-island_0.json,353,2,Get the mouse from the storage area.,Pick up the mouse from the storage area.,mouse,area,pick_up
00434-L5QEsaVqwrY\tasks-island_0.json,363,4,Set a bowl on the counter.,Place bowl on surface.,bowl,surface,place_on
00434-L5QEsaVqwrY\tasks-island_0.json,374,4,Set the bowl on the counter.,Place bowl on surface.,bowl,surface,place_on
00434-L5QEsaVqwrY\tasks-island_0.json,379,3,Arrange the wine rack.,Place wine rack on surface.,wine rack,surface,place_on
00434-L5QEsaVqwrY\tasks-island_0.json,384,2,Set the plate on the table.,Place plate on surface.,plate,surface,place_on
00434-L5QEsaVqwrY\tasks-island_0.json,387,3,Put the items into the laundry basket.,Place the items in the laundry basket.,laundry basket,items,place_in
00434-L5QEsaVqwrY\tasks-island_0.json,387,4,Arrange the clothes hanger.,Place clothes hanger on surface.,clothes hanger,surface,place_on
00434-L5QEsaVqwrY\tasks-island_0.json,395,3,Find my sunglasses in the storage area.,Pick up the sunglasses in the storage area.,sunglasses,area,pick_up
00434-L5QEsaVqwrY\tasks-island_0.json,397,3,Arrange the lounge chair.,Place lounge chair in receptacle.,lounge chair,receptacle,place_in
00434-L5QEsaVqwrY\tasks-island_0.json,400,5,Move the plant to a better spot.,Carry the plant to the better spot.,plant,spot,carry
00434-L5QEsaVqwrY\tasks-island_0.json,415,2,Organize books on the bookshelf.,Place bookshelf on surface.,bookshelf,surface,place_on
00434-L5QEsaVqwrY\tasks-island_0.json,417,4,Hang the bag on the coat rack.,Hang items on the coat rack.,coat rack,items,hang
00434-L5QEsaVqwrY\tasks-island_0.json,418,3,Organize the items on the shelf.,Place shelf on surface.,shelf,surface,place_on
00434-L5QEsaVqwrY\tasks-island_0.json,421,6,Refill the soap at the sink.,Use the sink to fill a container.,sink,container,fill
00434-L5QEsaVqwrY\tasks-island_0.json,422,2,Sort the items in the laundry basket.,Place laundry basket in receptacle.,laundry basket,receptacle,place_in
00434-L5QEsaVqwrY\tasks-island_0.json,423,2,Arrange the lounge chair in the sunroom.,Place lounge chair in receptacle.,lounge chair,receptacle,place_in
00434-L5QEsaVqwrY\tasks-island_0.json,426,6,File documents in the bookshelf.,Place items in the bookshelf.,bookshelf,items,place_in
00434-L5QEsaVqwrY\tasks-island_0.json,429,1,Set the jar on the counter.,Place jar on surface.,jar,surface,place_on
00434-L5QEsaVqwrY\tasks-island_0.json,430,1,Arrange the shoe by the door.,Place shoe on surface.,shoe,surface,place_on
00434-L5QEsaVqwrY\tasks-island_0.json,437,5,Restock the shampoo.,Place items in the shampoo.,shampoo,items,place_in
00434-L5QEsaVqwrY\tasks-island_0.json,439,4,Place items in the basket.,Place items in the basket.,basket,items,place_in
00434-L5QEsaVqwrY\tasks-island_0.json,442,5,Arrange the shoe in pairs.,Place shoe in receptacle.,shoe,receptacle,place_in
00434-L5QEsaVqwrY\tasks-island_0.json,449,5,Move the plant to a better spot.,Carry the plant to the better spot.,plant,spot,carry
00434-L5QEsaVqwrY\tasks-island_0.json,450,6,Check the shovel in the storage area.,Inspect the shovel in the storage area.,shovel,area,inspect
00434-L5QEsaVqwrY\tasks-island_0.json,456,2,Arrange the coffee table for snacks.,Place coffee table on surface.,coffee table,surface,place_on
00434-L5QEsaVqwrY\tasks-island_0.json,460,5,Arrange hanging clothes in the wardrobe.,Place hanging clothes in receptacle.,hanging clothes,receptacle,place_in
00434-L5QEsaVqwrY\tasks-island_0.json,464,1,Bring a cup to the dining area.,Carry the cup to the dining area.,cup,area,carry
00434-L5QEsaVqwrY\tasks-island_0.json,468,4,Arrange the lounge chair for the morning.,Place lounge chair on surface.,lounge chair,surface,place_on
00434-L5QEsaVqwrY\tasks-island_0.json,468,5,Turn off the tv in the entertainment area.,Turn off the tv in the entertainment area.,tv,area,turn_off
00434-L5QEsaVqwrY\tasks-island_0.json,472,3,Move the bar chair in the dining area.,Reposition the bar chair in the dining area.,bar chair,area,reposition
00434-L5QEsaVqwrY\tasks-island_0.json,474,4,Arrange the lounge chair for guests.,Place lounge chair on surface.,lounge chair,surface,place_on
00434-L5QEsaVqwrY\tasks-island_0.json,477,1,Move the plant in the living area.,Carry the plant in the living area.,plant,area,carry
00440-wPLokgvCnuk\tasks-island_0.json,34,2,Close the curtain in the living area.,Close the curtain in the living area.,curtain,area,close
00440-wPLokgvCnuk\tasks-island_0.json,52,1,Straighten the painting in the study area.,Straighten the painting in the study area.,painting,area,straighten
00440-wPLokgvCnuk\tasks-island_0.json,57,6,Arrange the bath cabinet.,Place bath cabinet on surface.,bath cabinet,surface,place_on
00444-sX9xad6ULKc\tasks-island_0.json,1,2,Arrange the computer keyboard.,Place computer keyboard on surface.,computer_keyboard,surface,place_on
00444-sX9xad6ULKc\tasks-island_0.json,4,3,Set the plate.,Place plate on surface.,plate,surface,place_on
00444-sX9xad6ULKc\tasks-island_0.json,8,2,Set the plate.,Place plate on surface.,plate,surface,place_on
00444-sX9xad6ULKc\tasks-island_0.json,16,2,Set the plate.,Place plate on surface.,plate,surface,place_on
00444-sX9xad6ULKc\tasks-island_0.json,21,3,Set the plate.,Place plate on surface.,plate,surface,place_on
00444-sX9xad6ULKc\tasks-island_0.json,23,3,Arrange the decoration.,Place decoration on surface.,decoration,surface,place_on
00444-sX9xad6ULKc\tasks-island_0.json,23,4,Position the lamp.,Place lamp on surface.,lamp,surface,place_on
00444-sX9xad6ULKc\tasks-island_0.json,33,5,Set the toaster for snacks.,Place toaster on surface.,toaster,surface,place_on
00444-sX9xad6ULKc\tasks-island_0.json,45,4,Arrange the flower vase.,Place flower vase on surface.,flower vase,surface,place_on
00444-sX9xad6ULKc\tasks-island_0.json,86,4,Arrange the plate.,Place plate on surface.,plate,surface,place_on
00444-sX9xad6ULKc\tasks-island_0.json,99,1,Fill a container at the sink.,Use the sink to fill a container.,sink,container,fill
00444-sX9xad6ULKc\tasks-island_0.json,110,1,Stock the bathroom cabinet.,Place items in the bathroom cabinet.,bathroom cabinet,items,place_in
00444-sX9xad6ULKc\tasks-island_0.json,123,1,Retrieve the cup from the kitchen area.,Pick up the cup from the kitchen area.,cup,area,pick_up
00444-sX9xad6ULKc\tasks-island_0.json,123,2,Fill the cup using the tap.,Use the tap to fill a container.,tap,container,fill
00444-sX9xad6ULKc\tasks-island_0.json,126,5,Set the plate on the table.,Place plate on surface.,plate,surface,place_on
00444-sX9xad6ULKc\tasks-island_0.json,127,6,Organize the items on the rack.,Place rack on surface.,rack,surface,place_on
00444-sX9xad6ULKc\tasks-island_0.json,128,6,Turn off the tv in the living area.,Turn off the tv in the living area.,tv,area,turn_off
00444-sX9xad6ULKc\tasks-island_0.json,133,6,Wipe the mirror in the dining area.,Wipe the mirror in the dining area.,mirror,area,wipe
00444-sX9xad6ULKc\tasks-island_0.json,145,5,Dust the appliance.,Dust the appliance.,appliance,appliance,dust
00444-sX9xad6ULKc\tasks-island_0.json,148,5,Turn off the lamp in the dining area.,Turn off the lamp in the dining area.,lamp,area,turn_off
00444-sX9xad6ULKc\tasks-island_0.json,154,6,Set the plate on the table.,Place plate on surface.,plate,surface,place_on
00444-sX9xad6ULKc\tasks-island_0.json,155,6,Wipe the mirror in the dining area.,Wipe the mirror in the dining area.,mirror,area,wipe
00466-xAHnY3QzFUN\tasks-island_1.json,2,2,Switch on the floor lamp in the living area.,Turn on the floor lamp in the living area.,floor lamp,area,turn_on
00466-xAHnY3QzFUN\tasks-island_1.json,3,1,Set out the waffle iron on the counter.,Place waffle iron on surface.,waffle iron,surface,place_on
00466-xAHnY3QzFUN\tasks-island_1.json,10,3,Hang the clothes on the towel bar.,Hang items on the towel bar.,towel bar,items,hang
00466-xAHnY3QzFUN\tasks-island_1.json,18,4,Set a cup down for the guest.,Place cup on surface.,cup,surface,place_on
00466-xAHnY3QzFUN\tasks-island_1.json,22,2,Fill the cup at the sink.,Use the sink to fill a container.,sink,container,fill
00466-xAHnY3QzFUN\tasks-island_1.json,23,2,Arrange the decorative plant for a photo.,Place decorative plant on surface.,decorative plant,surface,place_on
00466-xAHnY3QzFUN\tasks-island_1.json,28,3,Place items in the basket.,Place items in the basket.,basket,items,place_in
00466-xAHnY3QzFUN\tasks-island_1.json,35,2,Arrange the decoration.,Place decoration on surface.,decoration,surface,place_on
00466-xAHnY3QzFUN\tasks-island_1.json,39,2,Set the tray.,Place tray on surface.,tray,surface,place_on
00466-xAHnY3QzFUN\tasks-island_1.json,71,6,Place the items in the basket.,Place the items in the basket.,basket,items,place_in
00466-xAHnY3QzFUN\tasks-island_1.json,72,6,Set the tray.,Place tray on surface.,tray,surface,place_on
00466-xAHnY3QzFUN\tasks-island_1.json,74,6,Hang items on the hanger.,Hang items on the hanger.,hanger,items,hang
00466-xAHnY3QzFUN\tasks-island_1.json,90,4,Store items in the kitchen cabinet.,Place items in the kitchen cabinet.,kitchen cabinet,items,place_in
00466-xAHnY3QzFUN\tasks-island_1.json,101,4,Set the wine bottle on the counter.,Place wine bottle on surface.,wine_bottle,surface,place_on
00466-xAHnY3QzFUN\tasks-island_1.json,120,2,Arrange the decorative plant.,Place decorative plant on surface.,decorative plant,surface,place_on
00466-xAHnY3QzFUN\tasks-island_1.json,123,7,Set the cup on the counter.,Place cup on surface.,cup,surface,place_on
00466-xAHnY3QzFUN\tasks-island_1.json,127,5,Wipe the floor near the shelf.,Wipe the area near the shelf.,shelf,area,wipe
00475-g7hUFVNac26\tasks-island_0.json,2,2,Tighten the valve at the sink.,Tighten the area at the sink.,sink,area,tighten
00475-g7hUFVNac26\tasks-island_0.json,9,4,Bring the pan to the dining area.,Carry the pan to the dining area.,pan,area,carry
00475-g7hUFVNac26\tasks-island_0.json,16,3,Refill the supply at the sink.,Use the sink to fill a container.,sink,container,fill
00475-g7hUFVNac26\tasks-island_0.json,18,1,Organize items into the box.,Place box in receptacle.,box,receptacle,place_in
00475-g7hUFVNac26\tasks-island_0.json,18,3,Store extra items in the cabinet.,Place extra items in the cabinet.,cabinet,items,place_in
00475-g7hUFVNac26\tasks-island_0.json,18,4,Arrange things on the shelf.,Place shelf on surface.,shelf,surface,place_on
00475-g7hUFVNac26\tasks-island_0.json,21,4,Load paper into the printer.,Load items into the printer.,printer,items,load
00475-g7hUFVNac26\tasks-island_0.json,23,1,Straighten the items on the rack.,Straighten items on the rack.,rack,items,straighten
00475-g7hUFVNac26\tasks-island_0.json,30,2,Load the appliance with dirty dishes.,Load the appliance with the dirty dishes.,appliance,appliance,load
00475-g7hUFVNac26\tasks-island_0.json,32,3,Tidy the items on the rack.,Place rack on surface.,rack,surface,place_on
00475-g7hUFVNac26\tasks-island_0.json,38,3,Hang the items on the clothes rack.,Hang items on the clothes.,clothes,items,hang
00475-g7hUFVNac26\tasks-island_0.json,39,2,Refill water from the sink.,Use the sink to fill a container.,sink,container,fill
00475-g7hUFVNac26\tasks-island_0.json,39,4,Set a plate for tea bags.,Place plate on surface.,plate,surface,place_on
00475-g7hUFVNac26\tasks-island_0.json,47,1,Retrieve the pliers from the bar area.,Pick up the pliers from the bar area.,pliers,area,pick_up
00475-g7hUFVNac26\tasks-island_0.json,48,2,Arrange the pillows on the bedframe.,Straighten items on the bedframe.,bedframe,items,straighten
00475-g7hUFVNac26\tasks-island_0.json,49,2,Arrange the shoes neatly on the rack.,Place rack on surface.,rack,surface,place_on
00475-g7hUFVNac26\tasks-island_0.json,52,2,Move the vacuum cleaner to its spot.,Carry the vacuum cleaner to the spot.,vacuum cleaner,spot,carry
00475-g7hUFVNac26\tasks-island_0.json,55,4,Arrange the basket of something on the shelf.,Place basket of something on surface.,basket of something,surface,place_on
00475-g7hUFVNac26\tasks-island_0.json,59,2,Grab the cap from the reading area.,Pick up the cap from the reading area.,cap,area,pick_up
00475-g7hUFVNac26\tasks-island_0.json,60,1,Organize the papers on the display table.,Place display table on surface.,display table,surface,place_on
00475-g7hUFVNac26\tasks-island_0.json,61,2,Move it to the basement gym area.,Carry the vacuum cleaner to the basement gym area.,vacuum cleaner,area,carry
00475-g7hUFVNac26\tasks-island_0.json,65,2,Hang items on the hanger.,Hang items on the hanger.,hanger,items,hang
00475-g7hUFVNac26\tasks-island_0.json,65,3,Place smaller items in the basket of something.,Place smaller items in the basket of something.,basket of something,items,place_in
00475-g7hUFVNac26\tasks-island_0.json,65,4,Organize the shoes on the rack.,Place rack on surface.,rack,surface,place_on
00475-g7hUFVNac26\tasks-island_0.json,73,1,Plump up the pillow on the couch.,Fluff items on the couch.,couch,items,fluff
00475-g7hUFVNac26\tasks-island_0.json,77,2,Organize the books on the rack.,Place rack in receptacle.,rack,receptacle,place_in
00475-g7hUFVNac26\tasks-island_0.json,80,1,Arrange the firewood.,Place firewood in receptacle.,firewood,receptacle,place_in
00475-g7hUFVNac26\tasks-island_0.json,90,1,Clean the kitchen countertop items.,Wipe kitchen countertop items.,kitchen countertop items,items,wipe
00475-g7hUFVNac26\tasks-island_0.json,112,4,Clean the appliance.,Wipe appliance.,appliance,appliance,wipe
00475-g7hUFVNac26\tasks-island_0.json,114,2,Arrange the shoe.,Place shoe on surface.,shoe,surface,place_on
00475-g7hUFVNac26\tasks-island_0.json,120,1,Arrange the hanger.,Place hanger on surface.,hanger,surface,place_on
00475-g7hUFVNac26\tasks-island_0.json,132,5,Set the plate,Place plate on surface.,plate,surface,place_on
00475-g7hUFVNac26\tasks-island_0.json,136,3,Stock the mini fridge,Place items in the mini fridge.,mini fridge,items,place_in
00475-g7hUFVNac26\tasks-island_0.json,141,1,Clean the kitchen countertop items,Wipe kitchen countertop items.,kitchen countertop items,items,wipe
00475-g7hUFVNac26\tasks-island_0.json,156,3,Arrange the hanger,Place hanger on surface.,hanger,surface,place_on
00475-g7hUFVNac26\tasks-island_0.json,159,3,Stock the mini fridge,Place items in the mini fridge.,mini fridge,items,place_in
00475-g7hUFVNac26\tasks-island_0.json,162,3,Arrange the hanger,Place hanger on surface.,hanger,surface,place_on
00475-g7hUFVNac26\tasks-island_0.json,171,5,Put away in the kitchen cabinet,Store items in the kitchen cabinet.,kitchen cabinet,items,store
00475-g7hUFVNac26\tasks-island_0.json,171,6,Wipe the kitchen countertop items,Wipe the kitchen countertop items.,kitchen countertop items,items,wipe
00475-g7hUFVNac26\tasks-island_0.json,174,6,Arrange the rack,Place rack on surface.,rack,surface,place_on
00475-g7hUFVNac26\tasks-island_0.json,178,3,Stock the mini fridge,Place items in the mini fridge.,mini fridge,items,place_in
00475-g7hUFVNac26\tasks-island_0.json,186,1,Check the kitchen appliance.,Inspect the appliance.,appliance,appliance,inspect
00475-g7hUFVNac26\tasks-island_0.json,189,2,Arrange the hangers.,Place hanger on surface.,hanger,surface,place_on
00475-g7hUFVNac26\tasks-island_0.json,193,3,Arrange the equipment case.,Place case on surface.,case,surface,place_on
00475-g7hUFVNac26\tasks-island_0.json,194,2,Stock the bar cabinet.,Place items in the bar cabinet.,bar cabinet,items,place_in
00475-g7hUFVNac26\tasks-island_0.json,195,5,Arrange the mini fridge items.,Place mini fridge on surface.,mini fridge,surface,place_on
00475-g7hUFVNac26\tasks-island_0.json,203,4,Set the breakfast plate.,Place plate on surface.,plate,surface,place_on
00475-g7hUFVNac26\tasks-island_0.json,206,3,Arrange the case on the shelf.,Place case in receptacle.,case,receptacle,place_in
00475-g7hUFVNac26\tasks-island_0.json,206,4,Tidy the clothes on the hanger.,Place hanger in receptacle.,hanger,receptacle,place_in
00475-g7hUFVNac26\tasks-island_0.json,208,6,Wipe the appliance.,Wipe the appliance.,appliance,appliance,wipe
00475-g7hUFVNac26\tasks-island_0.json,209,5,Stock the mini fridge.,Place items in the mini fridge.,mini fridge,items,place_in
00475-g7hUFVNac26\tasks-island_0.json,212,4,Arrange the clothes on the rack.,Place rack on surface.,rack,surface,place_on
00475-g7hUFVNac26\tasks-island_0.json,221,4,Wipe the kitchen countertop items.,Wipe the kitchen countertop items.,kitchen countertop items,items,wipe
00475-g7hUFVNac26\tasks-island_0.json,224,4,Arrange the case.,Place case on surface.,case,surface,place_on
00475-g7hUFVNac26\tasks-island_0.json,225,2,Arrange the hanger.,Place hanger on surface.,hanger,surface,place_on
00475-g7hUFVNac26\tasks-island_0.json,228,3,Stock the bar cabinet.,Place items in the bar cabinet.,bar cabinet,items,place_in
00475-g7hUFVNac26\tasks-island_0.json,233,4,Fold the clothes found in the storage area.,Fold the clothes in the storage area.,clothes,area,fold
00475-g7hUFVNac26\tasks-island_0.json,234,3,Wipe the mirror in the dressing area.,Wipe the mirror in the dressing area.,mirror,area,wipe
00475-g7hUFVNac26\tasks-island_0.json,240,1,Straighten the picture in the game area.,Straighten the picture in the game area.,picture,area,straighten
00475-g7hUFVNac26\tasks-island_0.json,242,5,Load the laundry machine with dirty items.,Load the laundry machine with the dirty items.,laundry machine,items,load
00475-g7hUFVNac26\tasks-island_0.json,243,5,Arrange the shoe on the rack.,Place shoe on surface.,shoe,surface,place_on
00475-g7hUFVNac26\tasks-island_0.json,246,1,Pick up the screwdriver from the game area.,Pick up the screwdriver from the game area.,screwdriver,area,pick_up
00475-g7hUFVNac26\tasks-island_0.json,248,1,Move the handbag from the bar area.,Carry the handbag from the bar area.,handbag,area,carry
00475-g7hUFVNac26\tasks-island_0.json,248,3,Clear the kitchen countertop items.,Wipe kitchen countertop items.,kitchen countertop items,items,wipe
00475-g7hUFVNac26\tasks-island_0.json,249,2,Wipe the speaker in the media area.,Wipe the speaker in the media area.,speaker,area,wipe
00475-g7hUFVNac26\tasks-island_0.json,253,4,Move the cardboard box in the storage area.,Carry the cardboard box in the storage area.,cardboard box,area,carry
00475-g7hUFVNac26\tasks-island_0.json,257,1,Straighten the picture in the game area.,Straighten the picture in the game area.,picture,area,straighten
00475-g7hUFVNac26\tasks-island_0.json,257,3,Fold the towel on the towel bar.,Fold items on the towel bar.,towel bar,items,fold
00475-g7hUFVNac26\tasks-island_0.json,257,5,Arrange the book on the nightstand.,Place book on surface.,book,surface,place_on
00475-g7hUFVNac26\tasks-island_0.json,259,1,Turn off the tv in the recreation area.,Turn off the tv in the recreation area.,tv,area,turn_off
00475-g7hUFVNac26\tasks-island_0.json,265,4,Move the ladder to the storage area.,Reposition the ladder to the storage area.,ladder,area,reposition
00475-g7hUFVNac26\tasks-island_0.json,271,1,Straighten the picture in the game area.,Straighten the picture in the game area.,picture,area,straighten
00475-g7hUFVNac26\tasks-island_0.json,273,1,Straighten the picture in the game area.,Straighten the picture in the game area.,picture,area,straighten
00475-g7hUFVNac26\tasks-island_0.json,274,4,Clear the kitchen countertop items.,Wipe kitchen countertop items.,kitchen countertop items,items,wipe
00475-g7hUFVNac26\tasks-island_0.json,275,1,Pick up the pliers from the recreation area floor.,Pick up the pliers from the recreation area floor.,pliers,area,pick_up
00475-g7hUFVNac26\tasks-island_0.json,277,1,Pick up the toy from the game area floor.,Pick up the toy from the game area floor.,toy,area,pick_up
00475-g7hUFVNac26\tasks-island_0.json,278,3,Move the vacuum cleaner to the storage area.,Carry the vacuum cleaner to the storage area.,vacuum cleaner,area,carry
00475-g7hUFVNac26\tasks-island_0.json,293,5,Arrange the clothes.,Place clothes on surface.,clothes,surface,place_on
00475-g7hUFVNac26\tasks-island_0.json,298,2,Arrange the pool stick.,Place pool stick in receptacle.,pool stick,receptacle,place_in
00475-g7hUFVNac26\tasks-island_0.json,299,1,Load the dishwasher which is an appliance.,Load the appliance.,appliance,appliance,load
00475-g7hUFVNac26\tasks-island_0.json,311,5,Wipe the appliance.,Wipe the appliance.,appliance,appliance,wipe
00475-g7hUFVNac26\tasks-island_0.json,314,3,Arrange the shoe.,Place shoe on surface.,shoe,surface,place_on
00475-g7hUFVNac26\tasks-island_0.json,314,5,Arrange the belt.,Place belt on surface.,belt,surface,place_on
00475-g7hUFVNac26\tasks-island_0.json,327,4,Arrange the hanger.,Place hanger on surface.,hanger,surface,place_on
00475-g7hUFVNac26\tasks-island_0.json,332,5,Arrange the shoe.,Place shoe on surface.,shoe,surface,place_on
00475-g7hUFVNac26\tasks-island_0.json,338,6,Wipe the appliance.,Wipe the appliance.,appliance,appliance,wipe
00475-g7hUFVNac26\tasks-island_0.json,339,3,Arrange the shoe.,Place shoe on surface.,shoe,surface,place_on
00475-g7hUFVNac26\tasks-island_0.json,339,5,Arrange the belt.,Place belt on surface.,belt,surface,place_on
00475-g7hUFVNac26\tasks-island_0.json,351,1,Set the plate.,Place plate on surface.,plate,surface,place_on
00475-g7hUFVNac26\tasks-island_0.json,353,4,Clear the kitchen countertop items.,Wipe kitchen countertop items.,kitchen countertop items,items,wipe
00475-g7hUFVNac26\tasks-island_0.json,364,4,Plug in the appliance.,Plug in the appliance.,appliance,appliance,plug_in
00475-g7hUFVNac26\tasks-island_0.json,367,2,Arrange the book.,Place book on surface.,book,surface,place_on
00475-g7hUFVNac26\tasks-island_0.json,370,3,Arrange the rack.,Place rack on surface.,rack,surface,place_on
00475-g7hUFVNac26\tasks-island_0.json,376,6,Clear the kitchen countertop items.,Wipe kitchen countertop items.,kitchen countertop items,items,wipe
00475-g7hUFVNac26\tasks-island_0.json,389,3,Arrange the rack.,Place rack on surface.,rack,surface,place_on
00475-g7hUFVNac26\tasks-island_0.json,393,3,Arrange the shoe.,Place shoe on surface.,shoe,surface,place_on
00475-g7hUFVNac26\tasks-island_0.json,400,6,Turn on the appliance.,Turn on the appliance.,appliance,appliance,turn_on
00475-g7hUFVNac26\tasks-island_0.json,406,4,Hang items on the rack.,Hang items on the rack.,rack,items,hang
00475-g7hUFVNac26\tasks-island_0.json,413,3,Restock the mini fridge.,Place items in the mini fridge.,mini fridge,items,place_in
00475-g7hUFVNac26\tasks-island_0.json,425,4,Set the plate.,Place plate on surface.,plate,surface,place_on
00475-g7hUFVNac26\tasks-island_0.json,454,3,Load paper into the printer.,Load items into the printer.,printer,items,load
00475-g7hUFVNac26\tasks-island_0.json,455,2,Secure the latch on the storage case.,Place items in the case.,case,items,place_in
00475-g7hUFVNac26\tasks-island_0.json,456,3,Pack essentials into the bag.,Load items into the bag.,bag,items,load
00475-g7hUFVNac26\tasks-island_0.json,456,5,Pick up the cap from the display area.,Pick up the cap from the display area.,cap,area,pick_up
00475-g7hUFVNac26\tasks-island_0.json,457,1,Organize the supplies inside the kitchen cabinet.,Place kitchen cabinet in receptacle.,kitchen cabinet,receptacle,place_in
00475-g7hUFVNac26\tasks-island_0.json,457,5,Set the plate on the dining table.,Place plate on surface.,plate,surface,place_on
00475-g7hUFVNac26\tasks-island_0.json,458,3,Arrange the fireplace tool set.,Place fireplace tool set on surface.,fireplace tool set,surface,place_on
00475-g7hUFVNac26\tasks-island_0.json,459,5,Organize the items inside the drawer.,Place drawer in receptacle.,drawer,receptacle,place_in
00475-g7hUFVNac26\tasks-island_0.json,467,2,Adjust the resistance on the exercise bike.,Place exercise bike on surface.,exercise bike,surface,place_on
00475-g7hUFVNac26\tasks-island_0.json,472,2,Fill the kettle with water from the sink.,Use the sink to fill a container.,sink,container,fill
00475-g7hUFVNac26\tasks-island_0.json,472,5,Plump the cushions on the couch.,Fluff items on the couch.,couch,items,fluff
00475-g7hUFVNac26\tasks-island_0.json,474,4,Fill a watering can at the sink.,Use the sink to fill a container.,sink,container,fill
00475-g7hUFVNac26\tasks-island_0.json,474,6,Organize the pots inside the cabinet.,Place cabinet in receptacle.,cabinet,receptacle,place_in
00475-g7hUFVNac26\tasks-island_0.json,483,3,Reposition the hunting trophy in the lounge.,Place hunting trophy in receptacle.,hunting trophy,receptacle,place_in
00475-g7hUFVNac26\tasks-island_0.json,485,1,Pack clothes into the backpack.,Load items into the backpack.,backpack,items,load
00475-g7hUFVNac26\tasks-island_0.json,485,6,Fill a bottle at the water dispenser.,Use the water dispenser to fill a container.,water dispenser,container,fill
00475-g7hUFVNac26\tasks-island_0.json,488,2,Fluff the cushions on the sofa chair.,Fluff items on the sofa chair.,sofa chair,items,fluff
00475-g7hUFVNac26\tasks-island_0.json,488,6,Pop some popcorn in the microwave.,Place items in the microwave.,microwave,items,place_in
00475-g7hUFVNac26\tasks-island_0.json,489,2,Hang the towel on the towel bar.,Hang items on the towel bar.,towel bar,items,hang
00475-g7hUFVNac26\tasks-island_0.json,496,4,Organize books on the shelf.,Place shelf on surface.,shelf,surface,place_on
00475-g7hUFVNac26\tasks-island_0.json,498,4,Arrange hangers in the closet.,Place hanger in receptacle.,hanger,receptacle,place_in
00475-g7hUFVNac26\tasks-island_0.json,501,6,Arrange the spice rack.,Place spice rack in receptacle.,spice rack,receptacle,place_in
00475-g7hUFVNac26\tasks-island_0.json,502,7,Turn off the appliance.,Turn off the appliance.,appliance,appliance,turn_off
00475-g7hUFVNac26\tasks-island_0.json,503,2,Arrange the firewood.,Place firewood on surface.,firewood,surface,place_on
00475-g7hUFVNac26\tasks-island_0.json,504,1,Put supplies by the toilet.,Place items on the toilet.,toilet,items,place_on
00475-g7hUFVNac26\tasks-island_0.json,505,3,Arrange the shoes.,Place shoe on surface.,shoe,surface,place_on
00475-g7hUFVNac26\tasks-island_0.json,507,5,Stock the mini fridge.,Place items in the mini fridge.,mini fridge,items,place_in
00475-g7hUFVNac26\tasks-island_0.json,509,7,Clean the appliance.,Wipe appliance.,appliance,appliance,wipe
00475-g7hUFVNac26\tasks-island_0.json,510,1,Clean the kitchen countertop items.,Wipe kitchen countertop items.,kitchen countertop items,items,wipe
00475-g7hUFVNac26\tasks-island_0.json,523,7,Check the kitchen countertop items.,Inspect the kitchen countertop items.,kitchen countertop items,items,inspect
00475-g7hUFVNac26\tasks-island_0.json,528,3,Arrange the shoe.,Place shoe on surface.,shoe,surface,place_on
00475-g7hUFVNac26\tasks-island_0.json,531,6,Check the appliance.,Inspect the appliance.,appliance,appliance,inspect
00476-NtnvZSMK3en\tasks-island_0.json,6,2,Set the vase on the table.,Place vase on surface.,vase,surface,place_on
00476-NtnvZSMK3en\tasks-island_0.json,10,2,Position the speaker.,Place speaker on surface.,speaker,surface,place_on
00476-NtnvZSMK3en\tasks-island_0.json,22,3,Move the kitchen appliance.,Carry the kitchen appliance.,kitchen appliance,appliance,carry
00476-NtnvZSMK3en\tasks-island_0.json,25,4,Check the kitchen appliance.,Inspect the kitchen appliance.,kitchen appliance,appliance,inspect
00476-NtnvZSMK3en\tasks-island_0.json,31,4,Move the kitchen appliance.,Carry the kitchen appliance.,kitchen appliance,appliance,carry
00476-NtnvZSMK3en\tasks-island_0.json,47,2,Clean the kitchen appliance.,Wipe kitchen appliance.,kitchen appliance,appliance,wipe
00476-NtnvZSMK3en\tasks-island_0.json,55,1,Arrange the hanging clothes.,Place hanging clothes on surface.,hanging clothes,surface,place_on
00476-NtnvZSMK3en\tasks-island_0.json,63,2,Load the clothes into the washing machine.,Load items into the washing machine.,washing machine,items,load
00476-NtnvZSMK3en\tasks-island_0.json,64,1,Close the blinds in the dining area.,Close the blinds in the dining area.,blinds,area,close
00476-NtnvZSMK3en\tasks-island_0.json,66,2,Arrange the plush toy on the shelf.,Place plush toy on surface.,plush toy,surface,place_on
00476-NtnvZSMK3en\tasks-island_0.json,66,3,Put loose items into the storage box.,Place loose items in the storage box.,storage box,items,place_in
00476-NtnvZSMK3en\tasks-island_0.json,66,6,Organize the items in the cabinet.,Place cabinet in receptacle.,cabinet,receptacle,place_in
00476-NtnvZSMK3en\tasks-island_0.json,69,2,Arrange items on the storage shelving.,Place storage shelving on surface.,storage shelving,surface,place_on
00476-NtnvZSMK3en\tasks-island_0.json,69,6,Clean the kitchen appliance.,Wipe kitchen appliance.,kitchen appliance,appliance,wipe
00476-NtnvZSMK3en\tasks-island_0.json,76,3,Move the rug in the living area.,Carry the rug in the living area.,rug,area,carry
00476-NtnvZSMK3en\tasks-island_0.json,77,6,Clean the kitchen appliance for coffee.,Wipe kitchen appliance.,kitchen appliance,appliance,wipe
00476-NtnvZSMK3en\tasks-island_0.json,78,4,Arrange the wine bottle on the table.,Place wine bottle on surface.,wine_bottle,surface,place_on
00476-NtnvZSMK3en\tasks-island_0.json,79,6,Arrange the bookshelf.,Place bookshelf on surface.,bookshelf,surface,place_on
00476-NtnvZSMK3en\tasks-island_0.json,87,2,Position the speaker for better sound.,Place speaker on surface.,speaker,surface,place_on
00476-NtnvZSMK3en\tasks-island_0.json,87,5,Arrange the lounge chair.,Place lounge chair on surface.,lounge chair,surface,place_on
00476-NtnvZSMK3en\tasks-island_0.json,87,6,Bring the wine bottle from the wardrobe area.,Carry the wine_bottle from the wardrobe area.,wine_bottle,area,carry
00476-NtnvZSMK3en\tasks-island_0.json,89,2,Arrange the plush toy on the bed.,Place plush toy on surface.,plush toy,surface,place_on
00476-NtnvZSMK3en\tasks-island_0.json,90,4,Polish the kitchen appliance.,Polish the kitchen appliance.,kitchen appliance,appliance,polish
00476-NtnvZSMK3en\tasks-island_0.json,91,1,Turn on the floor lamp in the dining area.,Turn on the floor lamp in the dining area.,floor lamp,area,turn_on
00476-NtnvZSMK3en\tasks-island_0.json,95,4,Dust the picture in the storage area.,Dust the picture in the storage area.,picture,area,dust
00476-NtnvZSMK3en\tasks-island_0.json,96,5,Plump the pillow in the closet area.,Fluff the pillow in the closet area.,pillow,area,fluff
00476-NtnvZSMK3en\tasks-island_0.json,98,2,Adjust the pillow in the living area.,Fluff the pillow in the living area.,pillow,area,fluff
00476-NtnvZSMK3en\tasks-island_0.json,99,6,Set the end table on the patio area.,Place end table on surface.,end table,surface,place_on
00476-NtnvZSMK3en\tasks-island_0.json,100,2,Arrange the vase on the table.,Place vase on surface.,vase,surface,place_on
00476-NtnvZSMK3en\tasks-island_0.json,103,4,Arrange the cabinet contents.,Place cabinet on surface.,cabinet,surface,place_on
00476-NtnvZSMK3en\tasks-island_0.json,104,6,Turn off the floor lamp in the closet area.,Turn off the floor lamp in the closet area.,floor lamp,area,turn_off
00476-NtnvZSMK3en\tasks-island_0.json,110,4,Wipe down the kitchen appliance.,Wipe the kitchen appliance.,kitchen appliance,appliance,wipe
00476-NtnvZSMK3en\tasks-island_0.json,111,2,Arrange the plush toy on the bed.,Place plush toy on surface.,plush toy,surface,place_on
00476-NtnvZSMK3en\tasks-island_0.json,117,2,Arrange the bag.,Place bag on surface.,bag,surface,place_on
00476-NtnvZSMK3en\tasks-island_0.json,122,1,Position the telescope.,Place telescope on surface.,telescope,surface,place_on
00476-NtnvZSMK3en\tasks-island_0.json,123,3,Arrange the coffee table.,Place coffee table on surface.,coffee table,surface,place_on
00476-NtnvZSMK3en\tasks-island_0.json,124,7,Clear the kitchen appliance.,Wipe kitchen appliance.,kitchen appliance,appliance,wipe
00476-NtnvZSMK3en\tasks-island_0.json,128,7,Straighten the objects in the cabinet.,Straighten items in the cabinet.,cabinet,items,straighten
00476-NtnvZSMK3en\tasks-island_0.json,130,6,Arrange the storage shelving.,Place storage shelving on surface.,storage shelving,surface,place_on
00476-NtnvZSMK3en\tasks-island_0.json,132,2,Prepare the kitchen appliance.,Wipe kitchen appliance.,kitchen appliance,appliance,wipe
00476-NtnvZSMK3en\tasks-island_0.json,132,4,Set the cup on the table.,Place cup on surface.,cup,surface,place_on
00476-NtnvZSMK3en\tasks-island_0.json,136,4,Store items in the refrigerator.,Place items in the refrigerator.,refrigerator,items,place_in
00476-NtnvZSMK3en\tasks-island_0.json,136,6,Arrange the storage shelving.,Place storage shelving on surface.,storage shelving,surface,place_on
00476-NtnvZSMK3en\tasks-island_0.json,137,4,Check the kitchen appliance.,Inspect the kitchen appliance.,kitchen appliance,appliance,inspect
00476-NtnvZSMK3en\tasks-island_0.json,141,7,Arrange the hanging clothes.,Place hanging clothes on surface.,hanging clothes,surface,place_on
00476-NtnvZSMK3en\tasks-island_0.json,143,5,Arrange the plush toy.,Place plush toy on surface.,plush toy,surface,place_on
00487-erXNfWVjqZ8\tasks-island_0.json,10,2,Arrange the stonework.,Place stonework on surface.,stonework,surface,place_on
00487-erXNfWVjqZ8\tasks-island_0.json,12,1,Retrieve the broom from the storage area.,Pick up the broom from the storage area.,broom,area,pick_up
00487-erXNfWVjqZ8\tasks-island_0.json,14,3,Arrange the books on the shelf.,Place book on surface.,book,surface,place_on
00487-erXNfWVjqZ8\tasks-island_0.json,22,4,Wipe the mirror in the dressing area.,Wipe the mirror in the dressing area.,mirror,area,wipe
00487-erXNfWVjqZ8\tasks-island_0.json,23,3,Take a plate from the dining area.,Pick up the plate from the dining area.,plate,area,pick_up
00487-erXNfWVjqZ8\tasks-island_0.json,27,4,Dust the tv in the living area.,Dust the tv in the living area.,tv,area,dust
00487-erXNfWVjqZ8\tasks-island_0.json,33,2,Set the plate on the table.,Place plate on surface.,plate,surface,place_on
00487-erXNfWVjqZ8\tasks-island_0.json,47,5,Set the plate.,Place plate on surface.,plate,surface,place_on
00487-erXNfWVjqZ8\tasks-island_0.json,62,4,Put items in the cabinet door.,Place items in the cabinet door.,cabinet door,items,place_in
00487-erXNfWVjqZ8\tasks-island_0.json,73,4,Put away clothes in the wardrobe.,Store items in the wardrobe.,wardrobe,items,store
00487-erXNfWVjqZ8\tasks-island_0.json,79,5,Put things in the kitchen cabinet.,Place things in the kitchen cabinet.,kitchen cabinet,things,place_in
00487-erXNfWVjqZ8\tasks-island_0.json,90,2,Arrange the books on the shelf.,Place shelf in receptacle.,shelf,receptacle,place_in
00487-erXNfWVjqZ8\tasks-island_0.json,90,6,Adjust the chair in the dining area.,Reposition the chair in the dining area.,chair,area,reposition
00487-erXNfWVjqZ8\tasks-island_0.json,97,5,Arrange the book.,Place book on surface.,book,surface,place_on
00487-erXNfWVjqZ8\tasks-island_0.json,98,1,Set up the chairs.,Place items on the chair.,chair,items,place_on
00487-erXNfWVjqZ8\tasks-island_0.json,111,3,Fill it from the refrigerator.,Use the refrigerator to fill a container.,refrigerator,container,fill
00487-erXNfWVjqZ8\tasks-island_0.json,115,6,Hang clothes in the wardrobe.,Hang items in the wardrobe.,wardrobe,items,hang
00487-erXNfWVjqZ8\tasks-island_0.json,118,3,Arrange the book.,Place book in receptacle.,book,receptacle,place_in
00487-erXNfWVjqZ8\tasks-island_0.json,121,6,Set the toaster.,Place toaster on surface.,toaster,surface,place_on
00487-erXNfWVjqZ8\tasks-island_0.json,130,6,Arrange the shelf.,Place shelf in receptacle.,shelf,receptacle,place_in
00487-erXNfWVjqZ8\tasks-island_0.json,141,4,Arrange the fireplace.,Place fireplace on surface.,fireplace,surface,place_on
00487-erXNfWVjqZ8\tasks-island_0.json,142,1,Add clothes to the washing machine and dryer.,Place items in the washing machine and dryer.,washing machine and dryer,items,place_in
00487-erXNfWVjqZ8\tasks-island_0.json,157,5,Arrange the book.,Place book on surface.,book,surface,place_on
00487-erXNfWVjqZ8\tasks-island_0.json,163,6,Set the plate on the table.,Place plate on surface.,plate,surface,place_on
00487-erXNfWVjqZ8\tasks-island_0.json,168,1,Arrange the book.,Place book on surface.,book,surface,place_on
00487-erXNfWVjqZ8\tasks-island_0.json,173,3,Plump the cushion on the armchair.,Fluff items on the armchair.,armchair,items,fluff
00487-erXNfWVjqZ8\tasks-island_0.json,173,5,Organize the other books on the shelf.,Place shelf on surface.,shelf,surface,place_on
00487-erXNfWVjqZ8\tasks-island_0.json,174,4,Set the plate on the dining table.,Place plate on surface.,plate,surface,place_on
00487-erXNfWVjqZ8\tasks-island_0.json,175,2,Hang clothes in the wardrobe.,Hang items in the wardrobe.,wardrobe,items,hang
00487-erXNfWVjqZ8\tasks-island_0.json,177,2,Secure items in the safe.,Place items in the safe.,safe,items,place_in
00487-erXNfWVjqZ8\tasks-island_0.json,181,5,Set the plate for breakfast.,Place plate on surface.,plate,surface,place_on
00487-erXNfWVjqZ8\tasks-island_0.json,187,3,Set the pitcher on the table.,Place pitcher on surface.,pitcher,surface,place_on
00487-erXNfWVjqZ8\tasks-island_0.json,198,4,Store items in the kitchen cabinet.,Place items in the kitchen cabinet.,kitchen cabinet,items,place_in
00495-CQWES1bawee\tasks-island_0.json,9,4,Clean the container.,Wipe container.,container,container,wipe
00495-CQWES1bawee\tasks-island_0.json,23,2,Organize the washing stuff.,Straighten washing stuff.,washing stuff,stuff,straighten
00495-CQWES1bawee\tasks-island_0.json,31,4,Hang the wet clothes on a hanger.,Hang items on the hanger.,hanger,items,hang
00495-CQWES1bawee\tasks-island_0.json,33,1,Put away the container.,Store the container.,container,container,store
00495-CQWES1bawee\tasks-island_0.json,37,1,Organize the container.,Straighten container.,container,container,straighten
00495-CQWES1bawee\tasks-island_0.json,40,1,Stack the container.,Stack the container.,container,container,stack
00495-CQWES1bawee\tasks-island_0.json,43,1,Pick up the container.,Pick up the container.,container,container,pick_up
00495-CQWES1bawee\tasks-island_0.json,47,1,Move the container.,Carry the container.,container,container,carry
00495-CQWES1bawee\tasks-island_0.json,53,1,Put away the container.,Store the container.,container,container,store
00495-CQWES1bawee\tasks-island_0.json,55,2,Arrange the washing stuff.,Place washing stuff on surface.,washing stuff,"stuff, surface",place_on
00495-CQWES1bawee\tasks-island_0.json,58,1,Move the container.,Carry the container.,container,container,carry
00495-CQWES1bawee\tasks-island_0.json,59,1,Retrieve the washing powder from the utility area.,Pick up the washing powder from the utility area.,washing powder,area,pick_up
00495-CQWES1bawee\tasks-island_0.json,59,2,Load the dirty clothes into the washing machine.,Load items into the washing machine.,washing machine,items,load
00495-CQWES1bawee\tasks-island_0.json,62,1,Organize the items inside the container.,Place container in receptacle.,container,"container, receptacle",place_in
00495-CQWES1bawee\tasks-island_0.json,62,2,Stack the items neatly on the shelf.,Place the items neatly on the shelf.,shelf,items,place_on
00495-CQWES1bawee\tasks-island_0.json,62,4,Sort the paper waste into the recycle bin.,Place recycle bin in receptacle.,recycle bin,receptacle,place_in
00495-CQWES1bawee\tasks-island_0.json,63,1,Get the pliers from the toolbox area.,Pick up the pliers from the toolbox area.,pliers,area,pick_up
00495-CQWES1bawee\tasks-island_0.json,65,5,Organize the toiletries in the bathroom cabinet.,Place bathroom cabinet in receptacle.,bathroom cabinet,receptacle,place_in
00495-CQWES1bawee\tasks-island_0.json,66,1,Pack the essentials into the handbag.,Load items into the handbag.,handbag,items,load
00495-CQWES1bawee\tasks-island_0.json,67,4,Load the dirty prep dishes into the dishwasher.,Load items into the dishwasher.,dishwasher,items,load
00495-CQWES1bawee\tasks-island_0.json,69,1,Get a clean cup from the living area.,Pick up the cup from the living area.,cup,area,pick_up
00495-CQWES1bawee\tasks-island_0.json,69,2,Fill the container at the sink.,Use the sink to fill a container.,sink,container,fill
00495-CQWES1bawee\tasks-island_0.json,72,4,Fill a watering can at the sink.,Use the sink to fill a container.,sink,container,fill
00495-CQWES1bawee\tasks-island_0.json,83,5,Pack the loose items into a bag.,Load items into the bag.,bag,items,load
00495-CQWES1bawee\tasks-island_0.json,86,2,Heat the water using the kitchen appliance.,Turn on kitchen appliance.,kitchen appliance,appliance,turn_on
00495-CQWES1bawee\tasks-island_0.json,89,1,Load the plates into the dishwasher.,Load items into the dishwasher.,dishwasher,items,load
00495-CQWES1bawee\tasks-island_0.json,90,4,Place the folded items in the dresser.,Place the folded items in the dresser.,dresser,items,place_in
00495-CQWES1bawee\tasks-island_0.json,95,5,Organize the hair products in the bathroom cabinet.,Place bathroom cabinet in receptacle.,bathroom cabinet,receptacle,place_in
00495-CQWES1bawee\tasks-island_0.json,98,5,Sort the plastic pots into the recycle bin.,Place recycle bin in receptacle.,recycle bin,receptacle,place_in
00495-CQWES1bawee\tasks-island_0.json,99,3,Organize the washing stuff on the shelf.,Straighten washing stuff.,washing stuff,stuff,straighten
00495-CQWES1bawee\tasks-island_0.json,100,5,Put away the art supplies on the shelf.,Store items on the shelf.,shelf,items,store
00495-CQWES1bawee\tasks-island_0.json,109,2,Arrange the cabinet contents.,Place cabinet on surface.,cabinet,surface,place_on
00495-CQWES1bawee\tasks-island_0.json,110,4,Arrange the items on the shelf.,Place shelf on surface.,shelf,surface,place_on
00495-CQWES1bawee\tasks-island_0.json,114,1,Move the shovel to the storage area.,Carry the shovel to the storage area.,shovel,area,carry
00495-CQWES1bawee\tasks-island_0.json,120,1,Get the flashlight to illuminate the area.,Pick up the flashlight to illuminate the area.,flashlight,area,pick_up
00495-CQWES1bawee\tasks-island_0.json,121,3,Fill the kettle at the sink.,Use the sink to fill a container.,sink,container,fill
00495-CQWES1bawee\tasks-island_0.json,122,1,Move the plant to a sunnier spot.,Carry the plant to the sunnier spot.,plant,spot,carry
00495-CQWES1bawee\tasks-island_0.json,122,3,Fill the watering can at the sink.,Use the sink to fill a container.,sink,container,fill
00495-CQWES1bawee\tasks-island_0.json,123,3,Arrange the books on the shelf.,Place shelf on surface.,shelf,surface,place_on
00495-CQWES1bawee\tasks-island_0.json,124,3,Move the ladder to its storage spot.,Reposition the ladder to the storage spot.,ladder,spot,reposition
00495-CQWES1bawee\tasks-island_0.json,127,1,Get wood from the storage area.,Pick up the wood from the storage area.,wood,area,pick_up
00495-CQWES1bawee\tasks-island_0.json,127,3,Add the logs to the fireplace.,Place items on the fireplace.,fireplace,items,place_on
00495-CQWES1bawee\tasks-island_0.json,129,3,Use the kitchen appliance for preparation.,Inspect the kitchen appliance.,kitchen appliance,appliance,inspect
00495-CQWES1bawee\tasks-island_0.json,133,2,Arrange the tv stand neatly.,Place tv stand on surface.,tv stand,surface,place_on
00495-CQWES1bawee\tasks-island_0.json,133,3,Position the speaker for better sound.,Place speaker on surface.,speaker,surface,place_on
00495-CQWES1bawee\tasks-island_0.json,135,2,Store items in the kitchen cabinet.,Place items in the kitchen cabinet.,kitchen cabinet,items,place_in
00495-CQWES1bawee\tasks-island_0.json,137,2,Arrange the items on the shelf in the bedroom.,Place shelf in receptacle.,shelf,receptacle,place_in
00495-CQWES1bawee\tasks-island_0.json,149,6,Put away the container.,Store the container.,container,container,store
00495-CQWES1bawee\tasks-island_0.json,151,5,Fill it at the sink.,Use the sink to fill a container.,sink,container,fill
00495-CQWES1bawee\tasks-island_0.json,152,5,Place the container on the shelf.,Place the container on the shelf.,container,container,place_on
00495-CQWES1bawee\tasks-island_0.json,154,6,Put on the hat from the rack.,Place items on the rack.,rack,items,place_on
00495-CQWES1bawee\tasks-island_0.json,155,2,Use the kitchen appliance.,Inspect the kitchen appliance.,kitchen appliance,appliance,inspect
00495-CQWES1bawee\tasks-island_0.json,159,3,Move the appliance.,Carry the appliance.,appliance,appliance,carry
00495-CQWES1bawee\tasks-island_0.json,163,4,Hang the clothes on the hanger.,Hang items on the hanger.,hanger,items,hang
00495-CQWES1bawee\tasks-island_0.json,167,6,Organize the container.,Straighten container.,container,container,straighten
00495-CQWES1bawee\tasks-island_0.json,170,3,Move the appliance.,Carry the appliance.,appliance,appliance,carry
00495-CQWES1bawee\tasks-island_0.json,176,3,Organize the objects on the shelf.,Place shelf on surface.,shelf,surface,place_on
00495-CQWES1bawee\tasks-island_0.json,179,4,Organize the books on the shelf.,Place shelf on surface.,shelf,surface,place_on
00495-CQWES1bawee\tasks-island_0.json,183,5,Move the ladder to its storage spot.,Reposition the ladder to the storage spot.,ladder,spot,reposition
00495-CQWES1bawee\tasks-island_0.json,188,4,Get the washing stuff ready.,Pick up the washing stuff.,washing stuff,stuff,pick_up
00495-CQWES1bawee\tasks-island_0.json,189,4,Organize the drawers in the dresser.,Place dresser in receptacle.,dresser,receptacle,place_in
00495-CQWES1bawee\tasks-island_0.json,189,5,Put away the empty container.,Store the container.,container,container,store
00495-CQWES1bawee\tasks-island_0.json,190,1,Fill a vessel at the sink.,Use the sink to fill a container.,sink,container,fill
00495-CQWES1bawee\tasks-island_0.json,191,2,Put it away in the storage bin.,Store items in the storage bin.,storage bin,items,store
00495-CQWES1bawee\tasks-island_0.json,191,4,Arrange the toys on the shelf.,Place shelf on surface.,shelf,surface,place_on
00495-CQWES1bawee\tasks-island_0.json,192,2,Sort the bottles in the wine rack.,Place wine rack in receptacle.,wine rack,receptacle,place_in
00495-CQWES1bawee\tasks-island_0.json,192,4,Label the storage container.,Place a label on the container.,container,container,place_on
00495-CQWES1bawee\tasks-island_0.json,193,6,Arrange the flower centerpiece.,Place flower on surface.,flower,surface,place_on
00495-CQWES1bawee\tasks-island_0.json,196,1,Move the wood planks to a safe area.,Carry the wood to the safe area.,wood,area,carry
00495-CQWES1bawee\tasks-island_0.json,196,5,Organize the tools in the cabinet.,Place cabinet in receptacle.,cabinet,receptacle,place_in
00495-CQWES1bawee\tasks-island_0.json,198,3,Store the kitchen appliance in its place.,Store the kitchen appliance.,kitchen appliance,appliance,store
00495-CQWES1bawee\tasks-island_0.json,200,3,Sort the items in the bag.,Place bag in receptacle.,bag,receptacle,place_in
00495-CQWES1bawee\tasks-island_0.json,202,2,Get the container of supplies.,Pick up the container.,container,container,pick_up
00495-CQWES1bawee\tasks-island_0.json,205,1,Sort the bottles in the wine rack.,Place wine rack in receptacle.,wine rack,receptacle,place_in
00495-CQWES1bawee\tasks-island_0.json,205,3,Label the food container.,Place a label on the container.,container,container,place_on
00495-CQWES1bawee\tasks-island_0.json,210,2,Fill the soap dispenser at the sink.,Use the sink to fill a container.,sink,container,fill
00495-CQWES1bawee\tasks-island_0.json,210,3,Restock the bathroom cabinet.,Place items in the bathroom cabinet.,bathroom cabinet,items,place_in
00495-CQWES1bawee\tasks-island_0.json,214,3,Arrange the plush toy.,Place plush toy on surface.,plush toy,surface,place_on
00495-CQWES1bawee\tasks-island_0.json,221,6,Put away the container.,Store the container.,container,container,store
00495-CQWES1bawee\tasks-island_0.json,222,3,Arrange the flower.,Place flower on surface.,flower,surface,place_on
00495-CQWES1bawee\tasks-island_0.json,222,7,Pick up the container.,Pick up the container.,container,container,pick_up
00495-CQWES1bawee\tasks-island_0.json,225,4,Fill a bottle at the sink.,Use the sink to fill a container.,sink,container,fill
00495-CQWES1bawee\tasks-island_0.json,227,2,Arrange the flower.,Place flower on surface.,flower,surface,place_on
00495-CQWES1bawee\tasks-island_0.json,231,2,Set the pillow.,Place pillow on surface.,pillow,surface,place_on
00495-CQWES1bawee\tasks-island_0.json,232,4,Seal the container.,Close the container.,container,container,close
00495-CQWES1bawee\tasks-island_0.json,232,6,Tidy the washing stuff.,Straighten washing stuff.,washing stuff,stuff,straighten
00495-CQWES1bawee\tasks-island_0.json,233,4,Fill a jug at the sink.,Use the sink to fill a container.,sink,container,fill
00495-CQWES1bawee\tasks-island_0.json,234,2,Clean the appliance.,Wipe appliance.,appliance,appliance,wipe
00495-CQWES1bawee\tasks-island_0.json,235,3,Set the pillow.,Place pillow on surface.,pillow,surface,place_on
00495-CQWES1bawee\tasks-island_0.json,239,1,Gather the washing stuff.,Pick up the washing stuff.,washing stuff,stuff,pick_up
00495-CQWES1bawee\tasks-island_0.json,239,6,Use the appliance.,Inspect the appliance.,appliance,appliance,inspect
00495-CQWES1bawee\tasks-island_0.json,239,7,Hang items on the hanger.,Hang items on the hanger.,hanger,items,hang
00495-CQWES1bawee\tasks-island_0.json,243,5,Clear the kitchen appliance.,Wipe kitchen appliance.,kitchen appliance,appliance,wipe
00495-CQWES1bawee\tasks-island_0.json,255,7,Clear the container.,Dump container.,container,container,dump
00495-CQWES1bawee\tasks-island_0.json,258,1,Empty the container.,Dump container.,container,container,dump
00495-CQWES1bawee\tasks-island_0.json,258,5,Clean the kitchen appliance.,Wipe kitchen appliance.,kitchen appliance,appliance,wipe
00495-CQWES1bawee\tasks-island_0.json,264,2,Set the heater.,Place heater on surface.,heater,surface,place_on
00495-CQWES1bawee\tasks-island_0.json,266,3,Stack the container.,Stack the container.,container,container,stack
00495-CQWES1bawee\tasks-island_0.json,266,5,Arrange the display cabinet.,Place display cabinet on surface.,display cabinet,surface,place_on
00495-CQWES1bawee\tasks-island_0.json,267,4,Clean the appliance.,Wipe appliance.,appliance,appliance,wipe
00495-CQWES1bawee\tasks-island_0.json,268,7,Arrange the stand.,Place stand on surface.,stand,surface,place_on
00495-CQWES1bawee\tasks-island_0.json,274,4,Put away the washing stuff.,Store the washing stuff.,washing stuff,stuff,store
00495-CQWES1bawee\tasks-island_0.json,275,3,Use the kitchen appliance.,Inspect the kitchen appliance.,kitchen appliance,appliance,inspect
00495-CQWES1bawee\tasks-island_0.json,276,5,Stack the container.,Stack the container.,container,container,stack
00495-CQWES1bawee\tasks-island_0.json,281,4,Wipe the kitchen appliance.,Wipe the kitchen appliance.,kitchen appliance,appliance,wipe
00495-CQWES1bawee\tasks-island_0.json,281,6,Empty the container.,Dump container.,container,container,dump
00495-CQWES1bawee\tasks-island_0.json,283,5,Tidy the container.,Straighten container.,container,container,straighten
00495-CQWES1bawee\tasks-island_0.json,288,2,Load the clothes into the washing machine.,Load items into the washing machine.,washing machine,items,load
00495-CQWES1bawee\tasks-island_0.json,288,4,Place the detergent container back on the shelf.,Place the detergent container on the shelf.,shelf,container,place_on
00495-CQWES1bawee\tasks-island_0.json,290,4,Tighten the connection under the sink.,Tighten the area under the sink.,sink,area,tighten
00495-CQWES1bawee\tasks-island_0.json,296,2,Arrange the items on the shelf.,Place shelf on surface.,shelf,surface,place_on
00495-CQWES1bawee\tasks-island_0.json,296,4,Place the small items in the cabinet.,Place the small items in the cabinet.,cabinet,items,place_in
00495-CQWES1bawee\tasks-island_0.json,298,3,Look inside the plastic container.,Inspect the container.,container,container,inspect
00495-CQWES1bawee\tasks-island_0.json,301,4,Wipe the shelf in the pantry area.,Wipe the shelf in the pantry area.,shelf,area,wipe
00495-CQWES1bawee\tasks-island_0.json,302,4,Organize the books on the shelf.,Place shelf on surface.,shelf,surface,place_on
00495-CQWES1bawee\tasks-island_0.json,304,3,Organize the tools on the rack.,Place rack on surface.,rack,surface,place_on
00495-CQWES1bawee\tasks-island_0.json,305,3,Set the bowl in the center.,Place bowl in receptacle.,bowl,receptacle,place_in
00495-CQWES1bawee\tasks-island_0.json,309,3,Place the items on the table.,Place the items on the table.,table,items,place_on
00495-CQWES1bawee\tasks-island_0.json,321,4,Set a flower in a vase.,Place flower in receptacle.,flower,receptacle,place_in
00495-CQWES1bawee\tasks-island_0.json,327,3,Hang them on a hanger.,Hang items on the hanger.,hanger,items,hang
00495-CQWES1bawee\tasks-island_0.json,330,4,Set the bowl.,Place bowl on surface.,bowl,surface,place_on
00495-CQWES1bawee\tasks-island_0.json,332,4,Put items in the cabinet.,Place items in the cabinet.,cabinet,items,place_in
00506-QVAA6zecMHu\tasks-island_0.json,11,1,Arrange the shelf.,Place shelf on surface.,shelf,surface,place_on
00506-QVAA6zecMHu\tasks-island_0.json,17,4,Prepare the meal on the kitchen counter.,Place items on the kitchen counter.,kitchen counter,items,place_on
00506-QVAA6zecMHu\tasks-island_0.json,25,2,Turn on the lamp in the study area.,Turn on the lamp in the study area.,lamp,area,turn_on
00506-QVAA6zecMHu\tasks-island_0.json,42,1,Put away things on the shelf.,Store items on the shelf.,shelf,items,store
00506-QVAA6zecMHu\tasks-island_0.json,45,4,Clear the furniture.,Wipe furniture.,furniture,furniture,wipe
00506-QVAA6zecMHu\tasks-island_0.json,52,5,Wipe the furniture.,Wipe the furniture.,furniture,furniture,wipe
00506-QVAA6zecMHu\tasks-island_0.json,56,5,Organize the furniture.,Straighten furniture.,furniture,furniture,straighten
00506-QVAA6zecMHu\tasks-island_0.json,59,3,Wipe the furniture.,Wipe the furniture.,furniture,furniture,wipe
00506-QVAA6zecMHu\tasks-island_0.json,86,1,Arrange the plate.,Place plate on surface.,plate,surface,place_on
00508-4vwGX7U38Ux\tasks-island_0.json,7,4,Arrange the shower hose.,Place shower hose on surface.,shower hose,surface,place_on
00508-4vwGX7U38Ux\tasks-island_0.json,41,2,Reposition the speaker.,Place speaker on surface.,speaker,surface,place_on
00508-4vwGX7U38Ux\tasks-island_0.json,45,5,Arrange the towel.,Place towel on surface.,towel,surface,place_on
00508-4vwGX7U38Ux\tasks-island_0.json,57,5,Arrange the cloth.,Place cloth on surface.,cloth,surface,place_on
00508-4vwGX7U38Ux\tasks-island_0.json,58,5,Arrange the towel.,Place towel on surface.,towel,surface,place_on
00525-iKFn6fzyRqs\tasks-island_0.json,10,1,Fill a container at the sink.,Use the sink to fill a container.,sink,container,fill
00525-iKFn6fzyRqs\tasks-island_0.json,20,4,Store detergent on the shelf.,Place items on the shelf.,shelf,items,place_on
00525-iKFn6fzyRqs\tasks-island_0.json,26,1,Hang clothes in the closet.,Hang items in the closet.,closet,items,hang
00525-iKFn6fzyRqs\tasks-island_0.json,33,2,Fill a container at the sink.,Use the sink to fill a container.,sink,container,fill
00525-iKFn6fzyRqs\tasks-island_0.json,40,2,Fill it at the sink.,Use the sink to fill a container.,sink,container,fill
00525-iKFn6fzyRqs\tasks-island_0.json,40,5,Set the tray.,Place tray on surface.,tray,surface,place_on
00525-iKFn6fzyRqs\tasks-island_0.json,77,2,Position the rocking chair.,Place rocking chair on surface.,rocking chair,surface,place_on
00525-iKFn6fzyRqs\tasks-island_0.json,100,6,Set the mouse on the table.,Place mouse on surface.,mouse,surface,place_on
00525-iKFn6fzyRqs\tasks-island_0.json,109,5,Set the bowl.,Place bowl on surface.,bowl,surface,place_on
00525-iKFn6fzyRqs\tasks-island_0.json,116,5,Arrange the flowerpot.,Place flowerpot on surface.,flowerpot,surface,place_on
00525-iKFn6fzyRqs\tasks-island_0.json,118,5,Set the tray.,Place tray on surface.,tray,surface,place_on
00525-iKFn6fzyRqs\tasks-island_0.json,131,2,Arrange the mouse.,Place mouse in receptacle.,mouse,receptacle,place_in
00525-iKFn6fzyRqs\tasks-island_0.json,188,4,Arrange the vanity.,Place vanity on surface.,vanity,surface,place_on
00525-iKFn6fzyRqs\tasks-island_0.json,198,4,Arrange the rocking chair.,Place rocking chair on surface.,rocking chair,surface,place_on
00525-iKFn6fzyRqs\tasks-island_0.json,201,2,Hang items on the rack.,Hang items on the rack.,rack,items,hang
00525-iKFn6fzyRqs\tasks-island_0.json,201,5,Arrange the towel.,Place towel on surface.,towel,surface,place_on
00525-iKFn6fzyRqs\tasks-island_0.json,212,3,Arrange the vanity.,Place vanity on surface.,vanity,surface,place_on
00525-iKFn6fzyRqs\tasks-island_0.json,214,6,Arrange the rocking chair.,Place rocking chair on surface.,rocking chair,surface,place_on
00529-W9YAR9qcuvN\tasks-island_0.json,4,4,Set the tray on the table.,Place tray on surface.,tray,surface,place_on
00529-W9YAR9qcuvN\tasks-island_0.json,9,1,Rearrange the ornament.,Place ornament on surface.,ornament,surface,place_on
00529-W9YAR9qcuvN\tasks-island_0.json,22,4,Put items in the microwave.,Place items in the microwave.,microwave,items,place_in
00529-W9YAR9qcuvN\tasks-island_0.json,30,3,Arrange the dresser.,Place dresser on surface.,dresser,surface,place_on
00529-W9YAR9qcuvN\tasks-island_0.json,31,3,Set the tray.,Place tray on surface.,tray,surface,place_on
00529-W9YAR9qcuvN\tasks-island_0.json,43,3,Organize the items in the refrigerator.,Place refrigerator in receptacle.,refrigerator,receptacle,place_in
00529-W9YAR9qcuvN\tasks-island_0.json,49,3,Store items in the cabinet.,Place items in the cabinet.,cabinet,items,place_in
00529-W9YAR9qcuvN\tasks-island_0.json,56,6,Wipe the mirror in the living area.,Wipe the mirror in the living area.,mirror,area,wipe
00529-W9YAR9qcuvN\tasks-island_0.json,72,3,Arrange the towel.,Place towel on surface.,towel,surface,place_on
00529-W9YAR9qcuvN\tasks-island_0.json,72,4,Set the pillow.,Place pillow on surface.,pillow,surface,place_on
00529-W9YAR9qcuvN\tasks-island_0.json,76,6,Set the tray.,Place tray on surface.,tray,surface,place_on
00529-W9YAR9qcuvN\tasks-island_0.json,81,6,Arrange the basket.,Place basket on surface.,basket,surface,place_on
00529-W9YAR9qcuvN\tasks-island_0.json,84,2,Set the tray.,Place tray on surface.,tray,surface,place_on
00529-W9YAR9qcuvN\tasks-island_0.json,84,7,Store items in the refrigerator.,Place items in the refrigerator.,refrigerator,items,place_in
00529-W9YAR9qcuvN\tasks-island_0.json,87,6,Fill a glass from the water dispenser.,Use the water dispenser to fill a container.,water dispenser,container,fill
00529-W9YAR9qcuvN\tasks-island_0.json,88,5,Arrange the basket.,Place basket on surface.,basket,surface,place_on
00529-W9YAR9qcuvN\tasks-island_0.json,96,4,Set the pillow.,Place pillow on surface.,pillow,surface,place_on
00529-W9YAR9qcuvN\tasks-island_0.json,98,7,Set the tray.,Place tray on surface.,tray,surface,place_on
00529-W9YAR9qcuvN\tasks-island_0.json,103,3,Arrange the basket.,Place basket on surface.,basket,surface,place_on
00534-DBBESbk4Y3k\tasks-island_0.json,0,2,Place the stool near the desk area.,Place the stool near the desk area.,stool,area,place_on
00534-DBBESbk4Y3k\tasks-island_0.json,2,4,Arrange the knives in the knife holder.,Place knife holder in receptacle.,knife holder,receptacle,place_in
00534-DBBESbk4Y3k\tasks-island_0.json,14,4,Store items inside the cabinet.,Place items in the cabinet.,cabinet,items,place_in
00534-DBBESbk4Y3k\tasks-island_0.json,17,4,Load the dirty dishes into the dishwasher.,Load items into the dishwasher.,dishwasher,items,load
00534-DBBESbk4Y3k\tasks-island_0.json,19,2,Set the pitcher on the table.,Place pitcher on surface.,pitcher,surface,place_on
00534-DBBESbk4Y3k\tasks-island_0.json,28,3,Refill the water at the sink.,Use the sink to fill a container.,sink,container,fill
00534-DBBESbk4Y3k\tasks-island_0.json,28,5,Set the backpack aside to reach the plants.,Place backpack on surface.,backpack,surface,place_on
00534-DBBESbk4Y3k\tasks-island_0.json,43,2,Set the pitcher on the dining table.,Place pitcher on surface.,pitcher,surface,place_on
00534-DBBESbk4Y3k\tasks-island_0.json,44,3,Wipe the kitchen sink to keep the area clean.,Wipe the sink to keep the area clean.,sink,area,wipe
00534-DBBESbk4Y3k\tasks-island_0.json,44,5,Dust the wall tv in the living area.,Dust the wall tv in the living area.,wall tv,area,dust
00534-DBBESbk4Y3k\tasks-island_0.json,44,6,Place a pitcher for water on the dining surface.,Place a pitcher for water on the dining surface.,pitcher,surface,place_on
00534-DBBESbk4Y3k\tasks-island_0.json,45,3,Organize the items inside the handbag.,Place handbag in receptacle.,handbag,receptacle,place_in
00534-DBBESbk4Y3k\tasks-island_0.json,48,4,Organize the knives in the knife holder.,Place knife holder in receptacle.,knife holder,receptacle,place_in
00534-DBBESbk4Y3k\tasks-island_0.json,49,3,Arrange the decorative plant on the mantle.,Place decorative plant on surface.,decorative plant,surface,place_on
00534-DBBESbk4Y3k\tasks-island_0.json,50,1,Organize the items on the dressing table.,Place dressing table in receptacle.,dressing table,receptacle,place_in
00534-DBBESbk4Y3k\tasks-island_0.json,63,2,Fill the pitcher at the sink.,Use the sink to fill a container.,sink,container,fill
00534-DBBESbk4Y3k\tasks-island_0.json,65,1,Place the pan in the washing area.,Place the pan in the washing area.,pan,area,place_in
00534-DBBESbk4Y3k\tasks-island_0.json,68,1,Reposition the decorative plant.,Place decorative plant on surface.,decorative plant,surface,place_on
00534-DBBESbk4Y3k\tasks-island_0.json,73,3,Arrange the jar on the counter.,Place jar on surface.,jar,surface,place_on
00534-DBBESbk4Y3k\tasks-island_0.json,76,1,Set the wine bottle on the counter.,Place wine bottle on surface.,wine_bottle,surface,place_on
00534-DBBESbk4Y3k\tasks-island_0.json,89,6,Load the pan into the dishwasher.,Load items into the dishwasher.,dishwasher,items,load
00534-DBBESbk4Y3k\tasks-island_0.json,110,2,Reposition the decorative plant.,Place decorative plant on surface.,decorative plant,surface,place_on
00537-oahi4u45xMf\tasks-island_0.json,1,4,Hang the handbag on the rack.,Hang items on the rack.,rack,items,hang
00537-oahi4u45xMf\tasks-island_0.json,3,2,Sweep the area near the fireplace.,Vacuum the area near the fireplace.,fireplace,area,vacuum
00537-oahi4u45xMf\tasks-island_0.json,9,3,Prepare a snack using the kitchen appliance.,Turn on the kitchen appliance.,kitchen appliance,appliance,turn_on
00537-oahi4u45xMf\tasks-island_0.json,11,5,Organize the items on the shelf.,Place shelf on surface.,shelf,surface,place_on
00537-oahi4u45xMf\tasks-island_0.json,12,3,Pack the computer into the handbag.,Load items into the handbag.,handbag,items,load
00537-oahi4u45xMf\tasks-island_0.json,12,4,Hang the handbag on the rack.,Hang items on the rack.,rack,items,hang
00537-oahi4u45xMf\tasks-island_0.json,13,5,Load the used dishes into the dishwasher.,Load items into the dishwasher.,dishwasher,items,load
00537-oahi4u45xMf\tasks-island_0.json,14,2,Fluff the pillows on the couch.,Fluff items on the couch.,couch,items,fluff
00537-oahi4u45xMf\tasks-island_0.json,15,4,Put away the extra supplies in the cabinet.,Store items in the cabinet.,cabinet,items,store
00537-oahi4u45xMf\tasks-island_0.json,17,5,Turn on the heating appliance.,Turn on the appliance.,appliance,appliance,turn_on
00537-oahi4u45xMf\tasks-island_0.json,18,4,Wipe the surface of the laundry appliance.,Wipe the appliance.,appliance,appliance,wipe
00537-oahi4u45xMf\tasks-island_0.json,19,4,Put the handbag away in the cabinet.,Store items in the cabinet.,cabinet,items,store
00537-oahi4u45xMf\tasks-island_0.json,20,5,Secure the valuables in the cabinet.,Place items in the cabinet.,cabinet,items,place_in
00537-oahi4u45xMf\tasks-island_0.json,21,2,Start the coffee using the kitchen appliance.,Turn on the kitchen appliance.,kitchen appliance,appliance,turn_on
00537-oahi4u45xMf\tasks-island_0.json,21,3,Straighten the cushions on the couch.,Straighten items on the couch.,couch,items,straighten
00537-oahi4u45xMf\tasks-island_0.json,22,5,Organize the containers in the cabinet.,Place cabinet in receptacle.,cabinet,receptacle,place_in
00537-oahi4u45xMf\tasks-island_0.json,23,3,Prepare the ingredients on the table.,Place items on the table.,table,items,place_on
00537-oahi4u45xMf\tasks-island_0.json,24,3,Move the toy to the play area.,Carry the toy to play area.,toy,area,carry
00537-oahi4u45xMf\tasks-island_0.json,24,4,Arrange the containers on the shelf.,Place shelf on surface.,shelf,surface,place_on
00537-oahi4u45xMf\tasks-island_0.json,26,4,Organize the items inside the cabinet.,Place cabinet in receptacle.,cabinet,receptacle,place_in
00537-oahi4u45xMf\tasks-island_0.json,27,1,Close the curtain in the dining area.,Close the curtain in the dining area.,curtain,area,close
00537-oahi4u45xMf\tasks-island_0.json,29,2,Load the dirty plates into the dishwasher.,Load items into the dishwasher.,dishwasher,items,load
00537-oahi4u45xMf\tasks-island_0.json,29,5,Organize the spices on the shelf.,Place shelf on surface.,shelf,surface,place_on
00537-oahi4u45xMf\tasks-island_0.json,30,6,Organize the supplies in the cabinet.,Place cabinet in receptacle.,cabinet,receptacle,place_in
00537-oahi4u45xMf\tasks-island_0.json,31,1,Move the kitchen appliance to clean underneath.,Carry the kitchen appliance to clean underneath.,kitchen appliance,appliance,carry
00537-oahi4u45xMf\tasks-island_0.json,32,1,Prepare a quick coffee using the appliance.,Turn on the appliance.,appliance,appliance,turn_on
00537-oahi4u45xMf\tasks-island_0.json,33,1,Warm up a heat pack in the microwave.,Load items into the microwave.,microwave,items,load
00537-oahi4u45xMf\tasks-island_0.json,33,2,Hang the coat on the rack.,Hang items on the rack.,rack,items,hang
00537-oahi4u45xMf\tasks-island_0.json,34,2,Hang the jackets on the rack.,Hang items on the rack.,rack,items,hang
00537-oahi4u45xMf\tasks-island_0.json,35,3,Load the used dish into the dishwasher.,Load items into the dishwasher.,dishwasher,items,load
00537-oahi4u45xMf\tasks-island_0.json,35,4,Organize the containers in the cabinet.,Place cabinet in receptacle.,cabinet,receptacle,place_in
00537-oahi4u45xMf\tasks-island_0.json,37,2,Organize the dinnerware in the cabinet.,Place cabinet in receptacle.,cabinet,receptacle,place_in
00537-oahi4u45xMf\tasks-island_0.json,37,5,Fluff the pillows on the couch.,Fluff items on the couch.,couch,items,fluff
00537-oahi4u45xMf\tasks-island_0.json,38,1,Sort the dry goods in the cabinet.,Place cabinet in receptacle.,cabinet,receptacle,place_in
00537-oahi4u45xMf\tasks-island_0.json,39,6,Arrange the basket of something nearby.,Place basket of something in receptacle.,basket of something,receptacle,place_in
00537-oahi4u45xMf\tasks-island_0.json,40,3,Place the items neatly in the crib.,Place the items neatly in the crib.,crib,items,place_in
00537-oahi4u45xMf\tasks-island_0.json,47,5,Clean the kitchen appliance.,Wipe kitchen appliance.,kitchen appliance,appliance,wipe
00537-oahi4u45xMf\tasks-island_0.json,48,6,Set the appliance for white noise.,Set up the appliance for white noise.,appliance,appliance,set_up
00537-oahi4u45xMf\tasks-island_0.json,48,7,Arrange the clothes.,Place clothes on surface.,clothes,surface,place_on
00537-oahi4u45xMf\tasks-island_0.json,52,3,Clean the appliance.,Wipe appliance.,appliance,appliance,wipe
00537-oahi4u45xMf\tasks-island_1.json,8,3,Clean the appliance.,Wipe appliance.,appliance,appliance,wipe
00537-oahi4u45xMf\tasks-island_1.json,12,3,Move the appliance.,Carry the appliance.,appliance,appliance,carry
00537-oahi4u45xMf\tasks-island_1.json,17,3,Move the appliance.,Carry the appliance.,appliance,appliance,carry
00537-oahi4u45xMf\tasks-island_1.json,18,3,Arrange the display cabinet.,Place display cabinet on surface.,display cabinet,surface,place_on
00537-oahi4u45xMf\tasks-island_1.json,21,3,Set the jar on the dresser.,Place jar on surface.,jar,surface,place_on
00537-oahi4u45xMf\tasks-island_1.json,28,2,Check the appliance.,Inspect the appliance.,appliance,appliance,inspect
00537-oahi4u45xMf\tasks-island_1.json,32,5,Set the jar on the dresser.,Place jar on surface.,jar,surface,place_on
00537-oahi4u45xMf\tasks-island_1.json,41,2,Hang the cap on the rack.,Hang items on the rack.,rack,items,hang
00537-oahi4u45xMf\tasks-island_1.json,42,3,Dust the appliance.,Dust the appliance.,appliance,appliance,dust
00537-oahi4u45xMf\tasks-island_1.json,45,3,Turn on the appliance.,Turn on the appliance.,appliance,appliance,turn_on
00537-oahi4u45xMf\tasks-island_1.json,52,6,Place the toy in the basket.,Place items in the basket of something.,basket of something,items,place_in
00537-oahi4u45xMf\tasks-island_1.json,53,6,Arrange the shelf.,Place shelf on surface.,shelf,surface,place_on
00537-oahi4u45xMf\tasks-island_1.json,54,6,Set the jar on the dresser.,Place jar on surface.,jar,surface,place_on
00537-oahi4u45xMf\tasks-island_1.json,57,6,Set the appliance.,Set up the appliance.,appliance,appliance,set_up
00537-oahi4u45xMf\tasks-island_1.json,58,5,Wipe the appliance.,Wipe the appliance.,appliance,appliance,wipe
00537-oahi4u45xMf\tasks-island_1.json,59,7,Arrange the shelf.,Place shelf on surface.,shelf,surface,place_on
00537-oahi4u45xMf\tasks-island_1.json,63,2,Arrange the shelf.,Place shelf on surface.,shelf,surface,place_on
00537-oahi4u45xMf\tasks-island_1.json,64,3,Check the appliance.,Inspect the appliance.,appliance,appliance,inspect
00537-oahi4u45xMf\tasks-island_1.json,65,2,Wipe the appliance.,Wipe the appliance.,appliance,appliance,wipe
00537-oahi4u45xMf\tasks-island_1.json,67,7,Arrange the shelf.,Place shelf on surface.,shelf,surface,place_on
00537-oahi4u45xMf\tasks-island_1.json,68,3,Set the jar on the dresser.,Place jar on surface.,jar,surface,place_on
00537-oahi4u45xMf\tasks-island_1.json,69,4,Arrange the lamp.,Place lamp on surface.,lamp,surface,place_on
00537-oahi4u45xMf\tasks-island_1.json,74,7,Wipe the appliance.,Wipe the appliance.,appliance,appliance,wipe
00538-3CBBjsNkhqW\tasks-island_0.json,0,2,Place the items in the storage box.,Place the items in the storage box.,storage box,items,place_in
00538-3CBBjsNkhqW\tasks-island_0.json,0,3,Organize the items on the cart.,Place cart on surface.,cart,surface,place_on
00538-3CBBjsNkhqW\tasks-island_0.json,2,3,Arrange the fruit in the bowl of fruit.,Place bowl of fruit in receptacle.,bowl of fruit,receptacle,place_in
00538-3CBBjsNkhqW\tasks-island_0.json,2,4,Arrange the flowers in the vase.,Place flower in receptacle.,flower,receptacle,place_in
00538-3CBBjsNkhqW\tasks-island_0.json,3,3,Place detergent in the container.,Place detergent in the container.,container,container,place_in
00538-3CBBjsNkhqW\tasks-island_0.json,8,1,Organize the files in the file cabinet.,Place file cabinet in receptacle.,file cabinet,receptacle,place_in
00538-3CBBjsNkhqW\tasks-island_0.json,9,4,Store the plate in the container.,Store the plate in the container.,container,container,store
00538-3CBBjsNkhqW\tasks-island_0.json,10,2,Sweep the area near the furnace.,Vacuum the area near the furnace.,furnace,area,vacuum
00538-3CBBjsNkhqW\tasks-island_0.json,14,4,Put the items into the handbag.,Place the items in the handbag.,handbag,items,place_in
00538-3CBBjsNkhqW\tasks-island_0.json,19,3,Move the storage box to the living area.,Carry the storage box to the living area.,storage box,area,carry
00538-3CBBjsNkhqW\tasks-island_0.json,21,1,Put the clutter into the container.,Place the clutter in the container.,container,container,place_in
00538-3CBBjsNkhqW\tasks-island_0.json,21,2,Move the appliance to the side.,Carry the appliance to the side.,appliance,appliance,carry
00538-3CBBjsNkhqW\tasks-island_0.json,42,1,Close the container.,Close the container.,container,container,close
00538-3CBBjsNkhqW\tasks-island_0.json,45,3,Set the plate.,Place plate on surface.,plate,surface,place_on
00538-3CBBjsNkhqW\tasks-island_0.json,47,4,Label the container.,Place a label on the container.,container,container,place_on
00538-3CBBjsNkhqW\tasks-island_0.json,51,1,Arrange the bookshelf.,Place bookshelf on surface.,bookshelf,surface,place_on
00538-3CBBjsNkhqW\tasks-island_0.json,61,1,Organize the container.,Straighten container.,container,container,straighten
00538-3CBBjsNkhqW\tasks-island_0.json,64,1,Empty the container.,Dump container.,container,container,dump
00538-3CBBjsNkhqW\tasks-island_0.json,68,2,Clean the appliance.,Wipe appliance.,appliance,appliance,wipe
00538-3CBBjsNkhqW\tasks-island_0.json,71,3,Organize the books on the bookshelf.,Place bookshelf on surface.,bookshelf,surface,place_on
00538-3CBBjsNkhqW\tasks-island_0.json,71,5,Place loose items into the display cabinet.,Place loose items in the display cabinet.,display cabinet,items,place_in
00538-3CBBjsNkhqW\tasks-island_0.json,73,2,Set a plate on the dining table.,Place plate on surface.,plate,surface,place_on
00538-3CBBjsNkhqW\tasks-island_0.json,75,4,Empty the container.,Dump container.,container,container,dump
00538-3CBBjsNkhqW\tasks-island_0.json,80,3,Position the lamp stand.,Place lamp stand on surface.,lamp stand,surface,place_on
00538-3CBBjsNkhqW\tasks-island_0.json,84,4,Change the bulb in the lamp.,Place items in the lamp.,lamp,items,place_in
00538-3CBBjsNkhqW\tasks-island_0.json,85,5,Check the container.,Inspect the container.,container,container,inspect
00538-3CBBjsNkhqW\tasks-island_0.json,87,5,Inspect the appliance.,Inspect the appliance.,appliance,appliance,inspect
00538-3CBBjsNkhqW\tasks-island_0.json,88,4,Set the plate on the table.,Place plate on surface.,plate,surface,place_on
00538-3CBBjsNkhqW\tasks-island_0.json,90,4,Arrange the seat.,Place seat on surface.,seat,surface,place_on
00538-3CBBjsNkhqW\tasks-island_0.json,94,3,Organize the container.,Straighten container.,container,container,straighten
00538-3CBBjsNkhqW\tasks-island_0.json,95,2,Arrange the tray.,Place tray on surface.,tray,surface,place_on
00538-3CBBjsNkhqW\tasks-island_0.json,97,2,Empty the container.,Dump container.,container,container,dump
00538-3CBBjsNkhqW\tasks-island_0.json,99,3,Arrange the storage box.,Place storage box on surface.,storage box,surface,place_on
00538-3CBBjsNkhqW\tasks-island_0.json,99,4,Position the lamp stand.,Place lamp stand on surface.,lamp stand,surface,place_on
00538-3CBBjsNkhqW\tasks-island_0.json,100,2,Arrange the seat.,Place seat on surface.,seat,surface,place_on
00538-3CBBjsNkhqW\tasks-island_0.json,102,5,Set the plate.,Place plate on surface.,plate,surface,place_on
00538-3CBBjsNkhqW\tasks-island_0.json,103,1,Move the appliance.,Carry the appliance.,appliance,appliance,carry
00538-3CBBjsNkhqW\tasks-island_0.json,104,2,Arrange the hairbrush.,Place hairbrush on surface.,hairbrush,surface,place_on
00538-3CBBjsNkhqW\tasks-island_0.json,104,5,Organize the container.,Straighten container.,container,container,straighten
00538-3CBBjsNkhqW\tasks-island_0.json,107,3,Empty the container.,Dump container.,container,container,dump
00538-3CBBjsNkhqW\tasks-island_0.json,108,3,Arrange the storage box.,Place storage box on surface.,storage box,surface,place_on
00538-3CBBjsNkhqW\tasks-island_0.json,112,5,Set the newspaper on the table.,Place newspaper on surface.,newspaper,surface,place_on
00538-3CBBjsNkhqW\tasks-island_0.json,113,3,Move the appliance.,Carry the appliance.,appliance,appliance,carry
00538-3CBBjsNkhqW\tasks-island_0.json,113,4,Place a container on the rack.,Place a container on the rack.,container,container,place_on
00538-3CBBjsNkhqW\tasks-island_0.json,114,4,Arrange the bowl of fruit.,Place bowl of fruit on surface.,bowl of fruit,surface,place_on
00538-3CBBjsNkhqW\tasks-island_0.json,122,2,Arrange the piano bench.,Place piano bench on surface.,piano bench,surface,place_on
00538-3CBBjsNkhqW\tasks-island_0.json,124,1,Stack the container.,Stack the container.,container,container,stack
00538-3CBBjsNkhqW\tasks-island_0.json,126,5,Tidy the container.,Straighten container.,container,container,straighten
00538-3CBBjsNkhqW\tasks-island_0.json,127,4,Set the plate.,Place plate on surface.,plate,surface,place_on
00538-3CBBjsNkhqW\tasks-island_0.json,130,3,Arrange the file cabinet.,Place file cabinet on surface.,file cabinet,surface,place_on
00538-3CBBjsNkhqW\tasks-island_0.json,132,4,Set the newspaper.,Place newspaper on surface.,newspaper,surface,place_on
00538-3CBBjsNkhqW\tasks-island_0.json,137,5,Arrange the flower.,Place flower on surface.,flower,surface,place_on
00538-3CBBjsNkhqW\tasks-island_0.json,138,2,Organize the container.,Straighten container.,container,container,straighten
00538-3CBBjsNkhqW\tasks-island_0.json,140,1,Arrange the file cabinet.,Place file cabinet on surface.,file cabinet,surface,place_on
00538-3CBBjsNkhqW\tasks-island_0.json,149,2,Set the plate.,Place plate on surface.,plate,surface,place_on
00538-3CBBjsNkhqW\tasks-island_0.json,153,1,Close the container.,Close the container.,container,container,close
00538-3CBBjsNkhqW\tasks-island_0.json,155,6,Arrange the hanger.,Place hanger on surface.,hanger,surface,place_on
00538-3CBBjsNkhqW\tasks-island_0.json,156,5,Arrange the tray.,Place tray on surface.,tray,surface,place_on
00538-3CBBjsNkhqW\tasks-island_0.json,158,5,Set the plate.,Place plate on surface.,plate,surface,place_on
00538-3CBBjsNkhqW\tasks-island_0.json,161,1,Open the container.,Open the container.,container,container,open
00538-3CBBjsNkhqW\tasks-island_0.json,164,2,Move the appliance.,Carry the appliance.,appliance,appliance,carry
00538-3CBBjsNkhqW\tasks-island_0.json,166,1,Empty the container.,Dump container.,container,container,dump
00538-3CBBjsNkhqW\tasks-island_0.json,166,5,Set the plate.,Place plate on surface.,plate,surface,place_on
00538-3CBBjsNkhqW\tasks-island_0.json,168,3,Empty the container.,Dump container.,container,container,dump
00538-3CBBjsNkhqW\tasks-island_0.json,172,1,Arrange the container.,Place container on surface.,container,"container, surface",place_on
00538-3CBBjsNkhqW\tasks-island_0.json,172,6,Clean the appliance.,Wipe appliance.,appliance,appliance,wipe
00538-3CBBjsNkhqW\tasks-island_0.json,175,5,Set the plate.,Place plate on surface.,plate,surface,place_on
00538-3CBBjsNkhqW\tasks-island_0.json,182,3,Set the book.,Place book on surface.,book,surface,place_on
00538-3CBBjsNkhqW\tasks-island_0.json,185,5,Arrange the piano bench.,Place piano bench on surface.,piano bench,surface,place_on
00538-3CBBjsNkhqW\tasks-island_0.json,188,2,Move the container.,Carry the container.,container,container,carry
00538-3CBBjsNkhqW\tasks-island_0.json,188,3,Arrange the rack.,Place rack on surface.,rack,surface,place_on
00538-3CBBjsNkhqW\tasks-island_0.json,189,3,Tidy the container.,Straighten container.,container,container,straighten
00538-3CBBjsNkhqW\tasks-island_0.json,197,3,Arrange the piano bench.,Place piano bench on surface.,piano bench,surface,place_on
00538-3CBBjsNkhqW\tasks-island_0.json,199,3,Clean the appliance.,Wipe appliance.,appliance,appliance,wipe
00538-3CBBjsNkhqW\tasks-island_0.json,203,3,Empty the container.,Dump container.,container,container,dump
00538-3CBBjsNkhqW\tasks-island_0.json,211,2,Stack the container.,Stack the container.,container,container,stack
00538-3CBBjsNkhqW\tasks-island_0.json,212,2,Arrange the book.,Place book on surface.,book,surface,place_on
00538-3CBBjsNkhqW\tasks-island_0.json,212,5,Clean the container.,Wipe container.,container,container,wipe
00538-3CBBjsNkhqW\tasks-island_0.json,213,1,Pick up the container.,Pick up the container.,container,container,pick_up
00538-3CBBjsNkhqW\tasks-island_0.json,213,2,Fill it at the sink.,Use the sink to fill a container.,sink,container,fill
00538-3CBBjsNkhqW\tasks-island_0.json,219,3,Clean the appliance.,Wipe appliance.,appliance,appliance,wipe
00538-3CBBjsNkhqW\tasks-island_0.json,220,5,Wipe down the appliance.,Wipe the appliance.,appliance,appliance,wipe
00538-3CBBjsNkhqW\tasks-island_0.json,222,1,Get a container.,Pick up the container.,container,container,pick_up
00538-3CBBjsNkhqW\tasks-island_0.json,222,4,Set the plate on the counter.,Place plate on surface.,plate,surface,place_on
00538-3CBBjsNkhqW\tasks-island_0.json,227,1,Pick up the container.,Pick up the container.,container,container,pick_up
00538-3CBBjsNkhqW\tasks-island_0.json,227,5,Set the plate.,Place plate on surface.,plate,surface,place_on
00538-3CBBjsNkhqW\tasks-island_0.json,230,1,Retrieve the container.,Pick up the container.,container,container,pick_up
00538-3CBBjsNkhqW\tasks-island_0.json,230,3,Set the plate.,Place plate on surface.,plate,surface,place_on
00538-3CBBjsNkhqW\tasks-island_0.json,233,4,Clean the appliance.,Wipe appliance.,appliance,appliance,wipe
00538-3CBBjsNkhqW\tasks-island_0.json,236,1,Retrieve the container.,Pick up the container.,container,container,pick_up
00538-3CBBjsNkhqW\tasks-island_0.json,236,5,Arrange the bowl of fruit.,Place bowl of fruit on surface.,bowl of fruit,surface,place_on
00538-3CBBjsNkhqW\tasks-island_0.json,238,3,Set the plate.,Place plate on surface.,plate,surface,place_on
00538-3CBBjsNkhqW\tasks-island_0.json,240,2,Move the container.,Carry the container.,container,container,carry
00538-3CBBjsNkhqW\tasks-island_0.json,240,5,Arrange the storage box.,Place storage box on surface.,storage box,surface,place_on
00538-3CBBjsNkhqW\tasks-island_0.json,241,6,Set the plate.,Place plate on surface.,plate,surface,place_on
00538-3CBBjsNkhqW\tasks-island_0.json,245,1,Retrieve the container.,Pick up the container.,container,container,pick_up
00538-3CBBjsNkhqW\tasks-island_0.json,248,1,Retrieve the container.,Pick up the container.,container,container,pick_up
00538-3CBBjsNkhqW\tasks-island_0.json,249,5,Arrange the hanger.,Place hanger on surface.,hanger,surface,place_on
00538-3CBBjsNkhqW\tasks-island_0.json,250,2,Stack the container.,Stack the container.,container,container,stack
00538-3CBBjsNkhqW\tasks-island_0.json,250,6,Arrange the cabinet.,Place cabinet on surface.,cabinet,surface,place_on
00538-3CBBjsNkhqW\tasks-island_0.json,251,1,Retrieve the container.,Pick up the container.,container,container,pick_up
00538-3CBBjsNkhqW\tasks-island_0.json,251,4,Set the plate.,Place plate on surface.,plate,surface,place_on
00538-3CBBjsNkhqW\tasks-island_0.json,253,4,Wipe the appliance.,Wipe the appliance.,appliance,appliance,wipe
00538-3CBBjsNkhqW\tasks-island_0.json,254,1,Retrieve the container.,Pick up the container.,container,container,pick_up
00538-3CBBjsNkhqW\tasks-island_0.json,258,1,Retrieve the container.,Pick up the container.,container,container,pick_up
00538-3CBBjsNkhqW\tasks-island_0.json,258,4,Set the plate.,Place plate on surface.,plate,surface,place_on
00538-3CBBjsNkhqW\tasks-island_0.json,259,4,Arrange the storage box.,Place storage box on surface.,storage box,surface,place_on
00538-3CBBjsNkhqW\tasks-island_0.json,261,2,Close the container.,Close the container.,container,container,close
00538-3CBBjsNkhqW\tasks-island_0.json,261,5,Arrange the rack.,Place rack on surface.,rack,surface,place_on
00538-3CBBjsNkhqW\tasks-island_0.json,262,4,Set the plate.,Place plate on surface.,plate,surface,place_on
00538-3CBBjsNkhqW\tasks-island_0.json,262,7,Arrange the ornament.,Place ornament on surface.,ornament,surface,place_on
00538-3CBBjsNkhqW\tasks-island_0.json,268,2,Position the piano bench.,Place piano bench on surface.,piano bench,surface,place_on
00538-3CBBjsNkhqW\tasks-island_0.json,272,1,Move the appliance.,Carry the appliance.,appliance,appliance,carry
00538-3CBBjsNkhqW\tasks-island_0.json,272,5,Sort the container.,Straighten container.,container,container,straighten
00538-3CBBjsNkhqW\tasks-island_0.json,277,3,Position the piano bench.,Place piano bench on surface.,piano bench,surface,place_on
00538-3CBBjsNkhqW\tasks-island_0.json,279,5,Close the container.,Close the container.,container,container,close
00538-3CBBjsNkhqW\tasks-island_0.json,281,6,Inspect the appliance.,Inspect the appliance.,appliance,appliance,inspect
00538-3CBBjsNkhqW\tasks-island_0.json,283,1,Arrange the rack.,Place rack on surface.,rack,surface,place_on
00538-3CBBjsNkhqW\tasks-island_0.json,283,4,Organize the container.,Straighten container.,container,container,straighten
00538-3CBBjsNkhqW\tasks-island_0.json,283,7,Close the container.,Close the container.,container,container,close
00538-3CBBjsNkhqW\tasks-island_0.json,286,4,Set the plate.,Place plate on surface.,plate,surface,place_on
00538-3CBBjsNkhqW\tasks-island_0.json,290,2,Arrange the bookshelf.,Place bookshelf on surface.,bookshelf,surface,place_on
00538-3CBBjsNkhqW\tasks-island_0.json,291,1,Inspect the appliance.,Inspect the appliance.,appliance,appliance,inspect
00538-3CBBjsNkhqW\tasks-island_0.json,294,7,Arrange the basket of something.,Place basket of something on surface.,basket of something,surface,place_on
00538-3CBBjsNkhqW\tasks-island_0.json,297,4,Close the container.,Close the container.,container,container,close
00538-3CBBjsNkhqW\tasks-island_0.json,301,4,Store the container.,Store the container.,container,container,store
00538-3CBBjsNkhqW\tasks-island_0.json,302,1,Set the plate on the table.,Place plate on surface.,plate,surface,place_on
00538-3CBBjsNkhqW\tasks-island_0.json,303,3,Arrange the l-shaped sofa.,Place l-shaped sofa in receptacle.,l-shaped sofa,receptacle,place_in
00538-3CBBjsNkhqW\tasks-island_0.json,310,1,Move the container.,Carry the container.,container,container,carry
00538-3CBBjsNkhqW\tasks-island_0.json,317,1,Arrange the l-shaped sofa.,Place l-shaped sofa in receptacle.,l-shaped sofa,receptacle,place_in
00539-zUG6FL9TYeR\tasks-island_0.json,2,2,Set the plate on the table.,Place plate on surface.,plate,surface,place_on
00539-zUG6FL9TYeR\tasks-island_0.json,27,1,Retrieve a plate from the living area.,Pick up the plate from the living area.,plate,area,pick_up
00539-zUG6FL9TYeR\tasks-island_0.json,27,2,Get the pan from the storage area.,Pick up the pan from the storage area.,pan,area,pick_up
00539-zUG6FL9TYeR\tasks-island_0.json,27,5,Load the dishwasher with used items.,Load the dishwasher with the used items.,dishwasher,items,load
00539-zUG6FL9TYeR\tasks-island_0.json,42,1,Position the laptop computer.,Place laptop computer on surface.,laptop_computer,surface,place_on
00539-zUG6FL9TYeR\tasks-island_0.json,46,1,Fluff the pillows on the couch.,Fluff items on the couch.,couch,items,fluff
00539-zUG6FL9TYeR\tasks-island_0.json,51,1,Set the plate on the table.,Place plate on surface.,plate,surface,place_on
00539-zUG6FL9TYeR\tasks-island_0.json,56,1,Position the laptop computer.,Place laptop computer on surface.,laptop_computer,surface,place_on
00539-zUG6FL9TYeR\tasks-island_0.json,64,2,Position the laptop computer.,Place laptop computer on surface.,laptop_computer,surface,place_on
00539-zUG6FL9TYeR\tasks-island_0.json,74,2,Put things in the cabinet.,Place things in the cabinet.,cabinet,things,place_in
00539-zUG6FL9TYeR\tasks-island_0.json,80,6,Set the bowl on the table.,Place bowl on surface.,bowl,surface,place_on
00539-zUG6FL9TYeR\tasks-island_0.json,148,7,Arrange the vase.,Place vase on surface.,vase,surface,place_on
00541-FnDDfrBZPhh\tasks-island_0.json,0,2,Fill the pitcher at the sink.,Use the sink to fill a container.,sink,container,fill
00541-FnDDfrBZPhh\tasks-island_0.json,5,2,Position the keyboard correctly.,Place keyboard on surface.,keyboard,surface,place_on
00541-FnDDfrBZPhh\tasks-island_0.json,8,3,Fill the pot at the sink.,Use the sink to fill a container.,sink,container,fill
00541-FnDDfrBZPhh\tasks-island_0.json,15,2,Fill it with water at the sink.,Use the sink to fill a container.,sink,container,fill
00541-FnDDfrBZPhh\tasks-island_0.json,25,2,Arrange the stuffed animal.,Place stuffed animal on surface.,stuffed animal,surface,place_on
00541-FnDDfrBZPhh\tasks-island_0.json,28,2,Arrange the drawer.,Place drawers on surface.,drawers,surface,place_on
00541-FnDDfrBZPhh\tasks-island_0.json,29,4,Arrange the bedroom cabinet.,Place cabinet on surface.,cabinet,surface,place_on
00541-FnDDfrBZPhh\tasks-island_0.json,30,3,Organize the container in the basement.,Straighten container.,container,container,straighten
00541-FnDDfrBZPhh\tasks-island_0.json,33,1,Restock the bathroom cabinet.,Place items in the cabinet.,cabinet,items,place_in
00541-FnDDfrBZPhh\tasks-island_0.json,36,2,Fill the kettle at the sink.,Use the sink to fill a container.,sink,container,fill
00541-FnDDfrBZPhh\tasks-island_0.json,37,3,Arrange the keyboard.,Place keyboard on surface.,keyboard,surface,place_on
00541-FnDDfrBZPhh\tasks-island_0.json,37,4,Load paper into the printer.,Load items into the printer.,printer,items,load
00541-FnDDfrBZPhh\tasks-island_0.json,43,2,Arrange the box.,Place box on surface.,box,surface,place_on
00541-FnDDfrBZPhh\tasks-island_0.json,45,4,Organize the container.,Straighten container.,container,container,straighten
00541-FnDDfrBZPhh\tasks-island_0.json,49,4,Arrange the box.,Place box on surface.,box,surface,place_on
00541-FnDDfrBZPhh\tasks-island_0.json,54,5,Arrange the basket.,Place basket on surface.,basket,surface,place_on
00541-FnDDfrBZPhh\tasks-island_0.json,59,4,Arrange the box.,Place box on surface.,box,surface,place_on
00541-FnDDfrBZPhh\tasks-island_0.json,60,3,Arrange the container.,Place container on surface.,container,"container, surface",place_on
00541-FnDDfrBZPhh\tasks-island_0.json,63,4,Tidy the laundry in the laundry basket.,Place laundry basket in receptacle.,laundry basket,receptacle,place_in
00541-FnDDfrBZPhh\tasks-island_0.json,74,6,Store items in the cabinet.,Place items in the cabinet.,cabinet,items,place_in
00541-FnDDfrBZPhh\tasks-island_0.json,80,4,Position the keyboard.,Place keyboard on surface.,keyboard,surface,place_on
00541-FnDDfrBZPhh\tasks-island_0.json,81,1,Move the container.,Carry the container.,container,container,carry
00541-FnDDfrBZPhh\tasks-island_0.json,82,3,Arrange the kitchenware.,Place kitchenware on surface.,kitchenware,surface,place_on
00541-FnDDfrBZPhh\tasks-island_0.json,89,4,Arrange the stuffed animal.,Place stuffed animal on surface.,stuffed animal,surface,place_on
00541-FnDDfrBZPhh\tasks-island_0.json,91,3,Arrange the cabinet.,Place cabinet on surface.,cabinet,surface,place_on
00541-FnDDfrBZPhh\tasks-island_0.json,93,2,Grab the container.,Pick up the container.,container,container,pick_up
00541-FnDDfrBZPhh\tasks-island_0.json,95,6,Reposition the soundbar.,Place soundbar on surface.,soundbar,surface,place_on
00541-FnDDfrBZPhh\tasks-island_0.json,100,2,Sort the container.,Straighten container.,container,container,straighten
00541-FnDDfrBZPhh\tasks-island_0.json,100,4,Arrange the wood.,Place wood on surface.,wood,surface,place_on
00541-FnDDfrBZPhh\tasks-island_0.json,107,2,Arrange the shelving.,Place shelving on surface.,shelving,surface,place_on
00541-FnDDfrBZPhh\tasks-island_0.json,109,4,Wipe the table in the living area.,Wipe the table in the living area.,table,area,wipe
00541-FnDDfrBZPhh\tasks-island_0.json,115,1,Prepare the guest bed with a blanket.,Fold items on the blanket.,blanket,items,fold
00541-FnDDfrBZPhh\tasks-island_0.json,115,5,Set a flower vase on the cabinet.,Place flower vase on surface.,flower vase,surface,place_on
00541-FnDDfrBZPhh\tasks-island_0.json,120,3,Move the container to storage.,Carry the container to the storage.,container,container,carry
00541-FnDDfrBZPhh\tasks-island_0.json,125,2,Arrange the containers.,Place container on surface.,container,"container, surface",place_on
00541-FnDDfrBZPhh\tasks-island_0.json,133,3,Load everything into the laundry basket.,Load items into the laundry basket.,laundry basket,items,load
00541-FnDDfrBZPhh\tasks-island_0.json,133,6,Place the dried items in the basket.,Place the dried items in the basket.,basket,items,place_in
00541-FnDDfrBZPhh\tasks-island_0.json,134,6,Arrange the ball chair for comfort.,Place ball chair on surface.,ball chair,surface,place_on
00541-FnDDfrBZPhh\tasks-island_0.json,135,4,Organize the magazines into the basket.,Place basket in receptacle.,basket,receptacle,place_in
00541-FnDDfrBZPhh\tasks-island_0.json,135,7,Rearrange the flowers in the flower vase.,Place flower vase in receptacle.,flower vase,receptacle,place_in
00541-FnDDfrBZPhh\tasks-island_0.json,137,6,Tidy the toiletries in the cabinet.,Place cabinet in receptacle.,cabinet,receptacle,place_in
00541-FnDDfrBZPhh\tasks-island_0.json,141,3,Fill the pitcher at the sink.,Use the sink to fill a container.,sink,container,fill
00541-FnDDfrBZPhh\tasks-island_0.json,142,3,Organize the storage container.,Straighten container.,container,container,straighten
00541-FnDDfrBZPhh\tasks-island_0.json,142,6,Store small items in the bathroom cabinet.,Place small items in the bathroom cabinet.,cabinet,items,place_in
00541-FnDDfrBZPhh\tasks-island_0.json,146,6,Store extra items in a storage box.,Place extra items in a storage box.,box,items,place_in
00541-FnDDfrBZPhh\tasks-island_0.json,147,6,Organize the tea bags in the cabinet.,Place cabinet in receptacle.,cabinet,receptacle,place_in
00541-FnDDfrBZPhh\tasks-island_0.json,150,7,Fill the water bowl at the sink.,Use the sink to fill a container.,sink,container,fill
00546-nS8T59Aw3sf\tasks-island_2.json,2,3,Prepare ingredients on the kitchen counter.,Place items on the kitchen counter.,kitchen counter,items,place_on
00546-nS8T59Aw3sf\tasks-island_2.json,11,4,Arrange the fruit bowl.,Place fruit bowl on surface.,fruit bowl,surface,place_on
00546-nS8T59Aw3sf\tasks-island_2.json,32,4,Pack the container.,Load the container.,container,container,load
00546-nS8T59Aw3sf\tasks-island_2.json,33,6,Arrange the flower.,Place flower on surface.,flower,surface,place_on
00546-nS8T59Aw3sf\tasks-island_2.json,40,5,Organize the books on the shelf.,Place shelf on surface.,shelf,surface,place_on
00546-nS8T59Aw3sf\tasks-island_2.json,41,2,Arrange the books on the bookshelf.,Place bookshelf on surface.,bookshelf,surface,place_on
00546-nS8T59Aw3sf\tasks-island_2.json,42,7,Arrange the fruit bowl.,Place fruit bowl on surface.,fruit bowl,surface,place_on
00546-nS8T59Aw3sf\tasks-island_2.json,46,3,Straighten books on the bookshelf.,Straighten items on the bookshelf.,bookshelf,items,straighten
00546-nS8T59Aw3sf\tasks-island_2.json,49,7,Arrange the bottles.,Place bottles on surface.,bottles,surface,place_on
00547-9h5JJxM6E5S\tasks-island_0.json,1,4,Hang up the robe in the wardrobe.,Hang items in the wardrobe.,wardrobe,items,hang
00547-9h5JJxM6E5S\tasks-island_0.json,3,4,Organize the items inside the cabinet.,Place cabinet in receptacle.,cabinet,receptacle,place_in
00547-9h5JJxM6E5S\tasks-island_0.json,7,1,Store away items in the box.,Store away items in the box.,box,items,store
00547-9h5JJxM6E5S\tasks-island_0.json,7,4,Organize the clothes in the wardrobe.,Place wardrobe in receptacle.,wardrobe,receptacle,place_in
00547-9h5JJxM6E5S\tasks-island_0.json,8,3,Fill the cup at the sink.,Use the sink to fill a container.,sink,container,fill
00547-9h5JJxM6E5S\tasks-island_0.json,11,2,Organize files in the chest of drawers.,Place chest of drawers in receptacle.,chest of drawers,receptacle,place_in
00547-9h5JJxM6E5S\tasks-island_0.json,12,2,Fold the towel on the towel bar.,Fold items on the towel bar.,towel bar,items,fold
00547-9h5JJxM6E5S\tasks-island_0.json,16,2,Reposition the plant.,Place plant on surface.,plant,surface,place_on
00547-9h5JJxM6E5S\tasks-island_0.json,24,1,Sort items in the wardrobe.,Place wardrobe in receptacle.,wardrobe,receptacle,place_in
00547-9h5JJxM6E5S\tasks-island_0.json,24,3,Fold laundry and put it in the chest of drawers.,Place chest of drawers in receptacle.,chest of drawers,receptacle,place_in
00547-9h5JJxM6E5S\tasks-island_0.json,26,4,Place the tray near the armchair.,Place items on the armchair.,armchair,items,place_on
00547-9h5JJxM6E5S\tasks-island_0.json,28,4,Put away clothes in the chest of drawers.,Store items in the chest of drawers.,chest of drawers,items,store
00547-9h5JJxM6E5S\tasks-island_0.json,36,3,Put away dry items in the wardrobe.,Store items in the wardrobe.,wardrobe,items,store
00547-9h5JJxM6E5S\tasks-island_0.json,59,1,Set the chairs.,Place items on the chair.,chair,items,place_on
00547-9h5JJxM6E5S\tasks-island_0.json,59,3,Arrange the pot.,Place pot on surface.,pot,surface,place_on
00547-9h5JJxM6E5S\tasks-island_0.json,60,2,Store items in the wardrobe.,Place items in the wardrobe.,wardrobe,items,place_in
00547-9h5JJxM6E5S\tasks-island_0.json,102,5,Store items in the wardrobe.,Place items in the wardrobe.,wardrobe,items,place_in
00547-9h5JJxM6E5S\tasks-island_0.json,113,6,Set the cup on the table.,Place cup on surface.,cup,surface,place_on
00547-9h5JJxM6E5S\tasks-island_0.json,114,4,Position the mouse for use.,Place mouse on surface.,mouse,surface,place_on
00547-9h5JJxM6E5S\tasks-island_0.json,119,3,Hang clothes in the wardrobe.,Hang items in the wardrobe.,wardrobe,items,hang
00547-9h5JJxM6E5S\tasks-island_0.json,121,5,Arrange items on the shelf.,Place shelf on surface.,shelf,surface,place_on
00547-9h5JJxM6E5S\tasks-island_0.json,126,6,Set the cup on the table.,Place cup on surface.,cup,surface,place_on
00547-9h5JJxM6E5S\tasks-island_0.json,136,6,Set the plate.,Place plate on surface.,plate,surface,place_on
00547-9h5JJxM6E5S\tasks-island_0.json,153,1,Arrange the bookshelf.,Place bookshelf on surface.,bookshelf,surface,place_on
00547-9h5JJxM6E5S\tasks-island_0.json,159,1,Organize the books on the bookshelf.,Place bookshelf on surface.,bookshelf,surface,place_on
00547-9h5JJxM6E5S\tasks-island_0.json,165,3,Arrange the wardrobe.,Place wardrobe on surface.,wardrobe,surface,place_on
00547-9h5JJxM6E5S\tasks-island_0.json,166,6,Dust the decoration in the dining area.,Dust the decoration in the dining area.,decoration,area,dust
00547-9h5JJxM6E5S\tasks-island_0.json,168,6,Set a plate on the table.,Place plate on surface.,plate,surface,place_on
00547-9h5JJxM6E5S\tasks-island_0.json,169,2,Arrange the hanging clothes.,Place hanging clothes on surface.,hanging clothes,surface,place_on
00547-9h5JJxM6E5S\tasks-island_0.json,170,4,Hang the towel bar in the utility area.,Hang the towel bar in the utility area.,towel bar,area,hang
00547-9h5JJxM6E5S\tasks-island_0.json,173,1,Arrange the bookshelf.,Place bookshelf on surface.,bookshelf,surface,place_on
00547-9h5JJxM6E5S\tasks-island_0.json,179,7,Wipe the kitchen cabinet in the utility area.,Wipe the kitchen cabinet in the utility area.,kitchen cabinet,area,wipe
00547-9h5JJxM6E5S\tasks-island_0.json,186,6,Set the cup.,Place cup on surface.,cup,surface,place_on
00547-9h5JJxM6E5S\tasks-island_0.json,200,4,Set the toaster.,Place toaster on surface.,toaster,surface,place_on
00557-fRZhp6vWGw7\tasks-island_1.json,13,1,Hang clothes on the rack.,Hang items on the rack.,rack,items,hang
00557-fRZhp6vWGw7\tasks-island_1.json,13,3,Place the handbag in its spot.,Place the handbag in its spot.,handbag,spot,place_in
00557-fRZhp6vWGw7\tasks-island_1.json,14,3,Reposition the plant.,Place plant on surface.,plant,surface,place_on
00557-fRZhp6vWGw7\tasks-island_1.json,23,2,Display the boat model.,Place boat model on surface.,boat model,surface,place_on
00557-fRZhp6vWGw7\tasks-island_1.json,38,3,Arrange the boat model.,Place boat model on surface.,boat model,surface,place_on
00557-fRZhp6vWGw7\tasks-island_1.json,43,2,Arrange the chess set.,Place chess on surface.,chess,surface,place_on
00557-fRZhp6vWGw7\tasks-island_1.json,55,4,Tidy the books on the shelving.,Place shelving on surface.,shelving,surface,place_on
00557-fRZhp6vWGw7\tasks-island_1.json,60,5,Restock the toilet paper.,Place items in the toilet paper.,toilet paper,items,place_in
00557-fRZhp6vWGw7\tasks-island_1.json,80,2,Organize files in the cabinet.,Place cabinet in receptacle.,cabinet,receptacle,place_in
00557-fRZhp6vWGw7\tasks-island_1.json,90,3,Fill the glass at the sink.,Use the sink to fill a container.,sink,container,fill
00557-fRZhp6vWGw7\tasks-island_1.json,103,2,Put away the leftovers in the fridge.,Store items in the fridge.,fridge,items,store
00557-fRZhp6vWGw7\tasks-island_1.json,131,3,Set the bowl on the coffee table.,Place bowl in receptacle.,bowl,receptacle,place_in
00557-fRZhp6vWGw7\tasks-island_1.json,141,1,Organize the items in the cabinet.,Place cabinet in receptacle.,cabinet,receptacle,place_in
00557-fRZhp6vWGw7\tasks-island_1.json,141,2,Refill paper in the copier.,Use the copier to fill items.,copier,items,fill
00557-fRZhp6vWGw7\tasks-island_1.json,142,4,Organize books on the bookshelf.,Place bookshelf on surface.,bookshelf,surface,place_on
00557-fRZhp6vWGw7\tasks-island_1.json,159,2,Arrange the basket.,Place basket on surface.,basket,surface,place_on
00557-fRZhp6vWGw7\tasks-island_1.json,160,6,Arrange the coffee table.,Place coffee table on surface.,coffee table,surface,place_on
00557-fRZhp6vWGw7\tasks-island_1.json,167,2,Arrange the book.,Place book on surface.,book,surface,place_on
00557-fRZhp6vWGw7\tasks-island_1.json,173,3,Place the cushion neatly on the furniture.,Place the cushion neatly on the furniture.,cushion,furniture,place_on
00557-fRZhp6vWGw7\tasks-island_1.json,175,6,Move the basket to the laundry area.,Carry the basket to the laundry area.,basket,area,carry
00557-fRZhp6vWGw7\tasks-island_1.json,181,4,Hang clothes on the rack.,Hang items on the rack.,rack,items,hang
00557-fRZhp6vWGw7\tasks-island_1.json,183,4,Hang items on the rack.,Hang items on the rack.,rack,items,hang
00557-fRZhp6vWGw7\tasks-island_1.json,198,6,Place items in the basket.,Place items in the basket.,basket,items,place_in
00557-fRZhp6vWGw7\tasks-island_1.json,200,4,Load paper into the copier.,Load items into the copier.,copier,items,load
00557-fRZhp6vWGw7\tasks-island_1.json,205,7,Secure the items in the chest.,Place items in the chest.,chest,items,place_in
00557-fRZhp6vWGw7\tasks-island_1.json,206,5,Organize the objects on the rack.,Place rack on surface.,rack,surface,place_on
00557-fRZhp6vWGw7\tasks-island_1.json,213,1,Close the curtain in the sitting area.,Close the curtain in the sitting area.,curtain,area,close
00557-fRZhp6vWGw7\tasks-island_1.json,215,3,Organize the files in the cabinet.,Place cabinet in receptacle.,cabinet,receptacle,place_in
00557-fRZhp6vWGw7\tasks-island_1.json,228,4,Organize the items on the rack.,Place rack on surface.,rack,surface,place_on
00560-gjhYih4upQ9\tasks-island_0.json,0,1,Load the dirty plates into the dishwasher.,Load items into the dishwasher.,dishwasher,items,load
00560-gjhYih4upQ9\tasks-island_0.json,1,3,Straighten the pillow on the armchair.,Straighten items on the armchair.,armchair,items,straighten
00560-gjhYih4upQ9\tasks-island_0.json,3,3,Load everything into the washing machine.,Load items into the washing machine.,washing machine,items,load
00560-gjhYih4upQ9\tasks-island_0.json,4,4,Organize the items on the shelf.,Place shelf on surface.,shelf,surface,place_on
00560-gjhYih4upQ9\tasks-island_0.json,11,1,Hang the shirts in the wardrobe.,Hang items in the wardrobe.,wardrobe,items,hang
00560-gjhYih4upQ9\tasks-island_0.json,16,3,Hang the wet cloth on the towel bar.,Hang items on the towel bar.,towel bar,items,hang
00560-gjhYih4upQ9\tasks-island_0.json,16,4,Put away the dry clothes in the wardrobe.,Store items in the wardrobe.,wardrobe,items,store
00560-gjhYih4upQ9\tasks-island_0.json,23,4,Hang the hanger in the laundry area.,Hang the hanger in the laundry area.,hanger,area,hang
00560-gjhYih4upQ9\tasks-island_0.json,26,4,Position the computer keyboard.,Place computer keyboard on surface.,computer_keyboard,surface,place_on
00560-gjhYih4upQ9\tasks-island_0.json,41,2,Set the jar on the nightstand.,Place jar on surface.,jar,surface,place_on
00560-gjhYih4upQ9\tasks-island_0.json,44,5,Place the items on the table.,Place the items on the table.,table,items,place_on
00560-gjhYih4upQ9\tasks-island_0.json,48,1,Fill a cup with water at the sink.,Use the sink to fill a container.,sink,container,fill
00560-gjhYih4upQ9\tasks-island_0.json,56,3,Hang clothes in the wardrobe.,Hang items in the wardrobe.,wardrobe,items,hang
00560-gjhYih4upQ9\tasks-island_0.json,58,1,Stock the refrigerator with drinks.,Place items in the refrigerator.,refrigerator,items,place_in
00560-gjhYih4upQ9\tasks-island_0.json,58,3,Place fresh flowers in the vase.,Place items in the flower vase.,flower vase,items,place_in
00560-gjhYih4upQ9\tasks-island_0.json,59,1,Sort clothes in the wardrobe.,Place wardrobe in receptacle.,wardrobe,receptacle,place_in
00560-gjhYih4upQ9\tasks-island_0.json,68,1,Fill a pitcher at the sink.,Use the sink to fill a container.,sink,container,fill
00560-gjhYih4upQ9\tasks-island_0.json,70,5,Put away extra items in the cabinet.,Store items in the cabinet.,cabinet,items,store
00560-gjhYih4upQ9\tasks-island_0.json,73,5,Serve the food in a bowl.,Place items in the bowl.,bowl,items,place_in
00560-gjhYih4upQ9\tasks-island_0.json,74,1,Put away supplies in the cabinet.,Store items in the cabinet.,cabinet,items,store
00560-gjhYih4upQ9\tasks-island_0.json,79,6,Charge the electronic device.,Plug in the device.,device,device,plug_in
00560-gjhYih4upQ9\tasks-island_0.json,85,3,Arrange the flower vase.,Place flower vase on surface.,flower vase,surface,place_on
00560-gjhYih4upQ9\tasks-island_0.json,91,5,Arrange the jar.,Place jar on surface.,jar,surface,place_on
00560-gjhYih4upQ9\tasks-island_0.json,92,6,Reboot the electronic device.,Inspect the device.,device,device,inspect
00560-gjhYih4upQ9\tasks-island_0.json,95,5,Place items on the shelf.,Place items on the shelf.,shelf,items,place_on
00560-gjhYih4upQ9\tasks-island_0.json,98,3,Place the laptop on the desk.,Place items on the laptop_computer.,laptop_computer,items,place_on
00560-gjhYih4upQ9\tasks-island_0.json,99,2,Organize items in the cabinet.,Place cabinet in receptacle.,cabinet,receptacle,place_in
00560-gjhYih4upQ9\tasks-island_0.json,100,2,Store items in the refrigerator.,Place items in the refrigerator.,refrigerator,items,place_in
00560-gjhYih4upQ9\tasks-island_0.json,100,6,Place flowers in the vase.,Place items in the flower vase.,flower vase,items,place_in
00560-gjhYih4upQ9\tasks-island_0.json,102,3,Bring the blanket to the living area.,Carry the blanket to the living area.,blanket,area,carry
00560-gjhYih4upQ9\tasks-island_0.json,103,3,Prepare food on the table.,Place items on the table.,table,items,place_on
00560-gjhYih4upQ9\tasks-island_0.json,107,2,Arrange the shampoo bottle.,Place shampoo on surface.,shampoo,surface,place_on
00560-gjhYih4upQ9\tasks-island_0.json,108,5,Tidy the items on the shelf.,Place shelf on surface.,shelf,surface,place_on
00560-gjhYih4upQ9\tasks-island_0.json,110,4,Set the items on the table.,Place the items on the table.,table,items,place_on
00560-gjhYih4upQ9\tasks-island_0.json,113,2,Place the laptop on the table.,Place items on the laptop_computer.,laptop_computer,items,place_on
00560-gjhYih4upQ9\tasks-island_0.json,113,6,Arrange the computer keyboard.,Place computer keyboard on surface.,computer_keyboard,surface,place_on
00560-gjhYih4upQ9\tasks-island_0.json,118,3,Position the lamp.,Place lamp on surface.,lamp,surface,place_on
00560-gjhYih4upQ9\tasks-island_0.json,124,4,Set the hairbrush.,Place hairbrush on surface.,hairbrush,surface,place_on
00560-gjhYih4upQ9\tasks-island_0.json,127,4,Hang clothes in the wardrobe.,Hang items in the wardrobe.,wardrobe,items,hang
00560-gjhYih4upQ9\tasks-island_0.json,128,4,Sort clothes in the bag.,Place bag in receptacle.,bag,receptacle,place_in
00560-gjhYih4upQ9\tasks-island_0.json,135,2,Arrange the bag.,Place bag on surface.,bag,surface,place_on
00560-gjhYih4upQ9\tasks-island_0.json,136,5,Set aside the device.,Place device on surface.,device,"device, surface",place_on
00560-gjhYih4upQ9\tasks-island_0.json,141,6,Arrange the flower vase.,Place flower vase on surface.,flower vase,surface,place_on
00560-gjhYih4upQ9\tasks-island_0.json,148,3,Set the coffee maker.,Place coffee maker on surface.,coffee_maker,surface,place_on
00560-gjhYih4upQ9\tasks-island_0.json,151,4,Prepare the batter in a bowl.,Place items in the bowl.,bowl,items,place_in
00560-gjhYih4upQ9\tasks-island_0.json,152,4,Put the bag away in the wardrobe.,Store items in the wardrobe.,wardrobe,items,store
00560-gjhYih4upQ9\tasks-island_0.json,156,2,Organize toiletries in the sink cabinet.,Place sink cabinet in receptacle.,sink cabinet,receptacle,place_in
00560-gjhYih4upQ9\tasks-island_0.json,156,3,Hang a fresh towel on the towel bar.,Hang items on the towel bar.,towel bar,items,hang
00560-gjhYih4upQ9\tasks-island_0.json,159,1,Turn up the heat on the furnace.,Place furnace in receptacle.,furnace,receptacle,place_in
00560-gjhYih4upQ9\tasks-island_0.json,160,2,Put away plates in the cabinet.,Store items in the cabinet.,cabinet,items,store
00560-gjhYih4upQ9\tasks-island_0.json,164,1,Sort clothes in the wardrobe.,Place wardrobe in receptacle.,wardrobe,receptacle,place_in
00560-gjhYih4upQ9\tasks-island_0.json,166,1,Load dirty plates into the dishwasher.,Load items into the dishwasher.,dishwasher,items,load
00560-gjhYih4upQ9\tasks-island_0.json,166,2,Scrub the pans in the sink.,Scrub items in the sink.,sink,items,scrub
00560-gjhYih4upQ9\tasks-island_0.json,166,6,Organize jars on the shelf.,Place shelf on surface.,shelf,surface,place_on
00560-gjhYih4upQ9\tasks-island_0.json,172,1,Fill a water bottle at the sink.,Use the sink to fill a container.,sink,container,fill
00560-gjhYih4upQ9\tasks-island_0.json,173,5,Clean the device.,Wipe device.,device,device,wipe
00560-gjhYih4upQ9\tasks-island_0.json,173,6,Organize cleaning supplies on the shelf.,Place shelf in receptacle.,shelf,receptacle,place_in
00560-gjhYih4upQ9\tasks-island_0.json,174,1,Rearrange pans in the cabinet.,Place cabinet in receptacle.,cabinet,receptacle,place_in
00560-gjhYih4upQ9\tasks-island_0.json,174,2,Organize shelves in the refrigerator.,Place refrigerator in receptacle.,refrigerator,receptacle,place_in
00569-YJDUB7hWg9h\tasks-island_0.json,1,4,Organize the documents in the cabinet.,Place cabinet in receptacle.,cabinet,receptacle,place_in
00569-YJDUB7hWg9h\tasks-island_0.json,4,1,Load the dirty dishes into the dishwasher.,Load items into the dishwasher.,dishwasher,items,load
00569-YJDUB7hWg9h\tasks-island_0.json,5,4,File the printed pages in the cabinet.,Place items in the cabinet.,cabinet,items,place_in
00569-YJDUB7hWg9h\tasks-island_0.json,9,1,Position the keyboard correctly.,Place keyboard on surface.,keyboard,surface,place_on
00569-YJDUB7hWg9h\tasks-island_0.json,9,3,Tidy the items inside the cabinet.,Place cabinet in receptacle.,cabinet,receptacle,place_in
00569-YJDUB7hWg9h\tasks-island_0.json,14,2,Organize the items on the dresser.,Place dresser on surface.,dresser,surface,place_on
00569-YJDUB7hWg9h\tasks-island_0.json,32,2,Clean the appliance.,Wipe appliance.,appliance,appliance,wipe
00569-YJDUB7hWg9h\tasks-island_0.json,50,1,Turn off the appliance.,Turn off the appliance.,appliance,appliance,turn_off
00569-YJDUB7hWg9h\tasks-island_0.json,75,4,Set the plate.,Place plate on surface.,plate,surface,place_on
00569-YJDUB7hWg9h\tasks-island_0.json,85,1,Clean the appliance.,Wipe appliance.,appliance,appliance,wipe
00569-YJDUB7hWg9h\tasks-island_0.json,92,5,Set the plate.,Place plate on surface.,plate,surface,place_on
00569-YJDUB7hWg9h\tasks-island_0.json,101,5,Set the plate.,Place plate on surface.,plate,surface,place_on
00569-YJDUB7hWg9h\tasks-island_0.json,104,7,Clean the appliance.,Wipe appliance.,appliance,appliance,wipe
00582-TYDavTf8oyy\tasks-island_0.json,8,3,Arrange the sofa seat.,Place sofa seat on surface.,sofa seat,surface,place_on
00582-TYDavTf8oyy\tasks-island_0.json,20,2,Arrange the coat hanger.,Place coat hanger on surface.,coat hanger,surface,place_on
00582-TYDavTf8oyy\tasks-island_0.json,30,3,Arrange the exercise equipment.,Place exercise equipment on surface.,exercise equipment,surface,place_on
00582-TYDavTf8oyy\tasks-island_0.json,33,1,Arrange the hanging clothes.,Place hanging clothes on surface.,hanging clothes,surface,place_on
00582-TYDavTf8oyy\tasks-island_0.json,40,5,Arrange plates in the dish cabinet.,Place dish cabinet in receptacle.,dish cabinet,receptacle,place_in
00582-TYDavTf8oyy\tasks-island_0.json,42,3,Organize items on the dresser.,Place dresser on surface.,dresser,surface,place_on
00582-TYDavTf8oyy\tasks-island_0.json,44,1,Change the sheets on the bed.,Place items on the bed.,bed,items,place_on
00582-TYDavTf8oyy\tasks-island_0.json,44,3,Sort clothes in the wardrobe.,Place wardrobe in receptacle.,wardrobe,receptacle,place_in
00582-TYDavTf8oyy\tasks-island_0.json,52,4,Arrange items in the chest.,Place chest in receptacle.,chest,receptacle,place_in
00582-TYDavTf8oyy\tasks-island_0.json,54,3,Sort the clothes in the wardrobe.,Place wardrobe in receptacle.,wardrobe,receptacle,place_in
00582-TYDavTf8oyy\tasks-island_0.json,55,5,Turn on the lamp in the living area.,Turn on the lamp in the living area.,lamp,area,turn_on
00582-TYDavTf8oyy\tasks-island_0.json,56,4,Arrange the chest in the bedroom.,Place chest in receptacle.,chest,receptacle,place_in
00582-TYDavTf8oyy\tasks-island_0.json,59,1,Draw the curtain in the dining area.,Close the curtain in the dining area.,curtain,area,close
00582-TYDavTf8oyy\tasks-island_0.json,59,3,Arrange the flower vase in the living area.,Place flower vase in receptacle.,flower vase,receptacle,place_in
00582-TYDavTf8oyy\tasks-island_0.json,62,5,Tidy the sofa chair in the living area.,Straighten the sofa chair in the living area.,sofa chair,area,straighten
00582-TYDavTf8oyy\tasks-island_0.json,64,2,Move the ladder in the storage area.,Reposition the ladder in the storage area.,ladder,area,reposition
00582-TYDavTf8oyy\tasks-island_0.json,65,3,Arrange the decorative plant in the dining area.,Place decorative plant in receptacle.,decorative plant,receptacle,place_in
00582-TYDavTf8oyy\tasks-island_0.json,65,4,Align the picture in the living area.,Align the picture in the living area.,picture,area,align
00582-TYDavTf8oyy\tasks-island_0.json,66,3,Dust the dish cabinet in the dining area.,Dust the dish cabinet in the dining area.,dish cabinet,area,dust
00582-TYDavTf8oyy\tasks-island_0.json,68,3,Arrange the sofa seat in the living area.,Place sofa seat in receptacle.,sofa seat,receptacle,place_in
00582-TYDavTf8oyy\tasks-island_0.json,68,5,Polish the candle holder in the dining area.,Polish the candle holder in the dining area.,candle holder,area,polish
00582-TYDavTf8oyy\tasks-island_0.json,69,4,Arrange the chest in the bedroom.,Place chest in receptacle.,chest,receptacle,place_in
00582-TYDavTf8oyy\tasks-island_0.json,69,5,Move the box in the gym area.,Carry the box in the gym area.,box,area,carry
00582-TYDavTf8oyy\tasks-island_0.json,70,2,Dust the flower stand in the dining area.,Dust the flower stand in the dining area.,flower stand,area,dust
00582-TYDavTf8oyy\tasks-island_0.json,83,3,Set the toaster.,Place toaster on surface.,toaster,surface,place_on
00582-TYDavTf8oyy\tasks-island_0.json,88,4,Arrange the sofa seat.,Place sofa seat on surface.,sofa seat,surface,place_on
00582-TYDavTf8oyy\tasks-island_0.json,91,2,Set the toaster.,Place toaster on surface.,toaster,surface,place_on
00582-TYDavTf8oyy\tasks-island_0.json,94,2,Arrange the sofa seat.,Place sofa seat on surface.,sofa seat,surface,place_on
00582-TYDavTf8oyy\tasks-island_0.json,96,4,Set the toaster.,Place toaster on surface.,toaster,surface,place_on
00582-TYDavTf8oyy\tasks-island_0.json,101,3,Arrange the exercise equipment.,Place exercise equipment on surface.,exercise equipment,surface,place_on
00582-TYDavTf8oyy\tasks-island_0.json,106,6,Arrange the box.,Place box on surface.,box,surface,place_on
00582-TYDavTf8oyy\tasks-island_0.json,112,3,Arrange the flower vase.,Place flower vase on surface.,flower vase,surface,place_on
00582-TYDavTf8oyy\tasks-island_0.json,116,4,Sort items on the dresser.,Place dresser on surface.,dresser,surface,place_on
00582-TYDavTf8oyy\tasks-island_0.json,118,3,Arrange the exercise equipment.,Place exercise equipment on surface.,exercise equipment,surface,place_on
00582-TYDavTf8oyy\tasks-island_0.json,128,1,Load the dirty dishes into the dishwasher.,Load items into the dishwasher.,dishwasher,items,load
00582-TYDavTf8oyy\tasks-island_0.json,129,2,Fluff the sofa chair in the living area.,Fluff the sofa chair in the living area.,sofa chair,area,fluff
00582-TYDavTf8oyy\tasks-island_0.json,134,4,Organize files in the cabinet.,Place cabinet in receptacle.,cabinet,receptacle,place_in
00582-TYDavTf8oyy\tasks-island_0.json,135,4,Pull back the curtain in the dining area.,Pull the curtain in the dining area.,curtain,area,pull
00582-TYDavTf8oyy\tasks-island_0.json,137,5,Arrange the flower stand.,Place flower stand on surface.,flower stand,surface,place_on
00582-TYDavTf8oyy\tasks-island_0.json,138,2,Hang clothes in the wardrobe.,Hang items in the wardrobe.,wardrobe,items,hang
00582-TYDavTf8oyy\tasks-island_0.json,138,3,Organize items in the cabinet.,Place cabinet in receptacle.,cabinet,receptacle,place_in
00582-TYDavTf8oyy\tasks-island_0.json,145,4,Organize gloves in the chest.,Place chest in receptacle.,chest,receptacle,place_in
00582-TYDavTf8oyy\tasks-island_0.json,145,5,Hang coats in the wardrobe.,Hang items in the wardrobe.,wardrobe,items,hang
00582-TYDavTf8oyy\tasks-island_0.json,147,1,Change the sheets on the bed.,Place items on the bed.,bed,items,place_on
00582-TYDavTf8oyy\tasks-island_0.json,150,2,Reposition the exercise machine.,Place exercise machine on surface.,exercise machine,surface,place_on
00582-TYDavTf8oyy\tasks-island_0.json,152,6,Put away supplies in the kitchen cabinet.,Store items in the kitchen cabinet.,kitchen cabinet,items,store
00582-TYDavTf8oyy\tasks-island_0.json,155,2,Hang dresses in the wardrobe.,Hang items in the wardrobe.,wardrobe,items,hang
00582-TYDavTf8oyy\tasks-island_0.json,155,5,Put away coats in the wardrobe.,Store items in the wardrobe.,wardrobe,items,store
00582-TYDavTf8oyy\tasks-island_0.json,155,6,Sort linens into the chest.,Place chest in receptacle.,chest,receptacle,place_in
00582-TYDavTf8oyy\tasks-island_0.json,156,1,Fill the kettle at the sink.,Use the sink to fill a container.,sink,container,fill
00582-TYDavTf8oyy\tasks-island_0.json,160,5,Hang clothes in the wardrobe.,Hang items in the wardrobe.,wardrobe,items,hang
00582-TYDavTf8oyy\tasks-island_0.json,162,6,Arrange the cardboard box.,Place cardboard box on surface.,cardboard box,surface,place_on
00590-qgZhhx1MpTi\tasks-island_0.json,36,2,Gather dirty clothes from the dressing area.,Pick up the clothes from the dressing area.,clothes,area,pick_up
00590-qgZhhx1MpTi\tasks-island_0.json,45,3,Fill the dresser with clean items.,Fill the dresser with the clean items.,dresser,items,fill
00590-qgZhhx1MpTi\tasks-island_0.json,45,4,Hang shirts in the bedroom wardrobe.,Hang items in the wardrobe.,wardrobe,items,hang
00590-qgZhhx1MpTi\tasks-island_0.json,48,4,Tidy the items on the dresser.,Place dresser on surface.,dresser,surface,place_on
00590-qgZhhx1MpTi\tasks-island_0.json,48,5,Organize the shirts in the wardrobe.,Place wardrobe in receptacle.,wardrobe,receptacle,place_in
00590-qgZhhx1MpTi\tasks-island_0.json,49,3,Fluff the cushions on the couch.,Fluff items on the couch.,couch,items,fluff
00590-qgZhhx1MpTi\tasks-island_0.json,55,3,Position the lamp.,Place lamp on surface.,lamp,surface,place_on
00590-qgZhhx1MpTi\tasks-island_0.json,61,4,Arrange the stand.,Place stand on surface.,stand,surface,place_on
00590-qgZhhx1MpTi\tasks-island_0.json,64,3,Arrange the stand.,Place stand on surface.,stand,surface,place_on
00590-qgZhhx1MpTi\tasks-island_0.json,65,6,Set the wine bottle.,Place wine bottle on surface.,wine_bottle,surface,place_on
00590-qgZhhx1MpTi\tasks-island_0.json,70,3,Arrange the rack.,Place rack on surface.,rack,surface,place_on
00590-qgZhhx1MpTi\tasks-island_0.json,72,3,Position the lamp.,Place lamp in receptacle.,lamp,receptacle,place_in
00590-qgZhhx1MpTi\tasks-island_0.json,93,5,Hang clothes in the wardrobe.,Hang items in the wardrobe.,wardrobe,items,hang
00590-qgZhhx1MpTi\tasks-island_0.json,95,4,Arrange items in the storage bin.,Place storage bin in receptacle.,storage bin,receptacle,place_in
00590-qgZhhx1MpTi\tasks-island_0.json,95,5,Sort the clothes on the rack.,Place rack on surface.,rack,surface,place_on
00590-qgZhhx1MpTi\tasks-island_0.json,100,3,Organize the books on the cabinet.,Place cabinet on surface.,cabinet,surface,place_on
00590-qgZhhx1MpTi\tasks-island_0.json,103,1,Sort the clothes in the basket.,Place basket in receptacle.,basket,receptacle,place_in
00590-qgZhhx1MpTi\tasks-island_0.json,103,3,Hang items in the wardrobe.,Hang items in the wardrobe.,wardrobe,items,hang
00590-qgZhhx1MpTi\tasks-island_0.json,110,1,Arrange the clothes on the rack.,Place rack on surface.,rack,surface,place_on
00590-qgZhhx1MpTi\tasks-island_0.json,122,6,Arrange the boxes.,Place box on surface.,box,surface,place_on
00590-qgZhhx1MpTi\tasks-island_0.json,125,6,Arrange the book.,Place book on surface.,book,surface,place_on
00590-qgZhhx1MpTi\tasks-island_0.json,127,6,Arrange the basket.,Place basket on surface.,basket,surface,place_on
00590-qgZhhx1MpTi\tasks-island_0.json,134,2,Arrange the bath cabinet.,Place bath cabinet on surface.,bath cabinet,surface,place_on
00591-JptJPosx1Z6\tasks-island_0.json,2,2,Tidy the books on the bookshelf.,Place bookshelf on surface.,bookshelf,surface,place_on
00591-JptJPosx1Z6\tasks-island_0.json,10,2,Wipe the kitchen appliance.,Wipe the kitchen appliance.,kitchen appliance,appliance,wipe
00591-JptJPosx1Z6\tasks-island_0.json,14,1,Position the sculpture.,Place sculpture on surface.,sculpture,surface,place_on
00591-JptJPosx1Z6\tasks-island_0.json,14,2,Arrange the figure.,Place figure on surface.,figure,surface,place_on
00591-JptJPosx1Z6\tasks-island_0.json,18,2,Position the figure.,Place figure on surface.,figure,surface,place_on
00591-JptJPosx1Z6\tasks-island_0.json,20,3,Clear the kitchen appliance.,Wipe kitchen appliance.,kitchen appliance,appliance,wipe
00591-JptJPosx1Z6\tasks-island_0.json,24,2,Position the sculpture.,Place sculpture on surface.,sculpture,surface,place_on
00591-JptJPosx1Z6\tasks-island_0.json,33,3,Fill the reservoir at the faucet.,Use the faucet to fill a container.,faucet,container,fill
00591-JptJPosx1Z6\tasks-island_0.json,35,4,Place the loose items into the basket.,Place the loose items in the basket.,basket,items,place_in
00591-JptJPosx1Z6\tasks-island_0.json,36,3,Fill a container at the faucet.,Use the faucet to fill a container.,faucet,container,fill
00591-JptJPosx1Z6\tasks-island_0.json,48,2,Arrange the book.,Place book on surface.,book,surface,place_on
00591-JptJPosx1Z6\tasks-island_0.json,50,2,Position the sculpture.,Place sculpture on surface.,sculpture,surface,place_on
00591-JptJPosx1Z6\tasks-island_0.json,61,4,Set the cup on the table.,Place cup on surface.,cup,surface,place_on
00591-JptJPosx1Z6\tasks-island_0.json,64,1,Wipe the kitchen appliance.,Wipe the kitchen appliance.,kitchen appliance,appliance,wipe
00591-JptJPosx1Z6\tasks-island_0.json,67,2,Arrange the sculpture.,Place sculpture on surface.,sculpture,surface,place_on
00591-JptJPosx1Z6\tasks-island_0.json,72,1,Sort the clothes in the wardrobe.,Place wardrobe in receptacle.,wardrobe,receptacle,place_in
00591-JptJPosx1Z6\tasks-island_0.json,72,2,Place items in the storage bin.,Place items in the storage bin.,storage bin,items,place_in
00591-JptJPosx1Z6\tasks-island_0.json,93,4,Clean the kitchen appliance.,Wipe kitchen appliance.,kitchen appliance,appliance,wipe
00591-JptJPosx1Z6\tasks-island_0.json,102,4,Check the kitchen appliance.,Inspect the kitchen appliance.,kitchen appliance,appliance,inspect
00591-JptJPosx1Z6\tasks-island_0.json,103,5,Set the coffee maker.,Place coffee maker on surface.,coffee_maker,surface,place_on
00591-JptJPosx1Z6\tasks-island_0.json,126,2,Clean the kitchen appliance.,Wipe kitchen appliance.,kitchen appliance,appliance,wipe
00591-JptJPosx1Z6\tasks-island_0.json,144,5,Check the kitchen appliance.,Inspect the kitchen appliance.,kitchen appliance,appliance,inspect
00591-JptJPosx1Z6\tasks-island_0.json,148,6,Dust the furniture.,Dust the furniture.,furniture,furniture,dust
00591-JptJPosx1Z6\tasks-island_0.json,150,6,Move the furniture.,Carry the furniture.,furniture,furniture,carry
00591-JptJPosx1Z6\tasks-island_0.json,151,1,Use the kitchen appliance.,Inspect the kitchen appliance.,kitchen appliance,appliance,inspect
00591-JptJPosx1Z6\tasks-island_0.json,157,4,Neatly place the basket.,Place items in the basket.,basket,items,place_in
00591-JptJPosx1Z6\tasks-island_0.json,169,1,Clean the kitchen appliance.,Wipe kitchen appliance.,kitchen appliance,appliance,wipe
00591-JptJPosx1Z6\tasks-island_0.json,183,1,Wipe the kitchen appliance.,Wipe the kitchen appliance.,kitchen appliance,appliance,wipe
00591-JptJPosx1Z6\tasks-island_0.json,194,3,Place items on the table.,Place items on the table.,table,items,place_on
00591-JptJPosx1Z6\tasks-island_0.json,199,2,Arrange the doll.,Place doll on surface.,doll,surface,place_on
00591-JptJPosx1Z6\tasks-island_0.json,201,6,Put away in the basket.,Store items in the basket.,basket,items,store
00591-JptJPosx1Z6\tasks-island_0.json,203,3,Arrange the sculpture.,Place sculpture on surface.,sculpture,surface,place_on
00591-JptJPosx1Z6\tasks-island_0.json,208,2,Store items in the bag.,Place items in the bag.,bag,items,place_in
00591-JptJPosx1Z6\tasks-island_0.json,212,4,Clean the kitchen appliance.,Wipe kitchen appliance.,kitchen appliance,appliance,wipe
00591-JptJPosx1Z6\tasks-island_0.json,224,4,Clean the kitchen appliance.,Wipe kitchen appliance.,kitchen appliance,appliance,wipe
00591-JptJPosx1Z6\tasks-island_0.json,236,5,Clean the kitchen appliance.,Wipe kitchen appliance.,kitchen appliance,appliance,wipe
00591-JptJPosx1Z6\tasks-island_0.json,239,4,Arrange the book on the shelf.,Place book on surface.,book,surface,place_on
00591-JptJPosx1Z6\tasks-island_0.json,243,5,Clean the kitchen appliance.,Wipe kitchen appliance.,kitchen appliance,appliance,wipe
00591-JptJPosx1Z6\tasks-island_0.json,249,6,Arrange the hanger.,Place hanger on surface.,hanger,surface,place_on
00591-JptJPosx1Z6\tasks-island_0.json,251,4,Prepare the kitchen appliance.,Wipe kitchen appliance.,kitchen appliance,appliance,wipe
00591-JptJPosx1Z6\tasks-island_0.json,252,7,Arrange the vase.,Place vase on surface.,vase,surface,place_on
00591-JptJPosx1Z6\tasks-island_0.json,270,6,Arrange the doll.,Place doll on surface.,doll,surface,place_on
00591-JptJPosx1Z6\tasks-island_0.json,272,7,Clean the kitchen appliance.,Wipe kitchen appliance.,kitchen appliance,appliance,wipe
00591-JptJPosx1Z6\tasks-island_0.json,285,7,Repair the kitchen appliance.,Turn on the kitchen appliance.,kitchen appliance,appliance,turn_on
00591-JptJPosx1Z6\tasks-island_0.json,292,3,Arrange the shoe.,Place shoe on surface.,shoe,surface,place_on
00591-JptJPosx1Z6\tasks-island_0.json,306,3,Arrange the seat.,Place seat in receptacle.,seat,receptacle,place_in
00591-JptJPosx1Z6\tasks-island_0.json,308,6,Repair the kitchen appliance.,Turn on the kitchen appliance.,kitchen appliance,appliance,turn_on
00591-JptJPosx1Z6\tasks-island_0.json,319,4,Clean the kitchen appliance.,Wipe kitchen appliance.,kitchen appliance,appliance,wipe
00591-JptJPosx1Z6\tasks-island_0.json,325,3,Set the cup.,Place cup on surface.,cup,surface,place_on
00591-JptJPosx1Z6\tasks-island_0.json,327,2,Arrange the sculpture.,Place sculpture on surface.,sculpture,surface,place_on
00591-JptJPosx1Z6\tasks-island_0.json,327,4,Position the vase.,Place vase on surface.,vase,surface,place_on
00591-JptJPosx1Z6\tasks-island_0.json,337,1,Tidy the items in the cabinet.,Place cabinet in receptacle.,cabinet,receptacle,place_in
00591-JptJPosx1Z6\tasks-island_0.json,344,2,Store items in the wardrobe.,Place items in the wardrobe.,wardrobe,items,place_in
00591-JptJPosx1Z6\tasks-island_0.json,351,3,Place loose items in the storage box.,Place loose items in the storage box.,storage box,items,place_in
00591-JptJPosx1Z6\tasks-island_0.json,355,1,Clean the kitchen appliance.,Wipe kitchen appliance.,kitchen appliance,appliance,wipe
00591-JptJPosx1Z6\tasks-island_0.json,368,2,Sort clothes into the basket.,Place basket in receptacle.,basket,receptacle,place_in
00591-JptJPosx1Z6\tasks-island_0.json,371,2,Arrange the vase.,Place vase on surface.,vase,surface,place_on
00591-JptJPosx1Z6\tasks-island_0.json,371,4,Position the figure.,Place figure on surface.,figure,surface,place_on
00591-JptJPosx1Z6\tasks-island_0.json,380,5,Check the kitchen appliance.,Inspect the kitchen appliance.,kitchen appliance,appliance,inspect
00591-JptJPosx1Z6\tasks-island_0.json,388,3,Arrange the vase.,Place vase on surface.,vase,surface,place_on
00591-JptJPosx1Z6\tasks-island_0.json,388,4,Position the figure.,Place figure on surface.,figure,surface,place_on
00592-CthA7sQNTPK\tasks-island_0.json,2,1,Clean the kitchen appliance.,Wipe kitchen appliance.,kitchen appliance,appliance,wipe
00592-CthA7sQNTPK\tasks-island_0.json,5,3,Clean the kitchen appliance.,Wipe kitchen appliance.,kitchen appliance,appliance,wipe
00592-CthA7sQNTPK\tasks-island_0.json,5,5,Reposition the flowerpot.,Place flowerpot on surface.,flowerpot,surface,place_on
00592-CthA7sQNTPK\tasks-island_0.json,9,4,Tidy the kitchen appliance.,Straighten kitchen appliance.,kitchen appliance,appliance,straighten
00592-CthA7sQNTPK\tasks-island_0.json,10,4,Wipe the kitchen appliance.,Wipe the kitchen appliance.,kitchen appliance,appliance,wipe
00592-CthA7sQNTPK\tasks-island_0.json,12,3,Stock the refrigerator.,Place items in the refrigerator.,refrigerator,items,place_in
00592-CthA7sQNTPK\tasks-island_0.json,14,3,Position the speaker.,Place speaker in receptacle.,speaker,receptacle,place_in
00592-CthA7sQNTPK\tasks-island_0.json,15,4,Use the kitchen appliance.,Inspect the kitchen appliance.,kitchen appliance,appliance,inspect
00592-CthA7sQNTPK\tasks-island_0.json,15,7,Reposition the flowerpot.,Place flowerpot on surface.,flowerpot,surface,place_on
00592-CthA7sQNTPK\tasks-island_0.json,18,3,Clean the kitchen appliance.,Wipe kitchen appliance.,kitchen appliance,appliance,wipe
00592-CthA7sQNTPK\tasks-island_0.json,19,5,Use the kitchen appliance.,Inspect the kitchen appliance.,kitchen appliance,appliance,inspect
00592-CthA7sQNTPK\tasks-island_0.json,20,5,Reposition the flowerpot.,Place flowerpot on surface.,flowerpot,surface,place_on
00592-CthA7sQNTPK\tasks-island_1.json,4,4,Place dirty items in the laundry basket.,Place dirty items in the laundry basket.,laundry basket,items,place_in
00592-CthA7sQNTPK\tasks-island_1.json,53,3,Arrange the seat.,Place seat on surface.,seat,surface,place_on
00592-CthA7sQNTPK\tasks-island_1.json,55,4,Arrange the coffee maker.,Place coffee maker on surface.,coffee_maker,surface,place_on
00592-CthA7sQNTPK\tasks-island_1.json,57,3,Arrange the seat.,Place seat on surface.,seat,surface,place_on
00592-CthA7sQNTPK\tasks-island_1.json,58,3,Arrange the coffee maker.,Place coffee maker on surface.,coffee_maker,surface,place_on
00592-CthA7sQNTPK\tasks-island_1.json,64,3,Arrange the seat.,Place seat on surface.,seat,surface,place_on
00592-CthA7sQNTPK\tasks-island_1.json,69,7,Organize the items on the dresser.,Place dresser on surface.,dresser,surface,place_on
00592-CthA7sQNTPK\tasks-island_1.json,77,1,Move the plant to a new spot.,Carry the plant to the new spot.,plant,spot,carry
00592-CthA7sQNTPK\tasks-island_1.json,88,4,Arrange the backpack.,Place backpack on surface.,backpack,surface,place_on
00592-CthA7sQNTPK\tasks-island_1.json,95,6,Arrange the backpack.,Place backpack on surface.,backpack,surface,place_on
00598-mt9H8KcxRKD\tasks-island_0.json,17,3,Position the lamp.,Place lamp on surface.,lamp,surface,place_on
00598-mt9H8KcxRKD\tasks-island_0.json,18,3,Set the plate.,Place plate on surface.,plate,surface,place_on
00598-mt9H8KcxRKD\tasks-island_0.json,47,3,Set the bowl.,Place bowl on surface.,bowl,surface,place_on
00598-mt9H8KcxRKD\tasks-island_0.json,58,1,Organize the books on the shelf.,Place shelf on surface.,shelf,surface,place_on
00598-mt9H8KcxRKD\tasks-island_0.json,59,4,Tidy the toiletries in the cabinet.,Place cabinet in receptacle.,cabinet,receptacle,place_in
00598-mt9H8KcxRKD\tasks-island_0.json,59,5,Fold the towels in the clothes hamper.,Fold items in the clothes hamper.,clothes_hamper,items,fold
00598-mt9H8KcxRKD\tasks-island_0.json,63,1,Retrieve the wrench from the toolbox area.,Pick up the wrench from the toolbox area.,wrench,area,pick_up
00598-mt9H8KcxRKD\tasks-island_0.json,64,1,Fluff the cushions on the couch.,Fluff items on the couch.,couch,items,fluff
00598-mt9H8KcxRKD\tasks-island_0.json,64,4,Organize the items on the shelf.,Place shelf on surface.,shelf,surface,place_on
00598-mt9H8KcxRKD\tasks-island_0.json,65,4,Bring a chair to the dining area.,Reposition the chair to the dining area.,chair,area,reposition
00598-mt9H8KcxRKD\tasks-island_0.json,68,2,Organize the shirts in the wardrobe.,Place wardrobe in receptacle.,wardrobe,receptacle,place_in
00598-mt9H8KcxRKD\tasks-island_0.json,72,3,Set the plate on the table.,Place plate on surface.,plate,surface,place_on
00598-mt9H8KcxRKD\tasks-island_0.json,73,1,Organize the clothes in the wardrobe.,Place wardrobe in receptacle.,wardrobe,receptacle,place_in
00598-mt9H8KcxRKD\tasks-island_0.json,76,3,Adjust the chair in the living area.,Reposition the chair in the living area.,chair,area,reposition
00598-mt9H8KcxRKD\tasks-island_0.json,76,4,Tidy the items in the cabinet.,Place cabinet in receptacle.,cabinet,receptacle,place_in
00598-mt9H8KcxRKD\tasks-island_0.json,77,2,Arrange the display in the cabinet.,Place cabinet in receptacle.,cabinet,receptacle,place_in
00598-mt9H8KcxRKD\tasks-island_0.json,80,4,Set the plate with biscuits.,Place plate on surface.,plate,surface,place_on
00598-mt9H8KcxRKD\tasks-island_0.json,85,4,Set the plate with cheese.,Place plate on surface.,plate,surface,place_on
00598-mt9H8KcxRKD\tasks-island_0.json,97,3,Organize files in the cabinet.,Place cabinet in receptacle.,cabinet,receptacle,place_in
00598-mt9H8KcxRKD\tasks-island_0.json,101,1,Pack essentials in the backpack.,Load items into the backpack.,backpack,items,load
00598-mt9H8KcxRKD\tasks-island_0.json,107,1,Refill paper in the printer.,Use the printer to load items.,printer,items,load
00598-mt9H8KcxRKD\tasks-island_0.json,110,1,Fluff the cushion on the armchair.,Fluff items on the armchair.,armchair,items,fluff
00598-mt9H8KcxRKD\tasks-island_0.json,114,4,Set a plate for cheese.,Place plate on surface.,plate,surface,place_on
00598-mt9H8KcxRKD\tasks-island_0.json,118,1,Hang clothes in the wardrobe.,Hang items in the wardrobe.,wardrobe,items,hang
00598-mt9H8KcxRKD\tasks-island_0.json,122,5,Organize books in the cabinet.,Place cabinet in receptacle.,cabinet,receptacle,place_in
00598-mt9H8KcxRKD\tasks-island_0.json,126,3,Arrange snacks on a plate.,Place plate on surface.,plate,surface,place_on
00598-mt9H8KcxRKD\tasks-island_0.json,134,3,Stock the refrigerator with fresh drinks.,Place items in the refrigerator.,refrigerator,items,place_in
00598-mt9H8KcxRKD\tasks-island_0.json,136,4,Straighten objects on the shelf.,Straighten items on the shelf.,shelf,items,straighten
00598-mt9H8KcxRKD\tasks-island_0.json,136,6,Set a plate on the side table.,Place plate on surface.,plate,surface,place_on
00598-mt9H8KcxRKD\tasks-island_0.json,137,4,Plump the cushions on the armchair.,Fluff items on the armchair.,armchair,items,fluff
00598-mt9H8KcxRKD\tasks-island_0.json,138,2,Pack essentials into the handbag.,Load items into the handbag.,handbag,items,load
00598-mt9H8KcxRKD\tasks-island_0.json,139,4,Organize files on the shelf.,Place shelf on surface.,shelf,surface,place_on
00598-mt9H8KcxRKD\tasks-island_0.json,141,4,Sort clean clothes in the wardrobe.,Place wardrobe in receptacle.,wardrobe,receptacle,place_in
00598-mt9H8KcxRKD\tasks-island_0.json,143,4,Hang clothes in the wardrobe.,Hang items in the wardrobe.,wardrobe,items,hang
00598-mt9H8KcxRKD\tasks-island_0.json,144,2,Retrieve the wrench from the tool area.,Pick up the wrench from the tool area.,wrench,area,pick_up
00598-mt9H8KcxRKD\tasks-island_0.json,145,6,Sit and rest on the chair.,Place items on the chair.,chair,items,place_on
00598-mt9H8KcxRKD\tasks-island_0.json,146,6,Straighten the pillows on the couch.,Straighten items on the couch.,couch,items,straighten
00598-mt9H8KcxRKD\tasks-island_0.json,147,4,Pack the camera into the backpack.,Load items into the backpack.,backpack,items,load
00598-mt9H8KcxRKD\tasks-island_0.json,148,5,Neatly arrange items on the shelf.,Place shelf on surface.,shelf,surface,place_on
00598-mt9H8KcxRKD\tasks-island_0.json,149,3,Refill paper in the printer.,Use the printer to load items.,printer,items,load
00598-mt9H8KcxRKD\tasks-island_0.json,152,6,Organize supplies in the cabinet.,Place cabinet in receptacle.,cabinet,receptacle,place_in
00598-mt9H8KcxRKD\tasks-island_0.json,159,4,Organize folders in the cabinet.,Place cabinet in receptacle.,cabinet,receptacle,place_in
00598-mt9H8KcxRKD\tasks-island_0.json,160,6,Put tools away in the cabinet.,Store items in the cabinet.,cabinet,items,store
00598-mt9H8KcxRKD\tasks-island_0.json,161,5,Set a plate for biscuits.,Place plate on surface.,plate,surface,place_on
00598-mt9H8KcxRKD\tasks-island_0.json,162,2,File papers into the cabinet.,Place items in the cabinet.,cabinet,items,place_in
00598-mt9H8KcxRKD\tasks-island_0.json,170,5,Arrange the shelf.,Place shelf on surface.,shelf,surface,place_on
00598-mt9H8KcxRKD\tasks-island_0.json,174,3,Set the plate.,Place plate on surface.,plate,surface,place_on
00598-mt9H8KcxRKD\tasks-island_0.json,177,5,Set the cup.,Place cup on surface.,cup,surface,place_on
00598-mt9H8KcxRKD\tasks-island_0.json,179,6,Set the plate.,Place plate on surface.,plate,surface,place_on
00598-mt9H8KcxRKD\tasks-island_0.json,186,3,Set the cup.,Place cup on surface.,cup,surface,place_on
00598-mt9H8KcxRKD\tasks-island_0.json,196,6,Set the cup.,Place cup on surface.,cup,surface,place_on
00598-mt9H8KcxRKD\tasks-island_0.json,201,6,Set the cup.,Place cup on surface.,cup,surface,place_on
00598-mt9H8KcxRKD\tasks-island_0.json,207,7,Organize books on the shelf.,Place shelf on surface.,shelf,surface,place_on
00598-mt9H8KcxRKD\tasks-island_0.json,209,3,Refill the paper in the printer.,Use the printer to load items.,printer,items,load
00598-mt9H8KcxRKD\tasks-island_0.json,211,6,Set a plate on the counter.,Place plate on surface.,plate,surface,place_on
00598-mt9H8KcxRKD\tasks-island_0.json,213,5,Plump the cushions on the couch.,Fluff items on the couch.,couch,items,fluff
00598-mt9H8KcxRKD\tasks-island_0.json,233,5,Set the plate.,Place plate on surface.,plate,surface,place_on
00598-mt9H8KcxRKD\tasks-island_0.json,244,6,Set the plate.,Place plate on surface.,plate,surface,place_on
00598-mt9H8KcxRKD\tasks-island_0.json,255,6,Arrange the plate.,Place plate on surface.,plate,surface,place_on
00598-mt9H8KcxRKD\tasks-island_0.json,288,4,Fluff the pillows on the couch.,Fluff items on the couch.,couch,items,fluff
00598-mt9H8KcxRKD\tasks-island_0.json,293,1,Straighten the items on the shelf.,Straighten items on the shelf.,shelf,items,straighten
00598-mt9H8KcxRKD\tasks-island_0.json,295,2,Set aside the guest's handbag.,Place handbag on surface.,handbag,surface,place_on
00598-mt9H8KcxRKD\tasks-island_0.json,298,2,Organize essentials in the backpack.,Place backpack in receptacle.,backpack,receptacle,place_in
00598-mt9H8KcxRKD\tasks-island_0.json,298,3,Pack the larger items in the suitcase.,Load items into the suitcase.,suitcase,items,load
00598-mt9H8KcxRKD\tasks-island_0.json,301,4,Put the tools away in the cabinet.,Store items in the cabinet.,cabinet,items,store
00598-mt9H8KcxRKD\tasks-island_0.json,302,3,Store extra items in the cabinet.,Place extra items in the cabinet.,cabinet,items,place_in
00598-mt9H8KcxRKD\tasks-island_0.json,309,5,Load paper into the printer.,Load items into the printer.,printer,items,load
00598-mt9H8KcxRKD\tasks-island_0.json,314,7,Set the bin.,Place bin on surface.,bin,surface,place_on
00598-mt9H8KcxRKD\tasks-island_0.json,321,5,Set the cup.,Place cup on surface.,cup,surface,place_on
00606-W16Bm4ysK8v\tasks-island_0.json,8,2,Prepare the ingredients on the cutting board.,Place items on the cutting board.,cutting board,items,place_on
00606-W16Bm4ysK8v\tasks-island_0.json,10,1,Organize the glassware in the cabinet.,Place cabinet in receptacle.,cabinet,receptacle,place_in
00606-W16Bm4ysK8v\tasks-island_0.json,12,4,Organize the equipment on the stand.,Place stand on surface.,stand,surface,place_on
00606-W16Bm4ysK8v\tasks-island_0.json,13,2,Hang the clean clothes in the wardrobe.,Hang items in the wardrobe.,wardrobe,items,hang
00606-W16Bm4ysK8v\tasks-island_0.json,16,1,Put away the linens in the cabinet.,Store items in the cabinet.,cabinet,items,store
00606-W16Bm4ysK8v\tasks-island_0.json,23,2,Sort the items in the box.,Place box in receptacle.,box,receptacle,place_in
00606-W16Bm4ysK8v\tasks-island_0.json,26,4,Position the rocking chair.,Place rocking chair on surface.,rocking chair,surface,place_on
00606-W16Bm4ysK8v\tasks-island_0.json,27,4,Change the water in the flower vase.,Place items in the flower vase.,flower vase,items,place_in
00606-W16Bm4ysK8v\tasks-island_0.json,29,5,Load paper into the printer.,Load items into the printer.,printer,items,load
00606-W16Bm4ysK8v\tasks-island_0.json,41,4,Load paper into the printer.,Load items into the printer.,printer,items,load
00606-W16Bm4ysK8v\tasks-island_0.json,50,1,Position the laptop.,Place laptop on surface.,laptop,surface,place_on
00606-W16Bm4ysK8v\tasks-island_0.json,57,2,Position the plant ornament.,Place plant ornament on surface.,plant ornament,surface,place_on
00606-W16Bm4ysK8v\tasks-island_0.json,62,4,Prepare the vegetables on the cutting board.,Place items on the cutting board.,cutting board,items,place_on
00606-W16Bm4ysK8v\tasks-island_0.json,63,3,Organize small items in the cabinet.,Place cabinet in receptacle.,cabinet,receptacle,place_in
00606-W16Bm4ysK8v\tasks-island_0.json,63,4,Hang the clothes in the wardrobe.,Hang items in the wardrobe.,wardrobe,items,hang
00606-W16Bm4ysK8v\tasks-island_0.json,64,5,Position the keyboard correctly.,Place keyboard on surface.,keyboard,surface,place_on
00606-W16Bm4ysK8v\tasks-island_0.json,65,4,Prepare the coffee in a cup.,Place items in the cup.,cup,items,place_in
00606-W16Bm4ysK8v\tasks-island_0.json,65,6,Serve the coffee on the table.,Place items on the table.,table,items,place_on
00606-W16Bm4ysK8v\tasks-island_0.json,66,4,Arrange the containers on the shelf.,Place shelf on surface.,shelf,surface,place_on
00606-W16Bm4ysK8v\tasks-island_0.json,67,2,Fluff the pillows on the couch.,Fluff items on the couch.,couch,items,fluff
00606-W16Bm4ysK8v\tasks-island_0.json,69,5,Organize the items on the dressing table.,Place dressing table on surface.,dressing table,surface,place_on
00606-W16Bm4ysK8v\tasks-island_0.json,70,4,Load the dirty utensils into the dishwasher.,Load items into the dishwasher.,dishwasher,items,load
00606-W16Bm4ysK8v\tasks-island_0.json,71,5,Pack some water in the bag.,Load items into the bag.,bag,items,load
00606-W16Bm4ysK8v\tasks-island_0.json,73,1,Adjust the settings on the boiler.,Place boiler on surface.,boiler,surface,place_on
00606-W16Bm4ysK8v\tasks-island_0.json,80,3,Position the stand to hold the easel.,Place stand on surface.,stand,surface,place_on
00606-W16Bm4ysK8v\tasks-island_0.json,84,4,Hang the ironed shirts in the wardrobe.,Hang items in the wardrobe.,wardrobe,items,hang
00606-W16Bm4ysK8v\tasks-island_0.json,88,6,Put away the cleaning supplies in the cabinet.,Store items in the cabinet.,cabinet,items,store
00606-W16Bm4ysK8v\tasks-island_0.json,92,6,Serve the meal on the table.,Place items on the table.,table,items,place_on
00606-W16Bm4ysK8v\tasks-island_0.json,93,2,Arrange tools on the shelf.,Place shelf on surface.,shelf,surface,place_on
00606-W16Bm4ysK8v\tasks-island_0.json,95,3,Organize bottles in the shower caddy.,Place shower caddy in receptacle.,shower caddy,receptacle,place_in
00606-W16Bm4ysK8v\tasks-island_0.json,99,5,Hang up the clothes in the wardrobe.,Hang items in the wardrobe.,wardrobe,items,hang
00606-W16Bm4ysK8v\tasks-island_0.json,101,2,Lay it across the dining table.,Place items on the table.,table,items,place_on
00606-W16Bm4ysK8v\tasks-island_0.json,104,3,Prepare the dough on the table.,Place items on the table.,table,items,place_on
00606-W16Bm4ysK8v\tasks-island_0.json,108,5,Hang the clothes in the wardrobe.,Hang items in the wardrobe.,wardrobe,items,hang
00606-W16Bm4ysK8v\tasks-island_0.json,118,1,Move the flowerpot to a sunny spot.,Carry the flowerpot to the sunny spot.,flowerpot,spot,carry
00606-W16Bm4ysK8v\tasks-island_0.json,120,2,Position the exercise ball.,Place exercise ball on surface.,exercise ball,surface,place_on
00606-W16Bm4ysK8v\tasks-island_0.json,122,2,Take the shirt to the laundry area.,Pick up the shirt to the laundry area.,shirt,area,pick_up
00606-W16Bm4ysK8v\tasks-island_0.json,132,3,Pack my gear into the bag.,Load items into the bag.,bag,items,load
00606-W16Bm4ysK8v\tasks-island_0.json,134,6,Pack winter items in the box.,Load items into the box.,box,items,load
00606-W16Bm4ysK8v\tasks-island_0.json,136,5,Store the items in the wardrobe.,Store the items in the wardrobe.,wardrobe,items,store
00606-W16Bm4ysK8v\tasks-island_0.json,137,2,Prepare ingredients on the cutting board.,Place items on the cutting board.,cutting board,items,place_on
00606-W16Bm4ysK8v\tasks-island_0.json,137,4,Load dirty dishes into the dishwasher.,Load items into the dishwasher.,dishwasher,items,load
00606-W16Bm4ysK8v\tasks-island_0.json,140,3,Organize the items on the shelf.,Place shelf on surface.,shelf,surface,place_on
00606-W16Bm4ysK8v\tasks-island_0.json,147,3,Set the wine bottle out.,Place wine bottle on surface.,wine_bottle,surface,place_on
00606-W16Bm4ysK8v\tasks-island_0.json,147,5,Arrange flowers in the vase.,Place vase in receptacle.,vase,receptacle,place_in
00606-W16Bm4ysK8v\tasks-island_0.json,150,3,Load paper into the printer.,Load items into the printer.,printer,items,load
00606-W16Bm4ysK8v\tasks-island_0.json,150,4,Position the mouse.,Place mouse on surface.,mouse,surface,place_on
00606-W16Bm4ysK8v\tasks-island_0.json,155,4,Set items on the tray.,Place items on the tray.,tray,items,place_on
00612-GsQBY83r3hb\tasks-island_0.json,0,2,Fill the pitcher at the sink.,Use the sink to fill a container.,sink,container,fill
00612-GsQBY83r3hb\tasks-island_0.json,30,3,Arrange the towel.,Place towel on surface.,towel,surface,place_on
00612-GsQBY83r3hb\tasks-island_0.json,35,5,Wipe the appliance.,Wipe the appliance.,appliance,appliance,wipe
00612-GsQBY83r3hb\tasks-island_0.json,46,6,Tidy up the items inside the cabinet.,Place cabinet in receptacle.,cabinet,receptacle,place_in
00612-GsQBY83r3hb\tasks-island_0.json,47,1,Place the bowl on the serving area.,Place the bowl on the serving area.,bowl,area,place_on
00612-GsQBY83r3hb\tasks-island_0.json,49,1,Wipe the mirror in the dressing area.,Wipe the mirror in the dressing area.,mirror,area,wipe
00612-GsQBY83r3hb\tasks-island_0.json,57,4,Set the heater to a comfortable level.,Place heater on surface.,heater,surface,place_on
00612-GsQBY83r3hb\tasks-island_0.json,61,1,Carry the folder to the new spot.,Carry the folder to the new spot.,folder,spot,carry
00612-GsQBY83r3hb\tasks-island_0.json,62,4,Put items inside the backpack.,Place items in the backpack.,backpack,items,place_in
00612-GsQBY83r3hb\tasks-island_0.json,67,7,Turn on the appliance.,Turn on the appliance.,appliance,appliance,turn_on
00612-GsQBY83r3hb\tasks-island_0.json,74,6,Arrange the tray.,Place tray on surface.,tray,surface,place_on
00612-GsQBY83r3hb\tasks-island_0.json,81,4,Turn on the appliance.,Turn on the appliance.,appliance,appliance,turn_on
00612-GsQBY83r3hb\tasks-island_0.json,83,3,Arrange the tray.,Place tray on surface.,tray,surface,place_on
00612-GsQBY83r3hb\tasks-island_0.json,87,4,Turn on the appliance.,Turn on the appliance.,appliance,appliance,turn_on
00619-R9fYpvCUkV7\tasks-island_1.json,2,1,Move the bench to a comfortable spot.,Reposition the bench to the comfortable spot.,bench,spot,reposition
00619-R9fYpvCUkV7\tasks-island_1.json,7,4,Position the exercise ball.,Place exercise ball on surface.,exercise ball,surface,place_on
00619-R9fYpvCUkV7\tasks-island_1.json,8,3,Move the gym equipment to its designated spot.,Carry the gym equipment to the designated spot.,gym equipment,spot,carry
00619-R9fYpvCUkV7\tasks-island_1.json,17,5,Position the barbell.,Place barbell on surface.,barbell,surface,place_on
00619-R9fYpvCUkV7\tasks-island_1.json,25,2,Position the camera.,Place camera on surface.,camera,surface,place_on
00619-R9fYpvCUkV7\tasks-island_1.json,31,1,Position the camera.,Place camera on surface.,camera,surface,place_on
00619-R9fYpvCUkV7\tasks-island_1.json,36,1,Position the camera.,Place camera on surface.,camera,surface,place_on
00624-ooq3SnvC79d\tasks-island_0.json,1,2,Set the plate.,Place plate on surface.,plate,surface,place_on
00624-ooq3SnvC79d\tasks-island_0.json,7,1,Arrange the alcohol bottles.,Place alcohol bottles on surface.,alcohol bottles,surface,place_on
00624-ooq3SnvC79d\tasks-island_0.json,8,2,Position the vase.,Place vase on surface.,vase,surface,place_on
00624-ooq3SnvC79d\tasks-island_0.json,15,2,Arrange the decoration.,Place decoration on surface.,decoration,surface,place_on
00624-ooq3SnvC79d\tasks-island_0.json,17,2,Set the plate.,Place plate on surface.,plate,surface,place_on
00624-ooq3SnvC79d\tasks-island_0.json,20,2,Set the pitcher.,Place pitcher on surface.,pitcher,surface,place_on
00624-ooq3SnvC79d\tasks-island_0.json,27,3,Organize the books on the coffee table.,Place coffee table on surface.,coffee table,surface,place_on
00624-ooq3SnvC79d\tasks-island_0.json,28,4,Tidy up the items in the basket.,Place basket in receptacle.,basket,receptacle,place_in
00624-ooq3SnvC79d\tasks-island_0.json,28,5,Adjust the settings on the dehumidifier.,Place dehumidifier on surface.,dehumidifier,surface,place_on
00624-ooq3SnvC79d\tasks-island_0.json,33,2,Neatly arrange the alcohol bottles on the shelf.,Place alcohol bottles on surface.,alcohol bottles,surface,place_on
00624-ooq3SnvC79d\tasks-island_0.json,34,4,Arrange the decoration next to the photos.,Place decoration on surface.,decoration,surface,place_on
00624-ooq3SnvC79d\tasks-island_0.json,40,3,Move the decoration to a better spot.,Carry the decoration to the better spot.,decoration,spot,carry
00624-ooq3SnvC79d\tasks-island_0.json,42,4,Arrange the vase on the shelf.,Place vase on surface.,vase,surface,place_on
00624-ooq3SnvC79d\tasks-island_0.json,42,5,Organize the items inside the cabinet.,Place cabinet in receptacle.,cabinet,receptacle,place_in
00624-ooq3SnvC79d\tasks-island_0.json,43,1,Bring the office chair to the desk area.,Reposition the office chair to the desk area.,office chair,area,reposition
00624-ooq3SnvC79d\tasks-island_0.json,45,2,Arrange the decoration on the mantel.,Place decoration in receptacle.,decoration,receptacle,place_in
00624-ooq3SnvC79d\tasks-island_0.json,46,4,Place the backpack in its designated spot.,Place the backpack in its designated spot.,backpack,spot,place_in
00624-ooq3SnvC79d\tasks-island_0.json,46,5,Tidy up the loose items in the basket.,Place basket in receptacle.,basket,receptacle,place_in
00624-ooq3SnvC79d\tasks-island_0.json,47,3,Move the box of paper to the storage area.,Carry the box of paper to the storage area.,box of paper,area,carry
00624-ooq3SnvC79d\tasks-island_0.json,49,1,Arrange the vase on the dining shelf.,Place vase on surface.,vase,surface,place_on
00624-ooq3SnvC79d\tasks-island_0.json,52,5,Wipe the trophy in the display area.,Wipe the trophy in the display area.,trophy,area,wipe
00624-ooq3SnvC79d\tasks-island_0.json,56,5,Organize the items inside the drawers.,Place drawers in receptacle.,drawers,receptacle,place_in
00624-ooq3SnvC79d\tasks-island_0.json,58,6,Load the dishwasher with used items.,Load the dishwasher with the used items.,dishwasher,items,load
00624-ooq3SnvC79d\tasks-island_0.json,59,6,Shake out the rug in the study area.,Shake out the rug in the study area.,rug,area,shake_out
00624-ooq3SnvC79d\tasks-island_0.json,60,1,Dust the stack of books in the kitchen area.,Dust the stack of books in the kitchen area.,stack of books,area,dust
00624-ooq3SnvC79d\tasks-island_0.json,60,4,Arrange the kitchenware neatly.,Place kitchenware on surface.,kitchenware,surface,place_on
00624-ooq3SnvC79d\tasks-island_0.json,61,4,Move the vase to a safer spot.,Carry the vase to the safer spot.,vase,spot,carry
00624-ooq3SnvC79d\tasks-island_0.json,63,5,Set the plate on the side table.,Place plate in receptacle.,plate,receptacle,place_in
00624-ooq3SnvC79d\tasks-island_0.json,63,6,Dim the lamp in the living area.,Adjust the lamp in the living area.,lamp,area,set_control
00624-ooq3SnvC79d\tasks-island_0.json,66,5,Arrange the decorative plate on the sideboard.,Place decorative plate on surface.,decorative plate,surface,place_on
00624-ooq3SnvC79d\tasks-island_0.json,67,4,Dust the table in the living area.,Dust the table in the living area.,table,area,dust
00624-ooq3SnvC79d\tasks-island_0.json,70,1,Arrange the display of pictures on the shelf.,Place display of pictures on surface.,display of pictures,surface,place_on
00624-ooq3SnvC79d\tasks-island_0.json,70,5,Dust the globe in the office area.,Dust the globe in the office area.,globe,area,dust
00624-ooq3SnvC79d\tasks-island_0.json,71,6,Organize the cds near the cd player.,Place cd player in receptacle.,cd player,receptacle,place_in
00624-ooq3SnvC79d\tasks-island_0.json,72,2,Open the cabinet to store pantry items.,Open the cabinet to store pantry items.,cabinet,items,open
00624-ooq3SnvC79d\tasks-island_0.json,72,5,Arrange the rack in the pantry.,Place rack in receptacle.,rack,receptacle,place_in
00624-ooq3SnvC79d\tasks-island_0.json,73,4,Move the box of paper to the storage area.,Carry the box of paper to the storage area.,box of paper,area,carry
00624-ooq3SnvC79d\tasks-island_0.json,75,4,Store the items in the cabinet.,Store the items in the cabinet.,cabinet,items,store
00624-ooq3SnvC79d\tasks-island_0.json,76,5,Arrange the flowers in the vase.,Place vase in receptacle.,vase,receptacle,place_in
00624-ooq3SnvC79d\tasks-island_0.json,77,3,Turn on the tap to wash items.,Turn on the tap to wash items.,tap,items,turn_on
00624-ooq3SnvC79d\tasks-island_0.json,78,1,Wipe the mirror in the bathroom area.,Wipe the mirror in the bathroom area.,mirror,area,wipe
00624-ooq3SnvC79d\tasks-island_0.json,78,2,Organize the items in the handbag.,Place handbag in receptacle.,handbag,receptacle,place_in
00624-ooq3SnvC79d\tasks-island_0.json,78,3,Place the shampoo in the shower area.,Place the shampoo in the shower area.,shampoo,area,place_in
00624-ooq3SnvC79d\tasks-island_0.json,78,4,Arrange the rack in the storage closet.,Place rack in receptacle.,rack,receptacle,place_in
00624-ooq3SnvC79d\tasks-island_0.json,80,2,Wipe the fan blades in the lounge area.,Wipe the fan in the lounge area.,fan,area,wipe
00624-ooq3SnvC79d\tasks-island_0.json,81,2,Move the box to the garage area.,Carry the box to the garage area.,box,area,carry
00624-ooq3SnvC79d\tasks-island_0.json,81,4,Store items in the cabinet.,Place items in the cabinet.,cabinet,items,place_in
00624-ooq3SnvC79d\tasks-island_0.json,81,5,Arrange the basket neatly.,Place basket on surface.,basket,surface,place_on
00624-ooq3SnvC79d\tasks-island_0.json,84,6,Set the teapot on the cabinet.,Place teapot on surface.,teapot,surface,place_on
00624-ooq3SnvC79d\tasks-island_0.json,85,4,Arrange the decorative plant.,Place decorative plant on surface.,decorative plant,surface,place_on
00624-ooq3SnvC79d\tasks-island_0.json,90,2,Arrange the decoration.,Place decoration on surface.,decoration,surface,place_on
00624-ooq3SnvC79d\tasks-island_0.json,94,4,Arrange the display of pictures.,Place display of pictures on surface.,display of pictures,surface,place_on
00624-ooq3SnvC79d\tasks-island_0.json,96,5,Arrange the decoration.,Place decoration on surface.,decoration,surface,place_on
00624-ooq3SnvC79d\tasks-island_0.json,96,6,Set the teapot on the table.,Place teapot on surface.,teapot,surface,place_on
00624-ooq3SnvC79d\tasks-island_0.json,97,4,Set the book on the coffee table.,Place book in receptacle.,book,receptacle,place_in
00624-ooq3SnvC79d\tasks-island_0.json,99,6,Set the pitcher.,Place pitcher on surface.,pitcher,surface,place_on
00624-ooq3SnvC79d\tasks-island_0.json,100,3,Arrange the decoration.,Place decoration on surface.,decoration,surface,place_on
00624-ooq3SnvC79d\tasks-island_0.json,104,3,Arrange the alcohol bottles.,Place alcohol bottles on surface.,alcohol bottles,surface,place_on
00626-XiJhRLvpKpX\tasks-island_0.json,42,2,Straighten the chair in the seating area.,Straighten the chair in the seating area.,chair,area,straighten
00626-XiJhRLvpKpX\tasks-island_0.json,46,2,Get the pitcher from the spa area.,Pick up the pitcher from the spa area.,pitcher,area,pick_up
00626-XiJhRLvpKpX\tasks-island_0.json,46,3,Fetch a cup from the dining area.,Pick up the cup from the dining area.,cup,area,pick_up
00626-XiJhRLvpKpX\tasks-island_0.json,54,3,Arrange the clothing stand.,Place clothing stand on surface.,clothing stand,surface,place_on
00626-XiJhRLvpKpX\tasks-island_0.json,67,4,Dust the appliance.,Dust the appliance.,appliance,appliance,dust
00626-XiJhRLvpKpX\tasks-island_0.json,86,5,Move the flowerpot to a safer spot.,Carry the flowerpot to the safer spot.,flowerpot,spot,carry
00626-XiJhRLvpKpX\tasks-island_0.json,93,3,Arrange the plant nearby.,Place plant on surface.,plant,surface,place_on
00626-XiJhRLvpKpX\tasks-island_0.json,100,4,Straighten the chair in the dining area.,Straighten the chair in the dining area.,chair,area,straighten
00626-XiJhRLvpKpX\tasks-island_0.json,108,3,Dust the cabinet in the dining area.,Dust the cabinet in the dining area.,cabinet,area,dust
00626-XiJhRLvpKpX\tasks-island_0.json,110,4,Wipe the table in the bar area.,Wipe the table in the bar area.,table,area,wipe
00626-XiJhRLvpKpX\tasks-island_0.json,115,1,Wipe the sunbed in the outdoor area.,Wipe the sunbed in the outdoor area.,sunbed,area,wipe
00626-XiJhRLvpKpX\tasks-island_0.json,118,5,Dust the appliance in the room.,Dust the appliance in the room.,appliance,appliance,dust
00626-XiJhRLvpKpX\tasks-island_0.json,123,1,Wipe the table in the study area.,Wipe the table in the study area.,table,area,wipe
00626-XiJhRLvpKpX\tasks-island_0.json,140,5,Dust the appliance nearby.,Dust the appliance.,appliance,appliance,dust
00626-XiJhRLvpKpX\tasks-island_0.json,145,4,Wipe the table in the bar area.,Wipe the table in the bar area.,table,area,wipe
00626-XiJhRLvpKpX\tasks-island_0.json,211,5,Set the cup on the table.,Place cup on surface.,cup,surface,place_on
00626-XiJhRLvpKpX\tasks-island_0.json,214,5,Straighten the table in the outdoor area.,Straighten the table in the outdoor area.,table,area,straighten
00626-XiJhRLvpKpX\tasks-island_0.json,222,5,Straighten the shelf in the laundry area.,Straighten the shelf in the laundry area.,shelf,area,straighten
00626-XiJhRLvpKpX\tasks-island_0.json,237,3,Adjust the mirror in the dressing area.,Align the mirror in the dressing area.,mirror,area,align
00626-XiJhRLvpKpX\tasks-island_0.json,272,1,Position the speaker.,Place speaker on surface.,speaker,surface,place_on
00626-XiJhRLvpKpX\tasks-island_0.json,280,3,Position the exercise ball.,Place exercise ball on surface.,exercise ball,surface,place_on
00626-XiJhRLvpKpX\tasks-island_0.json,283,6,Position the flowerpot.,Place flowerpot on surface.,flowerpot,surface,place_on
00626-XiJhRLvpKpX\tasks-island_0.json,287,3,Set the wine bottle.,Place wine bottle on surface.,wine_bottle,surface,place_on
00626-XiJhRLvpKpX\tasks-island_0.json,288,4,Position the cap.,Place cap on surface.,cap,surface,place_on
00626-XiJhRLvpKpX\tasks-island_0.json,290,4,Position the screen.,Place screen in receptacle.,screen,receptacle,place_in
00626-XiJhRLvpKpX\tasks-island_0.json,292,1,Arrange the exercise machine.,Place exercise machine on surface.,exercise machine,surface,place_on
00626-XiJhRLvpKpX\tasks-island_0.json,292,3,Position the exercise ball.,Place exercise ball on surface.,exercise ball,surface,place_on
00626-XiJhRLvpKpX\tasks-island_0.json,298,5,Arrange the cellular telephone.,Place cellular telephone on surface.,cellular_telephone,surface,place_on
00626-XiJhRLvpKpX\tasks-island_0.json,300,1,Position the speaker.,Place speaker on surface.,speaker,surface,place_on
00626-XiJhRLvpKpX\tasks-island_0.json,303,1,Check the appliance.,Inspect the appliance.,appliance,appliance,inspect
00626-XiJhRLvpKpX\tasks-island_0.json,305,3,Set the wine bottle.,Place wine bottle on surface.,wine_bottle,surface,place_on
00626-XiJhRLvpKpX\tasks-island_0.json,308,3,Position the exercise ball.,Place exercise ball on surface.,exercise ball,surface,place_on
00626-XiJhRLvpKpX\tasks-island_0.json,313,2,Arrange the dumbbell.,Place dumbbell on surface.,dumbbell,surface,place_on
00626-XiJhRLvpKpX\tasks-island_0.json,313,3,Position the exercise ball.,Place exercise ball on surface.,exercise ball,surface,place_on
00626-XiJhRLvpKpX\tasks-island_0.json,314,3,Arrange the seat.,Place seat on surface.,seat,surface,place_on
00626-XiJhRLvpKpX\tasks-island_0.json,316,3,Tidy the appliance.,Straighten appliance.,appliance,appliance,straighten
00626-XiJhRLvpKpX\tasks-island_0.json,318,1,Position the speaker.,Place speaker on surface.,speaker,surface,place_on
00626-XiJhRLvpKpX\tasks-island_0.json,322,6,Store tools in the rack.,Place items on the rack.,rack,items,place_on
00626-XiJhRLvpKpX\tasks-island_0.json,327,1,Arrange the exercise machine.,Place exercise machine in receptacle.,exercise machine,receptacle,place_in
00626-XiJhRLvpKpX\tasks-island_0.json,327,3,Position the exercise ball.,Place exercise ball in receptacle.,exercise ball,receptacle,place_in
00626-XiJhRLvpKpX\tasks-island_0.json,345,2,Arrange the rack.,Place rack on surface.,rack,surface,place_on
00626-XiJhRLvpKpX\tasks-island_0.json,353,3,Position the exercise ball.,Place exercise ball on surface.,exercise ball,surface,place_on
00626-XiJhRLvpKpX\tasks-island_0.json,358,4,Arrange the wine rack.,Place wine rack on surface.,wine rack,surface,place_on
00626-XiJhRLvpKpX\tasks-island_0.json,360,1,Arrange the pile of magazines.,Place pile of magazines in receptacle.,pile of magazines,receptacle,place_in
00626-XiJhRLvpKpX\tasks-island_0.json,364,3,Position the lamp.,Place lamp on surface.,lamp,surface,place_on
00626-XiJhRLvpKpX\tasks-island_0.json,366,4,Position the screen.,Place screen on surface.,screen,surface,place_on
00626-XiJhRLvpKpX\tasks-island_0.json,367,4,Set the cup.,Place cup on surface.,cup,surface,place_on
00626-XiJhRLvpKpX\tasks-island_0.json,370,3,Position the exercise ball.,Place exercise ball on surface.,exercise ball,surface,place_on
00626-XiJhRLvpKpX\tasks-island_0.json,392,3,Position the clothing stand.,Place clothing stand in receptacle.,clothing stand,receptacle,place_in
00626-XiJhRLvpKpX\tasks-island_0.json,399,2,Position the speaker.,Place speaker on surface.,speaker,surface,place_on
00626-XiJhRLvpKpX\tasks-island_0.json,402,3,Arrange the rack.,Place rack in receptacle.,rack,receptacle,place_in
00626-XiJhRLvpKpX\tasks-island_0.json,407,4,Place items on the coffee table.,Place items on the coffee table.,coffee table,items,place_on
00626-XiJhRLvpKpX\tasks-island_0.json,409,1,Arrange the fireplace tool set.,Place fireplace tool set on surface.,fireplace tool set,surface,place_on
00626-XiJhRLvpKpX\tasks-island_0.json,411,2,Arrange the sculpture.,Place sculpture in receptacle.,sculpture,receptacle,place_in
00626-XiJhRLvpKpX\tasks-island_0.json,416,3,Position the monitor.,Place monitor on surface.,monitor,surface,place_on
00626-XiJhRLvpKpX\tasks-island_0.json,428,2,Clean the appliance.,Wipe appliance.,appliance,appliance,wipe
00626-XiJhRLvpKpX\tasks-island_0.json,430,5,Move the backpack to a better spot.,Carry the backpack to the better spot.,backpack,spot,carry
00626-XiJhRLvpKpX\tasks-island_0.json,431,1,Arrange the exercise machine neatly.,Place exercise machine on surface.,exercise machine,surface,place_on
00626-XiJhRLvpKpX\tasks-island_0.json,432,1,Plump the cushions on the sofa.,Fluff items on the sofa.,sofa,items,fluff
00626-XiJhRLvpKpX\tasks-island_0.json,436,2,Straighten the chair in the music area.,Straighten the chair in the music area.,chair,area,straighten
00626-XiJhRLvpKpX\tasks-island_0.json,436,3,Organize the items on the shelf.,Place shelf on surface.,shelf,surface,place_on
00626-XiJhRLvpKpX\tasks-island_0.json,484,2,Arrange the bookshelf.,Place bookshelf on surface.,bookshelf,surface,place_on
00626-XiJhRLvpKpX\tasks-island_0.json,491,3,Arrange the monitor.,Place monitor on surface.,monitor,surface,place_on
00626-XiJhRLvpKpX\tasks-island_0.json,494,4,Arrange the toy.,Place toy on surface.,toy,surface,place_on
00626-XiJhRLvpKpX\tasks-island_0.json,499,4,Arrange the fireplace tool set.,Place fireplace tool set on surface.,fireplace tool set,surface,place_on
00626-XiJhRLvpKpX\tasks-island_0.json,513,3,Arrange the pile of magazines.,Place pile of magazines on surface.,pile of magazines,surface,place_on
00626-XiJhRLvpKpX\tasks-island_0.json,520,4,Arrange the flower vase.,Place flower vase on surface.,flower vase,surface,place_on
00626-XiJhRLvpKpX\tasks-island_0.json,530,3,Organize files in the cabinet.,Place cabinet in receptacle.,cabinet,receptacle,place_in
00626-XiJhRLvpKpX\tasks-island_0.json,534,6,Straighten the armchair in the dressing area.,Straighten the armchair in the dressing area.,armchair,area,straighten
00626-XiJhRLvpKpX\tasks-island_0.json,538,2,Position the speaker.,Place speaker on surface.,speaker,surface,place_on
00626-XiJhRLvpKpX\tasks-island_0.json,539,2,Hang the cap on the rack.,Hang items on the rack.,rack,items,hang
00626-XiJhRLvpKpX\tasks-island_0.json,546,6,Set the cup on the table.,Place cup on surface.,cup,surface,place_on
00626-XiJhRLvpKpX\tasks-island_0.json,560,1,Position the speaker.,Place speaker on surface.,speaker,surface,place_on
00626-XiJhRLvpKpX\tasks-island_0.json,568,5,Position the laptop computer on the desk.,Place laptop computer on surface.,laptop_computer,surface,place_on
00626-XiJhRLvpKpX\tasks-island_0.json,569,4,Fluff the pillows on the sofa.,Fluff items on the sofa.,sofa,items,fluff
00626-XiJhRLvpKpX\tasks-island_0.json,572,6,Arrange the flowerpot on the shelf.,Place flowerpot on surface.,flowerpot,surface,place_on
00626-XiJhRLvpKpX\tasks-island_0.json,573,3,Organize the books on the bookshelf.,Place bookshelf on surface.,bookshelf,surface,place_on
00626-XiJhRLvpKpX\tasks-island_0.json,573,5,Replace the bulb in the wall lamp.,Place items in the wall lamp.,wall lamp,items,place_in
00626-XiJhRLvpKpX\tasks-island_0.json,574,5,Test the appliance for functionality.,Inspect the appliance.,appliance,appliance,inspect
00626-XiJhRLvpKpX\tasks-island_0.json,576,3,Organize the items in the bathroom cabinet.,Place bathroom cabinet in receptacle.,bathroom cabinet,receptacle,place_in
00626-XiJhRLvpKpX\tasks-island_0.json,576,5,Arrange toiletries in the wall cabinet.,Place wall cabinet in receptacle.,wall cabinet,receptacle,place_in
00626-XiJhRLvpKpX\tasks-island_0.json,578,4,Straighten the pillows on the sofa.,Straighten items on the sofa.,sofa,items,straighten
00626-XiJhRLvpKpX\tasks-island_0.json,582,4,Organize bottles on the wine rack.,Place wine rack on surface.,wine rack,surface,place_on
00626-XiJhRLvpKpX\tasks-island_0.json,583,6,Set the handbag on the chair.,Place handbag on surface.,handbag,surface,place_on
00626-XiJhRLvpKpX\tasks-island_0.json,584,3,Fluff the cushions on the sofa.,Fluff items on the sofa.,sofa,items,fluff
00626-XiJhRLvpKpX\tasks-island_0.json,588,1,Position the separator to create a path.,Place separator on surface.,separator,surface,place_on
00626-XiJhRLvpKpX\tasks-island_0.json,588,5,Organize items on the shelf.,Place shelf on surface.,shelf,surface,place_on
00626-XiJhRLvpKpX\tasks-island_0.json,593,6,Fluff the cushion on the armchair.,Fluff items on the armchair.,armchair,items,fluff
00626-XiJhRLvpKpX\tasks-island_0.json,595,5,Replace the bulb in the wall lamp.,Place items in the wall lamp.,wall lamp,items,place_in
00626-XiJhRLvpKpX\tasks-island_0.json,599,3,Organize books on the bookshelf.,Place bookshelf on surface.,bookshelf,surface,place_on
00626-XiJhRLvpKpX\tasks-island_0.json,603,5,Stock the wall cabinet with towels.,Place items in the wall cabinet.,wall cabinet,items,place_in
00626-XiJhRLvpKpX\tasks-island_0.json,604,7,Set the handbag on the desk.,Place handbag on surface.,handbag,surface,place_on
00626-XiJhRLvpKpX\tasks-island_0.json,605,2,Fluff the pillows on the sofa.,Fluff items on the sofa.,sofa,items,fluff
00626-XiJhRLvpKpX\tasks-island_0.json,608,5,Organize the books on the bookshelf.,Place bookshelf on surface.,bookshelf,surface,place_on
00626-XiJhRLvpKpX\tasks-island_0.json,609,6,Arrange the swing neatly.,Place swing on surface.,swing,surface,place_on
00626-XiJhRLvpKpX\tasks-island_0.json,610,2,Organize the items in the cabinet.,Place cabinet in receptacle.,cabinet,receptacle,place_in
00626-XiJhRLvpKpX\tasks-island_0.json,610,5,Arrange the pot on the counter.,Place pot on surface.,pot,surface,place_on
00626-XiJhRLvpKpX\tasks-island_0.json,613,1,Arrange the seat.,Place seat on surface.,seat,surface,place_on
00626-XiJhRLvpKpX\tasks-island_0.json,614,6,Position the exercise ball.,Place exercise ball on surface.,exercise ball,surface,place_on
00626-XiJhRLvpKpX\tasks-island_0.json,616,2,Set the flowerpot on the ledge.,Place flowerpot on surface.,flowerpot,surface,place_on
00626-XiJhRLvpKpX\tasks-island_0.json,619,3,Arrange the seat.,Place seat on surface.,seat,surface,place_on
00626-XiJhRLvpKpX\tasks-island_0.json,621,5,Wipe down the appliance.,Wipe the appliance.,appliance,appliance,wipe
00626-XiJhRLvpKpX\tasks-island_0.json,621,6,Arrange the decoration.,Place decoration on surface.,decoration,surface,place_on
00626-XiJhRLvpKpX\tasks-island_0.json,623,4,Set the pitcher on the counter.,Place pitcher on surface.,pitcher,surface,place_on
00626-XiJhRLvpKpX\tasks-island_0.json,628,6,Position the statue.,Place statue on surface.,statue,surface,place_on
00626-XiJhRLvpKpX\tasks-island_0.json,629,3,Position the speaker.,Place speaker on surface.,speaker,surface,place_on
00626-XiJhRLvpKpX\tasks-island_0.json,631,6,Set the handbag on the chair.,Place handbag on surface.,handbag,surface,place_on
00626-XiJhRLvpKpX\tasks-island_0.json,633,5,Position the dumbbell.,Place dumbbell on surface.,dumbbell,surface,place_on
00626-XiJhRLvpKpX\tasks-island_0.json,633,6,Arrange the exercise ball.,Place exercise ball on surface.,exercise ball,surface,place_on
00626-XiJhRLvpKpX\tasks-island_0.json,636,2,Arrange the flowerpot.,Place flowerpot on surface.,flowerpot,surface,place_on
00626-XiJhRLvpKpX\tasks-island_0.json,637,7,Position the seat.,Place seat on surface.,seat,surface,place_on
00626-XiJhRLvpKpX\tasks-island_0.json,640,2,Arrange the seat.,Place seat on surface.,seat,surface,place_on
00638-iePHCSf119p\tasks-island_0.json,3,2,Update the menu board with new items.,Inspect the menu board with the new items.,menu board,items,inspect
00638-iePHCSf119p\tasks-island_0.json,9,1,Organize the books on the shelf.,Place shelf on surface.,shelf,surface,place_on
00638-iePHCSf119p\tasks-island_0.json,10,2,Arrange the plant for a background.,Place plant on surface.,plant,surface,place_on
00638-iePHCSf119p\tasks-island_0.json,13,2,Store items in the refrigerator.,Place items in the refrigerator.,refrigerator,items,place_in
00638-iePHCSf119p\tasks-island_0.json,18,5,Store them in the container.,Store them in the container.,container,container,store
00638-iePHCSf119p\tasks-island_0.json,19,2,Arrange the bottles.,Place bottles on surface.,bottles,surface,place_on
00638-iePHCSf119p\tasks-island_0.json,24,1,Move the gas container.,Carry the gas container.,gas container,container,carry
00638-iePHCSf119p\tasks-island_0.json,25,5,Arrange the vase.,Place vase on surface.,vase,surface,place_on
00638-iePHCSf119p\tasks-island_0.json,27,2,Arrange the figurine.,Place figurine on surface.,figurine,surface,place_on
00638-iePHCSf119p\tasks-island_0.json,27,4,Position the antlers.,Place antlers on surface.,antlers,surface,place_on
00638-iePHCSf119p\tasks-island_0.json,30,3,Place it in the container.,Place it in the container.,containers,container,place_in
00638-iePHCSf119p\tasks-island_0.json,31,4,Stock the containers.,Place items in the containers.,containers,items,place_in
00638-iePHCSf119p\tasks-island_0.json,31,5,Fill the cabinet.,Load items in the cabinet.,cabinet,items,load
00638-iePHCSf119p\tasks-island_0.json,35,3,Put items in the containers.,Place items in the containers.,containers,items,place_in
00638-iePHCSf119p\tasks-island_0.json,35,4,Place items on the board.,Place items on the board.,board,items,place_on
00638-iePHCSf119p\tasks-island_0.json,35,5,Arrange the shelf.,Place shelf on surface.,shelf,surface,place_on
00638-iePHCSf119p\tasks-island_0.json,39,2,Position the photo.,Place photo on surface.,photo,surface,place_on
00638-iePHCSf119p\tasks-island_0.json,39,3,Arrange the antlers.,Place antlers on surface.,antlers,surface,place_on
00638-iePHCSf119p\tasks-island_0.json,42,5,Secure the items in the cabinet.,Place items in the cabinet.,cabinet,items,place_in
00638-iePHCSf119p\tasks-island_0.json,43,3,Move the plant to the window area.,Carry the plant to the window area.,plant,area,carry
00638-iePHCSf119p\tasks-island_0.json,45,1,Load the dishes into the sink area.,Load the dishes into the sink area.,dishes,area,load
00638-iePHCSf119p\tasks-island_0.json,45,6,Dispose of the empty container.,Dump container.,container,container,dump
00638-iePHCSf119p\tasks-island_0.json,46,2,Arrange the photo display.,Place photo on surface.,photo,surface,place_on
00638-iePHCSf119p\tasks-island_0.json,51,2,Arrange the plant in the corner.,Place plant in receptacle.,plant,receptacle,place_in
00638-iePHCSf119p\tasks-island_0.json,51,4,Position the figurine.,Place figurine on surface.,figurine,surface,place_on
00638-iePHCSf119p\tasks-island_0.json,54,2,Arrange the antlers.,Place antlers on surface.,antlers,surface,place_on
00638-iePHCSf119p\tasks-island_0.json,54,4,Position the plant.,Place plant on surface.,plant,surface,place_on
00638-iePHCSf119p\tasks-island_0.json,56,5,Position the highchair.,Place highchair on surface.,highchair,surface,place_on
00638-iePHCSf119p\tasks-island_0.json,60,4,Position the menu board.,Place menu board on surface.,menu board,surface,place_on
00638-iePHCSf119p\tasks-island_0.json,62,5,Arrange the plant.,Place plant on surface.,plant,surface,place_on
00638-iePHCSf119p\tasks-island_0.json,65,4,Arrange the document.,Place document on surface.,document,surface,place_on
00638-iePHCSf119p\tasks-island_0.json,66,5,Clean the container.,Wipe container.,container,container,wipe
00638-iePHCSf119p\tasks-island_0.json,70,5,Inspect the gas container.,Inspect the gas container.,gas container,container,inspect
00638-iePHCSf119p\tasks-island_0.json,73,3,Stock the refrigerator.,Place items in the refrigerator.,refrigerator,items,place_in
00638-iePHCSf119p\tasks-island_0.json,76,2,Shut off the gas container.,Close the gas container.,gas container,container,close
00638-iePHCSf119p\tasks-island_0.json,79,1,Arrange the bottles.,Place bottles on surface.,bottles,surface,place_on
00638-iePHCSf119p\tasks-island_0.json,84,2,Secure the gas container.,Store the gas container.,gas container,container,place_in
00638-iePHCSf119p\tasks-island_0.json,84,4,Stack the container.,Stack the container.,container,container,stack
00638-iePHCSf119p\tasks-island_0.json,88,1,Stock the premium bottles.,Place items in the bottles.,bottles,items,place_in
00638-iePHCSf119p\tasks-island_0.json,88,6,Display the flower.,Place flower on surface.,flower,surface,place_on
00638-iePHCSf119p\tasks-island_0.json,90,5,Display the figurine.,Place figurine on surface.,figurine,surface,place_on
00638-iePHCSf119p\tasks-island_0.json,94,1,Display the flower.,Place flower on surface.,flower,surface,place_on
00638-iePHCSf119p\tasks-island_0.json,100,1,Display the flower.,Place flower on surface.,flower,surface,place_on
00643-ggNAcMh8JPT\tasks-island_0.json,2,3,Close the blinds in the living area.,Close the blinds in the living area.,blinds,area,close
00643-ggNAcMh8JPT\tasks-island_0.json,3,3,Organize the items on the tray.,Place tray on surface.,tray,surface,place_on
00643-ggNAcMh8JPT\tasks-island_0.json,7,3,Arrange the flower vase.,Place flower vase on surface.,flower vase,surface,place_on
00643-ggNAcMh8JPT\tasks-island_0.json,8,3,Prepare the kitchen appliance.,Wipe kitchen appliance.,kitchen appliance,appliance,wipe
00643-ggNAcMh8JPT\tasks-island_0.json,8,4,Wipe the kitchen countertop items.,Wipe the kitchen countertop items.,kitchen countertop items,items,wipe
00643-ggNAcMh8JPT\tasks-island_0.json,14,2,Clean the kitchen countertop items.,Wipe kitchen countertop items.,kitchen countertop items,items,wipe
00643-ggNAcMh8JPT\tasks-island_0.json,15,3,Arrange the rack.,Place rack on surface.,rack,surface,place_on
00643-ggNAcMh8JPT\tasks-island_0.json,22,2,Clean the kitchen appliance.,Wipe kitchen appliance.,kitchen appliance,appliance,wipe
00643-ggNAcMh8JPT\tasks-island_0.json,25,4,Arrange the rack.,Place rack on surface.,rack,surface,place_on
00643-ggNAcMh8JPT\tasks-island_0.json,33,2,Sort items in the basket of something.,Place basket of something in receptacle.,basket of something,receptacle,place_in
00643-ggNAcMh8JPT\tasks-island_0.json,33,4,Hang items on the rack.,Hang items on the rack.,rack,items,hang
00643-ggNAcMh8JPT\tasks-island_0.json,38,4,Wipe the kitchen countertop item.,Wipe the kitchen countertop item.,kitchen countertop item,item,wipe
00643-ggNAcMh8JPT\tasks-island_0.json,42,2,Arrange the flower vase.,Place flower vase on surface.,flower vase,surface,place_on
00643-ggNAcMh8JPT\tasks-island_0.json,42,4,Stock the refrigerator.,Place items in the refrigerator.,refrigerator,items,place_in
00643-ggNAcMh8JPT\tasks-island_0.json,44,1,Place the laptop on the table.,Place items on the laptop_computer.,laptop_computer,items,place_on
00643-ggNAcMh8JPT\tasks-island_0.json,52,3,Refill the pitcher at the sink.,Use the sink to fill a container.,sink,container,fill
00643-ggNAcMh8JPT\tasks-island_0.json,55,2,Apply paste to the toothbrush.,Place items on the toothbrush.,toothbrush,items,place_on
00643-ggNAcMh8JPT\tasks-island_0.json,56,3,Rearrange the display cabinet.,Place display cabinet on surface.,display cabinet,surface,place_on
00643-ggNAcMh8JPT\tasks-island_0.json,63,2,Unplug the kitchen appliance.,Unplug the kitchen appliance.,kitchen appliance,appliance,unplug
00643-ggNAcMh8JPT\tasks-island_0.json,66,6,Hang clothes on the rack.,Hang items on the rack.,rack,items,hang
00643-ggNAcMh8JPT\tasks-island_0.json,69,6,Arrange items in the display cabinet.,Place display cabinet in receptacle.,display cabinet,receptacle,place_in
00643-ggNAcMh8JPT\tasks-island_0.json,73,4,Move the rack in the storage area.,Reposition the rack in the storage area.,rack,area,reposition
00643-ggNAcMh8JPT\tasks-island_0.json,74,2,Turn on the lamp in the kitchen area.,Turn on the lamp in the kitchen area.,lamp,area,turn_on
00643-ggNAcMh8JPT\tasks-island_0.json,74,3,Activate the heating appliance.,Turn on the appliance.,appliance,appliance,turn_on
00643-ggNAcMh8JPT\tasks-island_0.json,75,3,Wipe the kitchen appliance.,Wipe the kitchen appliance.,kitchen appliance,appliance,wipe
00643-ggNAcMh8JPT\tasks-island_0.json,75,5,Arrange the kitchen countertop item.,Place kitchen countertop item on surface.,kitchen countertop item,"item, surface",place_on
00643-ggNAcMh8JPT\tasks-island_0.json,77,1,Arrange the rack in the storage room.,Place rack in receptacle.,rack,receptacle,place_in
00643-ggNAcMh8JPT\tasks-island_0.json,78,2,Change the sheets on the bed.,Place items on the bed.,bed,items,place_on
00643-ggNAcMh8JPT\tasks-island_0.json,80,2,Position the speaker for better sound.,Place speaker on surface.,speaker,surface,place_on
00643-ggNAcMh8JPT\tasks-island_0.json,82,3,Set the cup on the kitchen counter.,Place cup on surface.,cup,surface,place_on
00643-ggNAcMh8JPT\tasks-island_0.json,83,3,Rearrange the display cabinet.,Place display cabinet on surface.,display cabinet,surface,place_on
00643-ggNAcMh8JPT\tasks-island_0.json,84,2,Arrange flowers in the flower vase.,Place flower vase in receptacle.,flower vase,receptacle,place_in
00643-ggNAcMh8JPT\tasks-island_0.json,89,1,Close the blinds in the living area.,Close the blinds in the living area.,blinds,area,close
00643-ggNAcMh8JPT\tasks-island_0.json,93,3,Set the cup on the counter.,Place cup on surface.,cup,surface,place_on
00643-ggNAcMh8JPT\tasks-island_0.json,94,5,Hang items on the rack.,Hang items on the rack.,rack,items,hang
00643-ggNAcMh8JPT\tasks-island_0.json,94,7,Wipe the kitchen countertop item.,Wipe the kitchen countertop item.,kitchen countertop item,item,wipe
00643-ggNAcMh8JPT\tasks-island_0.json,95,5,Arrange the flowerpot.,Place flowerpot on surface.,flowerpot,surface,place_on
00643-ggNAcMh8JPT\tasks-island_0.json,97,3,Arrange the towel.,Place towel on surface.,towel,surface,place_on
00643-ggNAcMh8JPT\tasks-island_0.json,98,5,Clear the kitchen countertop items.,Wipe kitchen countertop items.,kitchen countertop items,items,wipe
00643-ggNAcMh8JPT\tasks-island_0.json,99,6,Arrange the shampoo.,Place shampoo on surface.,shampoo,surface,place_on
00643-ggNAcMh8JPT\tasks-island_0.json,100,6,Arrange the flowerpot.,Place flowerpot on surface.,flowerpot,surface,place_on
00643-ggNAcMh8JPT\tasks-island_0.json,102,7,Arrange the cabinet.,Place cabinet on surface.,cabinet,surface,place_on
00643-ggNAcMh8JPT\tasks-island_0.json,103,1,Wipe the kitchen countertop items.,Wipe the kitchen countertop items.,kitchen countertop items,items,wipe
00643-ggNAcMh8JPT\tasks-island_0.json,103,2,Clean the kitchen appliance.,Wipe kitchen appliance.,kitchen appliance,appliance,wipe
00643-ggNAcMh8JPT\tasks-island_0.json,104,4,Arrange the flower vase.,Place flower vase on surface.,flower vase,surface,place_on
00643-ggNAcMh8JPT\tasks-island_0.json,110,2,Arrange the basket of something.,Place basket of something on surface.,basket of something,surface,place_on
00643-ggNAcMh8JPT\tasks-island_0.json,114,6,Arrange the flower vase.,Place flower vase on surface.,flower vase,surface,place_on
00643-ggNAcMh8JPT\tasks-island_0.json,118,6,Clear the kitchen countertop item.,Wipe kitchen countertop item.,kitchen countertop item,item,wipe
00643-ggNAcMh8JPT\tasks-island_0.json,121,5,Clean the kitchen appliance.,Wipe kitchen appliance.,kitchen appliance,appliance,wipe
00643-ggNAcMh8JPT\tasks-island_0.json,126,6,Arrange the flower vase.,Place flower vase on surface.,flower vase,surface,place_on
00643-ggNAcMh8JPT\tasks-island_0.json,130,3,Organize the kitchen countertop items.,Straighten kitchen countertop items.,kitchen countertop items,items,straighten
00643-ggNAcMh8JPT\tasks-island_0.json,131,3,Sort items in the basket of something.,Place basket of something in receptacle.,basket of something,receptacle,place_in
00643-ggNAcMh8JPT\tasks-island_0.json,133,5,Clear the kitchen countertop item.,Wipe kitchen countertop item.,kitchen countertop item,item,wipe
00643-ggNAcMh8JPT\tasks-island_1.json,0,2,Retrieve the vacuum cleaner from the storage area.,Pick up the vacuum cleaner from the storage area.,vacuum cleaner,area,pick_up
00643-ggNAcMh8JPT\tasks-island_1.json,2,1,Straighten the objects on the shelf.,Straighten items on the shelf.,shelf,items,straighten
00643-ggNAcMh8JPT\tasks-island_1.json,5,2,Organize the items on the rack.,Place rack on surface.,rack,surface,place_on
00643-ggNAcMh8JPT\tasks-island_1.json,9,2,Load the appliance with clothes.,Load the appliance with the clothes.,appliance,appliance,load
00643-ggNAcMh8JPT\tasks-island_1.json,14,1,Carry the bag to the staging area.,Carry the bag to the staging area.,bag,area,carry
00643-ggNAcMh8JPT\tasks-island_1.json,14,2,Pack the items into the basket.,Load items into the basket.,basket,items,load
00643-ggNAcMh8JPT\tasks-island_1.json,15,1,Organize the magazines on the shelf.,Place shelf on surface.,shelf,surface,place_on
00643-ggNAcMh8JPT\tasks-island_1.json,16,2,Arrange the tools on the rack.,Place rack on surface.,rack,surface,place_on
00643-ggNAcMh8JPT\tasks-island_1.json,16,4,Tidy the items inside the cabinet.,Place cabinet in receptacle.,cabinet,receptacle,place_in
00643-ggNAcMh8JPT\tasks-island_1.json,23,4,Arrange the book rack.,Place book rack on surface.,book rack,surface,place_on
00643-ggNAcMh8JPT\tasks-island_1.json,24,5,Shift the appliance.,Carry the appliance.,appliance,appliance,carry
00643-ggNAcMh8JPT\tasks-island_1.json,32,3,Arrange the book rack.,Place book rack on surface.,book rack,surface,place_on
00643-ggNAcMh8JPT\tasks-island_1.json,33,5,Fix the appliance.,Turn on the appliance.,appliance,appliance,turn_on
00643-ggNAcMh8JPT\tasks-island_1.json,40,2,Arrange the pipe.,Place pipe on surface.,pipe,surface,place_on
00643-ggNAcMh8JPT\tasks-island_1.json,41,4,Wipe the appliance.,Wipe the appliance.,appliance,appliance,wipe
00643-ggNAcMh8JPT\tasks-island_1.json,47,1,Organize the items on the shelf.,Place shelf on surface.,shelf,surface,place_on
00643-ggNAcMh8JPT\tasks-island_1.json,47,3,Place the loose items into the box.,Place the loose items in the box.,box,items,place_in
00643-ggNAcMh8JPT\tasks-island_1.json,48,3,Position the ladder near the work area.,Reposition the ladder near the work area.,ladder,area,reposition
00643-ggNAcMh8JPT\tasks-island_1.json,52,4,Shift the appliance to its proper place.,Carry the appliance to the proper place.,appliance,appliance,carry
00643-ggNAcMh8JPT\tasks-island_1.json,52,5,Arrange the cabinet contents.,Place cabinet in receptacle.,cabinet,receptacle,place_in
00643-ggNAcMh8JPT\tasks-island_1.json,52,6,Organize the items on the rack.,Place rack in receptacle.,rack,receptacle,place_in
00643-ggNAcMh8JPT\tasks-island_1.json,53,2,Pack the book into a container.,Load the book into the container.,book,container,load
00643-ggNAcMh8JPT\tasks-island_1.json,53,6,Move the chest to the loading area.,Carry the chest to the loading area.,chest,area,carry
00643-ggNAcMh8JPT\tasks-island_1.json,56,4,Move the appliance into position.,Carry the appliance into the position.,appliance,appliance,carry
00643-ggNAcMh8JPT\tasks-island_1.json,58,1,Organize the tools on the shelf.,Place shelf on surface.,shelf,surface,place_on
00643-ggNAcMh8JPT\tasks-island_1.json,58,5,Organize the items in the case.,Place case in receptacle.,case,receptacle,place_in
00643-ggNAcMh8JPT\tasks-island_1.json,59,3,Position the ladder for high spots.,Place ladder on surface.,ladder,surface,place_on
00643-ggNAcMh8JPT\tasks-island_1.json,62,4,Move the appliance to the exit.,Carry the appliance to the exit.,appliance,appliance,carry
00643-ggNAcMh8JPT\tasks-island_1.json,63,4,Arrange the exercise machine.,Place exercise machine on surface.,exercise machine,surface,place_on
00643-ggNAcMh8JPT\tasks-island_1.json,63,5,Position the fan for better airflow.,Place fan on surface.,fan,surface,place_on
00643-ggNAcMh8JPT\tasks-island_1.json,65,6,Open the cabinet to find more items.,Open the cabinet to find more items.,cabinet,items,open
00643-ggNAcMh8JPT\tasks-island_1.json,68,6,Move the chest into its new spot.,Carry the chest into the new spot.,chest,spot,carry
00643-ggNAcMh8JPT\tasks-island_1.json,69,2,Arrange the book rack.,Place book rack on surface.,book rack,surface,place_on
00643-ggNAcMh8JPT\tasks-island_1.json,69,6,Adjust the appliance.,Reposition the appliance.,appliance,appliance,reposition
00643-ggNAcMh8JPT\tasks-island_1.json,70,5,Move the appliance into place.,Carry the appliance into the place.,appliance,appliance,carry
00643-ggNAcMh8JPT\tasks-island_1.json,71,3,Move the bag to a higher spot.,Carry the bag to the higher spot.,bag,spot,carry
00643-ggNAcMh8JPT\tasks-island_1.json,74,1,Organize the items on the shelf.,Place shelf on surface.,shelf,surface,place_on
00643-ggNAcMh8JPT\tasks-island_1.json,74,5,Arrange the rack.,Place rack on surface.,rack,surface,place_on
00643-ggNAcMh8JPT\tasks-island_1.json,80,7,Turn off the appliance.,Turn off the appliance.,appliance,appliance,turn_off
00643-ggNAcMh8JPT\tasks-island_1.json,83,5,Repair the appliance.,Turn on the appliance.,appliance,appliance,turn_on
00643-ggNAcMh8JPT\tasks-island_1.json,89,7,Unplug the appliance.,Unplug the appliance.,appliance,appliance,unplug
00643-ggNAcMh8JPT\tasks-island_1.json,91,1,Arrange the rack.,Place rack on surface.,rack,surface,place_on
00643-ggNAcMh8JPT\tasks-island_1.json,98,5,Organize the appliance.,Straighten appliance.,appliance,appliance,straighten
00643-ggNAcMh8JPT\tasks-island_1.json,100,7,Arrange the rack.,Place rack on surface.,rack,surface,place_on
00657-TSJmdttd2GV\tasks-island_2.json,4,1,Hang the clothes on the closet rod.,Hang items in the closet rod.,closet rod,items,hang
00657-TSJmdttd2GV\tasks-island_2.json,4,3,Arrange the chest of drawers.,Place chest of drawers on surface.,chest of drawers,surface,place_on
00657-TSJmdttd2GV\tasks-island_2.json,6,3,Reposition the flowerpot.,Place flowerpot in receptacle.,flowerpot,receptacle,place_in
00657-TSJmdttd2GV\tasks-island_2.json,11,3,Arrange the book on the shelving.,Place book on surface.,book,surface,place_on
00657-TSJmdttd2GV\tasks-island_2.json,19,3,Arrange the basket.,Place basket on surface.,basket,surface,place_on
00657-TSJmdttd2GV\tasks-island_2.json,23,3,Arrange the side table.,Place side table on surface.,side table,surface,place_on
00657-TSJmdttd2GV\tasks-island_2.json,24,2,Arrange the chess board.,Place chess on surface.,chess,surface,place_on
00657-TSJmdttd2GV\tasks-island_2.json,28,4,Arrange objects on the shelving.,Place shelving on surface.,shelving,surface,place_on
00657-TSJmdttd2GV\tasks-island_2.json,36,2,Fill the cup at the sink.,Use the sink to fill a container.,sink,container,fill
00657-TSJmdttd2GV\tasks-island_2.json,37,2,Fill a pitcher at the sink.,Use the sink to fill a container.,sink,container,fill
00657-TSJmdttd2GV\tasks-island_2.json,38,2,Arrange the hanging clothes.,Place hanging clothes on surface.,hanging clothes,surface,place_on
00657-TSJmdttd2GV\tasks-island_2.json,62,3,Hang something on the closet rod.,Hang items in the closet rod.,closet rod,items,hang
00657-TSJmdttd2GV\tasks-island_2.json,68,3,Arrange the cabinet.,Place cabinet on surface.,cabinet,surface,place_on
00657-TSJmdttd2GV\tasks-island_2.json,76,6,Set the cup.,Place cup on surface.,cup,surface,place_on
00657-TSJmdttd2GV\tasks-island_2.json,92,3,Arrange the shelving.,Place shelving on surface.,shelving,surface,place_on
00657-TSJmdttd2GV\tasks-island_2.json,95,4,Move the armchair to a comfortable spot.,Reposition the armchair to the comfortable spot.,armchair,spot,reposition
00657-TSJmdttd2GV\tasks-island_2.json,95,7,Dust the lamp in the dining area.,Dust the lamp in the dining area.,lamp,area,dust
00657-TSJmdttd2GV\tasks-island_2.json,97,6,Arrange the spice rack.,Place spice rack on surface.,spice rack,surface,place_on
00657-TSJmdttd2GV\tasks-island_2.json,99,5,Arrange the flowerpot on the dining table.,Place flowerpot on surface.,flowerpot,surface,place_on
00657-TSJmdttd2GV\tasks-island_2.json,100,3,Wipe the kitchen counter near the toaster.,Wipe the area near the toaster.,toaster,area,wipe
00657-TSJmdttd2GV\tasks-island_2.json,100,4,Organize the books on the shelving.,Place shelving on surface.,shelving,surface,place_on
00657-TSJmdttd2GV\tasks-island_2.json,101,6,Wipe the mirror in the dressing area.,Wipe the mirror in the dressing area.,mirror,area,wipe
00657-TSJmdttd2GV\tasks-island_2.json,105,1,Dust the plant in the living area.,Dust the plant in the living area.,plant,area,dust
00657-TSJmdttd2GV\tasks-island_2.json,107,3,Dust the lamp in the dining area.,Dust the lamp in the dining area.,lamp,area,dust
00657-TSJmdttd2GV\tasks-island_2.json,114,2,Turn off the lamp in the dining area.,Turn off the lamp in the dining area.,lamp,area,turn_off
00657-TSJmdttd2GV\tasks-island_2.json,117,2,Fold the table cloth in the dining area.,Fold the table cloth in the dining area.,table cloth,area,fold
00657-TSJmdttd2GV\tasks-island_2.json,123,5,Straighten the mirror in the dressing area.,Straighten the mirror in the dressing area.,mirror,area,straighten
00657-TSJmdttd2GV\tasks-island_2.json,125,5,Wipe the mirror in the dressing area.,Wipe the mirror in the dressing area.,mirror,area,wipe
00662-aRKASs4e8j1\tasks-island_0.json,1,3,Organize the papers into the folder.,Place folder in receptacle.,folder,receptacle,place_in
00662-aRKASs4e8j1\tasks-island_0.json,5,4,Put the tray back in the storage area.,Place the tray in the storage area.,tray,area,place_in
00662-aRKASs4e8j1\tasks-island_0.json,6,3,Arrange the items on the rack.,Place rack on surface.,rack,surface,place_on
00662-aRKASs4e8j1\tasks-island_0.json,7,1,Wipe down the electronic device.,Wipe the device.,device,device,wipe
00662-aRKASs4e8j1\tasks-island_0.json,7,2,Organize the tools on the rack.,Place rack on surface.,rack,surface,place_on
00662-aRKASs4e8j1\tasks-island_0.json,10,2,Organize the pages in the folder.,Place folder in receptacle.,folder,receptacle,place_in
00662-aRKASs4e8j1\tasks-island_0.json,12,4,Pack the remaining items into the box.,Load items into the box.,box,items,load
00662-aRKASs4e8j1\tasks-island_0.json,13,4,Set the tray with water glasses.,Place tray on surface.,tray,surface,place_on
00662-aRKASs4e8j1\tasks-island_0.json,16,4,Place the tray back in its spot.,Place the tray in its spot.,tray,spot,place_in
00662-aRKASs4e8j1\tasks-island_0.json,17,3,Get the bowl from the kitchen area.,Pick up the bowl from the kitchen area.,bowl,area,pick_up
00662-aRKASs4e8j1\tasks-island_0.json,20,4,Replace the bulb in the light fixture.,Place items in the light fixture.,light fixture,items,place_in
00662-aRKASs4e8j1\tasks-island_0.json,22,4,Wipe down the surface.,Wipe the surface.,surface,surface,wipe
00662-aRKASs4e8j1\tasks-island_0.json,26,4,Wipe the device.,Wipe the device.,device,device,wipe
00662-aRKASs4e8j1\tasks-island_0.json,27,3,Arrange the shelf.,Place shelf on surface.,shelf,surface,place_on
00662-aRKASs4e8j1\tasks-island_0.json,30,3,Service the device.,Inspect the device.,device,device,inspect
00662-aRKASs4e8j1\tasks-island_0.json,34,1,Clean the surface.,Wipe surface.,surface,surface,wipe
00662-aRKASs4e8j1\tasks-island_0.json,41,3,Inspect the device.,Inspect the device.,device,device,inspect
00662-aRKASs4e8j1\tasks-island_0.json,44,5,Put items in the bin.,Place items in the bin.,bin,items,place_in
00662-aRKASs4e8j1\tasks-island_0.json,47,3,Check the device.,Inspect the device.,device,device,inspect
00662-aRKASs4e8j1\tasks-island_0.json,56,3,Inspect the device.,Inspect the device.,device,device,inspect
00662-aRKASs4e8j1\tasks-island_0.json,63,1,Check the device.,Inspect the device.,device,device,inspect
00662-aRKASs4e8j1\tasks-island_0.json,67,2,Hang the coat on the coat rack.,Hang items on the coat rack.,coat rack,items,hang
00662-aRKASs4e8j1\tasks-island_0.json,69,4,Position the monitor.,Place monitor on surface.,monitor,surface,place_on
00662-aRKASs4e8j1\tasks-island_0.json,70,4,Inspect the device.,Inspect the device.,device,device,inspect
00662-aRKASs4e8j1\tasks-island_0.json,75,6,Inspect the device.,Inspect the device.,device,device,inspect
00662-aRKASs4e8j1\tasks-island_0.json,76,2,Arrange the shelf.,Place shelf on surface.,shelf,surface,place_on
00662-aRKASs4e8j1\tasks-island_0.json,77,1,Arrange the coat.,Place coat on surface.,coat,surface,place_on
00662-aRKASs4e8j1\tasks-island_0.json,79,1,Reset the device.,Inspect the device.,device,device,inspect
00662-aRKASs4e8j1\tasks-island_0.json,85,3,Position the pillar.,Place pillar on surface.,pillar,surface,place_on
00662-aRKASs4e8j1\tasks-island_0.json,87,3,Position the monitor.,Place monitor on surface.,monitor,surface,place_on
00662-aRKASs4e8j1\tasks-island_0.json,87,5,Set the handbag down.,Place handbag on surface.,handbag,surface,place_on
00662-aRKASs4e8j1\tasks-island_0.json,88,2,Inspect the device.,Inspect the device.,device,device,inspect
00662-aRKASs4e8j1\tasks-island_0.json,93,5,Arrange the rack.,Place rack on surface.,rack,surface,place_on
00662-aRKASs4e8j1\tasks-island_0.json,102,5,Arrange the shelf.,Place shelf on surface.,shelf,surface,place_on
00662-aRKASs4e8j1\tasks-island_0.json,103,2,Position the monitor.,Place monitor on surface.,monitor,surface,place_on
00664-u5atqC7vRCY\tasks-island_0.json,16,3,Secure the wall board to the wall.,Place items in the wall board.,wall board,items,place_in
00664-u5atqC7vRCY\tasks-island_0.json,38,3,Stack the boxes with books.,Place items on the boxes with books.,boxes with books,items,place_on
00664-u5atqC7vRCY\tasks-island_0.json,51,3,Organize the books on the shelf.,Place shelf on surface.,shelf,surface,place_on
00664-u5atqC7vRCY\tasks-island_0.json,55,2,Arrange the basket of something.,Place basket of something on surface.,basket of something,surface,place_on
00664-u5atqC7vRCY\tasks-island_0.json,55,3,Stack the boxes with books.,Place items on the boxes with books.,boxes with books,items,place_on
00664-u5atqC7vRCY\tasks-island_0.json,58,3,Store items in the cabinet.,Place items in the cabinet.,cabinet,items,place_in
00664-u5atqC7vRCY\tasks-island_0.json,97,6,Organize files in the cabinet.,Place cabinet in receptacle.,cabinet,receptacle,place_in
00664-u5atqC7vRCY\tasks-island_0.json,100,5,Set the plate on the table.,Place plate on surface.,plate,surface,place_on
00664-u5atqC7vRCY\tasks-island_0.json,105,4,Store items in the cabinet.,Place items in the cabinet.,cabinet,items,place_in
00664-u5atqC7vRCY\tasks-island_0.json,121,6,Set the plate on the counter.,Place plate on surface.,plate,surface,place_on
00664-u5atqC7vRCY\tasks-island_0.json,124,1,Set the coffee maker to start brewing.,Place coffee maker on surface.,coffee_maker,surface,place_on
00664-u5atqC7vRCY\tasks-island_0.json,131,7,Hang the clothes in the closet area.,Hang the clothes in the closet area.,clothes,area,hang
00664-u5atqC7vRCY\tasks-island_0.json,132,1,Set the coffee maker for the visitors.,Place coffee maker on surface.,coffee_maker,surface,place_on
00664-u5atqC7vRCY\tasks-island_0.json,134,7,Hang the clothes in the wardrobe area.,Hang the clothes in the wardrobe area.,clothes,area,hang
00664-u5atqC7vRCY\tasks-island_0.json,139,4,Open the wardrobe to put things away.,Open the wardrobe to put things.,wardrobe,things,open
00664-u5atqC7vRCY\tasks-island_0.json,143,1,Stack the boxes with books neatly.,Place items on the boxes with books.,boxes with books,items,place_on
00664-u5atqC7vRCY\tasks-island_0.json,145,7,Move the chair back to its original spot.,Reposition the chair to the original spot.,chair,spot,reposition
00664-u5atqC7vRCY\tasks-island_0.json,147,1,Set the coffee maker for the morning.,Place coffee maker on surface.,coffee_maker,surface,place_on
00664-u5atqC7vRCY\tasks-island_0.json,153,7,Arrange the beanbag for a break.,Place beanbag on surface.,beanbag,surface,place_on
00664-u5atqC7vRCY\tasks-island_0.json,156,2,Set the plate on the table.,Place plate on surface.,plate,surface,place_on
00664-u5atqC7vRCY\tasks-island_0.json,157,4,Rearrange the shelf display.,Place shelf on surface.,shelf,surface,place_on
00664-u5atqC7vRCY\tasks-island_0.json,162,4,Replace the bulb in the lamp.,Place items in the lamp.,lamp,items,place_in
00664-u5atqC7vRCY\tasks-island_0.json,168,7,Vacuum under the sofa.,Vacuum the area under the sofa.,sofa,area,vacuum
00664-u5atqC7vRCY\tasks-island_0.json,170,1,Position the laptop computer.,Place laptop computer on surface.,laptop_computer,surface,place_on
00664-u5atqC7vRCY\tasks-island_0.json,170,2,Pull up the chair to the desk area.,Pull the chair to the desk area.,chair,area,pull
00664-u5atqC7vRCY\tasks-island_0.json,171,2,Restock the shelf with towels.,Place items on the shelf.,shelf,items,place_on
00668-6YtDG3FhNvx\tasks-island_0.json,5,2,Wipe down the kitchen appliance.,Wipe the kitchen appliance.,kitchen appliance,appliance,wipe
00668-6YtDG3FhNvx\tasks-island_0.json,5,4,Put the handbag away in the cabinet.,Store items in the cabinet.,cabinet,items,store
00668-6YtDG3FhNvx\tasks-island_0.json,11,3,Set the heater for a warm room.,Place heater on surface.,heater,surface,place_on
00668-6YtDG3FhNvx\tasks-island_0.json,18,2,Wipe the kitchen appliance.,Wipe the kitchen appliance.,kitchen appliance,appliance,wipe
00668-6YtDG3FhNvx\tasks-island_0.json,28,2,Put items in the refrigerator.,Place items in the refrigerator.,refrigerator,items,place_in
00668-6YtDG3FhNvx\tasks-island_0.json,28,4,Wipe the kitchen appliance.,Wipe the kitchen appliance.,kitchen appliance,appliance,wipe
00668-6YtDG3FhNvx\tasks-island_0.json,31,2,Arrange the vase.,Place vase on surface.,vase,surface,place_on
00668-6YtDG3FhNvx\tasks-island_0.json,34,5,Set the kitchen appliance.,Set up the kitchen appliance.,kitchen appliance,appliance,set_up
00668-6YtDG3FhNvx\tasks-island_0.json,40,2,Put the handbag away in the cabinet.,Store items in the cabinet.,cabinet,items,store
00668-6YtDG3FhNvx\tasks-island_0.json,41,6,Hang the clean clothes in the wardrobe.,Hang items in the wardrobe.,wardrobe,items,hang
00668-6YtDG3FhNvx\tasks-island_0.json,42,1,Store items in the cabinet.,Place items in the cabinet.,cabinet,items,place_in
00668-6YtDG3FhNvx\tasks-island_0.json,45,4,Check the kitchen appliance for food prep.,Inspect the kitchen appliance.,kitchen appliance,appliance,inspect
00668-6YtDG3FhNvx\tasks-island_0.json,49,2,Organize the items in the cabinet.,Place cabinet in receptacle.,cabinet,receptacle,place_in
00668-6YtDG3FhNvx\tasks-island_0.json,49,5,Wipe down the kitchen appliance.,Wipe the kitchen appliance.,kitchen appliance,appliance,wipe
00668-6YtDG3FhNvx\tasks-island_0.json,50,2,Lay out an outfit from the wardrobe.,Place items in the wardrobe.,wardrobe,items,place_in
00668-6YtDG3FhNvx\tasks-island_0.json,52,2,Rehang coats in the wardrobe.,Hang items in the wardrobe.,wardrobe,items,hang
00668-6YtDG3FhNvx\tasks-island_0.json,52,5,Place the vase on a new spot.,Place the vase on a new spot.,vase,spot,place_on
00668-6YtDG3FhNvx\tasks-island_0.json,53,4,Plug in the kitchen appliance.,Plug in the kitchen appliance.,kitchen appliance,appliance,plug_in
00668-6YtDG3FhNvx\tasks-island_0.json,66,4,Organize the kitchen appliance.,Straighten kitchen appliance.,kitchen appliance,appliance,straighten
00668-6YtDG3FhNvx\tasks-island_0.json,66,7,Arrange the vase.,Place vase on surface.,vase,surface,place_on
00668-6YtDG3FhNvx\tasks-island_0.json,80,3,Get the kitchen appliance.,Pick up the kitchen appliance.,kitchen appliance,appliance,pick_up
00668-6YtDG3FhNvx\tasks-island_0.json,82,7,Set the heater.,Place heater on surface.,heater,surface,place_on
00668-6YtDG3FhNvx\tasks-island_0.json,84,2,Arrange the vase.,Place vase on surface.,vase,surface,place_on
00669-DNWbUAJYsPy\tasks-island_0.json,2,3,Arrange the pillows on the sofa seat.,Place sofa seat on surface.,sofa seat,surface,place_on
00669-DNWbUAJYsPy\tasks-island_0.json,10,3,Organize the items in the cabinet.,Place cabinet in receptacle.,cabinet,receptacle,place_in
00669-DNWbUAJYsPy\tasks-island_0.json,18,3,Arrange the pillows on the sofa seat.,Place sofa seat on surface.,sofa seat,surface,place_on
00669-DNWbUAJYsPy\tasks-island_0.json,29,2,Arrange the pillows on the sofa seat.,Place sofa seat on surface.,sofa seat,surface,place_on
00669-DNWbUAJYsPy\tasks-island_0.json,33,5,Set the cup on the table.,Place cup on surface.,cup,surface,place_on
00669-DNWbUAJYsPy\tasks-island_0.json,42,1,Arrange the towel.,Place towel on surface.,towel,surface,place_on
00669-DNWbUAJYsPy\tasks-island_0.json,42,6,Arrange the cup.,Place cup on surface.,cup,surface,place_on
00669-DNWbUAJYsPy\tasks-island_0.json,46,3,Arrange the shelf.,Place shelf on surface.,shelf,surface,place_on
00669-DNWbUAJYsPy\tasks-island_0.json,47,3,Arrange the pillows on the sofa seat.,Place sofa seat on surface.,sofa seat,surface,place_on
00669-DNWbUAJYsPy\tasks-island_0.json,56,3,Rearrange the cabinet.,Place cabinet on surface.,cabinet,surface,place_on
00669-DNWbUAJYsPy\tasks-island_0.json,58,5,Put the handbag on the chair.,Place items on the armchair.,armchair,items,place_on
00669-DNWbUAJYsPy\tasks-island_0.json,61,2,Arrange the sofa seat.,Place sofa seat on surface.,sofa seat,surface,place_on
00669-DNWbUAJYsPy\tasks-island_0.json,65,1,Arrange the towel.,Place towel on surface.,towel,surface,place_on
00680-YmWinf3mhb5\tasks-island_0.json,2,3,Organize the items on the shelf.,Place shelf on surface.,shelf,surface,place_on
00680-YmWinf3mhb5\tasks-island_0.json,3,4,Place the items on the cabinet.,Place the items on the cabinet.,cabinet,items,place_on
00680-YmWinf3mhb5\tasks-island_0.json,5,4,Arrange the seat in the room.,Place seat in receptacle.,seat,receptacle,place_in
00680-YmWinf3mhb5\tasks-island_0.json,13,2,Fill a pitcher at the sink.,Use the sink to fill a container.,sink,container,fill
00680-YmWinf3mhb5\tasks-island_0.json,21,4,Stack items in the shelving.,Place items in the shelving.,shelving,items,place_in
00680-YmWinf3mhb5\tasks-island_0.json,25,3,Organize the appliance.,Straighten appliance.,appliance,appliance,straighten
00680-YmWinf3mhb5\tasks-island_0.json,26,5,Load the dirty towels into the washing machine.,Load items into the washing machine.,washing machine,items,load
00680-YmWinf3mhb5\tasks-island_0.json,28,3,Arrange the bouquet on the living room shelf.,Place bouquet on surface.,bouquet,surface,place_on
00680-YmWinf3mhb5\tasks-island_0.json,29,2,Organize the items inside the box.,Place box in receptacle.,box,receptacle,place_in
00680-YmWinf3mhb5\tasks-island_0.json,29,5,Hang the stray items on the rack.,Hang items on the rack.,rack,items,hang
00680-YmWinf3mhb5\tasks-island_0.json,31,2,Close the window curtain in the dining area.,Close the window curtain in the dining area.,window curtain,area,close
00680-YmWinf3mhb5\tasks-island_0.json,34,1,Plump the cushions on the couch.,Fluff items on the couch.,couch,items,fluff
00680-YmWinf3mhb5\tasks-island_0.json,34,2,Arrange the bouquet on the side table.,Place bouquet on surface.,bouquet,surface,place_on
00680-YmWinf3mhb5\tasks-island_0.json,34,5,Organize the remotes in the cabinet.,Place cabinet in receptacle.,cabinet,receptacle,place_in
00680-YmWinf3mhb5\tasks-island_0.json,36,4,Pop some popcorn in the microwave.,Place items in the microwave.,microwave,items,place_in
00680-YmWinf3mhb5\tasks-island_0.json,37,2,Draw the window curtain in the dining area.,Close the window curtain in the dining area.,window curtain,area,close
00680-YmWinf3mhb5\tasks-island_0.json,45,4,Clean the kitchen appliance after use.,Wipe kitchen appliance.,kitchen appliance,appliance,wipe
00680-YmWinf3mhb5\tasks-island_0.json,46,4,Organize shoes in the wardrobe.,Place wardrobe in receptacle.,wardrobe,receptacle,place_in
00680-YmWinf3mhb5\tasks-island_0.json,48,3,Refill the watering can at the sink.,Place sink in receptacle.,sink,receptacle,place_in
00680-YmWinf3mhb5\tasks-island_0.json,49,1,Pack essentials into the bag.,Load items into the bag.,bag,items,load
00680-YmWinf3mhb5\tasks-island_0.json,51,5,Dust the kitchen appliance.,Dust the appliance.,appliance,appliance,dust
00680-YmWinf3mhb5\tasks-island_0.json,57,4,Organize toiletries in the sink cabinet.,Place sink cabinet in receptacle.,sink cabinet,receptacle,place_in
00680-YmWinf3mhb5\tasks-island_0.json,65,1,Hang a towel on the towel bar.,Hang items on the towel bar.,towel bar,items,hang
00680-YmWinf3mhb5\tasks-island_0.json,66,3,Arrange the cosmetics.,Place cosmetics on surface.,cosmetics,surface,place_on
00680-YmWinf3mhb5\tasks-island_0.json,72,5,Store items in the kitchen lower cabinet.,Place items in the kitchen lower cabinet.,kitchen lower cabinet,items,place_in
00680-YmWinf3mhb5\tasks-island_0.json,74,3,Position the seat.,Place seat on surface.,seat,surface,place_on
00680-YmWinf3mhb5\tasks-island_0.json,76,2,Wipe the kitchen appliance.,Wipe the kitchen appliance.,kitchen appliance,appliance,wipe
00680-YmWinf3mhb5\tasks-island_0.json,78,1,Change the sheets on the bed.,Place items on the bed.,bed,items,place_on
00680-YmWinf3mhb5\tasks-island_0.json,80,2,Hang clothes in the wardrobe.,Hang items in the wardrobe.,wardrobe,items,hang
00680-YmWinf3mhb5\tasks-island_0.json,82,6,Set the cup down.,Place cup on surface.,cup,surface,place_on
00680-YmWinf3mhb5\tasks-island_0.json,86,2,Plump the cushions on the couch.,Fluff items on the couch.,couch,items,fluff
00680-YmWinf3mhb5\tasks-island_0.json,86,5,Arrange the bouquet.,Place bouquet on surface.,bouquet,surface,place_on
00680-YmWinf3mhb5\tasks-island_0.json,87,3,Position the desk lamp.,Place desk lamp on surface.,desk lamp,surface,place_on
00680-YmWinf3mhb5\tasks-island_0.json,88,6,Position the seat.,Place seat in receptacle.,seat,receptacle,place_in
00680-YmWinf3mhb5\tasks-island_0.json,89,3,Put away dishes in the kitchen lower cabinet.,Store items in the kitchen lower cabinet.,kitchen lower cabinet,items,store
00680-YmWinf3mhb5\tasks-island_0.json,90,2,Arrange the bouquet.,Place bouquet on surface.,bouquet,surface,place_on
00680-YmWinf3mhb5\tasks-island_0.json,97,6,Place the items on the coffee table.,Place the items on the coffee table.,coffee table,items,place_on
00680-YmWinf3mhb5\tasks-island_0.json,100,2,Hang it on the towel bar.,Hang items on the towel bar.,towel bar,items,hang
00680-YmWinf3mhb5\tasks-island_0.json,105,4,Check the kitchen appliance.,Inspect the kitchen appliance.,kitchen appliance,appliance,inspect
00680-YmWinf3mhb5\tasks-island_0.json,115,4,Turn on the appliance.,Turn on the appliance.,appliance,appliance,turn_on
00680-YmWinf3mhb5\tasks-island_0.json,118,3,Wipe the appliance.,Wipe the appliance.,appliance,appliance,wipe
00685-ENiCjXWB6aQ\tasks-island_0.json,0,1,Put the laptop in the cabinet.,Place items in the shelf / cabinet.,shelf / cabinet,items,place_in
00685-ENiCjXWB6aQ\tasks-island_0.json,9,5,Arrange the medal.,Place medal on surface.,medal,surface,place_on
00685-ENiCjXWB6aQ\tasks-island_0.json,10,3,Arrange the plush toy.,Place plush toy on surface.,plush toy,surface,place_on
00685-ENiCjXWB6aQ\tasks-island_0.json,16,2,Arrange the piano stool.,Place piano stool on surface.,piano stool,surface,place_on
00685-ENiCjXWB6aQ\tasks-island_0.json,18,2,Dust the tv stand in the living area.,Dust the tv stand in the living area.,tv stand,area,dust
00685-ENiCjXWB6aQ\tasks-island_0.json,49,5,Set the pillow.,Place pillow on surface.,pillow,surface,place_on
00685-ENiCjXWB6aQ\tasks-island_1.json,7,3,Wipe the kitchen appliance.,Wipe the kitchen appliance.,kitchen appliance,appliance,wipe
00685-ENiCjXWB6aQ\tasks-island_1.json,9,2,Refill the bottle at the sink.,Use the sink to fill a container.,sink,container,fill
00685-ENiCjXWB6aQ\tasks-island_1.json,18,3,Clear the kitchen appliance.,Wipe kitchen appliance.,kitchen appliance,appliance,wipe
00685-ENiCjXWB6aQ\tasks-island_1.json,32,1,Fill a container at the faucet.,Use the faucet to fill a container.,faucet,container,fill
00685-ENiCjXWB6aQ\tasks-island_1.json,35,3,Clean the kitchen appliance.,Wipe kitchen appliance.,kitchen appliance,appliance,wipe
00685-ENiCjXWB6aQ\tasks-island_1.json,36,4,Arrange the ornament.,Place ornament on surface.,ornament,surface,place_on
00685-ENiCjXWB6aQ\tasks-island_1.json,39,5,Set the wine bottle on the table.,Place wine bottle on surface.,wine_bottle,surface,place_on
00685-ENiCjXWB6aQ\tasks-island_1.json,46,5,Organize the kitchen appliance.,Straighten kitchen appliance.,kitchen appliance,appliance,straighten
00685-ENiCjXWB6aQ\tasks-island_1.json,54,4,Set the kitchen appliance.,Set up the kitchen appliance.,kitchen appliance,appliance,set_up
00685-ENiCjXWB6aQ\tasks-island_1.json,59,2,Fill a container at the faucet.,Use the faucet to fill a container.,faucet,container,fill
00685-ENiCjXWB6aQ\tasks-island_1.json,67,3,Store the kitchen appliance.,Store the kitchen appliance.,kitchen appliance,appliance,store
00685-ENiCjXWB6aQ\tasks-island_1.json,72,6,Pack it on the side table.,Load items into the side table.,side table,items,load
00685-ENiCjXWB6aQ\tasks-island_1.json,74,4,Use the kitchen appliance.,Inspect the kitchen appliance.,kitchen appliance,appliance,inspect
00685-ENiCjXWB6aQ\tasks-island_1.json,81,4,Turn on the kitchen appliance.,Turn on the kitchen appliance.,kitchen appliance,appliance,turn_on
00685-ENiCjXWB6aQ\tasks-island_1.json,85,4,Clean the kitchen appliance.,Wipe kitchen appliance.,kitchen appliance,appliance,wipe
00685-ENiCjXWB6aQ\tasks-island_1.json,94,4,Clean the kitchen appliance.,Wipe kitchen appliance.,kitchen appliance,appliance,wipe
00685-ENiCjXWB6aQ\tasks-island_1.json,98,5,Clean the kitchen appliance.,Wipe kitchen appliance.,kitchen appliance,appliance,wipe
00685-ENiCjXWB6aQ\tasks-island_3.json,1,4,Arrange the luggage in the corner.,Place luggage in receptacle.,luggage,receptacle,place_in
00685-ENiCjXWB6aQ\tasks-island_3.json,7,3,Arrange the cabinet drawer.,Place cabinet drawer in receptacle.,cabinet drawer,receptacle,place_in
00685-ENiCjXWB6aQ\tasks-island_3.json,10,1,Open the drawer to store small items.,Open the drawer to store small items.,drawer,items,open
00685-ENiCjXWB6aQ\tasks-island_3.json,10,2,Move the luggage to the bathroom area.,Carry the luggage to the bathroom area.,luggage,area,carry
00685-ENiCjXWB6aQ\tasks-island_3.json,13,4,Arrange the bathroom utensil.,Place bathroom utensil on surface.,bathroom utensil,surface,place_on
00685-ENiCjXWB6aQ\tasks-island_3.json,17,2,Rearrange the photo mount.,Place photo mount on surface.,photo mount,surface,place_on
00685-ENiCjXWB6aQ\tasks-island_3.json,20,4,Set aside the towel.,Place towel on surface.,towel,surface,place_on
00685-ENiCjXWB6aQ\tasks-island_3.json,24,2,Set the luggage aside in the bathroom.,Place luggage in receptacle.,luggage,receptacle,place_in
00685-ENiCjXWB6aQ\tasks-island_3.json,24,5,Arrange the shampoo on the ledge.,Place shampoo on surface.,shampoo,surface,place_on
00685-ENiCjXWB6aQ\tasks-island_3.json,25,3,Turn on the lamp in the wash area.,Turn on the lamp in the wash area.,lamp,area,turn_on
00685-ENiCjXWB6aQ\tasks-island_3.json,26,6,Arrange the wash cabinet.,Place wash cabinet on surface.,wash cabinet,surface,place_on
00685-ENiCjXWB6aQ\tasks-island_3.json,34,4,Retrieve the luggage from the bathroom area.,Pick up the luggage from the bathroom area.,luggage,area,pick_up
00685-ENiCjXWB6aQ\tasks-island_3.json,35,3,Organize items on the chest of drawers.,Place chest of drawers on surface.,chest of drawers,surface,place_on
00685-ENiCjXWB6aQ\tasks-island_3.json,35,6,Arrange the bathroom utensil neatly.,Place bathroom utensil on surface.,bathroom utensil,surface,place_on
00688-SgkmkWjjmDJ\tasks-island_0.json,16,3,Arrange the flower.,Place flower on surface.,flower,surface,place_on
00688-SgkmkWjjmDJ\tasks-island_0.json,17,3,Arrange the rack.,Place rack on surface.,rack,surface,place_on
00688-SgkmkWjjmDJ\tasks-island_0.json,32,3,Arrange the flower.,Place flower on surface.,flower,surface,place_on
00688-SgkmkWjjmDJ\tasks-island_0.json,41,3,Arrange the books on the shelf.,Place shelf on surface.,shelf,surface,place_on
00688-SgkmkWjjmDJ\tasks-island_0.json,42,4,Hang items on the rack.,Hang items on the rack.,rack,items,hang
00688-SgkmkWjjmDJ\tasks-island_0.json,45,1,Arrange items on the bathroom shelf.,Place shelf on surface.,shelf,surface,place_on
00688-SgkmkWjjmDJ\tasks-island_0.json,46,2,Dust the mirror in the dressing area.,Dust the mirror in the dressing area.,mirror,area,dust
00688-SgkmkWjjmDJ\tasks-island_0.json,48,4,Move the lamp in the study area.,Carry the lamp in the study area.,lamp,area,carry
00688-SgkmkWjjmDJ\tasks-island_0.json,53,2,Dust the shelf in the bedroom area.,Dust the shelf in the bedroom area.,shelf,area,dust
00688-SgkmkWjjmDJ\tasks-island_0.json,56,4,Turn on the lamp in the bedroom area.,Turn on the lamp in the bedroom area.,lamp,area,turn_on
00688-SgkmkWjjmDJ\tasks-island_0.json,66,3,Hang clothes on the rack.,Hang items on the rack.,rack,items,hang
00688-SgkmkWjjmDJ\tasks-island_0.json,90,4,Wipe the mirror in the dressing area.,Wipe the mirror in the dressing area.,mirror,area,wipe
00688-SgkmkWjjmDJ\tasks-island_0.json,94,2,Arrange the computer keyboard.,Place computer keyboard on surface.,computer_keyboard,surface,place_on
00688-SgkmkWjjmDJ\tasks-island_0.json,115,2,Put away food in the refrigerator.,Store items in the refrigerator.,refrigerator,items,store
00688-SgkmkWjjmDJ\tasks-island_0.json,129,3,Arrange the rack.,Place rack on surface.,rack,surface,place_on
00696-DsEJeNPcZtE\tasks-island_1.json,1,2,Set the plate.,Place plate on surface.,plate,surface,place_on
00696-DsEJeNPcZtE\tasks-island_1.json,21,5,Straighten the chair at the dining area.,Straighten the chair at the dining area.,chair,area,straighten
00696-DsEJeNPcZtE\tasks-island_1.json,23,2,Set the plate on the table.,Place plate on surface.,plate,surface,place_on
00696-DsEJeNPcZtE\tasks-island_1.json,31,4,Organize files in the cabinet.,Place cabinet in receptacle.,cabinet,receptacle,place_in
00696-DsEJeNPcZtE\tasks-island_1.json,32,4,Set the plate on the dining table.,Place plate on surface.,plate,surface,place_on
00696-DsEJeNPcZtE\tasks-island_1.json,34,5,Organize items on the shelf.,Place shelf on surface.,shelf,surface,place_on
00696-DsEJeNPcZtE\tasks-island_1.json,36,5,Replace the bulb in the lamp.,Place items in the lamp.,lamp,items,place_in
00696-DsEJeNPcZtE\tasks-island_1.json,37,2,Arrange items on the shelf.,Place shelf on surface.,shelf,surface,place_on
00696-DsEJeNPcZtE\tasks-island_1.json,39,1,Move the art frame to a new spot.,Carry the art frame to the new spot.,art frame,spot,carry
00696-DsEJeNPcZtE\tasks-island_1.json,39,4,Wipe the table in the living area.,Wipe the table in the living area.,table,area,wipe
00696-DsEJeNPcZtE\tasks-island_1.json,40,1,Straighten books on the shelf.,Straighten items on the shelf.,shelf,items,straighten
00696-DsEJeNPcZtE\tasks-island_1.json,41,5,Arrange flowers in the flower vase.,Place flower vase in receptacle.,flower vase,receptacle,place_in
00696-DsEJeNPcZtE\tasks-island_1.json,45,1,Position the monitor.,Place monitor on surface.,monitor,surface,place_on
00696-DsEJeNPcZtE\tasks-island_1.json,62,6,Set the plate.,Place plate on surface.,plate,surface,place_on
00696-DsEJeNPcZtE\tasks-island_1.json,64,5,Arrange the vase.,Place vase on surface.,vase,surface,place_on
00696-DsEJeNPcZtE\tasks-island_1.json,66,6,Arrange the flower vase.,Place flower vase on surface.,flower vase,surface,place_on
00696-DsEJeNPcZtE\tasks-island_1.json,68,4,Arrange the toothbrush.,Place toothbrush in receptacle.,toothbrush,receptacle,place_in
00696-DsEJeNPcZtE\tasks-island_1.json,70,3,Set the plate.,Place plate on surface.,plate,surface,place_on
00696-DsEJeNPcZtE\tasks-island_1.json,72,2,Arrange the decoration.,Place decoration on surface.,decoration,surface,place_on
00696-DsEJeNPcZtE\tasks-island_1.json,73,1,Organize the books on the shelf.,Place shelf on surface.,shelf,surface,place_on
00696-DsEJeNPcZtE\tasks-island_1.json,73,6,Straighten the chair in the dining area.,Straighten the chair in the dining area.,chair,area,straighten
00696-DsEJeNPcZtE\tasks-island_1.json,75,5,Set the plate on the dining table.,Place plate on surface.,plate,surface,place_on
00696-DsEJeNPcZtE\tasks-island_1.json,77,3,Arrange the flower vase on the table.,Place flower vase in receptacle.,flower vase,receptacle,place_in
00696-DsEJeNPcZtE\tasks-island_1.json,81,2,Close the curtains in the storage area.,Close the curtain in the storage area.,curtain,area,close
00696-DsEJeNPcZtE\tasks-island_1.json,84,3,Set the flower vase on the table.,Place flower vase on surface.,flower vase,surface,place_on
00696-DsEJeNPcZtE\tasks-island_1.json,84,5,Arrange the books on the bathroom shelf.,Place shelf on surface.,shelf,surface,place_on
00696-DsEJeNPcZtE\tasks-island_1.json,87,5,Set the plate for the finished goods.,Place plate on surface.,plate,surface,place_on
00696-DsEJeNPcZtE\tasks-island_1.json,87,6,Straighten the chair in the dining area.,Straighten the chair in the dining area.,chair,area,straighten
00696-DsEJeNPcZtE\tasks-island_1.json,88,5,Organize the books on the shelf.,Place shelf on surface.,shelf,surface,place_on
00696-DsEJeNPcZtE\tasks-island_1.json,91,1,Set the toothbrush on the counter.,Place toothbrush on surface.,toothbrush,surface,place_on
00696-DsEJeNPcZtE\tasks-island_1.json,93,3,Check the temperature on the device.,Inspect the device.,device,device,inspect
00696-DsEJeNPcZtE\tasks-island_1.json,96,1,Wipe the monitor in the living area.,Wipe the monitor in the living area.,monitor,area,wipe
00696-DsEJeNPcZtE\tasks-island_1.json,99,3,Arrange the fruit.,Place fruit on surface.,fruit,surface,place_on
00696-DsEJeNPcZtE\tasks-island_1.json,99,4,Set the wine bottle on the table.,Place wine bottle on surface.,wine_bottle,surface,place_on
00696-DsEJeNPcZtE\tasks-island_1.json,111,4,Inspect the device.,Inspect the device.,device,device,inspect
00696-DsEJeNPcZtE\tasks-island_2.json,0,1,Pick up the broom to sweep the area.,Pick up the broom to sweep the area.,broom,area,pick_up
00696-DsEJeNPcZtE\tasks-island_2.json,1,4,Place the loose hardware in the container.,Place the loose hardware in the container.,container,container,place_in
00696-DsEJeNPcZtE\tasks-island_2.json,2,2,Put the loose items into the bag.,Place the loose items in the bag.,bag,items,place_in
00696-DsEJeNPcZtE\tasks-island_2.json,3,1,Pack the essentials into the backpack.,Load items into the backpack.,backpack,items,load
00696-DsEJeNPcZtE\tasks-island_2.json,3,3,Organize the travel cables in the container.,Place container in receptacle.,container,"container, receptacle",place_in
00696-DsEJeNPcZtE\tasks-island_2.json,3,4,Move the basket to the storage area.,Carry the basket to the storage area.,basket,area,carry
00696-DsEJeNPcZtE\tasks-island_2.json,6,4,Refill the detergent container.,Fill the container.,container,container,fill
00696-DsEJeNPcZtE\tasks-island_2.json,8,2,Organize items into the container.,Place container in receptacle.,container,"container, receptacle",place_in
00696-DsEJeNPcZtE\tasks-island_2.json,8,3,Tidy the items in the basket.,Place basket in receptacle.,basket,receptacle,place_in
00696-DsEJeNPcZtE\tasks-island_2.json,9,4,Move the carpet away from the wet spot.,Carry the carpet from the wet spot.,carpet,spot,carry
00696-DsEJeNPcZtE\tasks-island_2.json,10,3,Sort the contents of the container.,Straighten container.,container,container,straighten
00696-DsEJeNPcZtE\tasks-island_2.json,14,1,Wipe down the storage container.,Wipe the container.,container,container,wipe
00696-DsEJeNPcZtE\tasks-island_2.json,15,1,Sort the parts into the container.,Place container in receptacle.,container,"container, receptacle",place_in
00696-DsEJeNPcZtE\tasks-island_2.json,15,3,Group items into the basket.,Place basket in receptacle.,basket,receptacle,place_in
00696-DsEJeNPcZtE\tasks-island_2.json,17,3,Move the container.,Carry the container.,container,container,carry
00696-DsEJeNPcZtE\tasks-island_2.json,19,6,Organize the container.,Straighten container.,container,container,straighten
00696-DsEJeNPcZtE\tasks-island_2.json,20,6,Put away the container.,Store the container.,container,container,store
00696-DsEJeNPcZtE\tasks-island_2.json,21,3,Place items in the basket.,Place items in the basket.,basket,items,place_in
00696-DsEJeNPcZtE\tasks-island_2.json,22,6,Organize the cleaning supplies in the container.,Place container in receptacle.,container,"container, receptacle",place_in
00696-DsEJeNPcZtE\tasks-island_2.json,23,6,Organize items in the bag.,Place bag in receptacle.,bag,receptacle,place_in
00696-DsEJeNPcZtE\tasks-island_2.json,24,5,Tidy up the container.,Straighten container.,container,container,straighten
00696-DsEJeNPcZtE\tasks-island_2.json,25,3,Sort the hardware in the container.,Place container in receptacle.,container,"container, receptacle",place_in
00696-DsEJeNPcZtE\tasks-island_2.json,26,1,Label the storage container.,Place a label on the container.,container,container,place_on
00696-DsEJeNPcZtE\tasks-island_2.json,26,4,Stack the linens in the basket.,Place items in the basket.,basket,items,place_in
00696-DsEJeNPcZtE\tasks-island_2.json,28,1,Pack the essentials into the backpack.,Load items into the backpack.,backpack,items,load
00696-DsEJeNPcZtE\tasks-island_2.json,28,3,Organize the toiletries in the bag.,Place bag in receptacle.,bag,receptacle,place_in
00696-DsEJeNPcZtE\tasks-island_2.json,28,4,Seal the snacks in the container.,Close the container.,container,container,close
00706-YHmAkqgwe2p\tasks-island_0.json,11,3,Set the cup.,Place cup on surface.,cup,surface,place_on
00706-YHmAkqgwe2p\tasks-island_0.json,12,2,Set the plate.,Place plate on surface.,plate,surface,place_on
00706-YHmAkqgwe2p\tasks-island_0.json,29,3,Set the plate.,Place plate on surface.,plate,surface,place_on
00706-YHmAkqgwe2p\tasks-island_0.json,64,2,Arrange the sculpture.,Place sculpture on surface.,sculpture,surface,place_on
00706-YHmAkqgwe2p\tasks-island_0.json,65,4,Arrange the shelf.,Place shelf on surface.,shelf,surface,place_on
00706-YHmAkqgwe2p\tasks-island_0.json,77,3,Set the plate.,Place plate on surface.,plate,surface,place_on
00706-YHmAkqgwe2p\tasks-island_0.json,83,4,Arrange the toothbrush.,Place toothbrush on surface.,toothbrush,surface,place_on
00706-YHmAkqgwe2p\tasks-island_0.json,87,4,Arrange the pan.,Place pan on surface.,pan,surface,place_on
00706-YHmAkqgwe2p\tasks-island_0.json,93,5,Put things in the cabinet.,Place things in the cabinet.,cabinet,things,place_in
00712-HZ2iMMBsBQ9\tasks-island_0.json,3,4,Arrange the flower.,Place flower on surface.,flower,surface,place_on
00712-HZ2iMMBsBQ9\tasks-island_0.json,9,4,Arrange the clothes.,Place clothes on surface.,clothes,surface,place_on
00712-HZ2iMMBsBQ9\tasks-island_0.json,10,4,Arrange the flower.,Place flower on surface.,flower,surface,place_on
00712-HZ2iMMBsBQ9\tasks-island_0.json,20,3,Organize the items in the box.,Place box in receptacle.,box,receptacle,place_in
00712-HZ2iMMBsBQ9\tasks-island_0.json,21,4,Wipe the surface of the kitchen appliance.,Wipe the kitchen appliance.,kitchen appliance,appliance,wipe
00712-HZ2iMMBsBQ9\tasks-island_0.json,23,1,Turn on the led tv in the living area.,Turn on the led tv in the living area.,led tv,area,turn_on
00712-HZ2iMMBsBQ9\tasks-island_0.json,23,4,Set the bowl of fruit on the coffee table.,Place bowl of fruit in receptacle.,bowl of fruit,receptacle,place_in
00712-HZ2iMMBsBQ9\tasks-island_0.json,25,1,Place the sunglasses in a safe spot.,Place the sunglasses in a safe spot.,sunglasses,spot,place_in
00712-HZ2iMMBsBQ9\tasks-island_0.json,29,5,Arrange the suitcase.,Place suitcase on surface.,suitcase,surface,place_on
00712-HZ2iMMBsBQ9\tasks-island_0.json,36,5,Arrange the clothes.,Place clothes on surface.,clothes,surface,place_on
00712-HZ2iMMBsBQ9\tasks-island_0.json,38,5,Arrange the bowl.,Place bowl on surface.,bowl,surface,place_on
00712-HZ2iMMBsBQ9\tasks-island_0.json,52,2,Rearrange the shelf.,Place shelf on surface.,shelf,surface,place_on
00712-HZ2iMMBsBQ9\tasks-island_0.json,58,2,Set the chairs around the table.,Place items on the chair.,chair,items,place_on
00712-HZ2iMMBsBQ9\tasks-island_0.json,58,3,Arrange the flowers in the vase.,Place vase in receptacle.,vase,receptacle,place_in
00712-HZ2iMMBsBQ9\tasks-island_0.json,65,3,Arrange the shelf.,Place shelf on surface.,shelf,surface,place_on
00712-HZ2iMMBsBQ9\tasks-island_0.json,67,1,Clean the kitchen appliance.,Wipe kitchen appliance.,kitchen appliance,appliance,wipe
00712-HZ2iMMBsBQ9\tasks-island_0.json,71,3,Arrange the bowl of fruit.,Place bowl of fruit on surface.,bowl of fruit,surface,place_on
00712-HZ2iMMBsBQ9\tasks-island_0.json,71,5,Use the kitchen appliance.,Inspect the kitchen appliance.,kitchen appliance,appliance,inspect
00712-HZ2iMMBsBQ9\tasks-island_0.json,85,2,Use the kitchen appliance.,Inspect the kitchen appliance.,kitchen appliance,appliance,inspect
00712-HZ2iMMBsBQ9\tasks-island_0.json,86,6,Arrange the decorative plant.,Place decorative plant on surface.,decorative plant,surface,place_on
00712-HZ2iMMBsBQ9\tasks-island_0.json,115,5,Prepare the kitchen appliance.,Wipe kitchen appliance.,kitchen appliance,appliance,wipe
00712-HZ2iMMBsBQ9\tasks-island_0.json,115,6,Set the cup on the table.,Place cup on surface.,cup,surface,place_on
00712-HZ2iMMBsBQ9\tasks-island_0.json,117,4,Arrange the flower.,Place flower on surface.,flower,surface,place_on
00712-HZ2iMMBsBQ9\tasks-island_0.json,120,5,Position the speaker.,Place speaker on surface.,speaker,surface,place_on
00712-HZ2iMMBsBQ9\tasks-island_0.json,125,3,Position the vase.,Place vase on surface.,vase,surface,place_on
00712-HZ2iMMBsBQ9\tasks-island_0.json,130,5,Check the kitchen appliance.,Inspect the kitchen appliance.,kitchen appliance,appliance,inspect
00712-HZ2iMMBsBQ9\tasks-island_0.json,132,2,Organize the items in the handbag.,Place handbag in receptacle.,handbag,receptacle,place_in
00712-HZ2iMMBsBQ9\tasks-island_0.json,133,7,Arrange the fruit in the bowl of fruit.,Place bowl of fruit in receptacle.,bowl of fruit,receptacle,place_in
00712-HZ2iMMBsBQ9\tasks-island_0.json,134,6,Organize the items on the shelf.,Place shelf on surface.,shelf,surface,place_on
00712-HZ2iMMBsBQ9\tasks-island_0.json,137,7,Set the cup on the table.,Place cup on surface.,cup,surface,place_on
00712-HZ2iMMBsBQ9\tasks-island_0.json,144,6,Unplug the kitchen appliance.,Unplug the kitchen appliance.,kitchen appliance,appliance,unplug
00712-HZ2iMMBsBQ9\tasks-island_0.json,156,2,Organize the toiletries in the cabinet.,Place cabinet in receptacle.,cabinet,receptacle,place_in
00712-HZ2iMMBsBQ9\tasks-island_0.json,159,2,Arrange items on the shelf.,Place shelf on surface.,shelf,surface,place_on
00712-HZ2iMMBsBQ9\tasks-island_0.json,160,3,Clean the kitchen appliance.,Wipe kitchen appliance.,kitchen appliance,appliance,wipe
00712-HZ2iMMBsBQ9\tasks-island_0.json,168,6,Clean the kitchen appliance.,Wipe kitchen appliance.,kitchen appliance,appliance,wipe
00720-8B43pG641ff\tasks-island_0.json,12,2,Wipe the air vent in the living area.,Wipe the air vent in the living area.,air vent,area,wipe
00720-8B43pG641ff\tasks-island_0.json,16,2,Fill it at the tap.,Use the tap to fill a container.,tap,container,fill
00720-8B43pG641ff\tasks-island_0.json,37,3,Arrange the book on the shelf,Place book on surface.,book,surface,place_on
00720-8B43pG641ff\tasks-island_0.json,58,3,Arrange the flower,Place flower on surface.,flower,surface,place_on
00720-8B43pG641ff\tasks-island_0.json,59,1,Load the sink,Place items in the sink.,sink,items,place_in
00720-8B43pG641ff\tasks-island_0.json,67,1,Sort clothes from the clothes hamper.,Place clothes hamper in receptacle.,clothes_hamper,receptacle,place_in
00720-8B43pG641ff\tasks-island_0.json,68,3,Arrange the ottoman.,Place ottoman on surface.,ottoman,surface,place_on
00720-8B43pG641ff\tasks-island_0.json,75,4,Set a cup for water.,Place cup on surface.,cup,surface,place_on
00720-8B43pG641ff\tasks-island_0.json,76,3,Set the decorative tray.,Place decorative tray on surface.,decorative tray,surface,place_on
00720-8B43pG641ff\tasks-island_0.json,76,4,Arrange the decorative plant.,Place decorative plant on surface.,decorative plant,surface,place_on
00720-8B43pG641ff\tasks-island_0.json,82,4,Arrange the decorative vase.,Place decorative vase on surface.,decorative vase,surface,place_on
00720-8B43pG641ff\tasks-island_0.json,86,3,Organize the books on the shelf.,Place shelf on surface.,shelf,surface,place_on
00720-8B43pG641ff\tasks-island_0.json,88,3,Fluff the pillow on the armchair.,Fluff items on the armchair.,armchair,items,fluff
00720-8B43pG641ff\tasks-island_0.json,93,1,Arrange the flowerpot.,Place flowerpot on surface.,flowerpot,surface,place_on
00720-8B43pG641ff\tasks-island_0.json,93,2,Set the chairs around the table.,Place items on the chair.,chair,items,place_on
00720-8B43pG641ff\tasks-island_0.json,96,6,Arrange the decoration.,Place decoration on surface.,decoration,surface,place_on
00720-8B43pG641ff\tasks-island_0.json,105,2,Reposition the decoration.,Place decoration on surface.,decoration,surface,place_on
00720-8B43pG641ff\tasks-island_0.json,105,3,Arrange the decorative vase.,Place decorative vase on surface.,decorative vase,surface,place_on
00720-8B43pG641ff\tasks-island_0.json,110,5,Set the cup on the table.,Place cup on surface.,cup,surface,place_on
00720-8B43pG641ff\tasks-island_0.json,116,6,Set the book on the stand.,Place book on surface.,book,surface,place_on
00720-8B43pG641ff\tasks-island_0.json,119,3,Arrange the ottoman.,Place ottoman on surface.,ottoman,surface,place_on
00720-8B43pG641ff\tasks-island_0.json,138,4,Arrange the basket.,Place basket on surface.,basket,surface,place_on
00720-8B43pG641ff\tasks-island_0.json,142,1,Sort clothes in the wardrobe.,Place wardrobe in receptacle.,wardrobe,receptacle,place_in
00720-8B43pG641ff\tasks-island_0.json,153,2,Sweep the floor near the piano.,Vacuum the area near the piano.,piano,area,vacuum
00720-8B43pG641ff\tasks-island_0.json,159,1,Make the bed by straightening the pillow.,Fluff items on the pillow.,pillow,items,fluff
00720-8B43pG641ff\tasks-island_0.json,160,6,Open the fridge to get breakfast items.,Open the fridge to get breakfast items.,fridge,items,open
00720-8B43pG641ff\tasks-island_0.json,166,6,Arrange the kitchen utensils.,Place kitchen utensils on surface.,kitchen utensils,surface,place_on
00720-8B43pG641ff\tasks-island_0.json,169,4,Arrange the toy on the shelf.,Place toy on surface.,toy,surface,place_on
00720-8B43pG641ff\tasks-island_0.json,177,5,Move the suitcase to the closet area.,Carry the suitcase to the closet area.,suitcase,area,carry
00720-8B43pG641ff\tasks-island_0.json,187,3,Put items in the clothes hamper.,Place items in the clothes hamper.,clothes_hamper,items,place_in
00720-8B43pG641ff\tasks-island_0.json,192,6,Refill the soap near the washbasin.,Use the washbasin to fill items.,washbasin,items,fill
00720-8B43pG641ff\tasks-island_0.json,194,3,Arrange books on the shelf.,Place shelf on surface.,shelf,surface,place_on
00720-8B43pG641ff\tasks-island_0.json,195,2,Arrange the flower.,Place flower on surface.,flower,surface,place_on
00720-8B43pG641ff\tasks-island_0.json,205,5,Arrange the basket.,Place basket on surface.,basket,surface,place_on
00720-8B43pG641ff\tasks-island_0.json,208,6,Arrange the flowerpot.,Place flowerpot on surface.,flowerpot,surface,place_on
00720-8B43pG641ff\tasks-island_0.json,212,4,Arrange the aisle frame.,Place aisle frame on surface.,aisle frame,surface,place_on
00720-8B43pG641ff\tasks-island_0.json,221,3,Arrange the basket.,Place basket on surface.,basket,surface,place_on
00720-8B43pG641ff\tasks-island_1.json,14,5,Organize the items inside the cabinet.,Place cabinet in receptacle.,cabinet,receptacle,place_in
00720-8B43pG641ff\tasks-island_1.json,16,4,Sort the items in the basket.,Place basket in receptacle.,basket,receptacle,place_in
00720-8B43pG641ff\tasks-island_1.json,21,2,Pack the trophy into a container.,Load the trophy into the container.,trophy,container,load
00720-8B43pG641ff\tasks-island_1.json,27,5,Arrange the trophy.,Place trophy on surface.,trophy,surface,place_on
00720-8B43pG641ff\tasks-island_1.json,32,3,Position the speaker for better sound.,Place speaker on surface.,speaker,surface,place_on
00720-8B43pG641ff\tasks-island_1.json,34,5,Store items in the basket.,Place items in the basket.,basket,items,place_in
00720-8B43pG641ff\tasks-island_1.json,39,3,Put items in the basket.,Place items in the basket.,basket,items,place_in
00720-8B43pG641ff\tasks-island_1.json,48,5,Arrange the papers.,Place papers on surface.,papers,surface,place_on
00723-hWDDQnSDMXb\tasks-island_0.json,0,3,Restock the mini fridge with beverages.,Place items in the mini fridge.,mini fridge,items,place_in
00723-hWDDQnSDMXb\tasks-island_0.json,4,5,Restock the mini fridge with beverages.,Place items in the mini fridge.,mini fridge,items,place_in
00723-hWDDQnSDMXb\tasks-island_0.json,5,4,Organize the items in the display cabinet.,Place display cabinet in receptacle.,display cabinet,receptacle,place_in
00723-hWDDQnSDMXb\tasks-island_0.json,7,3,Restock the mini fridge.,Place items in the mini fridge.,mini fridge,items,place_in
00723-hWDDQnSDMXb\tasks-island_0.json,8,6,Position the pool stick.,Place pool stick on surface.,pool stick,surface,place_on
00723-hWDDQnSDMXb\tasks-island_0.json,14,2,Arrange the pool stick.,Place pool stick on surface.,pool stick,surface,place_on
00723-hWDDQnSDMXb\tasks-island_1.json,4,3,Arrange the decoration.,Place decoration on surface.,decoration,surface,place_on
00723-hWDDQnSDMXb\tasks-island_1.json,7,3,Wipe the kitchen appliance.,Wipe the kitchen appliance.,kitchen appliance,appliance,wipe
00723-hWDDQnSDMXb\tasks-island_1.json,13,2,Turn on the kitchen appliance.,Turn on the kitchen appliance.,kitchen appliance,appliance,turn_on
00723-hWDDQnSDMXb\tasks-island_1.json,19,3,Position the computer chair.,Place computer chair on surface.,computer chair,surface,place_on
00723-hWDDQnSDMXb\tasks-island_1.json,24,2,Clean the kitchen appliance.,Wipe kitchen appliance.,kitchen appliance,appliance,wipe
00723-hWDDQnSDMXb\tasks-island_1.json,38,2,Wipe the floor near the mirror.,Wipe the area near the mirror.,mirror,area,wipe
00723-hWDDQnSDMXb\tasks-island_1.json,49,3,Clean the kitchen appliance.,Wipe kitchen appliance.,kitchen appliance,appliance,wipe
00723-hWDDQnSDMXb\tasks-island_1.json,50,5,Arrange the computer chair.,Place computer chair on surface.,computer chair,surface,place_on
00723-hWDDQnSDMXb\tasks-island_1.json,69,2,Use the kitchen appliance.,Inspect the kitchen appliance.,kitchen appliance,appliance,inspect
00723-hWDDQnSDMXb\tasks-island_1.json,75,2,Get a kitchen appliance.,Pick up the kitchen appliance.,kitchen appliance,appliance,pick_up
00723-hWDDQnSDMXb\tasks-island_1.json,89,3,Put the items into the washing machine.,Place the items in the washing machine.,washing machine,items,place_in
00723-hWDDQnSDMXb\tasks-island_1.json,89,4,Close the curtain in the laundry area.,Close the curtain in the laundry area.,curtain,area,close
00723-hWDDQnSDMXb\tasks-island_1.json,90,6,Clean the kitchen appliance surface.,Wipe kitchen appliance.,kitchen appliance,appliance,wipe
00723-hWDDQnSDMXb\tasks-island_1.json,96,4,Set aside the camera.,Place camera on surface.,camera,surface,place_on
00723-hWDDQnSDMXb\tasks-island_1.json,96,6,Close the blinds in the living area.,Close the blinds in the living area.,blinds,area,close
00723-hWDDQnSDMXb\tasks-island_1.json,103,2,Wipe the kitchen appliance.,Wipe the kitchen appliance.,kitchen appliance,appliance,wipe
00723-hWDDQnSDMXb\tasks-island_1.json,115,3,Turn on the heater to keep the area warm.,Turn on the heater to keep the area warm.,heater,area,turn_on
00723-hWDDQnSDMXb\tasks-island_1.json,125,4,Prepare the kitchen appliance.,Wipe kitchen appliance.,kitchen appliance,appliance,wipe
00723-hWDDQnSDMXb\tasks-island_1.json,126,1,Organize the items in the cabinet.,Place cabinet in receptacle.,cabinet,receptacle,place_in
00723-hWDDQnSDMXb\tasks-island_1.json,126,2,Tidy the clothes in the wardrobe.,Place wardrobe in receptacle.,wardrobe,receptacle,place_in
00723-hWDDQnSDMXb\tasks-island_1.json,127,4,Position the floor lamp correctly.,Place floor lamp on surface.,floor lamp,surface,place_on
00723-hWDDQnSDMXb\tasks-island_1.json,128,2,Organize the items on the shelf.,Place shelf on surface.,shelf,surface,place_on
00723-hWDDQnSDMXb\tasks-island_1.json,132,2,Refill the watering can at the sink.,Use the sink to fill a container.,sink,container,fill
00723-hWDDQnSDMXb\tasks-island_1.json,134,5,Load the empty mug into the dishwasher.,Load items into the dishwasher.,dishwasher,items,load
00723-hWDDQnSDMXb\tasks-island_1.json,135,6,Organize files in the wall cabinet.,Place wall cabinet in receptacle.,wall cabinet,receptacle,place_in
00723-hWDDQnSDMXb\tasks-island_1.json,136,3,Organize essentials in the handbag.,Place handbag in receptacle.,handbag,receptacle,place_in
00723-hWDDQnSDMXb\tasks-island_1.json,137,4,Arrange the decorative flower.,Place flower on surface.,flower,surface,place_on
00723-hWDDQnSDMXb\tasks-island_1.json,144,7,Organize the books on the shelf.,Place shelf on surface.,shelf,surface,place_on
00723-hWDDQnSDMXb\tasks-island_1.json,145,6,Pack everything into the backpack.,Load items into the backpack.,backpack,items,load
00723-hWDDQnSDMXb\tasks-island_1.json,146,4,Organize the items in the cabinet.,Place cabinet in receptacle.,cabinet,receptacle,place_in
00723-hWDDQnSDMXb\tasks-island_1.json,150,1,Arrange the flower in the vase.,Place flower in receptacle.,flower,receptacle,place_in
00723-hWDDQnSDMXb\tasks-island_1.json,152,3,Tidy the kitchen appliance.,Straighten kitchen appliance.,kitchen appliance,appliance,straighten
00723-hWDDQnSDMXb\tasks-island_1.json,153,1,Arrange the cosmetics.,Place cosmetics on surface.,cosmetics,surface,place_on
00723-hWDDQnSDMXb\tasks-island_1.json,156,3,Arrange the flower.,Place flower on surface.,flower,surface,place_on
00723-hWDDQnSDMXb\tasks-island_1.json,158,3,Tidy the kitchen appliance.,Straighten kitchen appliance.,kitchen appliance,appliance,straighten
00723-hWDDQnSDMXb\tasks-island_1.json,160,7,Arrange the staircase handrail.,Place staircase handrail on surface.,staircase handrail,surface,place_on
00723-hWDDQnSDMXb\tasks-island_1.json,162,4,Arrange the flower.,Place flower on surface.,flower,surface,place_on
00723-hWDDQnSDMXb\tasks-island_1.json,165,4,Hang items in the wardrobe.,Hang items in the wardrobe.,wardrobe,items,hang
00723-hWDDQnSDMXb\tasks-island_1.json,165,6,Arrange the hat.,Place hat on surface.,hat,surface,place_on
00723-hWDDQnSDMXb\tasks-island_1.json,166,4,Arrange the decoration.,Place decoration on surface.,decoration,surface,place_on
00723-hWDDQnSDMXb\tasks-island_1.json,167,1,Clean the kitchen appliance.,Wipe kitchen appliance.,kitchen appliance,appliance,wipe
00723-hWDDQnSDMXb\tasks-island_1.json,187,2,Wipe the kitchen appliance.,Wipe the kitchen appliance.,kitchen appliance,appliance,wipe
00723-hWDDQnSDMXb\tasks-island_3.json,0,2,Load paper into the printer.,Load items into the printer.,printer,items,load
00723-hWDDQnSDMXb\tasks-island_3.json,3,4,Arrange the closet.,Place closet on surface.,closet,surface,place_on
00723-hWDDQnSDMXb\tasks-island_3.json,6,2,Close the cabinet to tidy the area.,Close the cabinet to tidy the area.,cabinet,area,close
00723-hWDDQnSDMXb\tasks-island_3.json,7,3,Wipe the desk to keep the surface clean.,Wipe the desk to keep the surface clean.,desk,surface,wipe
00723-hWDDQnSDMXb\tasks-island_3.json,8,4,Move the hat to a designated storage spot.,Carry the hat to the designated storage spot.,hat,spot,carry
00723-hWDDQnSDMXb\tasks-island_3.json,12,4,Load paper into the printer.,Load items into the printer.,printer,items,load
00723-hWDDQnSDMXb\tasks-island_3.json,12,6,Hang the hat inside the closet.,Hang items in the closet.,closet,items,hang
00723-hWDDQnSDMXb\tasks-island_3.json,14,2,Organize the items inside the closet.,Place closet in receptacle.,closet,receptacle,place_in
00723-hWDDQnSDMXb\tasks-island_3.json,14,3,Restock the mini fridge with refreshments.,Place items in the mini fridge.,mini fridge,items,place_in
00723-hWDDQnSDMXb\tasks-island_3.json,14,4,Set the hat on the shelf.,Place hat on surface.,hat,surface,place_on
00723-hWDDQnSDMXb\tasks-island_3.json,15,4,Arrange the papers near the printer.,Place printer on surface.,printer,surface,place_on
00723-hWDDQnSDMXb\tasks-island_3.json,18,3,Rearrange the items in the closet.,Place closet in receptacle.,closet,receptacle,place_in
00732-Z2DQddYp1fn\tasks-island_0.json,6,4,Arrange the bar cabinet.,Place bar cabinet on surface.,bar cabinet,surface,place_on
00732-Z2DQddYp1fn\tasks-island_0.json,10,3,Set the basket of something on the desk.,Place basket of something in receptacle.,basket of something,receptacle,place_in
00732-Z2DQddYp1fn\tasks-island_0.json,20,3,Arrange the couch.,Place coach on surface.,coach,surface,place_on
00732-Z2DQddYp1fn\tasks-island_0.json,24,2,Arrange the wine cabinet.,Place wine cabinet on surface.,wine cabinet,surface,place_on
00732-Z2DQddYp1fn\tasks-island_0.json,30,4,Arrange the bookshelf.,Place bookshelf on surface.,bookshelf,surface,place_on
00732-Z2DQddYp1fn\tasks-island_0.json,33,5,Arrange the computer keyboard.,Place computer keyboard on surface.,computer_keyboard,surface,place_on
00732-Z2DQddYp1fn\tasks-island_0.json,35,5,Arrange the bookshelf.,Place bookshelf on surface.,bookshelf,surface,place_on
00732-Z2DQddYp1fn\tasks-island_0.json,38,3,Hang the robe on the hanger.,Hang items on the hanger.,hanger,items,hang
00732-Z2DQddYp1fn\tasks-island_0.json,41,3,Arrange the coach.,Place coach on surface.,coach,surface,place_on
00732-Z2DQddYp1fn\tasks-island_0.json,43,3,Organize the container.,Straighten container.,container,container,straighten
00732-Z2DQddYp1fn\tasks-island_0.json,54,3,Arrange the computer keyboard.,Place computer keyboard on surface.,computer_keyboard,surface,place_on
00732-Z2DQddYp1fn\tasks-island_0.json,56,3,Move the container.,Carry the container.,container,container,carry
00732-Z2DQddYp1fn\tasks-island_0.json,63,4,Move the container.,Carry the container.,container,container,carry
00732-Z2DQddYp1fn\tasks-island_0.json,67,5,Arrange the computer keyboard.,Place computer keyboard on surface.,computer_keyboard,surface,place_on
00732-Z2DQddYp1fn\tasks-island_0.json,80,4,Arrange the shoe.,Place shoe on surface.,shoe,surface,place_on
00732-Z2DQddYp1fn\tasks-island_0.json,81,5,Load paper into the printer.,Load items into the printer.,printer,items,load
00732-Z2DQddYp1fn\tasks-island_0.json,83,2,Arrange the shelf.,Place shelf on surface.,shelf,surface,place_on
00732-Z2DQddYp1fn\tasks-island_0.json,83,3,Label the container.,Place a label on the container.,container,container,place_on
00732-Z2DQddYp1fn\tasks-island_0.json,92,1,Arrange the shoe.,Place shoe on surface.,shoe,surface,place_on
00732-Z2DQddYp1fn\tasks-island_0.json,103,5,Arrange books on the bookshelf.,Place bookshelf on surface.,bookshelf,surface,place_on
00732-Z2DQddYp1fn\tasks-island_0.json,110,4,Arrange the basket.,Place basket on surface.,basket,surface,place_on
00732-Z2DQddYp1fn\tasks-island_0.json,114,3,Hang the clothes on the hanger.,Hang items on the hanger.,hanger,items,hang
00732-Z2DQddYp1fn\tasks-island_0.json,119,7,Arrange the towel.,Place towel on surface.,towel,surface,place_on
00732-Z2DQddYp1fn\tasks-island_0.json,124,7,Put the container on the shelf.,Place the container on the shelf.,container,container,place_on
00732-Z2DQddYp1fn\tasks-island_0.json,126,3,Arrange the coach.,Place coach on surface.,coach,surface,place_on
00732-Z2DQddYp1fn\tasks-island_0.json,128,4,Stack the container.,Stack the container.,container,container,stack
00732-Z2DQddYp1fn\tasks-island_0.json,129,3,Organize items on the cabinet.,Place cabinet on surface.,cabinet,surface,place_on
00732-Z2DQddYp1fn\tasks-island_0.json,129,5,Arrange the shoe.,Place shoe on surface.,shoe,surface,place_on
00732-Z2DQddYp1fn\tasks-island_0.json,132,2,Arrange the wine cabinet.,Place wine cabinet on surface.,wine cabinet,surface,place_on
00732-Z2DQddYp1fn\tasks-island_0.json,135,4,Arrange the tool box.,Place tool box on surface.,tool box,surface,place_on
00732-Z2DQddYp1fn\tasks-island_0.json,136,3,Sort clothes in the wardrobe.,Place wardrobe in receptacle.,wardrobe,receptacle,place_in
00732-Z2DQddYp1fn\tasks-island_0.json,140,5,Arrange the coach.,Place coach on surface.,coach,surface,place_on
00732-Z2DQddYp1fn\tasks-island_0.json,142,4,Put away the container.,Store the container.,container,container,store
00732-Z2DQddYp1fn\tasks-island_0.json,147,4,Arrange the basket of something.,Place basket of something on surface.,basket of something,surface,place_on
00732-Z2DQddYp1fn\tasks-island_0.json,150,3,Arrange the paper storage.,Place paper storage on surface.,paper storage,surface,place_on
00732-Z2DQddYp1fn\tasks-island_0.json,150,5,Move the container.,Carry the container.,container,container,carry
00732-Z2DQddYp1fn\tasks-island_0.json,151,3,Set the sauna heater.,Place sauna heater on surface.,sauna heater,surface,place_on
00732-Z2DQddYp1fn\tasks-island_0.json,154,4,Arrange the container.,Place container on surface.,container,"container, surface",place_on
00733-GtM3JtRvvvR\tasks-island_0.json,1,1,Get a plate from the dining area.,Pick up the plate from the dining area.,plate,area,pick_up
00733-GtM3JtRvvvR\tasks-island_0.json,4,2,Clean the kitchen countertop item.,Wipe kitchen countertop item.,kitchen countertop item,item,wipe
00733-GtM3JtRvvvR\tasks-island_0.json,21,1,Arrange the wardrobe.,Place wardrobe on surface.,wardrobe,surface,place_on
00733-GtM3JtRvvvR\tasks-island_0.json,25,3,Wipe the kitchen countertop item.,Wipe the kitchen countertop item.,kitchen countertop item,item,wipe
00733-GtM3JtRvvvR\tasks-island_0.json,32,4,Arrange the shelf items.,Place shelf on surface.,shelf,surface,place_on
00733-GtM3JtRvvvR\tasks-island_0.json,35,5,Straighten the plant in the living area.,Straighten the plant in the living area.,plant,area,straighten
00733-GtM3JtRvvvR\tasks-island_0.json,37,4,Place items in the box.,Place items in the box.,box,items,place_in
00733-GtM3JtRvvvR\tasks-island_0.json,43,5,Wipe the kitchen countertop item.,Wipe the kitchen countertop item.,kitchen countertop item,item,wipe
00733-GtM3JtRvvvR\tasks-island_0.json,53,5,Clean the kitchen countertop item.,Dust kitchen countertop item.,kitchen countertop item,item,dust
00733-GtM3JtRvvvR\tasks-island_0.json,54,5,Arrange the plant.,Place plant in receptacle.,plant,receptacle,place_in
00733-GtM3JtRvvvR\tasks-island_0.json,55,3,Rearrange the side table.,Place side table on surface.,side table,surface,place_on
00733-GtM3JtRvvvR\tasks-island_0.json,66,4,Set the chairs.,Place items on the chair.,chair,items,place_on
00733-GtM3JtRvvvR\tasks-island_0.json,67,5,Hang clothes in the wardrobe.,Hang items in the wardrobe.,wardrobe,items,hang
00733-GtM3JtRvvvR\tasks-island_0.json,68,3,Set the plate on the table.,Place plate on surface.,plate,surface,place_on
00733-GtM3JtRvvvR\tasks-island_0.json,68,4,Clear the kitchen countertop item.,Wipe kitchen countertop item.,kitchen countertop item,item,wipe
00733-GtM3JtRvvvR\tasks-island_0.json,69,5,Bring the box from the storage area.,Carry the box from the storage area.,box,area,carry
00733-GtM3JtRvvvR\tasks-island_0.json,71,4,Arrange the shelf.,Place shelf on surface.,shelf,surface,place_on
00733-GtM3JtRvvvR\tasks-island_0.json,73,2,Clean the kitchen countertop item.,Wipe kitchen countertop item.,kitchen countertop item,item,wipe
00733-GtM3JtRvvvR\tasks-island_0.json,73,5,Set the plate on the counter.,Place plate on surface.,plate,surface,place_on
00733-GtM3JtRvvvR\tasks-island_0.json,76,4,Set the pillow.,Place pillow on surface.,pillow,surface,place_on
00733-GtM3JtRvvvR\tasks-island_0.json,79,5,Clear the kitchen countertop item.,Wipe kitchen countertop item.,kitchen countertop item,item,wipe
00733-GtM3JtRvvvR\tasks-island_0.json,82,3,Arrange the photo mount.,Place photo mount on surface.,photo mount,surface,place_on
00733-GtM3JtRvvvR\tasks-island_0.json,92,4,Clean the kitchen countertop item.,Wipe kitchen countertop item.,kitchen countertop item,item,wipe
00733-GtM3JtRvvvR\tasks-island_0.json,92,5,Set the plate.,Place plate on surface.,plate,surface,place_on
00733-GtM3JtRvvvR\tasks-island_0.json,93,5,Arrange the backpack.,Place backpack on surface.,backpack,surface,place_on
00733-GtM3JtRvvvR\tasks-island_0.json,96,4,Organize the kitchen countertop item.,Straighten kitchen countertop item.,kitchen countertop item,item,straighten
00733-GtM3JtRvvvR\tasks-island_0.json,99,7,Straighten the items on the shelf.,Straighten items on the shelf.,shelf,items,straighten
00733-GtM3JtRvvvR\tasks-island_0.json,103,5,Set the handbag on the shelf.,Place handbag on surface.,handbag,surface,place_on
00733-GtM3JtRvvvR\tasks-island_0.json,104,4,Sanitize the kitchen countertop item.,Wipe kitchen countertop item.,kitchen countertop item,item,wipe
00733-GtM3JtRvvvR\tasks-island_0.json,106,3,Position the computer keyboard.,Place computer keyboard on surface.,computer_keyboard,surface,place_on
00733-GtM3JtRvvvR\tasks-island_0.json,108,4,Organize the books on the shelf.,Place shelf on surface.,shelf,surface,place_on
00733-GtM3JtRvvvR\tasks-island_0.json,109,5,Move the kitchen countertop item.,Carry the kitchen countertop item.,kitchen countertop item,item,carry
00733-GtM3JtRvvvR\tasks-island_0.json,111,6,Move the box into the storage area.,Carry the box into the storage area.,box,area,carry
00733-GtM3JtRvvvR\tasks-island_0.json,112,1,Wipe the mirror in the dressing area.,Wipe the mirror in the dressing area.,mirror,area,wipe
00733-GtM3JtRvvvR\tasks-island_0.json,113,4,Move the kitchen countertop item out of the way.,Carry the kitchen countertop item.,kitchen countertop item,item,carry
00733-GtM3JtRvvvR\tasks-island_0.json,114,7,Check the radiator in the study area.,Inspect the radiator in the study area.,radiator,area,inspect
00733-GtM3JtRvvvR\tasks-island_0.json,121,6,Organize the kitchen countertop item.,Straighten kitchen countertop item.,kitchen countertop item,item,straighten
00738-GPyDUnjwZQy\tasks-island_0.json,2,3,Arrange the shampoo bottle on the shelf.,Place shampoo on surface.,shampoo,surface,place_on
00738-GPyDUnjwZQy\tasks-island_0.json,4,2,Organize the items on the shelf.,Place shelf on surface.,shelf,surface,place_on
00738-GPyDUnjwZQy\tasks-island_0.json,10,3,Organize the books on the shelf.,Place shelf on surface.,shelf,surface,place_on
00738-GPyDUnjwZQy\tasks-island_0.json,13,2,Arrange the decorative plant.,Place decorative plant on surface.,decorative plant,surface,place_on
00738-GPyDUnjwZQy\tasks-island_0.json,15,4,Arrange the stuffed animal.,Place stuffed animal on surface.,stuffed animal,surface,place_on
00738-GPyDUnjwZQy\tasks-island_0.json,16,2,Arrange the guitar.,Place guitar on surface.,guitar,surface,place_on
00738-GPyDUnjwZQy\tasks-island_0.json,17,3,Arrange the shelf.,Place shelf on surface.,shelf,surface,place_on
00738-GPyDUnjwZQy\tasks-island_0.json,18,2,Arrange the shampoo bottle.,Place shampoo on surface.,shampoo,surface,place_on
00738-GPyDUnjwZQy\tasks-island_0.json,19,3,Arrange the decorative plant.,Place decorative plant in receptacle.,decorative plant,receptacle,place_in
00738-GPyDUnjwZQy\tasks-island_0.json,20,2,Fill it with water from the sink.,Use the sink to fill a container.,sink,container,fill
00738-GPyDUnjwZQy\tasks-island_0.json,38,1,Set a cup on the desk.,Place cup on surface.,cup,surface,place_on
00738-GPyDUnjwZQy\tasks-island_0.json,40,1,Close the curtain in the living area.,Close the curtain in the living area.,curtain,area,close
00738-GPyDUnjwZQy\tasks-island_0.json,48,1,Arrange the stuffed animal.,Place stuffed animal in receptacle.,stuffed animal,receptacle,place_in
00738-GPyDUnjwZQy\tasks-island_0.json,67,1,Put the handbag away in the cabinet.,Store items in the cabinet.,cabinet,items,store
00738-GPyDUnjwZQy\tasks-island_0.json,67,3,Arrange the table lamp on the bedside table.,Place table lamp on surface.,table lamp,surface,place_on
00738-GPyDUnjwZQy\tasks-island_0.json,71,5,Position the keyboard.,Place keyboard on surface.,keyboard,surface,place_on
00738-GPyDUnjwZQy\tasks-island_0.json,82,3,Position the keyboard stand.,Place keyboard stand on surface.,keyboard stand,surface,place_on
00738-GPyDUnjwZQy\tasks-island_0.json,95,2,Fill the cup at the sink.,Use the sink to fill a container.,sink,container,fill
00738-GPyDUnjwZQy\tasks-island_0.json,97,3,Position the keyboard.,Place keyboard in receptacle.,keyboard,receptacle,place_in
00738-GPyDUnjwZQy\tasks-island_0.json,108,4,Position the monitor.,Place monitor on surface.,monitor,surface,place_on
00738-GPyDUnjwZQy\tasks-island_0.json,109,2,Arrange the stuffed animal.,Place stuffed animal on surface.,stuffed animal,surface,place_on
00738-GPyDUnjwZQy\tasks-island_0.json,125,4,Position the monitor.,Place monitor on surface.,monitor,surface,place_on
00738-GPyDUnjwZQy\tasks-island_0.json,127,2,Arrange the stuffed animal.,Place stuffed animal on surface.,stuffed animal,surface,place_on
00741-w8GiikYuFRk\tasks-island_0.json,4,2,Set the plate on the serving area.,Place plate on surface.,plate,surface,place_on
00741-w8GiikYuFRk\tasks-island_0.json,11,2,Arrange the holy cross in the display.,Place holy cross in receptacle.,holy cross,receptacle,place_in
00741-w8GiikYuFRk\tasks-island_0.json,16,4,Arrange the decorative plant near the window.,Place decorative plant in receptacle.,decorative plant,receptacle,place_in
00741-w8GiikYuFRk\tasks-island_0.json,17,1,Move the figure to a new spot.,Carry the figure to the new spot.,figure,spot,carry
00741-w8GiikYuFRk\tasks-island_0.json,25,3,Position the statue.,Place statue on surface.,statue,surface,place_on
00741-w8GiikYuFRk\tasks-island_0.json,32,5,Pack the leftovers into the backpack.,Load items into the backpack.,backpack,items,load
00741-w8GiikYuFRk\tasks-island_0.json,34,3,Organize the items in the backpack.,Place backpack in receptacle.,backpack,receptacle,place_in
00741-w8GiikYuFRk\tasks-island_0.json,37,4,Position the mouse for use.,Place mouse on surface.,mouse,surface,place_on
00741-w8GiikYuFRk\tasks-island_0.json,40,1,Arrange flowers on the flower stand.,Place flower stand on surface.,flower stand,surface,place_on
00741-w8GiikYuFRk\tasks-island_0.json,42,2,Store extra items in the cabinet.,Place extra items in the cabinet.,cabinet,items,place_in
00741-w8GiikYuFRk\tasks-island_0.json,42,4,Arrange the volumes on the book display.,Place book display on surface.,book display,surface,place_on
00741-w8GiikYuFRk\tasks-island_0.json,43,1,Plump the cushions on the couch.,Fluff items on the couch.,couch,items,fluff
00741-w8GiikYuFRk\tasks-island_0.json,46,4,Organize gardening tools in the cabinet.,Place cabinet in receptacle.,cabinet,receptacle,place_in
00741-w8GiikYuFRk\tasks-island_0.json,47,4,Position the computer keyboard.,Place computer keyboard on surface.,computer_keyboard,surface,place_on
00741-w8GiikYuFRk\tasks-island_0.json,48,3,Place fragile items into the box.,Place fragile items in the box.,box,items,place_in
00741-w8GiikYuFRk\tasks-island_0.json,51,2,Fluff the pillow on the armchair.,Fluff items on the armchair.,armchair,items,fluff
00741-w8GiikYuFRk\tasks-island_0.json,53,3,Place the fragile items in the case.,Place the fragile items in the case.,case,items,place_in
00741-w8GiikYuFRk\tasks-island_0.json,59,5,Arrange the book.,Place book on surface.,book,surface,place_on
00741-w8GiikYuFRk\tasks-island_0.json,61,5,Arrange the backpack.,Place backpack on surface.,backpack,surface,place_on
00741-w8GiikYuFRk\tasks-island_0.json,62,4,Arrange the bouquet.,Place bouquet on surface.,bouquet,surface,place_on
00741-w8GiikYuFRk\tasks-island_0.json,65,5,Arrange the book display.,Place book display on surface.,book display,surface,place_on
00741-w8GiikYuFRk\tasks-island_0.json,68,3,Position the pillar.,Place pillar on surface.,pillar,surface,place_on
00741-w8GiikYuFRk\tasks-island_0.json,70,2,Arrange the stand.,Place stand on surface.,stand,surface,place_on
00741-w8GiikYuFRk\tasks-island_0.json,76,3,Position the statue.,Place statue on surface.,statue,surface,place_on
00741-w8GiikYuFRk\tasks-island_0.json,83,1,Organize the books on the cabinet.,Place cabinet on surface.,cabinet,surface,place_on
00741-w8GiikYuFRk\tasks-island_0.json,84,3,Arrange the books.,Place book on surface.,book,surface,place_on
00741-w8GiikYuFRk\tasks-island_0.json,87,3,Add a log to the stove.,Place items on the stove.,stove,items,place_on
00741-w8GiikYuFRk\tasks-island_0.json,89,2,Position the easel.,Place easel on surface.,easel,surface,place_on
00741-w8GiikYuFRk\tasks-island_0.json,103,5,Reposition the statue.,Place statue on surface.,statue,surface,place_on
00741-w8GiikYuFRk\tasks-island_0.json,113,4,Set the cup on the table.,Place cup on surface.,cup,surface,place_on
00741-w8GiikYuFRk\tasks-island_0.json,114,4,Organize the materials in the cabinet.,Place cabinet in receptacle.,cabinet,receptacle,place_in
00741-w8GiikYuFRk\tasks-island_0.json,115,5,Arrange the books on the book display.,Place book display on surface.,book display,surface,place_on
00741-w8GiikYuFRk\tasks-island_0.json,116,6,Set the plate on the counter.,Place plate on surface.,plate,surface,place_on
00741-w8GiikYuFRk\tasks-island_0.json,118,1,Fluff the pillows on the couch.,Fluff items on the couch.,couch,items,fluff
00741-w8GiikYuFRk\tasks-island_0.json,120,2,Sort items in the cabinet.,Place cabinet in receptacle.,cabinet,receptacle,place_in
00741-w8GiikYuFRk\tasks-island_0.json,124,2,Position the easel.,Place easel on surface.,easel,surface,place_on
00741-w8GiikYuFRk\tasks-island_0.json,125,4,Arrange the bouquet.,Place bouquet on surface.,bouquet,surface,place_on
00741-w8GiikYuFRk\tasks-island_0.json,131,1,Reposition the statue.,Place statue on surface.,statue,surface,place_on
00741-w8GiikYuFRk\tasks-island_0.json,135,5,Arrange the stuffed animal.,Place stuffed animal on surface.,stuffed animal,surface,place_on
00741-w8GiikYuFRk\tasks-island_0.json,137,4,Arrange the seat.,Place seat on surface.,seat,surface,place_on
00741-w8GiikYuFRk\tasks-island_0.json,138,5,Arrange the bouquet.,Place bouquet on surface.,bouquet,surface,place_on
00741-w8GiikYuFRk\tasks-island_0.json,140,1,Reposition the easel.,Place easel on surface.,easel,surface,place_on
00741-w8GiikYuFRk\tasks-island_0.json,143,6,Fluff the pillows on the couch.,Fluff items on the couch.,couch,items,fluff
00741-w8GiikYuFRk\tasks-island_0.json,144,2,Organize art supplies in the cabinet.,Place cabinet in receptacle.,cabinet,receptacle,place_in
00741-w8GiikYuFRk\tasks-island_0.json,145,2,Arrange the books inside the cabinet.,Place cabinet in receptacle.,cabinet,receptacle,place_in
00741-w8GiikYuFRk\tasks-island_0.json,146,4,Put the book away in the cabinet.,Store items in the cabinet.,cabinet,items,store
00741-w8GiikYuFRk\tasks-island_0.json,147,1,Pack essentials into the backpack.,Load items into the backpack.,backpack,items,load
00741-w8GiikYuFRk\tasks-island_0.json,147,4,Secure travel documents in the case.,Place items in the case.,case,items,place_in
00741-w8GiikYuFRk\tasks-island_0.json,153,4,Organize items in the chest.,Place chest in receptacle.,chest,receptacle,place_in
00741-w8GiikYuFRk\tasks-island_0.json,161,5,Open the curtain to highlight the area.,Open the curtain to highlight the area.,curtain,area,open
00741-w8GiikYuFRk\tasks-island_0.json,163,2,Put the small items in the case.,Place the small items in the case.,case,items,place_in
00741-w8GiikYuFRk\tasks-island_0.json,164,4,Organize tools in the cabinet.,Place cabinet in receptacle.,cabinet,receptacle,place_in
00741-w8GiikYuFRk\tasks-island_0.json,166,5,Put away shoes in the chest.,Store items in the chest.,chest,items,store
00741-w8GiikYuFRk\tasks-island_0.json,171,7,Arrange the bouquet.,Place bouquet on surface.,bouquet,surface,place_on
00741-w8GiikYuFRk\tasks-island_0.json,173,5,Arrange the flower stand.,Place flower stand on surface.,flower stand,surface,place_on
00741-w8GiikYuFRk\tasks-island_0.json,177,2,Arrange the bouquet.,Place bouquet on surface.,bouquet,surface,place_on
00741-w8GiikYuFRk\tasks-island_0.json,189,3,Arrange the bouquet.,Place bouquet on surface.,bouquet,surface,place_on
00741-w8GiikYuFRk\tasks-island_1.json,1,2,Arrange the book display.,Place book display on surface.,book display,surface,place_on
00741-w8GiikYuFRk\tasks-island_1.json,6,3,Arrange the wine bottle.,Place wine bottle on surface.,wine_bottle,surface,place_on
00741-w8GiikYuFRk\tasks-island_1.json,8,4,Arrange the rack.,Place rack on surface.,rack,surface,place_on
00741-w8GiikYuFRk\tasks-island_1.json,16,4,Arrange the rack.,Place rack on surface.,rack,surface,place_on
00741-w8GiikYuFRk\tasks-island_1.json,20,4,Arrange the book display.,Place book display on surface.,book display,surface,place_on
00741-w8GiikYuFRk\tasks-island_1.json,23,1,Retrieve the camera to document the items.,Pick up the camera to document the items.,camera,items,pick_up
00741-w8GiikYuFRk\tasks-island_1.json,25,3,Arrange the rack for kitchen supplies.,Place rack on surface.,rack,surface,place_on
00741-w8GiikYuFRk\tasks-island_1.json,25,5,Dust the picture on the wall near the dining area.,Dust the picture on the wall near the dining area.,picture,area,dust
00741-w8GiikYuFRk\tasks-island_1.json,28,6,Dust the picture to freshen up the office area.,Dust the picture to freshen up the office area.,picture,area,dust
00741-w8GiikYuFRk\tasks-island_1.json,29,2,Reposition the sculpture for a fresh perspective.,Place sculpture on surface.,sculpture,surface,place_on
00741-w8GiikYuFRk\tasks-island_1.json,29,4,Change the books on the book display.,Place items on the book display.,book display,items,place_on
00741-w8GiikYuFRk\tasks-island_1.json,30,6,Position the stand.,Place stand on surface.,stand,surface,place_on
00741-w8GiikYuFRk\tasks-island_1.json,31,7,Arrange the stand.,Place stand on surface.,stand,surface,place_on
00741-w8GiikYuFRk\tasks-island_1.json,34,1,Arrange the book display.,Place book display on surface.,book display,surface,place_on
00741-w8GiikYuFRk\tasks-island_1.json,35,1,Position the stand.,Place stand on surface.,stand,surface,place_on
00741-w8GiikYuFRk\tasks-island_1.json,35,7,Arrange the rack.,Place rack on surface.,rack,surface,place_on
00741-w8GiikYuFRk\tasks-island_1.json,39,3,Reposition the stand.,Place stand on surface.,stand,surface,place_on
00741-w8GiikYuFRk\tasks-island_1.json,41,4,Position the sculpture.,Place sculpture on surface.,sculpture,surface,place_on
00741-w8GiikYuFRk\tasks-island_1.json,43,6,Arrange the book display.,Place book display on surface.,book display,surface,place_on
00741-w8GiikYuFRk\tasks-island_1.json,47,3,Arrange the book display.,Place book display on surface.,book display,surface,place_on
00744-1S7LAXRdDqK\tasks-island_0.json,0,2,Fill the cup at the sink.,Use the sink to fill a container.,sink,container,fill
00744-1S7LAXRdDqK\tasks-island_0.json,4,2,Position the mouse for use.,Place mouse on surface.,mouse,surface,place_on
00744-1S7LAXRdDqK\tasks-island_0.json,45,4,Arrange the dog leash neatly.,Place dog leash on surface.,dog leash,surface,place_on
00744-1S7LAXRdDqK\tasks-island_0.json,46,2,Get a clean cup from the living area.,Pick up the cup from the living area.,cup,area,pick_up
00744-1S7LAXRdDqK\tasks-island_0.json,53,1,Open the curtain in the bedroom area.,Open the curtain in the bedroom area.,curtain,area,open
00744-1S7LAXRdDqK\tasks-island_0.json,68,4,Arrange the hanger.,Place hanger on surface.,hanger,surface,place_on
00744-1S7LAXRdDqK\tasks-island_0.json,71,2,Arrange the kitchen utensil.,Place kitchen utensil on surface.,kitchen utensil,surface,place_on
00744-1S7LAXRdDqK\tasks-island_0.json,73,5,Set the cup.,Place cup on surface.,cup,surface,place_on
00744-1S7LAXRdDqK\tasks-island_0.json,80,4,Set the cup.,Place cup on surface.,cup,surface,place_on
00744-1S7LAXRdDqK\tasks-island_0.json,86,5,Arrange the decoration.,Place decoration on surface.,decoration,surface,place_on
00744-1S7LAXRdDqK\tasks-island_0.json,88,2,Arrange the breadbox.,Place breadbox on surface.,breadbox,surface,place_on
00744-1S7LAXRdDqK\tasks-island_0.json,93,3,Set the coffee maker.,Place coffee maker on surface.,coffee_maker,surface,place_on
00744-1S7LAXRdDqK\tasks-island_0.json,98,7,Hang up the coats on the hanger.,Hang items on the hanger.,hanger,items,hang
00744-1S7LAXRdDqK\tasks-island_0.json,104,5,Set the cup on the table.,Place cup on surface.,cup,surface,place_on
00744-1S7LAXRdDqK\tasks-island_0.json,106,5,Arrange the footrest in the study.,Place footrest in receptacle.,footrest,receptacle,place_in
00744-1S7LAXRdDqK\tasks-island_0.json,109,7,Turn off the lamp in the kitchen area.,Turn off the lamp in the kitchen area.,lamp,area,turn_off
00744-1S7LAXRdDqK\tasks-island_0.json,120,2,Arrange the plant for a photo.,Place plant on surface.,plant,surface,place_on
00744-1S7LAXRdDqK\tasks-island_0.json,121,5,Dust the lamp in the living area.,Dust the lamp in the living area.,lamp,area,dust
00744-1S7LAXRdDqK\tasks-island_0.json,122,4,Arrange the side table.,Place side table on surface.,side table,surface,place_on
00744-1S7LAXRdDqK\tasks-island_0.json,128,4,Dust the lamp in the kitchen area.,Dust the lamp in the kitchen area.,lamp,area,dust
00744-1S7LAXRdDqK\tasks-island_1.json,0,4,Organize the items inside the closet.,Place closet in receptacle.,closet,receptacle,place_in
00744-1S7LAXRdDqK\tasks-island_1.json,1,1,Straighten the cushions on the couch.,Straighten items on the couch.,couch,items,straighten
00744-1S7LAXRdDqK\tasks-island_1.json,2,2,Place a pillow on the seating area.,Place a pillow on the seating area.,pillow,area,place_on
00744-1S7LAXRdDqK\tasks-island_1.json,5,2,Organize the equipment on the stand.,Place stand in receptacle.,stand,receptacle,place_in
00744-1S7LAXRdDqK\tasks-island_1.json,10,3,Put scattered items into the basket.,Place scattered items in the basket.,basket,items,place_in
00744-1S7LAXRdDqK\tasks-island_1.json,14,2,Arrange the guitar on its stand.,Place guitar on surface.,guitar,surface,place_on
00744-1S7LAXRdDqK\tasks-island_1.json,14,3,Organize the books on the bookshelf.,Place bookshelf on surface.,bookshelf,surface,place_on
00744-1S7LAXRdDqK\tasks-island_1.json,15,1,Move the box to the storage area.,Carry the box to the storage area.,box,area,carry
00744-1S7LAXRdDqK\tasks-island_1.json,19,1,Sort the books on the shelf.,Place shelf on surface.,shelf,surface,place_on
00744-1S7LAXRdDqK\tasks-island_1.json,19,2,Arrange the books on the bookshelf.,Place bookshelf on surface.,bookshelf,surface,place_on
00744-1S7LAXRdDqK\tasks-island_1.json,20,5,Stack the box in the storage area.,Stack the box in the storage area.,box,area,stack
00744-1S7LAXRdDqK\tasks-island_1.json,26,5,Store items away in the closet.,Store items in the closet.,closet,items,store
00744-1S7LAXRdDqK\tasks-island_1.json,29,2,Stack the box in the storage area.,Stack the box in the storage area.,box,area,stack
00744-1S7LAXRdDqK\tasks-island_1.json,30,3,Turn on the audio appliance.,Turn on the appliance.,appliance,appliance,turn_on
00744-1S7LAXRdDqK\tasks-island_1.json,36,6,Arrange the guitar.,Place guitar on surface.,guitar,surface,place_on
00744-1S7LAXRdDqK\tasks-island_1.json,39,3,Set the radio.,Place radio on surface.,radio,surface,place_on
00744-1S7LAXRdDqK\tasks-island_1.json,44,4,Rearrange the shelving.,Place shelving on surface.,shelving,surface,place_on
00744-1S7LAXRdDqK\tasks-island_1.json,49,2,Turn on the appliance.,Turn on the appliance.,appliance,appliance,turn_on
00744-1S7LAXRdDqK\tasks-island_1.json,51,5,Position the keyboard.,Place keyboard on surface.,keyboard,surface,place_on
00744-1S7LAXRdDqK\tasks-island_1.json,56,2,Set the basket.,Place basket on surface.,basket,surface,place_on
00746-RTV2n6fXB2w\tasks-island_0.json,0,3,Move a kitchen chair to the desk area.,Reposition the kitchen chair to the desk area.,kitchen chair,area,reposition
00746-RTV2n6fXB2w\tasks-island_0.json,0,4,Organize the files on the cabinet.,Place cabinet on surface.,cabinet,surface,place_on
00746-RTV2n6fXB2w\tasks-island_0.json,2,1,Set the jar on the counter.,Place jar on surface.,jar,surface,place_on
00746-RTV2n6fXB2w\tasks-island_0.json,8,4,Display the photo mount nearby.,Place photo mount on surface.,photo mount,surface,place_on
00746-RTV2n6fXB2w\tasks-island_0.json,14,1,Arrange the items on the shelf.,Place shelf on surface.,shelf,surface,place_on
00746-RTV2n6fXB2w\tasks-island_0.json,17,4,Arrange the kitchen chair.,Place kitchen chair in receptacle.,kitchen chair,receptacle,place_in
00746-RTV2n6fXB2w\tasks-island_0.json,25,1,Position the christmas tree.,Place christmas tree on surface.,christmas tree,surface,place_on
00746-RTV2n6fXB2w\tasks-island_0.json,25,2,Arrange the gift.,Place gift on surface.,gift,surface,place_on
00746-RTV2n6fXB2w\tasks-island_0.json,25,5,Position the board.,Place board on surface.,board,surface,place_on
00746-RTV2n6fXB2w\tasks-island_0.json,36,4,Position the kitchen chair.,Place kitchen chair on surface.,kitchen chair,surface,place_on
00746-RTV2n6fXB2w\tasks-island_0.json,44,1,Retrieve the pitchfork from the storage area.,Pick up the pitchfork from the storage area.,pitchfork,area,pick_up
00746-RTV2n6fXB2w\tasks-island_0.json,46,1,Organize the ingredients on the shelf.,Place shelf on surface.,shelf,surface,place_on
00746-RTV2n6fXB2w\tasks-island_0.json,46,4,Arrange the spice rack.,Place spice rack on surface.,spice rack,surface,place_on
00746-RTV2n6fXB2w\tasks-island_0.json,47,1,Fetch the laptop computer from the study area.,Pick up the laptop_computer from the study area.,laptop_computer,area,pick_up
00746-RTV2n6fXB2w\tasks-island_0.json,51,2,Set the salver on the table.,Place salver on surface.,salver,surface,place_on
00746-RTV2n6fXB2w\tasks-island_0.json,54,1,Organize my textbooks on the shelf.,Place shelf on surface.,shelf,surface,place_on
00746-RTV2n6fXB2w\tasks-island_0.json,56,2,Set the kitchen cabinet for serving.,Place kitchen cabinet on surface.,kitchen cabinet,surface,place_on
00746-RTV2n6fXB2w\tasks-island_0.json,57,1,Get the pitchfork from the shed area.,Pick up the pitchfork from the shed area.,pitchfork,area,pick_up
00746-RTV2n6fXB2w\tasks-island_0.json,59,1,Organize the items on the shelf.,Place shelf on surface.,shelf,surface,place_on
00746-RTV2n6fXB2w\tasks-island_0.json,60,5,Set the kitchen chair back in place.,Place kitchen chair in receptacle.,kitchen chair,receptacle,place_in
00746-RTV2n6fXB2w\tasks-island_0.json,62,2,Arrange the basket contents.,Place basket on surface.,basket,surface,place_on
00746-RTV2n6fXB2w\tasks-island_0.json,64,1,Organize the writing supplies on the shelf.,Place shelf on surface.,shelf,surface,place_on
00746-RTV2n6fXB2w\tasks-island_0.json,64,6,Arrange the photo mount on the desk.,Place photo mount on surface.,photo mount,surface,place_on
00746-RTV2n6fXB2w\tasks-island_0.json,77,6,Arrange the kitchen cabinet.,Place kitchen cabinet on surface.,kitchen cabinet,surface,place_on
00746-RTV2n6fXB2w\tasks-island_0.json,78,3,Arrange the gift.,Place gift on surface.,gift,surface,place_on
00746-RTV2n6fXB2w\tasks-island_0.json,84,3,Arrange the gift.,Place gift on surface.,gift,surface,place_on
00746-RTV2n6fXB2w\tasks-island_0.json,85,6,Arrange the kitchen chair.,Place kitchen chair on surface.,kitchen chair,surface,place_on
00746-RTV2n6fXB2w\tasks-island_0.json,88,2,Arrange the kitchen chair.,Place kitchen chair on surface.,kitchen chair,surface,place_on
00746-RTV2n6fXB2w\tasks-island_0.json,90,2,Arrange the spice rack.,Place spice rack on surface.,spice rack,surface,place_on
00750-E1NrAhMoqvB\tasks-island_0.json,2,2,Load the clothes into the washing machine.,Load items into the washing machine.,washing machine,items,load
00750-E1NrAhMoqvB\tasks-island_0.json,3,3,Hang the used towel on the towel bar.,Hang items on the towel bar.,towel bar,items,hang
00750-E1NrAhMoqvB\tasks-island_0.json,6,2,Prepare the food using the kitchen appliance.,Turn on the kitchen appliance.,kitchen appliance,appliance,turn_on
00750-E1NrAhMoqvB\tasks-island_0.json,15,3,Hang shirts on the coat hanger.,Hang items on the coat hanger.,coat hanger,items,hang
00750-E1NrAhMoqvB\tasks-island_0.json,19,4,Use the kitchen appliance to heat the food.,Inspect the kitchen appliance.,kitchen appliance,appliance,inspect
00750-E1NrAhMoqvB\tasks-island_0.json,21,1,Straighten the books on the bookshelf.,Straighten items on the bookshelf.,bookshelf,items,straighten
00750-E1NrAhMoqvB\tasks-island_0.json,22,3,Place the drink on the stand.,Place items on the stand/small table.,stand/small table,items,place_on
00750-E1NrAhMoqvB\tasks-island_0.json,41,2,Set the cup on the table.,Place cup on surface.,cup,surface,place_on
00750-E1NrAhMoqvB\tasks-island_0.json,43,2,Hang the towel on the towel bar.,Hang items on the towel bar.,towel bar,items,hang
00750-E1NrAhMoqvB\tasks-island_0.json,44,1,Sort items in the basket of something.,Place basket of something in receptacle.,basket of something,receptacle,place_in
00750-E1NrAhMoqvB\tasks-island_0.json,45,1,Prepare breakfast using the kitchen appliance.,Turn on the kitchen appliance.,kitchen appliance,appliance,turn_on
00750-E1NrAhMoqvB\tasks-island_0.json,47,2,Set the bowl on the table.,Place bowl on surface.,bowl,surface,place_on
00750-E1NrAhMoqvB\tasks-island_0.json,56,1,Arrange the handbag.,Place handbag on surface.,handbag,surface,place_on
00750-E1NrAhMoqvB\tasks-island_0.json,60,3,Arrange the shoe.,Place shoe on surface.,shoe,surface,place_on
00750-E1NrAhMoqvB\tasks-island_0.json,63,3,Arrange the shampoo.,Place shampoo on surface.,shampoo,surface,place_on
00750-E1NrAhMoqvB\tasks-island_0.json,65,1,Position the computer chair.,Place computer chair on surface.,computer chair,surface,place_on
00750-E1NrAhMoqvB\tasks-island_0.json,67,5,Arrange the coat hanger.,Place coat hanger on surface.,coat hanger,surface,place_on
00750-E1NrAhMoqvB\tasks-island_0.json,70,3,Set the cup.,Place cup on surface.,cup,surface,place_on
00750-E1NrAhMoqvB\tasks-island_0.json,73,4,Hang a towel on the towel bar.,Hang items on the towel bar.,towel bar,items,hang
00750-E1NrAhMoqvB\tasks-island_0.json,77,3,Arrange the shoe.,Place shoe on surface.,shoe,surface,place_on
00750-E1NrAhMoqvB\tasks-island_0.json,80,3,Position the round chair.,Place round chair on surface.,round chair,surface,place_on
00750-E1NrAhMoqvB\tasks-island_0.json,83,4,Position the mouse.,Place mouse on surface.,mouse,surface,place_on
00750-E1NrAhMoqvB\tasks-island_0.json,87,4,Hang a towel on the towel bar.,Hang items on the towel bar.,towel bar,items,hang
00750-E1NrAhMoqvB\tasks-island_0.json,94,4,Plump the cushions on the couch.,Fluff items on the couch.,couch,items,fluff
00750-E1NrAhMoqvB\tasks-island_0.json,100,4,Position the mouse.,Place mouse on surface.,mouse,surface,place_on
00750-E1NrAhMoqvB\tasks-island_0.json,104,3,Arrange the book.,Place book on surface.,book,surface,place_on
00750-E1NrAhMoqvB\tasks-island_0.json,111,5,Replace the bulb in the floor lamp.,Place items in the floor lamp.,floor lamp,items,place_in
00750-E1NrAhMoqvB\tasks-island_0.json,114,3,Position the computer chair.,Place computer chair on surface.,computer chair,surface,place_on
00750-E1NrAhMoqvB\tasks-island_0.json,116,4,Arrange the shoe.,Place shoe on surface.,shoe,surface,place_on
00750-E1NrAhMoqvB\tasks-island_0.json,118,2,Check the kitchen appliance.,Inspect the kitchen appliance.,kitchen appliance,appliance,inspect
00750-E1NrAhMoqvB\tasks-island_0.json,121,5,Arrange the flower vase.,Place flower vase on surface.,flower vase,surface,place_on
00750-E1NrAhMoqvB\tasks-island_0.json,126,3,Hang clothes in the wardrobe.,Hang items in the wardrobe.,wardrobe,items,hang
00750-E1NrAhMoqvB\tasks-island_0.json,130,2,Organize the items in the sink cabinet.,Place sink cabinet in receptacle.,sink cabinet,receptacle,place_in
00750-E1NrAhMoqvB\tasks-island_0.json,132,6,Hang the towel on the towel bar.,Hang items on the towel bar.,towel bar,items,hang
00750-E1NrAhMoqvB\tasks-island_0.json,134,1,Arrange the small table.,Place small table/stand on surface.,small table/stand,surface,place_on
00750-E1NrAhMoqvB\tasks-island_0.json,134,5,Hang the coat on the coat hanger.,Hang items on the coat hanger.,coat hanger,items,hang
00750-E1NrAhMoqvB\tasks-island_0.json,136,3,Arrange the flower.,Place flower on surface.,flower,surface,place_on
00750-E1NrAhMoqvB\tasks-island_0.json,144,3,Arrange the computer chair.,Place computer chair on surface.,computer chair,surface,place_on
00750-E1NrAhMoqvB\tasks-island_0.json,164,2,Position the keyboard.,Place keyboard on surface.,keyboard,surface,place_on
00750-E1NrAhMoqvB\tasks-island_0.json,170,2,Put items into the basket of something.,Place items in the basket of something.,basket of something,items,place_in
00750-E1NrAhMoqvB\tasks-island_0.json,171,6,Adjust the kitchen appliance.,Reposition the kitchen appliance.,kitchen appliance,appliance,reposition
00750-E1NrAhMoqvB\tasks-island_0.json,175,4,Position the computer chair properly.,Place computer chair on surface.,computer chair,surface,place_on
00750-E1NrAhMoqvB\tasks-island_0.json,179,1,Position the speaker.,Place speaker on surface.,speaker,surface,place_on
00750-E1NrAhMoqvB\tasks-island_0.json,182,2,Open the wardrobe to store items.,Open the wardrobe to store items.,wardrobe,items,open
00750-E1NrAhMoqvB\tasks-island_0.json,182,3,Tidy the items on the high shelf.,Place high shelf on surface.,high shelf,surface,place_on
00750-E1NrAhMoqvB\tasks-island_0.json,188,4,Load the clothes into the washing machine.,Load items into the washing machine.,washing machine,items,load
00750-E1NrAhMoqvB\tasks-island_0.json,189,1,Arrange the fresh flower.,Place flower on surface.,flower,surface,place_on
00750-E1NrAhMoqvB\tasks-island_0.json,192,4,Arrange the mouse.,Place mouse in receptacle.,mouse,receptacle,place_in
00750-E1NrAhMoqvB\tasks-island_0.json,202,1,Wipe the kitchen appliance.,Wipe the kitchen appliance.,kitchen appliance,appliance,wipe
00750-E1NrAhMoqvB\tasks-island_0.json,203,7,Organize books on the high shelf.,Place high shelf on surface.,high shelf,surface,place_on
00750-E1NrAhMoqvB\tasks-island_0.json,206,5,Arrange the shoes.,Place shoe on surface.,shoe,surface,place_on
00750-E1NrAhMoqvB\tasks-island_0.json,209,3,Arrange the folding chair.,Place folding chair on surface.,folding chair,surface,place_on
00750-E1NrAhMoqvB\tasks-island_0.json,216,5,Arrange the round chair.,Place round chair on surface.,round chair,surface,place_on
00750-E1NrAhMoqvB\tasks-island_0.json,224,4,Arrange the toothbrush.,Place toothbrush on surface.,toothbrush,surface,place_on
00750-E1NrAhMoqvB\tasks-island_0.json,225,2,Arrange the flower.,Place flower on surface.,flower,surface,place_on
00750-E1NrAhMoqvB\tasks-island_0.json,227,2,Clean the kitchen appliance.,Wipe kitchen appliance.,kitchen appliance,appliance,wipe
00750-E1NrAhMoqvB\tasks-island_0.json,230,2,Put the toy in the basket.,Place items in the basket of something.,basket of something,items,place_in
00750-E1NrAhMoqvB\tasks-island_0.json,236,2,Arrange the flower.,Place flower on surface.,flower,surface,place_on
00750-E1NrAhMoqvB\tasks-island_0.json,237,3,Arrange the handbag.,Place handbag on surface.,handbag,surface,place_on
00750-E1NrAhMoqvB\tasks-island_0.json,241,4,Arrange the shoe.,Place shoe on surface.,shoe,surface,place_on
00750-E1NrAhMoqvB\tasks-island_2.json,0,2,Arrange the patio chair.,Place patio chair on surface.,patio chair,surface,place_on
00750-E1NrAhMoqvB\tasks-island_2.json,2,5,Reposition the flowerpot.,Place flowerpot on surface.,flowerpot,surface,place_on
00750-E1NrAhMoqvB\tasks-island_2.json,5,4,Arrange the firewood.,Place firewood on surface.,firewood,surface,place_on
00750-E1NrAhMoqvB\tasks-island_2.json,6,2,Set the plate on the table.,Place plate on surface.,plate,surface,place_on
00750-E1NrAhMoqvB\tasks-island_2.json,10,4,Reposition the flowerpot to improve the background.,Place flowerpot on surface.,flowerpot,surface,place_on
00750-E1NrAhMoqvB\tasks-island_2.json,12,2,Set down the plate on the table.,Place plate on surface.,plate,surface,place_on
00750-E1NrAhMoqvB\tasks-island_2.json,16,6,Arrange the firewood neatly for the photo.,Place firewood on surface.,firewood,surface,place_on
00750-E1NrAhMoqvB\tasks-island_2.json,19,1,Arrange the patio chair.,Place patio chair on surface.,patio chair,surface,place_on
00750-E1NrAhMoqvB\tasks-island_2.json,19,3,Set the plate on the table.,Place plate on surface.,plate,surface,place_on
00750-E1NrAhMoqvB\tasks-island_2.json,19,4,Move the flowerpot to a decorative spot.,Carry the flowerpot to the decorative spot.,flowerpot,spot,carry
00750-E1NrAhMoqvB\tasks-island_2.json,19,7,Arrange the firewood.,Place firewood on surface.,firewood,surface,place_on
00750-E1NrAhMoqvB\tasks-island_2.json,20,7,Reposition the flowerpot.,Place flowerpot on surface.,flowerpot,surface,place_on
00757-LVgQNuK8vtv\tasks-island_0.json,3,2,Arrange the towel.,Place towel on surface.,towel,surface,place_on
00757-LVgQNuK8vtv\tasks-island_0.json,47,4,Arrange the chest.,Place chest on surface.,chest,surface,place_on
00757-LVgQNuK8vtv\tasks-island_0.json,54,5,Arrange the shelving.,Place shelving on surface.,shelving,surface,place_on
00757-LVgQNuK8vtv\tasks-island_0.json,55,1,Fluff the pillow on the couch.,Fluff items on the couch.,couch,items,fluff
00757-LVgQNuK8vtv\tasks-island_0.json,64,4,Set the chairs.,Place items on the chair.,chair,items,place_on
00757-LVgQNuK8vtv\tasks-island_0.json,66,5,Arrange the shelving.,Place shelving in receptacle.,shelving,receptacle,place_in
00757-LVgQNuK8vtv\tasks-island_0.json,75,4,Arrange the cans.,Place can on surface.,can,surface,place_on
00757-LVgQNuK8vtv\tasks-island_0.json,80,5,Set the tray.,Place tray on surface.,tray,surface,place_on
00757-LVgQNuK8vtv\tasks-island_0.json,81,4,Arrange the shelving.,Place shelving on surface.,shelving,surface,place_on
00757-LVgQNuK8vtv\tasks-island_0.json,88,3,Move the shampoo to the shower area.,Carry the shampoo to the shower area.,shampoo,area,carry
00757-LVgQNuK8vtv\tasks-island_0.json,116,3,Organize the books on the shelving.,Place shelving on surface.,shelving,surface,place_on
00757-LVgQNuK8vtv\tasks-island_0.json,116,6,Arrange the footrest.,Place footrest on surface.,footrest,surface,place_on
00757-LVgQNuK8vtv\tasks-island_0.json,126,3,Arrange the shelving.,Place shelving on surface.,shelving,surface,place_on
00757-LVgQNuK8vtv\tasks-island_0.json,127,5,Fill a container at the sink.,Use the sink to fill a container.,sink,container,fill
00757-LVgQNuK8vtv\tasks-island_0.json,128,4,Arrange the decoder.,Place decoder on surface.,decoder,surface,place_on
00757-LVgQNuK8vtv\tasks-island_0.json,143,3,Put away clothes in the chest of drawers.,Store items in the chest of drawers.,chest of drawers,items,store
00757-LVgQNuK8vtv\tasks-island_0.json,165,2,Arrange the book.,Place book on surface.,book,surface,place_on
00757-LVgQNuK8vtv\tasks-island_0.json,171,3,Retrieve a cup from the living area.,Pick up the cup from the living area.,cup,area,pick_up
00757-LVgQNuK8vtv\tasks-island_0.json,172,4,Organize the items in the basket.,Place basket in receptacle.,basket,receptacle,place_in
00757-LVgQNuK8vtv\tasks-island_0.json,197,2,Arrange the hanging clothes.,Place hanging clothes on surface.,hanging clothes,surface,place_on
00757-LVgQNuK8vtv\tasks-island_0.json,209,7,Hang the apron on the hanger.,Hang items on the hanger.,hanger,items,hang
00757-LVgQNuK8vtv\tasks-island_0.json,213,2,Arrange the shelving.,Place shelving on surface.,shelving,surface,place_on
00757-LVgQNuK8vtv\tasks-island_0.json,220,2,Arrange the shelving.,Place shelving on surface.,shelving,surface,place_on
00757-LVgQNuK8vtv\tasks-island_0.json,225,5,Set the tray on the cabinet.,Place tray on surface.,tray,surface,place_on
00757-LVgQNuK8vtv\tasks-island_0.json,231,6,Hang the clothes on the hanger.,Hang items on the hanger.,hanger,items,hang
00758-HfMobPm86Xn\tasks-island_0.json,1,3,Retrieve a cup from the living area.,Pick up the cup from the living area.,cup,area,pick_up
00758-HfMobPm86Xn\tasks-island_0.json,13,2,Set the pan on the stove.,Place pan on surface.,pan,surface,place_on
00758-HfMobPm86Xn\tasks-island_0.json,30,4,Set the plate on the table.,Place plate on surface.,plate,surface,place_on
00758-HfMobPm86Xn\tasks-island_0.json,43,4,Set the sunglasses on the table.,Place sunglasses on surface.,sunglasses,surface,place_on
00758-HfMobPm86Xn\tasks-island_0.json,45,3,Arrange the book.,Place book in receptacle.,book,receptacle,place_in
00758-HfMobPm86Xn\tasks-island_0.json,47,2,Arrange the decorative plant.,Place decorative plant on surface.,decorative plant,surface,place_on
00758-HfMobPm86Xn\tasks-island_0.json,48,4,Set the bowl.,Place bowl on surface.,bowl,surface,place_on
00758-HfMobPm86Xn\tasks-island_0.json,52,4,Wipe the appliance.,Wipe the appliance.,appliance,appliance,wipe
00758-HfMobPm86Xn\tasks-island_0.json,54,3,Place the snack in the microwave to heat.,Place items in the microwave_oven.,microwave_oven,items,place_in
00758-HfMobPm86Xn\tasks-island_0.json,59,2,Fill it with water at the kitchen sink.,Use the sink to fill a container.,sink,container,fill
00758-HfMobPm86Xn\tasks-island_0.json,62,2,Set out the shampoo on the wash cabinet.,Place shampoo on surface.,shampoo,surface,place_on
00758-HfMobPm86Xn\tasks-island_0.json,65,2,Set up the ladder in the storage area.,Place the ladder in the storage area.,ladder,area,place_in
00758-HfMobPm86Xn\tasks-island_0.json,65,4,Organize the tools in the cabinet.,Place cabinet in receptacle.,cabinet,receptacle,place_in
00758-HfMobPm86Xn\tasks-island_0.json,66,1,Set out a plate on the table.,Place plate on surface.,plate,surface,place_on
00758-HfMobPm86Xn\tasks-island_0.json,82,3,Turn on the ceiling lamp in the utility area.,Turn on the ceiling lamp in the utility area.,ceiling lamp,area,turn_on
00758-HfMobPm86Xn\tasks-island_0.json,86,2,Arrange the laptop computer on the desk.,Place laptop computer on surface.,laptop_computer,surface,place_on
00758-HfMobPm86Xn\tasks-island_0.json,92,4,Hang a fresh towel on the towel bar.,Hang items on the towel bar.,towel bar,items,hang
00758-HfMobPm86Xn\tasks-island_0.json,100,1,Pack some water in the backpack.,Load items into the backpack.,backpack,items,load
00758-HfMobPm86Xn\tasks-island_0.json,106,2,Open the wardrobe to hang items.,Open the wardrobe to hang items.,wardrobe,items,open
00758-HfMobPm86Xn\tasks-island_0.json,106,3,Place folded items in the wash cabinet.,Place folded items in the wash cabinet.,wash cabinet,items,place_in
00758-HfMobPm86Xn\tasks-island_0.json,124,5,Arrange the lockers.,Place locker on surface.,locker,surface,place_on
00758-HfMobPm86Xn\tasks-island_0.json,126,2,Set out plates on the table.,Place plate on surface.,plate,surface,place_on
00758-HfMobPm86Xn\tasks-island_0.json,127,2,Put the backpack in the car area.,Place the backpack in the car area.,backpack,area,place_in
00758-HfMobPm86Xn\tasks-island_0.json,130,2,Fill it at the sink.,Use the sink to fill a container.,sink,container,fill
00758-HfMobPm86Xn\tasks-island_0.json,131,4,Set out a cup on the table.,Place cup on surface.,cup,surface,place_on
00758-HfMobPm86Xn\tasks-island_0.json,132,6,Organize the items in the fridge.,Place fridge in receptacle.,fridge,receptacle,place_in
00758-HfMobPm86Xn\tasks-island_0.json,135,4,Heat a pack in the microwave oven.,Load items into the microwave oven.,microwave_oven,items,load
00758-HfMobPm86Xn\tasks-island_0.json,137,4,Fold clean laundry on the seat.,Place seat on surface.,seat,surface,place_on
00758-HfMobPm86Xn\tasks-island_0.json,137,5,Hang clothes in the wardrobe.,Hang items in the wardrobe.,wardrobe,items,hang
00758-HfMobPm86Xn\tasks-island_0.json,138,1,Set the plate on the table.,Place plate on surface.,plate,surface,place_on
00758-HfMobPm86Xn\tasks-island_0.json,138,2,Arrange the knife.,Place knife on surface.,knife,surface,place_on
00758-HfMobPm86Xn\tasks-island_0.json,144,3,Arrange the shelf.,Place shelf on surface.,shelf,surface,place_on
00758-HfMobPm86Xn\tasks-island_0.json,169,3,Set the plate.,Place plate on surface.,plate,surface,place_on
00758-HfMobPm86Xn\tasks-island_0.json,178,2,Tidy my hair with the hairbrush.,Place hairbrush in receptacle.,hairbrush,receptacle,place_in
00758-HfMobPm86Xn\tasks-island_0.json,187,6,Stock the wash cabinet with supplies.,Place items in the wash cabinet.,wash cabinet,items,place_in
00758-HfMobPm86Xn\tasks-island_0.json,212,5,Position the mouse.,Place mouse on surface.,mouse,surface,place_on
00758-HfMobPm86Xn\tasks-island_0.json,220,7,Set the plate on the counter.,Place plate on surface.,plate,surface,place_on
00758-HfMobPm86Xn\tasks-island_0.json,222,4,Arrange the book cabinet.,Place book cabinet on surface.,book cabinet,surface,place_on
00758-HfMobPm86Xn\tasks-island_0.json,223,4,Arrange the ottoman.,Place ottoman on surface.,ottoman,surface,place_on
00758-HfMobPm86Xn\tasks-island_0.json,227,5,Arrange the seat in the bathroom.,Place seat in receptacle.,seat,receptacle,place_in
00758-HfMobPm86Xn\tasks-island_0.json,236,5,Fill a container at the sink.,Use the sink to fill a container.,sink,container,fill
00758-HfMobPm86Xn\tasks-island_0.json,266,7,Arrange the decorative cloth.,Place decorative cloth on surface.,decorative cloth,surface,place_on
00758-HfMobPm86Xn\tasks-island_0.json,267,4,Arrange the shampoo.,Place shampoo on surface.,shampoo,surface,place_on
00758-HfMobPm86Xn\tasks-island_0.json,268,2,Arrange the ottoman.,Place ottoman on surface.,ottoman,surface,place_on
00758-HfMobPm86Xn\tasks-island_0.json,271,4,Arrange the cup.,Place cup in receptacle.,cup,receptacle,place_in
00758-HfMobPm86Xn\tasks-island_0.json,271,5,Set the plate.,Place plate in receptacle.,plate,receptacle,place_in
00758-HfMobPm86Xn\tasks-island_0.json,279,6,Set the plate.,Place plate on surface.,plate,surface,place_on
00758-HfMobPm86Xn\tasks-island_0.json,286,4,Set the plate.,Place plate on surface.,plate,surface,place_on
00758-HfMobPm86Xn\tasks-island_0.json,287,3,Arrange the book cabinet.,Place book cabinet in receptacle.,book cabinet,receptacle,place_in
00758-HfMobPm86Xn\tasks-island_0.json,293,4,Set the bowl.,Place bowl on surface.,bowl,surface,place_on
00758-HfMobPm86Xn\tasks-island_0.json,298,4,Pack my laptop into the backpack.,Load items into the backpack.,backpack,items,load
00758-HfMobPm86Xn\tasks-island_0.json,306,4,Load the dishes into the dishwasher.,Load items into the dishwasher.,dishwasher,items,load
00758-HfMobPm86Xn\tasks-island_0.json,308,2,Pack my gym clothes into the backpack.,Load items into the backpack.,backpack,items,load
00758-HfMobPm86Xn\tasks-island_0.json,311,6,Set a cup on the nearby table.,Place cup on surface.,cup,surface,place_on
00758-HfMobPm86Xn\tasks-island_0.json,312,2,Position the mouse correctly.,Place mouse on surface.,mouse,surface,place_on
00758-HfMobPm86Xn\tasks-island_0.json,313,5,Organize clothes in the wardrobe.,Place wardrobe in receptacle.,wardrobe,receptacle,place_in
00758-HfMobPm86Xn\tasks-island_0.json,317,1,Pack essentials into the backpack.,Load items into the backpack.,backpack,items,load
00758-HfMobPm86Xn\tasks-island_0.json,318,3,Load the dishwasher with used items.,Load the dishwasher with the used items.,dishwasher,items,load
00758-HfMobPm86Xn\tasks-island_0.json,318,4,Set a plate on the coffee table.,Place plate on surface.,plate,surface,place_on
00758-HfMobPm86Xn\tasks-island_0.json,322,4,Organize files in the desk cabinet.,Place desk cabinet in receptacle.,desk cabinet,receptacle,place_in
00758-HfMobPm86Xn\tasks-island_0.json,325,1,Store items in the locker.,Place items in the locker.,locker,items,place_in
00758-HfMobPm86Xn\tasks-island_0.json,325,2,Hang the bag in the designated spot.,Hang the bag in the designated spot.,bag,spot,hang
00758-HfMobPm86Xn\tasks-island_0.json,332,2,Organize books in the book cabinet.,Place book cabinet in receptacle.,book cabinet,receptacle,place_in
00758-HfMobPm86Xn\tasks-island_0.json,332,3,Set the seat at the desk.,Place seat on surface.,seat,surface,place_on
00758-HfMobPm86Xn\tasks-island_0.json,335,3,Position the ottoman for feet support.,Place ottoman in receptacle.,ottoman,receptacle,place_in
00758-HfMobPm86Xn\tasks-island_0.json,336,5,Set a cup on the tray.,Place cup on surface.,cup,surface,place_on
00800-TEEsavR23oF\tasks-island_0.json,8,2,Arrange the flower.,Place flower on surface.,flower,surface,place_on
00800-TEEsavR23oF\tasks-island_0.json,14,3,Turn on the kitchen appliance.,Turn on the kitchen appliance.,kitchen appliance,appliance,turn_on
00800-TEEsavR23oF\tasks-island_0.json,17,2,Straighten the cushions on the couch.,Straighten items on the couch.,couch,items,straighten
00800-TEEsavR23oF\tasks-island_0.json,19,4,Hang my clothes in the wardrobe.,Hang items in the wardrobe.,wardrobe,items,hang
00800-TEEsavR23oF\tasks-island_0.json,22,3,Arrange the flower in the vase.,Place flower in receptacle.,flower,receptacle,place_in
00800-TEEsavR23oF\tasks-island_0.json,24,1,Organize the items inside the wardrobe.,Place wardrobe in receptacle.,wardrobe,receptacle,place_in
00800-TEEsavR23oF\tasks-island_0.json,28,2,Load the dirty plates into the dishwasher.,Load items into the dishwasher.,dishwasher,items,load
00800-TEEsavR23oF\tasks-island_0.json,29,4,Secure the straps on the backpack.,Place items in the backpack.,backpack,items,place_in
00800-TEEsavR23oF\tasks-island_0.json,38,4,Hang the towel on the curtain rod.,Hang items on the curtain rod.,curtain rod,items,hang
00800-TEEsavR23oF\tasks-island_0.json,44,5,Make the bed by fixing the pillow.,Fluff items on the pillow.,pillow,items,fluff
00800-TEEsavR23oF\tasks-island_0.json,57,4,Arrange the wardrobe.,Place wardrobe on surface.,wardrobe,surface,place_on
00800-TEEsavR23oF\tasks-island_0.json,67,5,Place the used items in the dishwasher.,Place the used items in the dishwasher.,dishwasher,items,place_in
00800-TEEsavR23oF\tasks-island_0.json,67,6,Set the jar on the shelf.,Place kitchen shelf in receptacle.,kitchen shelf,receptacle,place_in
00800-TEEsavR23oF\tasks-island_0.json,68,3,Load paper into the printer.,Load items into the printer.,printer,items,load
00800-TEEsavR23oF\tasks-island_0.json,70,4,Arrange the flower in the center of the room.,Place flower in receptacle.,flower,receptacle,place_in
00800-TEEsavR23oF\tasks-island_0.json,73,2,Move the bicycle to its proper spot.,Carry the bicycle to the proper spot.,bicycle,spot,carry
00800-TEEsavR23oF\tasks-island_0.json,74,2,Wipe down the kitchen appliance.,Wipe the kitchen appliance.,kitchen appliance,appliance,wipe
00800-TEEsavR23oF\tasks-island_0.json,79,3,Organize the files in the cabinet.,Place cabinet in receptacle.,cabinet,receptacle,place_in
00800-TEEsavR23oF\tasks-island_0.json,82,3,Put the items into the basket.,Place the items in the basket.,basket,items,place_in
00800-TEEsavR23oF\tasks-island_0.json,86,5,Set the backpack down in the corner.,Place backpack in receptacle.,backpack,receptacle,place_in
00800-TEEsavR23oF\tasks-island_0.json,90,3,Place items in the storage box.,Place items in the storage box.,storage box,items,place_in
00800-TEEsavR23oF\tasks-island_0.json,92,3,Place items on the iron board.,Place items on the iron board.,iron board,items,place_on
00800-TEEsavR23oF\tasks-island_0.json,95,3,Arrange the flower.,Place flower on surface.,flower,surface,place_on
00800-TEEsavR23oF\tasks-island_0.json,96,1,Arrange the wardrobe.,Place wardrobe on surface.,wardrobe,surface,place_on
00800-TEEsavR23oF\tasks-island_0.json,97,2,Clean the kitchen appliance.,Wipe kitchen appliance.,kitchen appliance,appliance,wipe
00800-TEEsavR23oF\tasks-island_0.json,102,4,Restock the bathroom shelf.,Place items in the bathroom shelf.,bathroom shelf,items,place_in
00800-TEEsavR23oF\tasks-island_0.json,106,6,Arrange the clothes.,Place clothes on surface.,clothes,surface,place_on
00800-TEEsavR23oF\tasks-island_0.json,109,5,Put items into the backpack.,Place items in the backpack.,backpack,items,place_in
00800-TEEsavR23oF\tasks-island_0.json,110,5,Move the handbag to a better spot.,Carry the handbag to the better spot.,handbag,spot,carry
00800-TEEsavR23oF\tasks-island_0.json,113,5,Operate the kitchen appliance.,Inspect the kitchen appliance.,kitchen appliance,appliance,inspect
00800-TEEsavR23oF\tasks-island_0.json,136,2,Place the pan on the kitchen appliance.,Place the pan on the kitchen appliance.,pan,appliance,place_on
00800-TEEsavR23oF\tasks-island_0.json,138,6,Arrange the jar.,Place jar on surface.,jar,surface,place_on
00800-TEEsavR23oF\tasks-island_0.json,139,3,Arrange the basket.,Place basket on surface.,basket,surface,place_on
00800-TEEsavR23oF\tasks-island_0.json,141,7,Arrange the plush toy.,Place plush toy on surface.,plush toy,surface,place_on
00800-TEEsavR23oF\tasks-island_0.json,144,2,Arrange the toy.,Place toy in receptacle.,toy,receptacle,place_in
00800-TEEsavR23oF\tasks-island_0.json,144,7,Wipe the kitchen appliance.,Wipe the kitchen appliance.,kitchen appliance,appliance,wipe
00800-TEEsavR23oF\tasks-island_0.json,146,4,Arrange the storage box.,Place storage box on surface.,storage box,surface,place_on
00800-TEEsavR23oF\tasks-island_0.json,152,4,Fill the cup at the sink.,Use the sink to fill a container.,sink,container,fill
00800-TEEsavR23oF\tasks-island_0.json,153,5,Use the kitchen appliance.,Inspect the kitchen appliance.,kitchen appliance,appliance,inspect
00800-TEEsavR23oF\tasks-island_0.json,153,6,Arrange the kitchen shelf.,Place kitchen shelf on surface.,kitchen shelf,surface,place_on
00800-TEEsavR23oF\tasks-island_0.json,155,2,Arrange the balustrade.,Place balustrade on surface.,balustrade,surface,place_on
00800-TEEsavR23oF\tasks-island_0.json,157,5,Arrange the jar.,Place jar on surface.,jar,surface,place_on
00802-wcojb4TFT35\tasks-island_0.json,6,1,Hang the clothes on the hanger.,Hang items on the hanger.,hanger,items,hang
00802-wcojb4TFT35\tasks-island_0.json,11,2,Arrange the shoe.,Place shoe on surface.,shoe,surface,place_on
00802-wcojb4TFT35\tasks-island_0.json,11,3,Put away the container.,Store the container.,container,container,store
00802-wcojb4TFT35\tasks-island_0.json,17,4,Arrange the magazines.,Place magazines on surface.,magazines,surface,place_on
00802-wcojb4TFT35\tasks-island_0.json,23,2,Place the items in the laundry basket.,Place the items in the laundry basket.,laundry basket,items,place_in
00802-wcojb4TFT35\tasks-island_0.json,31,3,Put the folders in the container.,Place the folders in the container.,container,container,place_in
00802-wcojb4TFT35\tasks-island_0.json,40,4,Arrange the magazines.,Place magazines on surface.,magazines,surface,place_on
00802-wcojb4TFT35\tasks-island_0.json,46,2,Arrange the book.,Place book on surface.,book,surface,place_on
00802-wcojb4TFT35\tasks-island_0.json,51,2,Arrange the towel.,Place towel on surface.,towel,surface,place_on
00802-wcojb4TFT35\tasks-island_0.json,58,2,Arrange the hanger.,Place hanger on surface.,hanger,surface,place_on
00802-wcojb4TFT35\tasks-island_0.json,77,6,Open the container,Open the container.,container,container,open
00802-wcojb4TFT35\tasks-island_0.json,90,4,Pick up the container,Pick up the container.,container,container,pick_up
00802-wcojb4TFT35\tasks-island_1.json,3,4,Arrange the boards.,Place boards in receptacle.,boards,receptacle,place_in
00802-wcojb4TFT35\tasks-island_1.json,5,2,Move the container.,Carry the container.,container,container,carry
00802-wcojb4TFT35\tasks-island_1.json,5,4,Arrange the case.,Place case on surface.,case,surface,place_on
00802-wcojb4TFT35\tasks-island_1.json,6,3,Apply sealant using the silicone gun.,Place items on the silicone gun.,silicone gun,items,place_on
00802-wcojb4TFT35\tasks-island_1.json,8,4,Load everything onto the cart.,Load items into the cart.,cart,items,load
00802-wcojb4TFT35\tasks-island_1.json,9,5,Arrange the boards.,Place boards on surface.,boards,surface,place_on
00802-wcojb4TFT35\tasks-island_1.json,12,3,Arrange the boards against the wall.,Place boards in receptacle.,boards,receptacle,place_in
00802-wcojb4TFT35\tasks-island_1.json,13,1,Move the bicycle to the work area.,Carry the bicycle to the work area.,bicycle,area,carry
00802-wcojb4TFT35\tasks-island_1.json,13,2,Apply lubricant with the silicone gun.,Place items on the silicone gun.,silicone gun,items,place_on
00802-wcojb4TFT35\tasks-island_1.json,14,2,Arrange the container.,Place container on surface.,container,"container, surface",place_on
00802-wcojb4TFT35\tasks-island_1.json,14,4,Load the box with items.,Load the box with the items.,box,items,load
00802-wcojb4TFT35\tasks-island_1.json,14,5,Store items in the trashcan temporarily.,Place items in the trashcan temporarily.,trashcan,items,place_in
00802-wcojb4TFT35\tasks-island_1.json,15,5,Arrange the silicone gun.,Place silicone gun on surface.,silicone gun,surface,place_on
00802-wcojb4TFT35\tasks-island_1.json,16,6,Bring the container.,Carry the container.,container,container,carry
00802-wcojb4TFT35\tasks-island_1.json,22,5,Arrange the brush.,Place brush on surface.,brush,surface,place_on
00802-wcojb4TFT35\tasks-island_1.json,23,3,Arrange the basket.,Place basket on surface.,basket,surface,place_on
00802-wcojb4TFT35\tasks-island_1.json,23,4,Move the container.,Carry the container.,container,container,carry
00802-wcojb4TFT35\tasks-island_1.json,25,6,Put the container on the table.,Place the container on the table.,container,container,place_on
00802-wcojb4TFT35\tasks-island_1.json,30,2,Arrange the shelf.,Place shelf in receptacle.,shelf,receptacle,place_in
00802-wcojb4TFT35\tasks-island_1.json,30,4,Place the container.,Store the container.,container,container,store
00802-wcojb4TFT35\tasks-island_1.json,35,6,Clear the container.,Dump container.,container,container,dump
00802-wcojb4TFT35\tasks-island_2.json,24,2,Hang clothes on the hanger.,Hang items on the hanger.,hanger,items,hang
00802-wcojb4TFT35\tasks-island_2.json,24,3,Store items in the cabinet.,Place items in the cabinet.,cabinet,items,place_in
00802-wcojb4TFT35\tasks-island_2.json,39,3,Place the items on the worktop.,Place the items on the worktop.,worktop,items,place_on
00802-wcojb4TFT35\tasks-island_2.json,47,6,Arrange the flower vase.,Place flower vase on surface.,flower vase,surface,place_on
00802-wcojb4TFT35\tasks-island_2.json,54,4,Position the mouse.,Place mouse on surface.,mouse,surface,place_on
00802-wcojb4TFT35\tasks-island_2.json,55,6,Hang coats on the hanger.,Hang items on the hanger.,hanger,items,hang
00802-wcojb4TFT35\tasks-island_2.json,56,6,Place the items on the table.,Place the items on the table.,table,items,place_on
00802-wcojb4TFT35\tasks-island_2.json,63,6,Load the used items into the dishwasher.,Load items into the dishwasher.,dishwasher,items,load
00802-wcojb4TFT35\tasks-island_2.json,64,4,Organize the documents in the folder.,Place folder in receptacle.,folder,receptacle,place_in
00802-wcojb4TFT35\tasks-island_2.json,66,5,Hang the backpack on the hanger.,Hang items on the hanger.,hanger,items,hang
00802-wcojb4TFT35\tasks-island_2.json,67,4,Arrange the books on the bookshelf.,Place bookshelf on surface.,bookshelf,surface,place_on
00802-wcojb4TFT35\tasks-island_2.json,68,1,Retrieve the hammer from the storage area.,Pick up the hammer from the storage area.,hammer,area,pick_up
00802-wcojb4TFT35\tasks-island_2.json,71,5,Sort the books on the bookshelf.,Place bookshelf in receptacle.,bookshelf,receptacle,place_in
00802-wcojb4TFT35\tasks-island_2.json,74,1,Hang the coat on the hanger.,Hang items on the hanger.,hanger,items,hang
00802-wcojb4TFT35\tasks-island_2.json,74,2,Place the backpack in its designated spot.,Place the backpack in its designated spot.,backpack,spot,place_in
00802-wcojb4TFT35\tasks-island_2.json,76,2,Position the mouse next to the computer.,Place mouse on surface.,mouse,surface,place_on
00802-wcojb4TFT35\tasks-island_2.json,76,6,File away documents in the folder.,Place items in the folder.,folder,items,place_in
00802-wcojb4TFT35\tasks-island_2.json,77,2,Wipe the table in the kitchen area.,Wipe the table in the kitchen area.,table,area,wipe
00802-wcojb4TFT35\tasks-island_2.json,78,7,Arrange the piano bench.,Place piano bench on surface.,piano bench,surface,place_on
00802-wcojb4TFT35\tasks-island_2.json,80,2,Apply toothpaste to the toothbrush.,Place items on the toothbrush.,toothbrush,items,place_on
00802-wcojb4TFT35\tasks-island_2.json,82,7,Hang your jacket on the hanger.,Hang items on the hanger.,hanger,items,hang
00802-wcojb4TFT35\tasks-island_2.json,84,7,Pop popcorn in the microwave oven.,Place items in the microwave oven.,microwave_oven,items,place_in
00802-wcojb4TFT35\tasks-island_2.json,85,3,Organize the items in the cabinet.,Place cabinet in receptacle.,cabinet,receptacle,place_in
00802-wcojb4TFT35\tasks-island_2.json,88,4,Position the flowerpot by the window.,Place flowerpot on surface.,flowerpot,surface,place_on
00802-wcojb4TFT35\tasks-island_2.json,89,1,Get the hammer from the tool area.,Pick up the hammer from the tool area.,hammer,area,pick_up
00802-wcojb4TFT35\tasks-island_2.json,91,1,Pack my lunch in the bag.,Load items into the bag.,bag,items,load
00802-wcojb4TFT35\tasks-island_2.json,96,5,Hang the fresh linens on the hanger.,Hang items on the hanger.,hanger,items,hang
00802-wcojb4TFT35\tasks-island_2.json,99,1,Hang up the coats on the hanger.,Hang items on the hanger.,hanger,items,hang
00802-wcojb4TFT35\tasks-island_2.json,99,2,Put the backpack in its spot.,Place the backpack in its spot.,backpack,spot,place_in
00802-wcojb4TFT35\tasks-island_3.json,0,2,Arrange the book on the shelf.,Place book on surface.,book,surface,place_on
00802-wcojb4TFT35\tasks-island_3.json,0,4,Organize the container against the wall.,Straighten container.,container,container,straighten
00802-wcojb4TFT35\tasks-island_3.json,3,4,Put the bag into the container.,Place the bag in the container.,container,container,place_in
00802-wcojb4TFT35\tasks-island_3.json,4,4,Move the container into the corner.,Carry the container into the corner.,container,container,carry
00802-wcojb4TFT35\tasks-island_3.json,5,2,Set aside the book for donation.,Place book on surface.,book,surface,place_on
00802-wcojb4TFT35\tasks-island_3.json,5,4,Carry the basket to the sorting area.,Carry the basket to the sorting area.,basket,area,carry
00802-wcojb4TFT35\tasks-island_3.json,8,4,Sort the container.,Straighten container.,container,container,straighten
00802-wcojb4TFT35\tasks-island_3.json,11,3,Arrange the containers.,Place containers on surface.,containers,surface,place_on
00802-wcojb4TFT35\tasks-island_3.json,12,5,Arrange the bag on the floor.,Place bag on surface.,bag,surface,place_on
00802-wcojb4TFT35\tasks-island_3.json,13,3,Arrange the containers on the shelf.,Place containers on surface.,containers,surface,place_on
00802-wcojb4TFT35\tasks-island_3.json,13,6,Organize the books on the bookshelf.,Place bookshelf on surface.,bookshelf,surface,place_on
00802-wcojb4TFT35\tasks-island_3.json,14,2,Store the items in the storage box.,Store the items in the storage box.,storage box,items,store
00802-wcojb4TFT35\tasks-island_3.json,14,4,Move the container to the side.,Carry the container to the side.,container,container,carry
00802-wcojb4TFT35\tasks-island_3.json,15,6,Put the bag inside the closet.,Place items in the bags.,bags,items,place_in
00802-wcojb4TFT35\tasks-island_3.json,16,1,Move the vacuum cleaner to the storage area.,Carry the vacuum cleaner to the storage area.,vacuum cleaner,area,carry
00802-wcojb4TFT35\tasks-island_3.json,16,2,Arrange the containers neatly.,Place containers on surface.,containers,surface,place_on
00802-wcojb4TFT35\tasks-island_3.json,17,2,Store it in the container.,Place it in the container.,container,container,place_in
00802-wcojb4TFT35\tasks-island_3.json,17,6,Straighten the books on the bookshelf.,Straighten items on the bookshelf.,bookshelf,items,straighten
00802-wcojb4TFT35\tasks-island_3.json,18,4,Tidy up the items in the basket.,Place basket in receptacle.,basket,receptacle,place_in
00802-wcojb4TFT35\tasks-island_3.json,18,7,Arrange the bags neatly.,Place bags on surface.,bags,surface,place_on
00802-wcojb4TFT35\tasks-island_3.json,19,6,Adjust the container.,Reposition the container.,container,container,reposition
00802-wcojb4TFT35\tasks-island_3.json,20,2,Place the lid on the container.,Place the lid on the container.,lid,container,place_on
00802-wcojb4TFT35\tasks-island_3.json,20,3,Arrange the basket.,Place basket on surface.,basket,surface,place_on
00802-wcojb4TFT35\tasks-island_3.json,21,5,Rearrange the container.,Place container on surface.,container,"container, surface",place_on
00802-wcojb4TFT35\tasks-island_3.json,22,5,Check inside the container.,Inspect the container.,container,container,inspect
00802-wcojb4TFT35\tasks-island_3.json,22,7,Rearrange the items on the shelf.,Place shelf on surface.,shelf,surface,place_on
00803-k1cupFYWXJ6\tasks-island_0.json,20,2,Arrange the crate.,Place crate in receptacle.,crate,receptacle,place_in
00803-k1cupFYWXJ6\tasks-island_0.json,32,2,Arrange the crate.,Place crate on surface.,crate,surface,place_on
00803-k1cupFYWXJ6\tasks-island_0.json,36,2,Arrange the crate.,Place crate on surface.,crate,surface,place_on
00803-k1cupFYWXJ6\tasks-island_0.json,44,2,Arrange the crate.,Place crate on surface.,crate,surface,place_on
00803-k1cupFYWXJ6\tasks-island_0.json,48,2,Arrange the crate.,Place crate on surface.,crate,surface,place_on
00803-k1cupFYWXJ6\tasks-island_0.json,56,2,Arrange the crate.,Place crate on surface.,crate,surface,place_on
00803-k1cupFYWXJ6\tasks-island_0.json,58,6,Move the crate to the storage area.,Carry the crate to the storage area.,crate,area,carry
00803-k1cupFYWXJ6\tasks-island_0.json,62,3,Position the exhibition panel in the next hall.,Place exhibition panel in receptacle.,exhibition panel,receptacle,place_in
00803-k1cupFYWXJ6\tasks-island_0.json,73,6,Move the crate back to the storage area.,Carry the crate to the storage area.,crate,area,carry
00803-k1cupFYWXJ6\tasks-island_0.json,77,4,Open the curtain to brighten the area.,Open the curtain to brighten the area.,curtain,area,open
00803-k1cupFYWXJ6\tasks-island_0.json,82,5,Position the chassis.,Place chassis on surface.,chassis,surface,place_on
00803-k1cupFYWXJ6\tasks-island_0.json,83,1,Position the exhibition panel.,Place exhibition panel on surface.,exhibition panel,surface,place_on
00803-k1cupFYWXJ6\tasks-island_0.json,84,5,Position the chassis.,Place chassis on surface.,chassis,surface,place_on
00803-k1cupFYWXJ6\tasks-island_0.json,103,7,Position the chassis.,Place chassis on surface.,chassis,surface,place_on
00803-k1cupFYWXJ6\tasks-island_0.json,116,7,Position the chassis.,Place chassis on surface.,chassis,surface,place_on
00803-k1cupFYWXJ6\tasks-island_0.json,121,6,Position the chassis.,Place chassis on surface.,chassis,surface,place_on
00808-y9hTuugGdiq\tasks-island_0.json,0,2,Tidy my hair with the hairbrush.,Place hairbrush in receptacle.,hairbrush,receptacle,place_in
00808-y9hTuugGdiq\tasks-island_0.json,4,2,Straighten the chair in the living area.,Straighten the chair in the living area.,chair,area,straighten
00808-y9hTuugGdiq\tasks-island_0.json,6,1,Load the dirty plates into the dishwasher.,Load items into the dishwasher.,dishwasher,items,load
00808-y9hTuugGdiq\tasks-island_0.json,8,2,Refill the watering can at the sink.,Use the sink to fill a container.,sink,container,fill
00808-y9hTuugGdiq\tasks-island_0.json,20,2,Find the umbrella in the storage area.,Pick up the umbrella in the storage area.,umbrella,area,pick_up
00808-y9hTuugGdiq\tasks-island_0.json,20,3,Pack the essentials into the backpack.,Load items into the backpack.,backpack,items,load
00808-y9hTuugGdiq\tasks-island_0.json,24,2,Set up extra chairs for the guests.,Place items on the chair.,chair,items,place_on
00808-y9hTuugGdiq\tasks-island_0.json,30,2,Clear off the surface for my art supplies.,Wipe surface.,surface,surface,wipe
00808-y9hTuugGdiq\tasks-island_0.json,32,1,Bring the ladder to the storage area.,Reposition the ladder to the storage area.,ladder,area,reposition
00808-y9hTuugGdiq\tasks-island_0.json,33,2,Put on some soft music on the stereo.,Place stereo on surface.,stereo,surface,place_on
00808-y9hTuugGdiq\tasks-island_0.json,35,1,Position the TV on its stand.,Place tv on surface.,tv,surface,place_on
00808-y9hTuugGdiq\tasks-island_0.json,36,2,Pack my gear into the backpack.,Load items into the backpack.,backpack,items,load
00808-y9hTuugGdiq\tasks-island_0.json,37,2,Place a decorative vase on the dresser.,Place items on the flower vase.,flower vase,items,place_on
00808-y9hTuugGdiq\tasks-island_0.json,38,1,Open the blinds in the living area.,Open the blinds in the living area.,blinds,area,open
00808-y9hTuugGdiq\tasks-island_0.json,42,5,Arrange the flower vase.,Place flower vase on surface.,flower vase,surface,place_on
00808-y9hTuugGdiq\tasks-island_0.json,46,1,Arrange the shelving units.,Place shelving on surface.,shelving,surface,place_on
00808-y9hTuugGdiq\tasks-island_0.json,50,3,Scrub the sink in the kitchen area.,Scrub the sink in the kitchen area.,sink,area,scrub
00808-y9hTuugGdiq\tasks-island_0.json,57,4,Arrange the shelving in the closet.,Place shelving in receptacle.,shelving,receptacle,place_in
00808-y9hTuugGdiq\tasks-island_0.json,63,5,Close the blinds in the living area.,Close the blinds in the living area.,blinds,area,close
00808-y9hTuugGdiq\tasks-island_0.json,67,2,Fill it from the refrigerator.,Use the refrigerator to fill a container.,refrigerator,container,fill
00808-y9hTuugGdiq\tasks-island_0.json,77,4,Fold clothes on the chest of drawers.,Place chest of drawers on surface.,chest of drawers,surface,place_on
00808-y9hTuugGdiq\tasks-island_0.json,77,5,Put items in the basket.,Place items in the basket.,basket,items,place_in
00808-y9hTuugGdiq\tasks-island_0.json,86,3,Arrange the stereo.,Place stereo on surface.,stereo,surface,place_on
00808-y9hTuugGdiq\tasks-island_0.json,91,3,Fold towels from the towel.,Fold items on the towel.,towel,items,fold
00808-y9hTuugGdiq\tasks-island_0.json,101,3,Position the statue.,Place statue on surface.,statue,surface,place_on
00808-y9hTuugGdiq\tasks-island_0.json,110,4,Arrange the plant.,Place plant on surface.,plant,surface,place_on
00808-y9hTuugGdiq\tasks-island_0.json,131,4,Clear the surface.,Wipe surface.,surface,surface,wipe
00808-y9hTuugGdiq\tasks-island_0.json,132,1,Clear the surface.,Wipe surface.,surface,surface,wipe
00808-y9hTuugGdiq\tasks-island_0.json,135,1,Check the surface.,Inspect the surface.,surface,surface,inspect
00808-y9hTuugGdiq\tasks-island_0.json,140,2,Clear the surface.,Wipe surface.,surface,surface,wipe
00808-y9hTuugGdiq\tasks-island_0.json,142,6,Clear the surface.,Wipe surface.,surface,surface,wipe
00808-y9hTuugGdiq\tasks-island_0.json,150,1,Close the blinds in the living area.,Close the blinds in the living area.,blinds,area,close
00808-y9hTuugGdiq\tasks-island_0.json,155,5,Wipe down the cabinet in the dining area.,Wipe the cabinet in the dining area.,cabinet,area,wipe
00808-y9hTuugGdiq\tasks-island_0.json,159,2,Arrange the fire screen.,Place fire screen on surface.,fire screen,surface,place_on
00808-y9hTuugGdiq\tasks-island_0.json,167,5,Arrange the shelving.,Place shelving on surface.,shelving,surface,place_on
00808-y9hTuugGdiq\tasks-island_0.json,173,6,Arrange the vase.,Place vase on surface.,vase,surface,place_on
00808-y9hTuugGdiq\tasks-island_1.json,7,2,Arrange the vase.,Place vase on surface.,vase,surface,place_on
00808-y9hTuugGdiq\tasks-island_1.json,20,3,Adjust the device.,Reposition the device.,device,device,reposition
00808-y9hTuugGdiq\tasks-island_1.json,23,3,Arrange the ornament.,Place ornament on surface.,ornament,surface,place_on
00808-y9hTuugGdiq\tasks-island_1.json,43,3,Arrange the bathroom cabinet.,Place bathroom cabinet on surface.,bathroom cabinet,surface,place_on
00808-y9hTuugGdiq\tasks-island_1.json,54,1,Position the ladder.,Place ladder on surface.,ladder,surface,place_on
00808-y9hTuugGdiq\tasks-island_1.json,54,7,Arrange the vase.,Place vase on surface.,vase,surface,place_on
00808-y9hTuugGdiq\tasks-island_1.json,56,5,Arrange the sideboard.,Place sideboard on surface.,sideboard,surface,place_on
00808-y9hTuugGdiq\tasks-island_1.json,58,5,Position the ladder.,Place ladder on surface.,ladder,surface,place_on
00810-CrMo8WxCyVb\tasks-island_0.json,19,2,Fill it at the sink.,Use the sink to fill a container.,sink,container,fill
00810-CrMo8WxCyVb\tasks-island_0.json,29,4,Arrange the flower vase.,Place flower vase on surface.,flower vase,surface,place_on
00810-CrMo8WxCyVb\tasks-island_0.json,32,2,Place items on the tray.,Place items on the tray.,tray,items,place_on
00810-CrMo8WxCyVb\tasks-island_0.json,43,3,Arrange the plate.,Place plate on surface.,plate,surface,place_on
00810-CrMo8WxCyVb\tasks-island_0.json,46,5,Arrange the flower vase.,Place flower vase on surface.,flower vase,surface,place_on
00810-CrMo8WxCyVb\tasks-island_0.json,49,4,Arrange the flower stand.,Place flower stand on surface.,flower stand,surface,place_on
00810-CrMo8WxCyVb\tasks-island_0.json,54,5,Arrange the toilet.,Place toilet on surface.,toilet,surface,place_on
00810-CrMo8WxCyVb\tasks-island_0.json,57,3,Hang things on the clothes hanger rod.,Hang items on the clothes hanger rod.,clothes hanger rod,items,hang
00810-CrMo8WxCyVb\tasks-island_0.json,64,3,Position the lamp.,Place lamp on surface.,lamp,surface,place_on
00810-CrMo8WxCyVb\tasks-island_0.json,65,3,Arrange the basket.,Place basket on surface.,basket,surface,place_on
00810-CrMo8WxCyVb\tasks-island_0.json,69,3,Arrange the flower vase.,Place flower vase on surface.,flower vase,surface,place_on
00810-CrMo8WxCyVb\tasks-island_0.json,87,1,Place items in the basket.,Place items in the basket.,basket,items,place_in
00810-CrMo8WxCyVb\tasks-island_0.json,98,5,Arrange the flower vase.,Place flower vase on surface.,flower vase,surface,place_on
00810-CrMo8WxCyVb\tasks-island_0.json,103,5,Put supplies away in the kitchen cabinet.,Store items in the kitchen cabinet.,kitchen cabinet,items,store
00810-CrMo8WxCyVb\tasks-island_0.json,104,2,Place items in the cabinet.,Place items in the cabinet.,cabinet,items,place_in
00810-CrMo8WxCyVb\tasks-island_0.json,104,5,Hang clothes on the clothes hanger rod.,Hang items on the clothes hanger rod.,clothes hanger rod,items,hang
00810-CrMo8WxCyVb\tasks-island_0.json,107,3,Arrange the tray.,Place tray on surface.,tray,surface,place_on
00810-CrMo8WxCyVb\tasks-island_0.json,112,5,Arrange the flower stand.,Place flower stand on surface.,flower stand,surface,place_on
00810-CrMo8WxCyVb\tasks-island_0.json,115,4,Put fresh items near the toilet.,Place items on the toilet.,toilet,items,place_on
00810-CrMo8WxCyVb\tasks-island_0.json,116,4,Arrange the ornament.,Place ornament on surface.,ornament,surface,place_on
00810-CrMo8WxCyVb\tasks-island_0.json,126,3,Load the dirty clothes into the washing machine.,Load items into the washing machine.,washing machine,items,load
00810-CrMo8WxCyVb\tasks-island_0.json,128,1,Get the pliers from the storage area.,Pick up the pliers from the storage area.,pliers,area,pick_up
00810-CrMo8WxCyVb\tasks-island_0.json,128,5,Move the chair aside to reach the work area.,Reposition the chair to reach the work area.,chair,area,reposition
00810-CrMo8WxCyVb\tasks-island_0.json,128,6,Put the tools away in the cabinet.,Store items in the cabinet.,cabinet,items,store
00810-CrMo8WxCyVb\tasks-island_0.json,129,2,Pack necessary items into the suitcase.,Load items into the suitcase.,suitcase,items,load
00810-CrMo8WxCyVb\tasks-island_0.json,130,2,Arrange flowers in the flower vase.,Place flower vase in receptacle.,flower vase,receptacle,place_in
00810-CrMo8WxCyVb\tasks-island_0.json,130,3,Straighten the chair at the dining spot.,Straighten the chair at the dining spot.,chair,spot,straighten
00810-CrMo8WxCyVb\tasks-island_0.json,131,5,Organize items inside the sink cabinet.,Place sink cabinet in receptacle.,sink cabinet,receptacle,place_in
00810-CrMo8WxCyVb\tasks-island_0.json,133,4,Plump the pillow on the armchair.,Fluff items on the armchair.,armchair,items,fluff
00810-CrMo8WxCyVb\tasks-island_0.json,133,5,Set out the flower vase on the side table.,Place flower vase on surface.,flower vase,surface,place_on
00810-CrMo8WxCyVb\tasks-island_0.json,133,6,Arrange the book neatly.,Place book on surface.,book,surface,place_on
00810-CrMo8WxCyVb\tasks-island_0.json,135,4,Set a bowl for snacks.,Place bowl on surface.,bowl,surface,place_on
00810-CrMo8WxCyVb\tasks-island_0.json,136,5,Sort through items in the cabinet.,Place cabinet in receptacle.,cabinet,receptacle,place_in
00810-CrMo8WxCyVb\tasks-island_0.json,137,2,Arrange dishes in the kitchen cabinet.,Place kitchen cabinet in receptacle.,kitchen cabinet,receptacle,place_in
00810-CrMo8WxCyVb\tasks-island_0.json,139,5,Organize the supplies in the cabinet.,Place cabinet in receptacle.,cabinet,receptacle,place_in
00810-CrMo8WxCyVb\tasks-island_0.json,141,5,Set a new flower vase on the mantle.,Place flower vase on surface.,flower vase,surface,place_on
00810-CrMo8WxCyVb\tasks-island_0.json,142,3,Organize personal items in the cabinet.,Place cabinet in receptacle.,cabinet,receptacle,place_in
00810-CrMo8WxCyVb\tasks-island_0.json,145,6,Organize the files in the cabinet.,Place cabinet in receptacle.,cabinet,receptacle,place_in
00810-CrMo8WxCyVb\tasks-island_0.json,147,5,Set the flower vase on the mantel.,Place flower vase on surface.,flower vase,surface,place_on
00810-CrMo8WxCyVb\tasks-island_0.json,148,6,Organize items in the cabinet.,Place cabinet in receptacle.,cabinet,receptacle,place_in
00810-CrMo8WxCyVb\tasks-island_0.json,149,5,Store extra items in the cabinet.,Place extra items in the cabinet.,cabinet,items,place_in
00810-CrMo8WxCyVb\tasks-island_0.json,150,4,Place the items on the table.,Place the items on the table.,table,items,place_on
00810-CrMo8WxCyVb\tasks-island_0.json,153,4,Hang items on the clothes hanger rod.,Hang items on the clothes hanger rod.,clothes hanger rod,items,hang
00810-CrMo8WxCyVb\tasks-island_0.json,154,3,Tighten the pipe under the sink.,Tighten the area under the sink.,sink,area,tighten
00810-CrMo8WxCyVb\tasks-island_0.json,160,4,Arrange the flower stand.,Place flower stand on surface.,flower stand,surface,place_on
00810-CrMo8WxCyVb\tasks-island_0.json,163,5,Set the tray.,Place tray on surface.,tray,surface,place_on
00810-CrMo8WxCyVb\tasks-island_0.json,164,5,Place items on the table.,Place items on the table.,table,items,place_on
00810-CrMo8WxCyVb\tasks-island_0.json,167,5,Set the tray.,Place tray on surface.,tray,surface,place_on
00810-CrMo8WxCyVb\tasks-island_0.json,179,1,Make the bed by arranging pillows.,Fluff items on the pillow.,pillow,items,fluff
00810-CrMo8WxCyVb\tasks-island_0.json,179,2,Hang clothes on the clothes hanger rod.,Hang items on the clothes hanger rod.,clothes hanger rod,items,hang
00810-CrMo8WxCyVb\tasks-island_0.json,185,1,Load the sink.,Place items in the sink.,sink,items,place_in
00810-CrMo8WxCyVb\tasks-island_0.json,196,2,Arrange the flower vase.,Place flower vase on surface.,flower vase,surface,place_on
00813-svBbv1Pavdk\tasks-island_0.json,9,2,Arrange the flower vase.,Place flower vase on surface.,flower vase,surface,place_on
00813-svBbv1Pavdk\tasks-island_0.json,21,1,Position the camera.,Place camera on surface.,camera,surface,place_on
00813-svBbv1Pavdk\tasks-island_0.json,21,3,Arrange the flower vase.,Place flower vase on surface.,flower vase,surface,place_on
00813-svBbv1Pavdk\tasks-island_0.json,30,2,Arrange the flower vase.,Place flower vase on surface.,flower vase,surface,place_on
00813-svBbv1Pavdk\tasks-island_0.json,39,1,Retrieve the camera from the kitchen area.,Pick up the camera from the kitchen area.,camera,area,pick_up
00813-svBbv1Pavdk\tasks-island_0.json,40,2,Set the tray on the table.,Place tray on surface.,tray,surface,place_on
00813-svBbv1Pavdk\tasks-island_0.json,52,2,Get a pot from the living area.,Pick up the pot from the living area.,pot,area,pick_up
00813-svBbv1Pavdk\tasks-island_0.json,55,3,Place the items on the table.,Place the items on the table.,table,items,place_on
00813-svBbv1Pavdk\tasks-island_0.json,60,5,Put the items into the basket.,Place the items in the basket.,basket,items,place_in
00813-svBbv1Pavdk\tasks-island_0.json,62,3,Set the stove.,Place stove on surface.,stove,surface,place_on
00813-svBbv1Pavdk\tasks-island_0.json,75,6,Put the items on the cabinet.,Place the items on the cabinet.,cabinet,items,place_on
00813-svBbv1Pavdk\tasks-island_0.json,103,4,Prepare coffee on the table.,Place items on the table.,table,items,place_on
00813-svBbv1Pavdk\tasks-island_0.json,109,3,Set the tray.,Place tray on surface.,tray,surface,place_on
00813-svBbv1Pavdk\tasks-island_0.json,116,1,Put items in the refrigerator.,Place items in the refrigerator.,refrigerator,items,place_in
00813-svBbv1Pavdk\tasks-island_0.json,120,2,Arrange the flower vase.,Place flower vase on surface.,flower vase,surface,place_on
00814-p53SfW6mjZe\tasks-island_0.json,7,3,Set the bowl.,Place bowl on surface.,bowl,surface,place_on
00814-p53SfW6mjZe\tasks-island_0.json,9,3,Clear the kitchen countertop items.,Wipe kitchen countertop items.,kitchen countertop items,items,wipe
00814-p53SfW6mjZe\tasks-island_0.json,11,2,Arrange the shelf.,Place shelf on surface.,shelf,surface,place_on
00814-p53SfW6mjZe\tasks-island_0.json,13,2,Arrange the bowl.,Place bowl on surface.,bowl,surface,place_on
00814-p53SfW6mjZe\tasks-island_0.json,21,2,Set the bowl.,Place bowl on surface.,bowl,surface,place_on
00814-p53SfW6mjZe\tasks-island_0.json,25,2,Set the bowl.,Place bowl on surface.,bowl,surface,place_on
00814-p53SfW6mjZe\tasks-island_0.json,30,4,Clean the kitchen countertop items.,Wipe kitchen countertop items.,kitchen countertop items,items,wipe
00814-p53SfW6mjZe\tasks-island_0.json,32,1,Retrieve a bowl from the dining area.,Pick up the bowl from the dining area.,bowl,area,pick_up
00814-p53SfW6mjZe\tasks-island_0.json,35,4,Clear the kitchen countertop items.,Wipe kitchen countertop items.,kitchen countertop items,items,wipe
00814-p53SfW6mjZe\tasks-island_0.json,52,3,Clean the appliance.,Wipe appliance.,appliance,appliance,wipe
00814-p53SfW6mjZe\tasks-island_0.json,54,1,Arrange the pool stick.,Place pool stick on surface.,pool stick,surface,place_on
00814-p53SfW6mjZe\tasks-island_0.json,55,1,Get the bowl from the dining area.,Pick up the bowl from the dining area.,bowl,area,pick_up
00814-p53SfW6mjZe\tasks-island_0.json,57,1,Set the bowl on the dining table.,Place bowl on surface.,bowl,surface,place_on
00814-p53SfW6mjZe\tasks-island_0.json,58,2,Hang the clothes in the wardrobe.,Hang items in the wardrobe.,wardrobe,items,hang
00814-p53SfW6mjZe\tasks-island_0.json,60,2,Position the computer keyboard.,Place computer keyboard on surface.,computer_keyboard,surface,place_on
00814-p53SfW6mjZe\tasks-island_0.json,61,2,Get a bowl from the dining area.,Pick up the bowl from the dining area.,bowl,area,pick_up
00814-p53SfW6mjZe\tasks-island_0.json,62,4,Arrange the statue.,Place statue on surface.,statue,surface,place_on
00814-p53SfW6mjZe\tasks-island_0.json,64,3,Place items in the sink.,Place items in the sink.,sink,items,place_in
00814-p53SfW6mjZe\tasks-island_0.json,66,4,Organize detergent in the cabinet.,Place cabinet in receptacle.,cabinet,receptacle,place_in
00814-p53SfW6mjZe\tasks-island_0.json,66,5,Put away clean clothes in the wardrobe.,Store items in the wardrobe.,wardrobe,items,store
00814-p53SfW6mjZe\tasks-island_0.json,70,2,Prepare ingredients on the cutting board.,Place items on the cutting board.,cutting board,items,place_on
00814-p53SfW6mjZe\tasks-island_0.json,73,3,Empty debris into the basket.,Place basket in receptacle.,basket,receptacle,place_in
00814-p53SfW6mjZe\tasks-island_0.json,75,1,Move the chair to the living area.,Reposition the chair to the living area.,chair,area,reposition
00814-p53SfW6mjZe\tasks-island_0.json,76,1,Tidy the items on the dresser.,Place dresser on surface.,dresser,surface,place_on
00814-p53SfW6mjZe\tasks-island_0.json,76,5,Hang clothes in the wardrobe.,Hang items in the wardrobe.,wardrobe,items,hang
00814-p53SfW6mjZe\tasks-island_0.json,77,3,Boil water using the appliance.,Turn on appliance.,appliance,appliance,turn_on
00814-p53SfW6mjZe\tasks-island_0.json,79,4,Organize toiletries on the shelf.,Place shelf on surface.,shelf,surface,place_on
00814-p53SfW6mjZe\tasks-island_0.json,88,5,Organize tools on the shelf.,Place shelf on surface.,shelf,surface,place_on
00814-p53SfW6mjZe\tasks-island_0.json,92,5,Place loose items in the box.,Place loose items in the box.,box,items,place_in
00814-p53SfW6mjZe\tasks-island_0.json,93,5,Put things away on the dresser.,Store items on the dresser.,dresser,items,store
00814-p53SfW6mjZe\tasks-island_0.json,104,5,Hang the clean towel in the wardrobe.,Hang items in the wardrobe.,wardrobe,items,hang
00814-p53SfW6mjZe\tasks-island_0.json,112,3,Organize the items on the shelf.,Place shelf on surface.,shelf,surface,place_on
00814-p53SfW6mjZe\tasks-island_0.json,113,1,Tidy the items on the dresser.,Place dresser on surface.,dresser,surface,place_on
00814-p53SfW6mjZe\tasks-island_0.json,117,3,Sort clothes in the basket.,Place basket in receptacle.,basket,receptacle,place_in
00814-p53SfW6mjZe\tasks-island_0.json,135,4,Set the pitcher.,Place pitcher on surface.,pitcher,surface,place_on
00814-p53SfW6mjZe\tasks-island_0.json,137,3,Arrange the bowl.,Place bowl on surface.,bowl,surface,place_on
00814-p53SfW6mjZe\tasks-island_0.json,142,5,Wipe the appliance.,Wipe the appliance.,appliance,appliance,wipe
00814-p53SfW6mjZe\tasks-island_0.json,154,2,Set the bowl.,Place bowl on surface.,bowl,surface,place_on
00814-p53SfW6mjZe\tasks-island_0.json,163,4,Arrange the rack.,Place rack on surface.,rack,surface,place_on
00814-p53SfW6mjZe\tasks-island_0.json,171,2,Pack my essentials into the backpack.,Load items into the backpack.,backpack,items,load
00814-p53SfW6mjZe\tasks-island_0.json,171,3,Organize the items on the dresser.,Place dresser on surface.,dresser,surface,place_on
00814-p53SfW6mjZe\tasks-island_0.json,174,1,Organize the items on the shelf.,Place shelf on surface.,shelf,surface,place_on
00814-p53SfW6mjZe\tasks-island_0.json,178,6,Restock the refrigerator.,Place items in the refrigerator.,refrigerator,items,place_in
00814-p53SfW6mjZe\tasks-island_0.json,180,4,Pack my things into the suitcase.,Load items into the suitcase.,suitcase,items,load
00814-p53SfW6mjZe\tasks-island_0.json,181,1,Organize the items on the shelf.,Place shelf on surface.,shelf,surface,place_on
00814-p53SfW6mjZe\tasks-island_0.json,181,3,Wipe the kitchen countertop items.,Wipe the kitchen countertop items.,kitchen countertop items,items,wipe
00814-p53SfW6mjZe\tasks-island_0.json,182,5,Hang the clothes in the wardrobe.,Hang items in the wardrobe.,wardrobe,items,hang
00814-p53SfW6mjZe\tasks-island_0.json,184,6,Tidy the items on the shelf.,Place shelf on surface.,shelf,surface,place_on
00814-p53SfW6mjZe\tasks-island_0.json,187,2,Organize the fruits in the bowl.,Place bowl in receptacle.,bowl,receptacle,place_in
00814-p53SfW6mjZe\tasks-island_0.json,190,5,Organize clothes in the wardrobe.,Place wardrobe in receptacle.,wardrobe,receptacle,place_in
00814-p53SfW6mjZe\tasks-island_0.json,192,1,Set the bowl in the sink.,Place bowl in receptacle.,bowl,receptacle,place_in
00814-p53SfW6mjZe\tasks-island_0.json,194,2,Arrange the basket of something on the shelf.,Place basket of something on surface.,basket of something,surface,place_on
00814-p53SfW6mjZe\tasks-island_0.json,197,4,Organize the items on the rack.,Place rack on surface.,rack,surface,place_on
00814-p53SfW6mjZe\tasks-island_0.json,198,3,Clear the kitchen countertop items.,Wipe kitchen countertop items.,kitchen countertop items,items,wipe
00814-p53SfW6mjZe\tasks-island_0.json,198,6,Tidy the items on the shelf.,Place shelf in receptacle.,shelf,receptacle,place_in
00814-p53SfW6mjZe\tasks-island_0.json,206,7,Set the bowl on the table.,Place bowl on surface.,bowl,surface,place_on
00814-p53SfW6mjZe\tasks-island_0.json,207,4,Place the items in the laundry basket.,Place the items in the laundry basket.,basket,items,place_in
00814-p53SfW6mjZe\tasks-island_0.json,210,1,Clean the kitchen countertop items.,Wipe kitchen countertop items.,kitchen countertop items,items,wipe
00814-p53SfW6mjZe\tasks-island_0.json,218,7,Set the basket on the floor.,Place basket of something on surface.,basket of something,surface,place_on
00814-p53SfW6mjZe\tasks-island_0.json,219,7,Organize the kitchen countertop items.,Straighten kitchen countertop items.,kitchen countertop items,items,straighten
00814-p53SfW6mjZe\tasks-island_0.json,234,6,Put things in the backpack.,Place things in the backpack.,backpack,things,place_in
00814-p53SfW6mjZe\tasks-island_0.json,242,7,Organize the kitchen countertop items.,Straighten kitchen countertop items.,kitchen countertop items,items,straighten
00814-p53SfW6mjZe\tasks-island_0.json,254,4,Set the wine bottle on the table.,Place wine bottle on surface.,wine_bottle,surface,place_on
00814-p53SfW6mjZe\tasks-island_0.json,255,5,Organize the kitchen countertop items.,Straighten kitchen countertop items.,kitchen countertop items,items,straighten
00814-p53SfW6mjZe\tasks-island_0.json,261,1,Clear the kitchen countertop items.,Wipe kitchen countertop items.,kitchen countertop items,items,wipe
00814-p53SfW6mjZe\tasks-island_0.json,263,2,Arrange the board.,Place board on surface.,board,surface,place_on
00814-p53SfW6mjZe\tasks-island_0.json,264,4,Fill it at the sink.,Use the sink to fill a container.,sink,container,fill
00814-p53SfW6mjZe\tasks-island_0.json,266,4,Set the bowl.,Place bowl on surface.,bowl,surface,place_on
00814-p53SfW6mjZe\tasks-island_0.json,270,3,Arrange the decoration.,Place decoration on surface.,decoration,surface,place_on
00814-p53SfW6mjZe\tasks-island_0.json,279,3,Set the bowl.,Place bowl on surface.,bowl,surface,place_on
00814-p53SfW6mjZe\tasks-island_0.json,282,5,Clear the kitchen countertop items.,Wipe kitchen countertop items.,kitchen countertop items,items,wipe
00814-p53SfW6mjZe\tasks-island_0.json,287,3,Organize my clothes in the dresser.,Place dresser in receptacle.,dresser,receptacle,place_in
00814-p53SfW6mjZe\tasks-island_0.json,292,4,Organize the supplies in the cabinet.,Place cabinet in receptacle.,cabinet,receptacle,place_in
00814-p53SfW6mjZe\tasks-island_0.json,292,6,Hang shirts in the wardrobe.,Hang items in the wardrobe.,wardrobe,items,hang
00814-p53SfW6mjZe\tasks-island_0.json,292,7,Put away socks in the dresser.,Store items in the dresser.,dresser,items,store
00814-p53SfW6mjZe\tasks-island_0.json,294,2,Set the decorative bowl on the counter.,Place bowl on surface.,bowl,surface,place_on
00814-p53SfW6mjZe\tasks-island_0.json,295,5,Put away hangers in the wardrobe.,Store items in the wardrobe.,wardrobe,items,store
00814-p53SfW6mjZe\tasks-island_0.json,298,3,Organize items on the shelf.,Place shelf in receptacle.,shelf,receptacle,place_in
00814-p53SfW6mjZe\tasks-island_0.json,298,5,Rearrange the basket of something on the floor.,Place basket of something in receptacle.,basket of something,receptacle,place_in
00814-p53SfW6mjZe\tasks-island_0.json,299,4,Clear away the kitchen countertop items.,Wipe kitchen countertop items.,kitchen countertop items,items,wipe
00814-p53SfW6mjZe\tasks-island_0.json,302,3,Organize the papers on the dresser.,Place dresser on surface.,dresser,surface,place_on
00814-p53SfW6mjZe\tasks-island_0.json,305,7,Pack everything into my gym bag.,Load items into the bag.,bag,items,load
00814-p53SfW6mjZe\tasks-island_0.json,306,7,Tidy up the kitchen countertop items.,Straighten kitchen countertop items.,kitchen countertop items,items,straighten
00814-p53SfW6mjZe\tasks-island_0.json,307,5,Organize coats on the rack.,Place rack on surface.,rack,surface,place_on
00814-p53SfW6mjZe\tasks-island_0.json,309,2,Sort clothes into the basket.,Place basket in receptacle.,basket,receptacle,place_in
00814-p53SfW6mjZe\tasks-island_0.json,310,2,Arrange the bowl collection.,Place bowl on surface.,bowl,surface,place_on
00814-p53SfW6mjZe\tasks-island_0.json,313,1,Hang coats on the rack.,Hang items on the rack.,rack,items,hang
00815-h1zeeAwLh9Z\tasks-island_0.json,5,2,Wipe the kitchen appliance.,Wipe the kitchen appliance.,kitchen appliance,appliance,wipe
00815-h1zeeAwLh9Z\tasks-island_0.json,7,4,Clear the kitchen countertop items.,Wipe kitchen countertop items.,kitchen countertop items,items,wipe
00815-h1zeeAwLh9Z\tasks-island_0.json,11,3,Put away the kitchen appliance.,Store the kitchen appliance.,kitchen appliance,appliance,store
00815-h1zeeAwLh9Z\tasks-island_0.json,13,2,Wipe the kitchen appliance.,Wipe the kitchen appliance.,kitchen appliance,appliance,wipe
00815-h1zeeAwLh9Z\tasks-island_0.json,16,2,Clear the kitchen countertop items.,Wipe kitchen countertop item.,kitchen countertop item,item,wipe
00815-h1zeeAwLh9Z\tasks-island_0.json,19,3,Check the appliance.,Inspect the appliance.,appliance,appliance,inspect
00815-h1zeeAwLh9Z\tasks-island_0.json,28,2,Wipe the kitchen countertop items.,Wipe the kitchen countertop item.,kitchen countertop item,item,wipe
00815-h1zeeAwLh9Z\tasks-island_0.json,31,3,Clean the kitchen appliance.,Wipe kitchen appliance.,kitchen appliance,appliance,wipe
00815-h1zeeAwLh9Z\tasks-island_0.json,33,3,Move the statue to its display spot.,Carry the statue to the display spot.,statue,spot,carry
00815-h1zeeAwLh9Z\tasks-island_0.json,35,2,Clear the kitchen countertop items.,Wipe kitchen countertop items.,kitchen countertop items,items,wipe
00815-h1zeeAwLh9Z\tasks-island_0.json,35,5,Put dirty items in the dishwasher.,Place dirty items in the dishwasher.,dishwasher,items,place_in
00815-h1zeeAwLh9Z\tasks-island_0.json,36,4,Set the coaster on the table.,Place coaster on surface.,coaster,surface,place_on
00815-h1zeeAwLh9Z\tasks-island_0.json,41,1,Clear the kitchen countertop item.,Wipe kitchen countertop item.,kitchen countertop item,item,wipe
00815-h1zeeAwLh9Z\tasks-island_0.json,42,4,Place a coaster on the dining table area.,Place a coaster on the dining table area.,coaster,area,place_on
00815-h1zeeAwLh9Z\tasks-island_0.json,46,2,Arrange the flower stand.,Place flower stand on surface.,flower stand,surface,place_on
00815-h1zeeAwLh9Z\tasks-island_0.json,49,3,Retrieve a kitchen countertop item.,Pick up the kitchen countertop item.,kitchen countertop item,item,pick_up
00815-h1zeeAwLh9Z\tasks-island_0.json,54,1,Check the appliance.,Inspect the appliance.,appliance,appliance,inspect
00815-h1zeeAwLh9Z\tasks-island_0.json,54,5,Clean the kitchen countertop item.,Wipe kitchen countertop item.,kitchen countertop item,item,wipe
00815-h1zeeAwLh9Z\tasks-island_0.json,68,3,Adjust the appliance.,Reposition the appliance.,appliance,appliance,reposition
00815-h1zeeAwLh9Z\tasks-island_0.json,70,4,Organize the towels in the cabinet.,Place cabinet in receptacle.,cabinet,receptacle,place_in
00815-h1zeeAwLh9Z\tasks-island_0.json,71,2,Wipe the kitchen countertop items.,Wipe the kitchen countertop items.,kitchen countertop items,items,wipe
00815-h1zeeAwLh9Z\tasks-island_0.json,77,4,Store items in the cabinet.,Place items in the cabinet.,cabinet,items,place_in
00815-h1zeeAwLh9Z\tasks-island_0.json,79,1,Set the coaster on the table.,Place coaster on surface.,coaster,surface,place_on
00815-h1zeeAwLh9Z\tasks-island_0.json,79,5,Use the kitchen appliance to boil water.,Inspect the kitchen appliance.,kitchen appliance,appliance,inspect
00815-h1zeeAwLh9Z\tasks-island_0.json,82,5,Wipe the kitchen countertop items.,Wipe the kitchen countertop items.,kitchen countertop items,items,wipe
00815-h1zeeAwLh9Z\tasks-island_0.json,85,1,Sort items in the cabinet.,Place cabinet in receptacle.,cabinet,receptacle,place_in
00815-h1zeeAwLh9Z\tasks-island_0.json,85,3,Re-position the statue.,Place statue on surface.,statue,surface,place_on
00815-h1zeeAwLh9Z\tasks-island_0.json,85,6,Store the appliance.,Store the appliance.,appliance,appliance,store
00815-h1zeeAwLh9Z\tasks-island_0.json,86,3,Clear the kitchen countertop item.,Wipe kitchen countertop item.,kitchen countertop item,item,wipe
00815-h1zeeAwLh9Z\tasks-island_0.json,91,6,Wipe the kitchen countertop item.,Wipe the kitchen countertop item.,kitchen countertop item,item,wipe
00815-h1zeeAwLh9Z\tasks-island_0.json,92,2,Check the appliance.,Inspect the appliance.,appliance,appliance,inspect
00815-h1zeeAwLh9Z\tasks-island_0.json,93,6,Set the bowl on the table.,Place bowl on surface.,bowl,surface,place_on
00815-h1zeeAwLh9Z\tasks-island_0.json,96,6,Wipe the kitchen countertop items.,Wipe the kitchen countertop items.,kitchen countertop items,items,wipe
00815-h1zeeAwLh9Z\tasks-island_0.json,100,2,Clean the kitchen countertop items.,Wipe kitchen countertop items.,kitchen countertop items,items,wipe
00815-h1zeeAwLh9Z\tasks-island_0.json,101,3,Inspect the appliance.,Inspect the appliance.,appliance,appliance,inspect
00815-h1zeeAwLh9Z\tasks-island_0.json,105,1,Clear the kitchen countertop item.,Wipe kitchen countertop item.,kitchen countertop item,item,wipe
00815-h1zeeAwLh9Z\tasks-island_0.json,110,7,Set the bowl on the table.,Place bowl on surface.,bowl,surface,place_on
00815-h1zeeAwLh9Z\tasks-island_0.json,112,3,Arrange the piano stool.,Place piano stool on surface.,piano stool,surface,place_on
00815-h1zeeAwLh9Z\tasks-island_0.json,114,1,Move the appliance.,Carry the appliance.,appliance,appliance,carry
00815-h1zeeAwLh9Z\tasks-island_0.json,114,3,Wipe the kitchen countertop items.,Wipe the kitchen countertop items.,kitchen countertop items,items,wipe
00815-h1zeeAwLh9Z\tasks-island_0.json,116,6,Wipe the kitchen appliance.,Wipe the kitchen appliance.,kitchen appliance,appliance,wipe
00815-h1zeeAwLh9Z\tasks-island_0.json,117,2,Arrange the decorative plant.,Place decorative plant on surface.,decorative plant,surface,place_on
00815-h1zeeAwLh9Z\tasks-island_0.json,117,7,Position the bowl.,Place bowl on surface.,bowl,surface,place_on
00815-h1zeeAwLh9Z\tasks-island_0.json,124,1,Move the appliance.,Carry the appliance.,appliance,appliance,carry
00815-h1zeeAwLh9Z\tasks-island_0.json,124,3,Clean the kitchen countertop item.,Wipe kitchen countertop item.,kitchen countertop item,item,wipe
00815-h1zeeAwLh9Z\tasks-island_0.json,125,6,Place the basket on the floor.,Place items on the basket of something.,basket of something,items,place_on
00815-h1zeeAwLh9Z\tasks-island_0.json,126,3,Set the bowl.,Place bowl on surface.,bowl,surface,place_on
00815-h1zeeAwLh9Z\tasks-island_0.json,127,7,Wipe the kitchen countertop items.,Wipe the kitchen countertop items.,kitchen countertop items,items,wipe
00815-h1zeeAwLh9Z\tasks-island_0.json,130,1,Pick up the appliance.,Pick up the appliance.,appliance,appliance,pick_up
00815-h1zeeAwLh9Z\tasks-island_0.json,130,3,Wipe the kitchen countertop items.,Wipe the kitchen countertop items.,kitchen countertop items,items,wipe
00815-h1zeeAwLh9Z\tasks-island_0.json,130,6,Set the bowl on the table.,Place bowl on surface.,bowl,surface,place_on
00820-mL8ThkuaVTM\tasks-island_0.json,0,4,Place items on the bed table.,Place items on the bed table.,bed table,items,place_on
00820-mL8ThkuaVTM\tasks-island_0.json,4,3,Hang items on the clothes hanger.,Hang items on the clothes hanger.,clothes hanger,items,hang
00820-mL8ThkuaVTM\tasks-island_0.json,11,2,Clear the kitchen appliance.,Wipe kitchen appliance.,kitchen appliance,appliance,wipe
00820-mL8ThkuaVTM\tasks-island_0.json,27,4,Hang clothes on the clothes hanger.,Hang items on the clothes hanger.,clothes hanger,items,hang
00820-mL8ThkuaVTM\tasks-island_0.json,29,5,Arrange the wardrobe.,Place wardrobe on surface.,wardrobe,surface,place_on
00820-mL8ThkuaVTM\tasks-island_0.json,34,4,Arrange the bathrobe.,Place bathrobe on surface.,bathrobe,surface,place_on
00820-mL8ThkuaVTM\tasks-island_0.json,36,4,Put away the kitchen appliance.,Store the kitchen appliance.,kitchen appliance,appliance,store
00820-mL8ThkuaVTM\tasks-island_0.json,42,2,Arrange the wardrobe.,Place wardrobe on surface.,wardrobe,surface,place_on
00820-mL8ThkuaVTM\tasks-island_0.json,46,5,Arrange the clothes hanger.,Place clothes hanger on surface.,clothes hanger,surface,place_on
00820-mL8ThkuaVTM\tasks-island_0.json,49,3,Arrange the wardrobe.,Place wardrobe on surface.,wardrobe,surface,place_on
00820-mL8ThkuaVTM\tasks-island_0.json,56,4,Hang clothes on the clothes hanger.,Hang items on the clothes hanger.,clothes hanger,items,hang
00820-mL8ThkuaVTM\tasks-island_0.json,60,6,Turn off the kitchen appliance.,Turn off the kitchen appliance.,kitchen appliance,appliance,turn_off
00820-mL8ThkuaVTM\tasks-island_0.json,63,1,Fill a container at the sink.,Use the sink to fill a container.,sink,container,fill
00820-mL8ThkuaVTM\tasks-island_0.json,72,5,Prepare the kitchen appliance.,Wipe kitchen appliance.,kitchen appliance,appliance,wipe
00820-mL8ThkuaVTM\tasks-island_0.json,77,4,Hang clothes on the clothes hanger.,Hang items on the clothes hanger.,clothes hanger,items,hang
00820-mL8ThkuaVTM\tasks-island_0.json,96,6,Clean the kitchen appliance.,Wipe kitchen appliance.,kitchen appliance,appliance,wipe
00820-mL8ThkuaVTM\tasks-island_0.json,101,5,Wipe the kitchen appliance.,Wipe the kitchen appliance.,kitchen appliance,appliance,wipe
00821-eF36g7L6Z9M\tasks-island_0.json,0,2,Pack the laptop into the backpack.,Load items into the backpack.,backpack,items,load
00821-eF36g7L6Z9M\tasks-island_0.json,2,3,Arrange the ottoman.,Place ottoman in receptacle.,ottoman,receptacle,place_in
00821-eF36g7L6Z9M\tasks-island_0.json,2,4,Set the plate on the table.,Place plate in receptacle.,plate,receptacle,place_in
00821-eF36g7L6Z9M\tasks-island_0.json,10,2,Arrange the cutting board.,Place cutting board on surface.,cutting board,surface,place_on
00821-eF36g7L6Z9M\tasks-island_0.json,10,3,Set the bowl.,Place bowl on surface.,bowl,surface,place_on
00821-eF36g7L6Z9M\tasks-island_0.json,16,4,Arrange the ottoman.,Place ottoman on surface.,ottoman,surface,place_on
00821-eF36g7L6Z9M\tasks-island_0.json,19,2,Arrange the ottoman.,Place ottoman on surface.,ottoman,surface,place_on
00821-eF36g7L6Z9M\tasks-island_0.json,27,1,Get a plate from the dining area.,Pick up the plate from the dining area.,plate,area,pick_up
00821-eF36g7L6Z9M\tasks-island_0.json,30,3,Organize the toiletries in the wash cabinet.,Place wash cabinet in receptacle.,wash cabinet,receptacle,place_in
00821-eF36g7L6Z9M\tasks-island_0.json,30,4,Hang a fresh towel on the shower bar.,Hang items on the shower bar.,shower bar,items,hang
00821-eF36g7L6Z9M\tasks-island_0.json,31,3,Put away clothes in the wardrobe.,Store items in the wardrobe.,wardrobe,items,store
00821-eF36g7L6Z9M\tasks-island_0.json,38,4,Pack necessary clothes from the wardrobe.,Pick up items from the wardrobe.,wardrobe,items,pick_up
00821-eF36g7L6Z9M\tasks-island_0.json,40,2,Arrange the ottoman for leg rest.,Place ottoman in receptacle.,ottoman,receptacle,place_in
00821-eF36g7L6Z9M\tasks-island_0.json,48,3,Set it on the ottoman in the dining area.,Place the ottoman in the dining area.,ottoman,area,place_in
00821-eF36g7L6Z9M\tasks-island_0.json,61,5,Arrange the sitting bench.,Place sitting bench on surface.,sitting bench,surface,place_on
00821-eF36g7L6Z9M\tasks-island_0.json,67,4,Set the kitchen cabinet.,Place kitchen cabinet on surface.,kitchen cabinet,surface,place_on
00821-eF36g7L6Z9M\tasks-island_0.json,69,5,Arrange the ottoman.,Place ottoman on surface.,ottoman,surface,place_on
00821-eF36g7L6Z9M\tasks-island_0.json,72,4,Arrange the tray.,Place tray on surface.,tray,surface,place_on
00821-eF36g7L6Z9M\tasks-island_0.json,74,3,Hang the bag on the hanger.,Hang items on the hanger.,hanger,items,hang
00821-eF36g7L6Z9M\tasks-island_0.json,75,1,Arrange the lounger.,Place lounger on surface.,lounger,surface,place_on
00821-eF36g7L6Z9M\tasks-island_0.json,82,2,Set the plate.,Place plate on surface.,plate,surface,place_on
00821-eF36g7L6Z9M\tasks-island_0.json,82,5,Arrange the cutting board.,Place cutting board on surface.,cutting board,surface,place_on
00821-eF36g7L6Z9M\tasks-island_0.json,83,3,Arrange the ottoman.,Place ottoman on surface.,ottoman,surface,place_on
00821-eF36g7L6Z9M\tasks-island_0.json,85,2,Position the mouse.,Place mouse on surface.,mouse,surface,place_on
00821-eF36g7L6Z9M\tasks-island_0.json,92,2,Arrange the fireplace utensil.,Place fireplace utensil on surface.,fireplace utensil,surface,place_on
00821-eF36g7L6Z9M\tasks-island_0.json,93,5,Set the plate.,Place plate on surface.,plate,surface,place_on
00821-eF36g7L6Z9M\tasks-island_0.json,94,4,Arrange the ottoman.,Place ottoman on surface.,ottoman,surface,place_on
00821-eF36g7L6Z9M\tasks-island_0.json,95,3,Arrange the lounger.,Place lounger on surface.,lounger,surface,place_on
00821-eF36g7L6Z9M\tasks-island_0.json,100,1,Arrange the shower bench.,Place shower bench on surface.,shower bench,surface,place_on
00821-eF36g7L6Z9M\tasks-island_0.json,103,5,Set the plate.,Place plate on surface.,plate,surface,place_on
00821-eF36g7L6Z9M\tasks-island_0.json,111,1,Straighten the pillows on the sofa.,Straighten items on the sofa.,sofa,items,straighten
00821-eF36g7L6Z9M\tasks-island_0.json,116,5,Place items in the chest.,Place items in the chest.,chest,items,place_in
00821-eF36g7L6Z9M\tasks-island_0.json,117,2,Hang clothes on the hanger.,Hang items on the hanger.,hanger,items,hang
00821-eF36g7L6Z9M\tasks-island_0.json,117,4,Arrange the ottoman.,Place ottoman on surface.,ottoman,surface,place_on
00821-eF36g7L6Z9M\tasks-island_0.json,139,4,Arrange the ottoman.,Place ottoman on surface.,ottoman,surface,place_on
00821-eF36g7L6Z9M\tasks-island_0.json,140,1,Arrange the firewood.,Place firewood on surface.,firewood,surface,place_on
00821-eF36g7L6Z9M\tasks-island_0.json,145,4,Store items in the chest.,Place items in the chest.,chest,items,place_in
00821-eF36g7L6Z9M\tasks-island_0.json,146,1,Position the ottoman.,Place ottoman on surface.,ottoman,surface,place_on
00821-eF36g7L6Z9M\tasks-island_0.json,148,2,Set the tray.,Place tray on surface.,tray,surface,place_on
00821-eF36g7L6Z9M\tasks-island_0.json,154,5,File papers in the cabinet.,Place items in the cabinet.,cabinet,items,place_in
00821-eF36g7L6Z9M\tasks-island_0.json,160,4,Arrange items on the rack.,Place rack on surface.,rack,surface,place_on
00821-eF36g7L6Z9M\tasks-island_0.json,162,4,Set the tray.,Place tray on surface.,tray,surface,place_on
00821-eF36g7L6Z9M\tasks-island_0.json,164,6,Arrange the hanger.,Place hanger on surface.,hanger,surface,place_on
00821-eF36g7L6Z9M\tasks-island_0.json,165,6,Set the tray.,Place tray on surface.,tray,surface,place_on
00821-eF36g7L6Z9M\tasks-island_0.json,170,4,Set the wine bottle on the counter.,Place wine bottle on surface.,wine_bottle,surface,place_on
00821-eF36g7L6Z9M\tasks-island_0.json,179,5,Set the bowl on the table.,Place bowl on surface.,bowl,surface,place_on
00821-eF36g7L6Z9M\tasks-island_0.json,182,4,Arrange the sitting bench.,Place sitting bench on surface.,sitting bench,surface,place_on
00821-eF36g7L6Z9M\tasks-island_0.json,199,7,Arrange the floor lamp.,Place floor lamp on surface.,floor lamp,surface,place_on
00821-eF36g7L6Z9M\tasks-island_0.json,201,6,Arrange the rack.,Place rack on surface.,rack,surface,place_on
00821-eF36g7L6Z9M\tasks-island_0.json,202,4,Arrange the lounger.,Place lounger in receptacle.,lounger,receptacle,place_in
00821-eF36g7L6Z9M\tasks-island_0.json,208,6,Set the tray.,Place tray on surface.,tray,surface,place_on
00821-eF36g7L6Z9M\tasks-island_0.json,210,6,Set the tray.,Place tray on surface.,tray,surface,place_on
00821-eF36g7L6Z9M\tasks-island_0.json,216,3,Arrange the ottoman.,Place ottoman on surface.,ottoman,surface,place_on
00821-eF36g7L6Z9M\tasks-island_0.json,224,2,Set the wine bottle.,Place wine bottle on surface.,wine_bottle,surface,place_on
00821-eF36g7L6Z9M\tasks-island_0.json,224,3,Arrange the tray.,Place tray on surface.,tray,surface,place_on
00821-eF36g7L6Z9M\tasks-island_0.json,225,6,Arrange the wardrobe.,Place wardrobe on surface.,wardrobe,surface,place_on
00823-7MXmsvcQjpJ\tasks-island_0.json,8,3,Organize the books on the shelf.,Place shelf on surface.,shelf,surface,place_on
00823-7MXmsvcQjpJ\tasks-island_0.json,13,4,Fill a bucket at the sink.,Use the sink to fill a container.,sink,container,fill
00823-7MXmsvcQjpJ\tasks-island_0.json,21,2,Arrange the piano stool.,Place piano stool on surface.,piano stool,surface,place_on
00823-7MXmsvcQjpJ\tasks-island_0.json,21,3,Place the flowerpot near the music area.,Place the flowerpot near the music area.,flowerpot,area,place_on
00823-7MXmsvcQjpJ\tasks-island_0.json,31,3,Arrange the flower vase.,Place flower vase on surface.,flower vase,surface,place_on
00823-7MXmsvcQjpJ\tasks-island_0.json,35,2,Clean the appliance.,Wipe appliance.,appliance,appliance,wipe
00823-7MXmsvcQjpJ\tasks-island_0.json,39,4,Hang the robe on the rack.,Hang items on the rack.,rack,items,hang
00823-7MXmsvcQjpJ\tasks-island_0.json,40,1,Organize the books on the book rack.,Place book rack on surface.,book rack,surface,place_on
00823-7MXmsvcQjpJ\tasks-island_0.json,41,3,Arrange the hats on the display table.,Place display table on surface.,display table,surface,place_on
00823-7MXmsvcQjpJ\tasks-island_0.json,45,3,Arrange the books on the shelf.,Place shelf on surface.,shelf,surface,place_on
00823-7MXmsvcQjpJ\tasks-island_0.json,46,4,Organize the books on the shelf.,Place shelf in receptacle.,shelf,receptacle,place_in
00823-7MXmsvcQjpJ\tasks-island_0.json,47,4,Organize the books on the rack.,Place rack on surface.,rack,surface,place_on
00823-7MXmsvcQjpJ\tasks-island_0.json,48,4,Set the chest near the table.,Place chest in receptacle.,chest,receptacle,place_in
00823-7MXmsvcQjpJ\tasks-island_0.json,51,4,Hang the robe on the rack.,Hang items on the rack.,rack,items,hang
00823-7MXmsvcQjpJ\tasks-island_0.json,52,2,Arrange the flowerpots.,Place flowerpot on surface.,flowerpot,surface,place_on
00823-7MXmsvcQjpJ\tasks-island_0.json,54,5,Turn on the appliance.,Turn on the appliance.,appliance,appliance,turn_on
00823-7MXmsvcQjpJ\tasks-island_0.json,55,4,Arrange the hats.,Place hat on surface.,hat,surface,place_on
00823-7MXmsvcQjpJ\tasks-island_0.json,57,4,Organize the boxes in the cabinet.,Place cabinet in receptacle.,cabinet,receptacle,place_in
00823-7MXmsvcQjpJ\tasks-island_0.json,58,4,Organize the hats on the display table.,Place display table on surface.,display table,surface,place_on
00823-7MXmsvcQjpJ\tasks-island_0.json,59,3,Arrange the flowerpots.,Place flowerpot on surface.,flowerpot,surface,place_on
00823-7MXmsvcQjpJ\tasks-island_0.json,59,5,Organize the books on the rack.,Place rack on surface.,rack,surface,place_on
00823-7MXmsvcQjpJ\tasks-island_0.json,61,3,Organize the books on the rack.,Place rack on surface.,rack,surface,place_on
00823-7MXmsvcQjpJ\tasks-island_0.json,62,3,Arrange the sculpture.,Place sculpture on surface.,sculpture,surface,place_on
00823-7MXmsvcQjpJ\tasks-island_0.json,71,1,Organize the books on the shelf.,Place shelf on surface.,shelf,surface,place_on
00823-7MXmsvcQjpJ\tasks-island_0.json,83,4,Arrange the rack.,Place rack on surface.,rack,surface,place_on
00823-7MXmsvcQjpJ\tasks-island_0.json,89,3,Organize books in the book rack.,Place book rack in receptacle.,book rack,receptacle,place_in
00823-7MXmsvcQjpJ\tasks-island_0.json,95,3,Position the sculpture.,Place sculpture on surface.,sculpture,surface,place_on
00823-7MXmsvcQjpJ\tasks-island_0.json,95,4,Arrange the display cabinet.,Place display cabinet on surface.,display cabinet,surface,place_on
00823-7MXmsvcQjpJ\tasks-island_0.json,102,3,Arrange the decoration.,Place decoration on surface.,decoration,surface,place_on
00823-7MXmsvcQjpJ\tasks-island_0.json,103,6,Use the appliance.,Inspect the appliance.,appliance,appliance,inspect
00823-7MXmsvcQjpJ\tasks-island_0.json,109,4,Arrange the box.,Place box in receptacle.,box,receptacle,place_in
00823-7MXmsvcQjpJ\tasks-island_0.json,111,3,Arrange the book.,Place book on surface.,book,surface,place_on
00823-7MXmsvcQjpJ\tasks-island_0.json,114,4,Arrange the bathroom cabinet.,Place bathroom cabinet in receptacle.,bathroom cabinet,receptacle,place_in
00823-7MXmsvcQjpJ\tasks-island_0.json,115,1,Organize the items in the cabinet.,Place cabinet in receptacle.,cabinet,receptacle,place_in
00823-7MXmsvcQjpJ\tasks-island_0.json,118,6,Arrange the book on the shelf.,Place book on surface.,book,surface,place_on
00823-7MXmsvcQjpJ\tasks-island_0.json,119,6,Arrange flowers in the flower vase.,Place flower vase in receptacle.,flower vase,receptacle,place_in
00823-7MXmsvcQjpJ\tasks-island_0.json,125,3,Fill the cup at the sink.,Use the sink to fill a container.,sink,container,fill
00823-7MXmsvcQjpJ\tasks-island_0.json,128,2,Store items in the box.,Place items in the box.,box,items,place_in
00823-7MXmsvcQjpJ\tasks-island_0.json,129,2,Change the water in the flower vase.,Place items in the flower vase.,flower vase,items,place_in
00823-7MXmsvcQjpJ\tasks-island_0.json,129,3,Refill the watering can at the sink.,Use the sink to fill a container.,sink,container,fill
00823-7MXmsvcQjpJ\tasks-island_0.json,137,6,Place items in the basket.,Place items in the basket.,basket,items,place_in
00823-7MXmsvcQjpJ\tasks-island_0.json,138,2,Arrange the shelf.,Place shelf on surface.,shelf,surface,place_on
00823-7MXmsvcQjpJ\tasks-island_0.json,140,6,Store items in the kitchen cabinet.,Place items in the kitchen cabinet.,kitchen cabinet,items,place_in
00823-7MXmsvcQjpJ\tasks-island_0.json,145,3,Fluff the pillows on the couch.,Fluff items on the couch.,couch,items,fluff
00823-7MXmsvcQjpJ\tasks-island_0.json,159,1,Rearrange the decoration.,Place decoration on surface.,decoration,surface,place_on
00823-7MXmsvcQjpJ\tasks-island_0.json,165,5,Arrange the spice rack.,Place spice rack on surface.,spice rack,surface,place_on
00823-7MXmsvcQjpJ\tasks-island_0.json,167,1,Rearrange the decoration.,Place decoration on surface.,decoration,surface,place_on
00823-7MXmsvcQjpJ\tasks-island_0.json,171,4,Arrange the hat.,Place hat on surface.,hat,surface,place_on
00823-7MXmsvcQjpJ\tasks-island_0.json,172,6,Set the tray.,Place tray on surface.,tray,surface,place_on
00823-7MXmsvcQjpJ\tasks-island_0.json,174,1,Straighten the chair in the dining area.,Straighten the chair in the dining area.,chair,area,straighten
00823-7MXmsvcQjpJ\tasks-island_0.json,176,1,Put the laundry in the appliance.,Place the laundry in the appliance.,appliance,appliance,place_in
00823-7MXmsvcQjpJ\tasks-island_0.json,179,1,Turn off the kitchen appliance.,Turn off the appliance.,appliance,appliance,turn_off
00823-7MXmsvcQjpJ\tasks-island_0.json,183,5,Arrange the rack.,Place rack on surface.,rack,surface,place_on
00823-7MXmsvcQjpJ\tasks-island_0.json,184,3,Arrange the bowl.,Place bowl on surface.,bowl,surface,place_on
00823-7MXmsvcQjpJ\tasks-island_0.json,185,5,Arrange the basket.,Place basket on surface.,basket,surface,place_on
00823-7MXmsvcQjpJ\tasks-island_0.json,190,6,Arrange the piano stool.,Place piano stool on surface.,piano stool,surface,place_on
00823-7MXmsvcQjpJ\tasks-island_0.json,193,7,Set the heater.,Place heater on surface.,heater,surface,place_on
00823-7MXmsvcQjpJ\tasks-island_0.json,196,3,Arrange the flower vase.,Place flower vase on surface.,flower vase,surface,place_on
00823-7MXmsvcQjpJ\tasks-island_0.json,197,5,Arrange the book.,Place book on surface.,book,surface,place_on
00824-Dd4bFSTQ8gi\tasks-island_0.json,0,1,Set the plate on the table.,Place plate on surface.,plate,surface,place_on
00824-Dd4bFSTQ8gi\tasks-island_0.json,11,4,Arrange the book.,Place book on surface.,book,surface,place_on
00824-Dd4bFSTQ8gi\tasks-island_0.json,14,4,Set the plate down.,Place plate on surface.,plate,surface,place_on
00824-Dd4bFSTQ8gi\tasks-island_0.json,17,1,Get a plate from the dining area.,Pick up the plate from the dining area.,plate,area,pick_up
00824-Dd4bFSTQ8gi\tasks-island_0.json,19,5,Store extra items in the kitchen cabinet.,Place extra items in the kitchen cabinet.,kitchen cabinet,items,place_in
00824-Dd4bFSTQ8gi\tasks-island_0.json,21,4,Arrange the flowerpot.,Place flowerpot on surface.,flowerpot,surface,place_on
00824-Dd4bFSTQ8gi\tasks-island_0.json,23,2,Wipe the kitchen countertop item.,Wipe the kitchen countertop item.,kitchen countertop item,item,wipe
00824-Dd4bFSTQ8gi\tasks-island_0.json,32,4,Arrange the flowerpot.,Place flowerpot on surface.,flowerpot,surface,place_on
00824-Dd4bFSTQ8gi\tasks-island_0.json,37,3,Move the kitchen countertop items.,Carry the kitchen countertop items.,kitchen countertop items,items,carry
00824-Dd4bFSTQ8gi\tasks-island_0.json,38,3,Arrange the flower vase.,Place flower vase on surface.,flower vase,surface,place_on
00824-Dd4bFSTQ8gi\tasks-island_0.json,49,2,Set the plate.,Place plate on surface.,plate,surface,place_on
00824-Dd4bFSTQ8gi\tasks-island_0.json,55,2,Clean the kitchen countertop item.,Wipe kitchen countertop item.,kitchen countertop item,item,wipe
00824-Dd4bFSTQ8gi\tasks-island_0.json,57,5,Rearrange the vase.,Place vase on surface.,vase,surface,place_on
00824-Dd4bFSTQ8gi\tasks-island_0.json,60,6,Set the plate.,Place plate on surface.,plate,surface,place_on
00824-Dd4bFSTQ8gi\tasks-island_0.json,71,4,Wipe the kitchen countertop item.,Wipe the kitchen countertop item.,kitchen countertop item,item,wipe
00824-Dd4bFSTQ8gi\tasks-island_0.json,81,5,Arrange the sunglasses.,Place sunglasses on surface.,sunglasses,surface,place_on
00824-Dd4bFSTQ8gi\tasks-island_0.json,82,7,Wipe the kitchen countertop item.,Wipe the kitchen countertop item.,kitchen countertop item,item,wipe
00824-Dd4bFSTQ8gi\tasks-island_0.json,89,4,Arrange the vase.,Place flower vase on surface.,flower vase,surface,place_on
00824-Dd4bFSTQ8gi\tasks-island_0.json,92,7,Arrange the sunglasses.,Place sunglasses on surface.,sunglasses,surface,place_on
00824-Dd4bFSTQ8gi\tasks-island_0.json,97,6,Set the bowl on the table.,Place bowl on surface.,bowl,surface,place_on
00824-Dd4bFSTQ8gi\tasks-island_0.json,99,2,Arrange the rack.,Place rack on surface.,rack,surface,place_on
00824-Dd4bFSTQ8gi\tasks-island_0.json,102,7,Plump the pillow on the couch.,Fluff items on the couch.,couch,items,fluff
00824-Dd4bFSTQ8gi\tasks-island_0.json,109,6,Arrange the cap.,Place cap on surface.,cap,surface,place_on
00824-Dd4bFSTQ8gi\tasks-island_0.json,111,2,Wipe the kitchen countertop item.,Wipe the kitchen countertop item.,kitchen countertop item,item,wipe
00824-Dd4bFSTQ8gi\tasks-island_0.json,115,1,Wipe the kitchen countertop items.,Wipe the kitchen countertop items.,kitchen countertop items,items,wipe
00827-BAbdmeyTvMZ\tasks-island_0.json,14,2,Place the backpack near the table.,Place items on the table.,table,items,place_on
00827-BAbdmeyTvMZ\tasks-island_0.json,15,2,Light the fireplace in the living area.,Turn on the fireplace in the living area.,fireplace,area,turn_on
00827-BAbdmeyTvMZ\tasks-island_0.json,16,4,Load the remaining dishes into the dishwasher.,Load items into the dishwasher.,dishwasher,items,load
00827-BAbdmeyTvMZ\tasks-island_0.json,20,1,Load the plate into the dishwasher.,Load items into the dishwasher.,dishwasher,items,load
00827-BAbdmeyTvMZ\tasks-island_0.json,20,3,Organize the items in the drawer.,Place drawer in receptacle.,drawer,receptacle,place_in
00827-BAbdmeyTvMZ\tasks-island_0.json,24,2,Put the items into the washer-dryer.,Place the items in the washer-dryer.,washer-dryer,items,place_in
00827-BAbdmeyTvMZ\tasks-island_0.json,26,3,Load the plate into the dishwasher.,Load items into the dishwasher.,dishwasher,items,load
00827-BAbdmeyTvMZ\tasks-island_0.json,32,2,Place the items in the washer-dryer.,Place the items in the washer-dryer.,washer-dryer,items,place_in
00827-BAbdmeyTvMZ\tasks-island_0.json,39,1,Sort the items in the drawer.,Place drawer in receptacle.,drawer,receptacle,place_in
00827-BAbdmeyTvMZ\tasks-island_0.json,39,2,Arrange the cabinet.,Place cabinet on surface.,cabinet,surface,place_on
00827-BAbdmeyTvMZ\tasks-island_0.json,42,4,Place the items on the table.,Place the items on the table.,table,items,place_on
00827-BAbdmeyTvMZ\tasks-island_0.json,63,4,Put the laundry detergent away in the cabinet.,Store items in the cabinet.,cabinet,items,store
00827-BAbdmeyTvMZ\tasks-island_1.json,1,3,Arrange the hanging clothes.,Place hanging clothes on surface.,hanging clothes,surface,place_on
00827-BAbdmeyTvMZ\tasks-island_1.json,10,2,Straighten the furniture.,Straighten the furniture.,furniture,furniture,straighten
00827-BAbdmeyTvMZ\tasks-island_1.json,14,4,Arrange the hanging clothes.,Place hanging clothes on surface.,hanging clothes,surface,place_on
00827-BAbdmeyTvMZ\tasks-island_1.json,17,4,Arrange the hanging clothes.,Place hanging clothes on surface.,hanging clothes,surface,place_on
00827-BAbdmeyTvMZ\tasks-island_1.json,23,1,Tidy the furniture.,Straighten furniture.,furniture,furniture,straighten
00827-BAbdmeyTvMZ\tasks-island_1.json,25,1,Dust the furniture.,Dust the furniture.,furniture,furniture,dust
00827-BAbdmeyTvMZ\tasks-island_1.json,27,2,Dust the furniture.,Dust the furniture.,furniture,furniture,dust
00827-BAbdmeyTvMZ\tasks-island_1.json,29,2,Tidy the furniture.,Straighten furniture.,furniture,furniture,straighten
00829-QaLdnwvtxbs\tasks-island_0.json,19,1,Arrange the ottoman.,Place ottoman on surface.,ottoman,surface,place_on
00829-QaLdnwvtxbs\tasks-island_0.json,32,4,Set the plate on the table.,Place plate on surface.,plate,surface,place_on
00829-QaLdnwvtxbs\tasks-island_0.json,36,2,Arrange the decoration.,Place decoration on surface.,decoration,surface,place_on
00829-QaLdnwvtxbs\tasks-island_0.json,36,3,Position the flowerpot.,Place flowerpot on surface.,flowerpot,surface,place_on
00829-QaLdnwvtxbs\tasks-island_0.json,51,2,Arrange the bowl of sweets.,Place bowl of sweets on surface.,bowl of sweets,surface,place_on
00829-QaLdnwvtxbs\tasks-island_0.json,55,5,Arrange the handbag.,Place handbag on surface.,handbag,surface,place_on
00829-QaLdnwvtxbs\tasks-island_0.json,59,1,Set the plate.,Place plate on surface.,plate,surface,place_on
00829-QaLdnwvtxbs\tasks-island_0.json,59,3,Arrange the backpack.,Place backpack on surface.,backpack,surface,place_on
00829-QaLdnwvtxbs\tasks-island_0.json,60,3,Position the wine bottle.,Place wine bottle on surface.,wine_bottle,surface,place_on
00829-QaLdnwvtxbs\tasks-island_0.json,60,5,Arrange the flowerpot.,Place flowerpot on surface.,flowerpot,surface,place_on
00829-QaLdnwvtxbs\tasks-island_0.json,65,1,Set the plate.,Place plate on surface.,plate,surface,place_on
00829-QaLdnwvtxbs\tasks-island_0.json,68,6,Arrange the handbag.,Place handbag on surface.,handbag,surface,place_on
00829-QaLdnwvtxbs\tasks-island_0.json,77,2,Arrange the handbag.,Place handbag on surface.,handbag,surface,place_on
00829-QaLdnwvtxbs\tasks-island_0.json,79,6,Set the bathroom mat.,Place bathroom mat on surface.,bathroom mat,surface,place_on
00829-QaLdnwvtxbs\tasks-island_0.json,80,6,Arrange the ottoman.,Place ottoman on surface.,ottoman,surface,place_on
00829-QaLdnwvtxbs\tasks-island_0.json,81,3,Arrange the ottoman.,Place ottoman on surface.,ottoman,surface,place_on
00829-QaLdnwvtxbs\tasks-island_0.json,82,6,Set the backpack aside.,Place backpack on surface.,backpack,surface,place_on
00829-QaLdnwvtxbs\tasks-island_0.json,85,6,Arrange the ottoman.,Place ottoman on surface.,ottoman,surface,place_on
00829-QaLdnwvtxbs\tasks-island_0.json,90,3,Arrange the washbasin.,Place washbasin on surface.,washbasin,surface,place_on
00829-QaLdnwvtxbs\tasks-island_0.json,90,4,Set the bathroom mat.,Place bathroom mat on surface.,bathroom mat,surface,place_on
00829-QaLdnwvtxbs\tasks-island_0.json,98,6,Set the bathroom mat.,Place bathroom mat on surface.,bathroom mat,surface,place_on
00829-QaLdnwvtxbs\tasks-island_0.json,99,4,Arrange the ottoman.,Place ottoman on surface.,ottoman,surface,place_on
00831-yr17PDCnDDW\tasks-island_1.json,0,3,Arrange the shelf.,Place shelf on surface.,shelf,surface,place_on
00831-yr17PDCnDDW\tasks-island_1.json,11,3,Wipe the kitchen countertop item.,Wipe the kitchen countertop item.,kitchen countertop item,item,wipe
00831-yr17PDCnDDW\tasks-island_1.json,15,2,Wipe the kitchen countertop item.,Wipe the kitchen countertop item.,kitchen countertop item,item,wipe
00831-yr17PDCnDDW\tasks-island_1.json,19,4,Arrange the plant.,Place plant on surface.,plant,surface,place_on
00831-yr17PDCnDDW\tasks-island_1.json,26,3,Organize magazines on the rack.,Place rack on surface.,rack,surface,place_on
00831-yr17PDCnDDW\tasks-island_1.json,26,4,Arrange the plant.,Place plant on surface.,plant,surface,place_on
00831-yr17PDCnDDW\tasks-island_1.json,27,4,Wipe the kitchen countertop item.,Wipe the kitchen countertop item.,kitchen countertop item,item,wipe
00831-yr17PDCnDDW\tasks-island_1.json,38,3,Position the keyboard.,Place keyboard on surface.,keyboard,surface,place_on
00831-yr17PDCnDDW\tasks-island_1.json,54,2,Position the keyboard.,Place keyboard on surface.,keyboard,surface,place_on
00831-yr17PDCnDDW\tasks-island_1.json,55,2,Wipe the kitchen countertop item.,Wipe the kitchen countertop item.,kitchen countertop item,item,wipe
00831-yr17PDCnDDW\tasks-island_1.json,56,4,Tidy the objects on the shelf.,Place shelf on surface.,shelf,surface,place_on
00831-yr17PDCnDDW\tasks-island_1.json,57,3,Organize the items on the rack.,Place rack on surface.,rack,surface,place_on
00831-yr17PDCnDDW\tasks-island_1.json,63,5,Arrange the vase.,Place vase on surface.,vase,surface,place_on
00831-yr17PDCnDDW\tasks-island_1.json,68,3,Arrange the pot.,Place pot on surface.,pot,surface,place_on
00831-yr17PDCnDDW\tasks-island_1.json,71,5,Clean the kitchen countertop item.,Wipe kitchen countertop item.,kitchen countertop item,item,wipe
00831-yr17PDCnDDW\tasks-island_1.json,72,3,Arrange the keyboard.,Place keyboard on surface.,keyboard,surface,place_on
00831-yr17PDCnDDW\tasks-island_1.json,78,4,Organize the kitchen countertop item.,Straighten kitchen countertop item.,kitchen countertop item,item,straighten
00831-yr17PDCnDDW\tasks-island_1.json,85,4,Move the printer to the storage area.,Carry the printer to the storage area.,printer,area,carry
00831-yr17PDCnDDW\tasks-island_1.json,85,5,Arrange the magazine on the rack.,Place magazine on surface.,magazine,surface,place_on
00831-yr17PDCnDDW\tasks-island_1.json,87,4,Arrange the vase on the side table.,Place vase in receptacle.,vase,receptacle,place_in
00831-yr17PDCnDDW\tasks-island_1.json,88,4,Wipe the kitchen countertop item clean.,Wipe the kitchen countertop item.,kitchen countertop item,item,wipe
00831-yr17PDCnDDW\tasks-island_1.json,92,1,Pack the backpack with personal items.,Load the backpack with the personal items.,backpack,items,load
00831-yr17PDCnDDW\tasks-island_1.json,94,3,Arrange the flowers in the vase.,Place vase in receptacle.,vase,receptacle,place_in
00831-yr17PDCnDDW\tasks-island_1.json,95,2,Refill the paper in the printer.,Use the printer to load items.,printer,items,load
00831-yr17PDCnDDW\tasks-island_1.json,96,5,Wipe the microwave in the kitchen area.,Wipe the microwave in the kitchen area.,microwave,area,wipe
00831-yr17PDCnDDW\tasks-island_1.json,101,1,Move the box to the sorting area.,Carry the box to the sorting area.,box,area,carry
00831-yr17PDCnDDW\tasks-island_1.json,105,3,Position the plant for better visibility.,Place plant on surface.,plant,surface,place_on
00831-yr17PDCnDDW\tasks-island_1.json,105,4,Arrange the pot on the stand.,Place pot on surface.,pot,surface,place_on
00831-yr17PDCnDDW\tasks-island_1.json,106,5,Adjust the partition in the break area.,Align the partition in the break area.,partition,area,align
00831-yr17PDCnDDW\tasks-island_1.json,107,4,Dust the board in the storage area.,Dust the board in the storage area.,board,area,dust
00831-yr17PDCnDDW\tasks-island_1.json,112,3,Dust the stand in the seating area.,Dust the stand in the seating area.,stand,area,dust
00831-yr17PDCnDDW\tasks-island_1.json,116,2,Refill paper in the printer.,Use the printer to load items.,printer,items,load
00831-yr17PDCnDDW\tasks-island_1.json,116,5,Place loose items into the basket.,Place loose items in the basket.,basket,items,place_in
00831-yr17PDCnDDW\tasks-island_1.json,117,4,Pack the equipment into the box.,Load items into the box.,box,items,load
00831-yr17PDCnDDW\tasks-island_1.json,120,3,Put the supplies away in the cabinet.,Store items in the cabinet.,cabinet,items,store
00831-yr17PDCnDDW\tasks-island_1.json,121,5,Arrange the flowers in the vase.,Place vase in receptacle.,vase,receptacle,place_in
00831-yr17PDCnDDW\tasks-island_1.json,123,1,Sort the files in the cabinet.,Place cabinet in receptacle.,cabinet,receptacle,place_in
00831-yr17PDCnDDW\tasks-island_1.json,123,2,Organize the items on the rack.,Place rack on surface.,rack,surface,place_on
00831-yr17PDCnDDW\tasks-island_1.json,125,5,Arrange the kitchen countertop item neatly.,Place kitchen countertop item on surface.,kitchen countertop item,"item, surface",place_on
00831-yr17PDCnDDW\tasks-island_1.json,129,4,Place the pot in a sunny spot.,Place the pot in a sunny spot.,pot,spot,place_in
00831-yr17PDCnDDW\tasks-island_1.json,131,3,Store items in the kitchen lower cabinet.,Place items in the kitchen lower cabinet.,kitchen lower cabinet,items,place_in
00831-yr17PDCnDDW\tasks-island_1.json,133,2,Arrange the items on the shelf.,Place shelf on surface.,shelf,surface,place_on
00831-yr17PDCnDDW\tasks-island_1.json,136,3,Set the pitcher on the table for participants.,Place pitcher on surface.,pitcher,surface,place_on
00831-yr17PDCnDDW\tasks-island_1.json,139,2,Arrange the magazine on the table.,Place magazine on surface.,magazine,surface,place_on
00831-yr17PDCnDDW\tasks-island_1.json,141,1,File the documents in the cabinet.,Place items in the cabinet.,cabinet,items,place_in
00831-yr17PDCnDDW\tasks-island_1.json,147,2,File papers into the cabinet.,Place items in the cabinet.,cabinet,items,place_in
00831-yr17PDCnDDW\tasks-island_1.json,148,6,Wipe the kitchen countertop item.,Wipe the kitchen countertop item.,kitchen countertop item,item,wipe
00831-yr17PDCnDDW\tasks-island_1.json,159,7,Wipe the kitchen countertop item.,Wipe the kitchen countertop item.,kitchen countertop item,item,wipe
00832-qyAac8rV8Zk\tasks-island_0.json,0,4,Arrange the cushion on the seating area.,Fluff the cushion on the seating area.,cushion,area,fluff
00832-qyAac8rV8Zk\tasks-island_0.json,4,5,Organize the items on the dresser.,Place dresser on surface.,dresser,surface,place_on
00832-qyAac8rV8Zk\tasks-island_1.json,0,2,Load the clothes into the washing machine.,Load items into the washing machine.,washing machine,items,load
00832-qyAac8rV8Zk\tasks-island_1.json,10,2,Gather food from the kitchen area.,Pick up the food from the kitchen area.,food,area,pick_up
00832-qyAac8rV8Zk\tasks-island_1.json,11,3,Arrange the cushion on the furniture.,Fluff the cushion on the furniture.,cushion,furniture,fluff
00832-qyAac8rV8Zk\tasks-island_1.json,12,2,Fill it using the tap.,Use the tap to fill a container.,tap,container,fill
00832-qyAac8rV8Zk\tasks-island_1.json,13,4,Organize items on the media console.,Place media console on surface.,media console,surface,place_on
00832-qyAac8rV8Zk\tasks-island_1.json,22,1,Load the laundry into the washing machine.,Load items into the washing machine.,washing machine,items,load
00832-qyAac8rV8Zk\tasks-island_1.json,23,4,Pack everything into the backpack.,Load items into the backpack.,backpack,items,load
00832-qyAac8rV8Zk\tasks-island_1.json,30,4,Reposition the sculpture on its stand.,Place sculpture on surface.,sculpture,surface,place_on
00832-qyAac8rV8Zk\tasks-island_1.json,36,3,Pack the gym gear into the backpack.,Load items into the backpack.,backpack,items,load
00832-qyAac8rV8Zk\tasks-island_1.json,36,4,Adjust the picture in the gym area.,Align the picture in the gym area.,picture,area,align
00832-qyAac8rV8Zk\tasks-island_1.json,37,4,Move the sculpture to a new spot.,Carry the sculpture to the new spot.,sculpture,spot,carry
00832-qyAac8rV8Zk\tasks-island_1.json,43,1,Get food from the laundry area storage.,Pick up the food from the laundry area storage.,food,area,pick_up
00832-qyAac8rV8Zk\tasks-island_1.json,43,2,Fill the kettle at the tap.,Use the tap to fill a container.,tap,container,fill
00832-qyAac8rV8Zk\tasks-island_1.json,45,3,Prepare the pan on the kitchen table.,Place items on the table.,table,items,place_on
00832-qyAac8rV8Zk\tasks-island_1.json,47,3,Arrange the sculpture.,Place sculpture on surface.,sculpture,surface,place_on
00832-qyAac8rV8Zk\tasks-island_1.json,51,1,Get food from the laundry area.,Pick up the food from the laundry area.,food,area,pick_up
00832-qyAac8rV8Zk\tasks-island_1.json,53,4,Set the backpack by the stairs railing.,Place stairs railing on surface.,stairs railing,surface,place_on
00832-qyAac8rV8Zk\tasks-island_1.json,58,2,Fill it at the tap.,Use the tap to fill a container.,tap,container,fill
00832-qyAac8rV8Zk\tasks-island_1.json,60,3,Prepare the kettle on the kitchen table.,Place items on the table.,table,items,place_on
00832-qyAac8rV8Zk\tasks-island_1.json,62,1,Replace the toothbrush in the bath sink.,Place items in the bath sink.,bath sink,items,place_in
00832-qyAac8rV8Zk\tasks-island_1.json,63,1,Pack the sunglasses in the backpack from the media console.,Load items into the media console.,media console,items,load
00832-qyAac8rV8Zk\tasks-island_1.json,63,3,Fill the pitcher at the tap.,Use the tap to fill a container.,tap,container,fill
00832-qyAac8rV8Zk\tasks-island_1.json,64,2,Straighten the cushion on the desk.,Straighten items on the desk.,desk,items,straighten
00832-qyAac8rV8Zk\tasks-island_1.json,66,4,Prepare it on the kitchen table.,Place items on the table.,table,items,place_on
00832-qyAac8rV8Zk\tasks-island_1.json,68,1,Set the wine bottle on the table.,Place wine bottle on surface.,wine_bottle,surface,place_on
00832-qyAac8rV8Zk\tasks-island_1.json,68,3,Fill the pitcher at the tap.,Use the tap to fill a container.,tap,container,fill
00832-qyAac8rV8Zk\tasks-island_1.json,72,3,Straighten the picture in the dining area.,Straighten the picture in the dining area.,picture,area,straighten
00832-qyAac8rV8Zk\tasks-island_1.json,75,4,Fill the kettle at the tap.,Use the tap to fill a container.,tap,container,fill
00832-qyAac8rV8Zk\tasks-island_1.json,89,2,Set the tray.,Place tray on surface.,tray,surface,place_on
00832-qyAac8rV8Zk\tasks-island_1.json,130,5,Arrange the sculpture in the living room.,Place sculpture in receptacle.,sculpture,receptacle,place_in
00832-qyAac8rV8Zk\tasks-island_1.json,144,7,Arrange the tray.,Place tray on surface.,tray,surface,place_on
00835-q3zU7Yy5E5s\tasks-island_1.json,1,2,Fill the glass at the sink.,Use the sink to fill a container.,sink,container,fill
00835-q3zU7Yy5E5s\tasks-island_1.json,7,1,Wipe down the kitchen appliance.,Wipe the kitchen appliance.,kitchen appliance,appliance,wipe
00835-q3zU7Yy5E5s\tasks-island_1.json,11,1,Set up the kitchen appliance.,Set up the kitchen appliance.,kitchen appliance,appliance,set_up
00835-q3zU7Yy5E5s\tasks-island_1.json,17,3,Arrange the glass on the cabinet.,Place glass on surface.,glass,surface,place_on
00835-q3zU7Yy5E5s\tasks-island_1.json,19,3,Arrange the l-shaped sofa.,Place l-shaped sofa on surface.,l-shaped sofa,surface,place_on
00835-q3zU7Yy5E5s\tasks-island_1.json,21,3,Organize the kitchen appliance.,Straighten kitchen appliance.,kitchen appliance,appliance,straighten
00835-q3zU7Yy5E5s\tasks-island_1.json,30,4,Arrange the sofa.,Place l-shaped sofa on surface.,l-shaped sofa,surface,place_on
00835-q3zU7Yy5E5s\tasks-island_1.json,36,1,Store the appliance.,Store the kitchen appliance.,kitchen appliance,appliance,store
00835-q3zU7Yy5E5s\tasks-island_1.json,44,2,Clean the appliance.,Wipe kitchen appliance.,kitchen appliance,appliance,wipe
00835-q3zU7Yy5E5s\tasks-island_1.json,53,2,Arrange the shelf.,Place shelf on surface.,shelf,surface,place_on
00835-q3zU7Yy5E5s\tasks-island_1.json,55,3,Set the glass.,Place glass in receptacle.,glass,receptacle,place_in
00839-zt1RVoi7PcG\tasks-island_0.json,0,3,Load the clothes into the washing machine.,Load items into the washing machine.,washing machine,items,load
00839-zt1RVoi7PcG\tasks-island_0.json,6,1,Turn on the floor lamp in the study area.,Turn on the floor lamp in the study area.,floor lamp,area,turn_on
00839-zt1RVoi7PcG\tasks-island_0.json,8,3,Place extra items in the basket.,Place extra items in the basket.,basket,items,place_in
00839-zt1RVoi7PcG\tasks-island_0.json,10,2,Pack my gear into the backpack.,Load items into the backpack.,backpack,items,load
00839-zt1RVoi7PcG\tasks-island_0.json,19,4,Fold the towel in the laundry area.,Fold the towel in the laundry area.,towel,area,fold
00839-zt1RVoi7PcG\tasks-island_0.json,20,3,Arrange the decoration on the mantle.,Place decoration on surface.,decoration,surface,place_on
00839-zt1RVoi7PcG\tasks-island_0.json,24,4,Place the handbag in the storage area.,Place the handbag in the storage area.,handbag,area,place_in
00839-zt1RVoi7PcG\tasks-island_0.json,27,3,Load them into the washing machine.,Load items into the washing machine.,washing machine,items,load
00839-zt1RVoi7PcG\tasks-island_0.json,38,2,Arrange the clothes inside.,Place clothes in receptacle.,clothes,receptacle,place_in
00839-zt1RVoi7PcG\tasks-island_0.json,39,4,Arrange the flower in the vase.,Place flower in receptacle.,flower,receptacle,place_in
00839-zt1RVoi7PcG\tasks-island_0.json,49,3,Arrange the clothes.,Place clothes on surface.,clothes,surface,place_on
00839-zt1RVoi7PcG\tasks-island_0.json,59,1,Arrange the keyboard.,Place keyboard on surface.,keyboard,surface,place_on
00839-zt1RVoi7PcG\tasks-island_0.json,59,3,Position the computer chair.,Place computer chair on surface.,computer chair,surface,place_on
00839-zt1RVoi7PcG\tasks-island_0.json,64,5,Position the tv stand.,Place tv stand on surface.,tv stand,surface,place_on
00839-zt1RVoi7PcG\tasks-island_0.json,67,1,Position the computer chair.,Place computer chair on surface.,computer chair,surface,place_on
00839-zt1RVoi7PcG\tasks-island_0.json,73,2,Put items in the basket of something.,Place items in the basket of something.,basket of something,items,place_in
00839-zt1RVoi7PcG\tasks-island_0.json,73,3,Hang clothes on the clothes hanger.,Hang items on the clothes hanger.,clothes hanger,items,hang
00839-zt1RVoi7PcG\tasks-island_0.json,79,2,Hang them on the clothes hanger.,Hang items on the clothes hanger.,clothes hanger,items,hang
00839-zt1RVoi7PcG\tasks-island_0.json,81,3,Position the computer chair.,Place computer chair on surface.,computer chair,surface,place_on
00839-zt1RVoi7PcG\tasks-island_0.json,82,2,Fill it at the sink.,Use the sink to fill a container.,sink,container,fill
00839-zt1RVoi7PcG\tasks-island_0.json,85,5,Hang things on the clothes hanger.,Hang items on the clothes hanger.,clothes hanger,items,hang
00839-zt1RVoi7PcG\tasks-island_0.json,89,4,Organize the items in the cabinet.,Place cabinet in receptacle.,cabinet,receptacle,place_in
00839-zt1RVoi7PcG\tasks-island_0.json,93,1,Wipe the mirror in the living area.,Wipe the mirror in the living area.,mirror,area,wipe
00839-zt1RVoi7PcG\tasks-island_0.json,94,1,Collect the clothes from the dressing area.,Pick up the clothes from the dressing area.,clothes,area,pick_up
00839-zt1RVoi7PcG\tasks-island_0.json,94,2,Place the items in the box.,Place the items in the box.,box,items,place_in
00839-zt1RVoi7PcG\tasks-island_0.json,97,3,Arrange the flower on the wall shelf.,Place flower on surface.,flower,surface,place_on
00839-zt1RVoi7PcG\tasks-island_0.json,98,2,Organize the items in the kitchen cabinet.,Place kitchen cabinet in receptacle.,kitchen cabinet,receptacle,place_in
00839-zt1RVoi7PcG\tasks-island_0.json,100,5,Adjust the couch in the lounge area.,Straighten the couch in the lounge area.,couch,area,straighten
00839-zt1RVoi7PcG\tasks-island_0.json,102,3,Arrange the decoration on the hallway cabinet.,Place decoration on surface.,decoration,surface,place_on
00839-zt1RVoi7PcG\tasks-island_0.json,106,4,Open the bath cabinet to store items.,Open the bath cabinet to store items.,bath cabinet,items,open
00839-zt1RVoi7PcG\tasks-island_0.json,107,3,Arrange the decoration on the hallway table.,Place decoration on surface.,decoration,surface,place_on
00839-zt1RVoi7PcG\tasks-island_0.json,108,5,Arrange the wall shelf in the second bedroom.,Place wall shelf in receptacle.,wall shelf,receptacle,place_in
00839-zt1RVoi7PcG\tasks-island_0.json,115,5,Set the footstool in the living room.,Place footstool in receptacle.,footstool,receptacle,place_in
00839-zt1RVoi7PcG\tasks-island_0.json,116,2,Arrange the flower on the wall shelf.,Place flower on surface.,flower,surface,place_on
00839-zt1RVoi7PcG\tasks-island_0.json,117,3,Check the machine in the storage area.,Inspect the machine in the storage area.,machine,area,inspect
00839-zt1RVoi7PcG\tasks-island_0.json,119,5,Arrange the bathroom accessory in the main bathroom.,Place bathroom accessory in receptacle.,bathroom accessory,receptacle,place_in
00839-zt1RVoi7PcG\tasks-island_0.json,127,2,Stock the mini fridge.,Place items in the mini fridge.,mini fridge,items,place_in
00839-zt1RVoi7PcG\tasks-island_0.json,128,2,Arrange the shoe pairs.,Place shoe on surface.,shoe,surface,place_on
00839-zt1RVoi7PcG\tasks-island_0.json,146,2,Pack the items into the suitcase.,Load items into the suitcase.,suitcase,items,load
00839-zt1RVoi7PcG\tasks-island_0.json,148,6,File away some documents in the cabinet.,Place items in the file cabinet.,file cabinet,items,place_in
00839-zt1RVoi7PcG\tasks-island_0.json,155,1,Pack your gear into the backpack.,Load items into the backpack.,backpack,items,load
00839-zt1RVoi7PcG\tasks-island_0.json,157,3,Prepare the appetizers on the food stand.,Place items on the food stand.,food stand,items,place_on
00839-zt1RVoi7PcG\tasks-island_0.json,157,6,Organize the linens in the cabinet.,Place cabinet in receptacle.,cabinet,receptacle,place_in
00839-zt1RVoi7PcG\tasks-island_0.json,158,5,Arrange the bathroom accessory set.,Place bathroom accessory on surface.,bathroom accessory,surface,place_on
00839-zt1RVoi7PcG\tasks-island_0.json,160,4,Organize the shoes inside the cabinet.,Place cabinet in receptacle.,cabinet,receptacle,place_in
00839-zt1RVoi7PcG\tasks-island_0.json,163,5,Organize software discs in the cabinet.,Place cabinet in receptacle.,cabinet,receptacle,place_in
00839-zt1RVoi7PcG\tasks-island_0.json,164,3,Fill a glass from the tap.,Use the tap to fill a container.,tap,container,fill
00839-zt1RVoi7PcG\tasks-island_0.json,167,6,Arrange the folding chair.,Place folding chair on surface.,folding chair,surface,place_on
00839-zt1RVoi7PcG\tasks-island_0.json,169,5,Arrange items on the wall shelf.,Place wall shelf on surface.,wall shelf,surface,place_on
00839-zt1RVoi7PcG\tasks-island_0.json,170,5,Organize toys in the basket.,Place basket in receptacle.,basket,receptacle,place_in
00839-zt1RVoi7PcG\tasks-island_0.json,171,3,Dust the shelf in the laundry area.,Dust the shelf in the laundry area.,shelf,area,dust
00839-zt1RVoi7PcG\tasks-island_0.json,171,4,Pack the donations into a box.,Load items into the box.,box,items,load
00839-zt1RVoi7PcG\tasks-island_0.json,172,4,Arrange the footstool in front of the seat.,Place footstool in receptacle.,footstool,receptacle,place_in
00839-zt1RVoi7PcG\tasks-island_0.json,174,7,Set the machine to heat the room.,Place machine on surface.,machine,surface,place_on
00839-zt1RVoi7PcG\tasks-island_0.json,177,6,Organize the items on the shelf.,Place shelf on surface.,shelf,surface,place_on
00839-zt1RVoi7PcG\tasks-island_0.json,183,4,Arrange the shelf.,Place shelf on surface.,shelf,surface,place_on
00839-zt1RVoi7PcG\tasks-island_0.json,186,6,Arrange the computer chair.,Place computer chair on surface.,computer chair,surface,place_on
00839-zt1RVoi7PcG\tasks-island_0.json,193,5,Arrange the folding chair.,Place folding chair on surface.,folding chair,surface,place_on
00839-zt1RVoi7PcG\tasks-island_0.json,196,2,Arrange the flower.,Place flower on surface.,flower,surface,place_on
00839-zt1RVoi7PcG\tasks-island_0.json,200,5,Arrange the shoe.,Place shoe on surface.,shoe,surface,place_on
00839-zt1RVoi7PcG\tasks-island_0.json,204,2,Wipe the mirror in the living area.,Wipe the mirror in the living area.,mirror,area,wipe
00839-zt1RVoi7PcG\tasks-island_0.json,209,2,Store loose items in the box.,Place loose items in the box.,box,items,place_in
00839-zt1RVoi7PcG\tasks-island_0.json,209,3,Hang items on the clothes hanger.,Hang items on the clothes hanger.,clothes hanger,items,hang
00839-zt1RVoi7PcG\tasks-island_0.json,210,5,Hang wet items on the hanger.,Hang items on the hanger.,hanger,items,hang
00839-zt1RVoi7PcG\tasks-island_0.json,218,5,Arrange the photo frame.,Place photo on surface.,photo,surface,place_on
00839-zt1RVoi7PcG\tasks-island_0.json,223,4,Set the laundry basket nearby.,Place basket on surface.,basket,surface,place_on
00839-zt1RVoi7PcG\tasks-island_0.json,225,3,Arrange the coffee table.,Place coffee table on surface.,coffee table,surface,place_on
00839-zt1RVoi7PcG\tasks-island_0.json,228,2,Get a cup from the living area.,Pick up the cup from the living area.,cup,area,pick_up
00843-DYehNKdT76V\tasks-island_0.json,3,4,Arrange the vase.,Place vase on surface.,vase,surface,place_on
00843-DYehNKdT76V\tasks-island_0.json,9,3,Set the cup.,Place cup on surface.,cup,surface,place_on
00843-DYehNKdT76V\tasks-island_0.json,10,4,Arrange the flower.,Place flower on surface.,flower,surface,place_on
00843-DYehNKdT76V\tasks-island_0.json,12,3,Set the cup.,Place cup on surface.,cup,surface,place_on
00843-DYehNKdT76V\tasks-island_0.json,17,3,Tidy the items on the shelf.,Place shelf on surface.,shelf,surface,place_on
00843-DYehNKdT76V\tasks-island_0.json,17,5,Store the items in the cabinet.,Store the items in the cabinet.,cabinet,items,store
00843-DYehNKdT76V\tasks-island_0.json,23,2,Fill the glass at the sink.,Use the sink to fill a container.,sink,container,fill
00843-DYehNKdT76V\tasks-island_0.json,23,5,Place the drink near the armchair.,Place items on the armchair.,armchair,items,place_on
00843-DYehNKdT76V\tasks-island_0.json,24,5,Arrange the vase on the counter.,Place vase on surface.,vase,surface,place_on
00843-DYehNKdT76V\tasks-island_0.json,27,3,Organize the toiletries in the cabinet.,Place cabinet in receptacle.,cabinet,receptacle,place_in
00843-DYehNKdT76V\tasks-island_0.json,31,3,Organize items on the shelf.,Place shelf on surface.,shelf,surface,place_on
00843-DYehNKdT76V\tasks-island_0.json,33,4,Pop popcorn in the microwave.,Place items in the microwave.,microwave,items,place_in
00843-DYehNKdT76V\tasks-island_0.json,35,2,Set the cup on the table.,Place cup on surface.,cup,surface,place_on
00843-DYehNKdT76V\tasks-island_0.json,40,3,Arrange the flower for the table.,Place flower on surface.,flower,surface,place_on
00843-DYehNKdT76V\tasks-island_0.json,40,6,Set the glass on the table.,Place glass on surface.,glass,surface,place_on
00843-DYehNKdT76V\tasks-island_0.json,41,6,Replace the bulb in the lamp.,Place items in the lamp.,lamp,items,place_in
00843-DYehNKdT76V\tasks-island_0.json,44,3,Fill the vase with water in the sink.,Use the sink to fill a container.,sink,container,fill
00843-DYehNKdT76V\tasks-island_0.json,45,3,Load the sink with dirty dishes.,Place items in the sink.,sink,items,place_in
00843-DYehNKdT76V\tasks-island_0.json,49,1,Pack the gym clothes in the backpack.,Load items into the backpack.,backpack,items,load
00843-DYehNKdT76V\tasks-island_0.json,51,2,Fill the kettle at the sink.,Use the sink to fill a container.,sink,container,fill
00843-DYehNKdT76V\tasks-island_0.json,51,4,Arrange flowers in the vase.,Place vase in receptacle.,vase,receptacle,place_in
00843-DYehNKdT76V\tasks-island_0.json,52,5,Load towels into the washing machine.,Load items into the washing machine.,washing machine,items,load
00843-DYehNKdT76V\tasks-island_0.json,52,7,Organize the objects on the shelf.,Place shelf on surface.,shelf,surface,place_on
00843-DYehNKdT76V\tasks-island_0.json,59,2,Arrange the flower.,Place flower on surface.,flower,surface,place_on
00843-DYehNKdT76V\tasks-island_0.json,59,7,Position the lamp in the corner.,Place lamp in receptacle.,lamp,receptacle,place_in
00843-DYehNKdT76V\tasks-island_0.json,61,5,Reposition the kettle.,Place kettle on surface.,kettle,surface,place_on
00844-q5QZSEeHe5g\tasks-island_0.json,17,3,Arrange the dumbbell.,Place dumbbell on surface.,dumbbell,surface,place_on
00844-q5QZSEeHe5g\tasks-island_0.json,20,2,Set the lace doily on the chest.,Place lace doily on surface.,lace doily,surface,place_on
00844-q5QZSEeHe5g\tasks-island_0.json,27,1,Pack the clothes into the luggage.,Load items into the luggage.,luggage,items,load
00844-q5QZSEeHe5g\tasks-island_0.json,29,4,Organize the papers in the cabinet.,Place cabinet in receptacle.,cabinet,receptacle,place_in
00844-q5QZSEeHe5g\tasks-island_0.json,33,3,Load the wet clothes into the clothes dryer.,Load items into the clothes dryer.,clothes dryer,items,load
00844-q5QZSEeHe5g\tasks-island_0.json,35,2,Position the weight bench.,Place weight bench on surface.,weight bench,surface,place_on
00844-q5QZSEeHe5g\tasks-island_0.json,43,1,Set aside my handbag.,Place handbag on surface.,handbag,surface,place_on
00844-q5QZSEeHe5g\tasks-island_0.json,45,2,Position the monitor for a good view.,Place monitor on surface.,monitor,surface,place_on
00844-q5QZSEeHe5g\tasks-island_0.json,47,3,Lay a lace doily on top of the cabinet.,Place items in the cabinet.,cabinet,items,place_in
00844-q5QZSEeHe5g\tasks-island_0.json,54,4,Put the items near the clothes dryer.,Place items on the clothes dryer.,clothes dryer,items,place_on
00844-q5QZSEeHe5g\tasks-island_0.json,55,5,Place used items in the dishwasher.,Place used items in the dishwasher.,dishwasher,items,place_in
00844-q5QZSEeHe5g\tasks-island_0.json,60,2,Arrange the books on the shelving.,Place shelving on surface.,shelving,surface,place_on
00844-q5QZSEeHe5g\tasks-island_0.json,60,5,Organize the items in the drawer.,Place drawer in receptacle.,drawer,receptacle,place_in
00844-q5QZSEeHe5g\tasks-island_0.json,63,4,Arrange the photo frames on the mantel.,Place photo on surface.,photo,surface,place_on
00844-q5QZSEeHe5g\tasks-island_0.json,67,4,Move the table in the living area.,Carry the table in the living area.,table,area,carry
00844-q5QZSEeHe5g\tasks-island_0.json,70,4,Set the plate on the study table.,Place plate on surface.,plate,surface,place_on
00844-q5QZSEeHe5g\tasks-island_0.json,71,3,Arrange the flowers on the table.,Place flower on surface.,flower,surface,place_on
00844-q5QZSEeHe5g\tasks-island_0.json,71,5,Vacuum the rug in the kitchen area.,Vacuum the rug in the kitchen area.,rug,area,vacuum
00844-q5QZSEeHe5g\tasks-island_0.json,76,3,Look under the table in the common area.,Inspect the table in the common area.,table,area,inspect
00844-q5QZSEeHe5g\tasks-island_0.json,79,1,Move the heater to a better spot.,Carry the heater to the better spot.,heater,spot,carry
00844-q5QZSEeHe5g\tasks-island_0.json,92,4,Arrange the crate.,Place crate on surface.,crate,surface,place_on
00844-q5QZSEeHe5g\tasks-island_0.json,96,4,Arrange the towel.,Place towel on surface.,towel,surface,place_on
00844-q5QZSEeHe5g\tasks-island_0.json,97,3,Arrange the shelf.,Place shelf on surface.,shelf,surface,place_on
00844-q5QZSEeHe5g\tasks-island_0.json,98,3,Set the plate down.,Place plate on surface.,plate,surface,place_on
00844-q5QZSEeHe5g\tasks-island_0.json,99,2,Arrange the dumbbells.,Place dumbbell on surface.,dumbbell,surface,place_on
00844-q5QZSEeHe5g\tasks-island_0.json,101,2,Arrange the dried flowers.,Place dried flowers on surface.,dried flowers,surface,place_on
00844-q5QZSEeHe5g\tasks-island_0.json,102,4,Set the cup on the table.,Place cup on surface.,cup,surface,place_on
00844-q5QZSEeHe5g\tasks-island_0.json,111,3,Arrange the towel.,Place towel on surface.,towel,surface,place_on
00844-q5QZSEeHe5g\tasks-island_0.json,112,1,Arrange the plant.,Place plant on surface.,plant,surface,place_on
00844-q5QZSEeHe5g\tasks-island_0.json,117,3,Arrange the flower.,Place flower in receptacle.,flower,receptacle,place_in
00844-q5QZSEeHe5g\tasks-island_0.json,155,5,Organize the items on the shelf.,Place shelf on surface.,shelf,surface,place_on
00844-q5QZSEeHe5g\tasks-island_0.json,158,2,Arrange the books on the shelf.,Place shelf on surface.,shelf,surface,place_on
00844-q5QZSEeHe5g\tasks-island_0.json,159,4,Position the weight bench.,Place weight bench on surface.,weight bench,surface,place_on
00844-q5QZSEeHe5g\tasks-island_0.json,160,1,Set the plate on the table.,Place plate on surface.,plate,surface,place_on
00844-q5QZSEeHe5g\tasks-island_0.json,162,2,Arrange the flower vase.,Place flower on surface.,flower,surface,place_on
00844-q5QZSEeHe5g\tasks-island_0.json,163,4,Arrange the display shelf.,Place shelf on surface.,shelf,surface,place_on
00844-q5QZSEeHe5g\tasks-island_0.json,164,6,Arrange the clothes in the wardrobe.,Place wardrobe in receptacle.,wardrobe,receptacle,place_in
00844-q5QZSEeHe5g\tasks-island_0.json,165,6,Arrange the rocking chair.,Place rocking chair on surface.,rocking chair,surface,place_on
00844-q5QZSEeHe5g\tasks-island_0.json,169,5,Arrange the wall shelving.,Place shelving on surface.,shelving,surface,place_on
00844-q5QZSEeHe5g\tasks-island_0.json,172,3,Organize the items on the shelf.,Place shelf on surface.,shelf,surface,place_on
00844-q5QZSEeHe5g\tasks-island_0.json,176,2,Arrange the textbooks.,Place book on surface.,book,surface,place_on
00844-q5QZSEeHe5g\tasks-island_0.json,179,3,Set the plate for dinner.,Place plate on surface.,plate,surface,place_on
00844-q5QZSEeHe5g\tasks-island_0.json,180,4,Arrange the folded clothes.,Place clothes on surface.,clothes,surface,place_on
00844-q5QZSEeHe5g\tasks-island_0.json,183,5,Arrange the hallway shelving.,Place shelving on surface.,shelving,surface,place_on
00844-q5QZSEeHe5g\tasks-island_0.json,186,6,Arrange the bathroom plant.,Place plant on surface.,plant,surface,place_on
00844-q5QZSEeHe5g\tasks-island_0.json,187,4,Arrange the bathroom plant.,Place plant on surface.,plant,surface,place_on
00844-q5QZSEeHe5g\tasks-island_0.json,187,5,Refill the bathroom cabinet.,Load items in the cabinet.,cabinet,items,load
00844-q5QZSEeHe5g\tasks-island_0.json,189,5,Arrange the lace doily.,Place lace doily on surface.,lace doily,surface,place_on
00844-q5QZSEeHe5g\tasks-island_0.json,192,3,Arrange the dressing table.,Place dressing table on surface.,dressing table,surface,place_on
00844-q5QZSEeHe5g\tasks-island_0.json,198,6,Arrange the flower.,Place flower on surface.,flower,surface,place_on
00844-q5QZSEeHe5g\tasks-island_0.json,228,2,Position the weight bench.,Place weight bench on surface.,weight bench,surface,place_on
00844-q5QZSEeHe5g\tasks-island_0.json,229,7,Arrange the plant.,Place plant on surface.,plant,surface,place_on
00844-q5QZSEeHe5g\tasks-island_0.json,232,4,Arrange the frame.,Place frame on surface.,frame,surface,place_on
00844-q5QZSEeHe5g\tasks-island_0.json,233,5,Stock the refrigerator.,Place items in the refrigerator.,refrigerator,items,place_in
00844-q5QZSEeHe5g\tasks-island_0.json,235,1,Arrange the plant.,Place plant on surface.,plant,surface,place_on
00844-q5QZSEeHe5g\tasks-island_0.json,245,3,Arrange the crate.,Place crate on surface.,crate,surface,place_on
00844-q5QZSEeHe5g\tasks-island_0.json,246,3,Set the pillow.,Place pillow on surface.,pillow,surface,place_on
00844-q5QZSEeHe5g\tasks-island_5.json,0,3,Adjust the heater in the living area.,Adjust the heater in the living area.,heater,area,set_control
00844-q5QZSEeHe5g\tasks-island_5.json,2,1,Move the container out of the workout space.,Carry the container.,container,container,carry
00844-q5QZSEeHe5g\tasks-island_5.json,3,3,Place the items into the basket.,Place the items in the basket.,basket,items,place_in
00844-q5QZSEeHe5g\tasks-island_5.json,4,3,Move the painting tray to the storage area.,Carry the painting tray to the storage area.,painting tray,area,carry
00844-q5QZSEeHe5g\tasks-island_5.json,6,4,Turn on the fan to keep the area cool.,Turn on the fan to keep the area cool.,fan,area,turn_on
00844-q5QZSEeHe5g\tasks-island_5.json,8,1,Clear the container off the workspace.,Dump container.,container,container,dump
00844-q5QZSEeHe5g\tasks-island_5.json,11,2,Organize the supplies in the cabinet.,Place cabinet in receptacle.,cabinet,receptacle,place_in
00844-q5QZSEeHe5g\tasks-island_5.json,11,3,Arrange the items on the shelving unit.,Place shelving in receptacle.,shelving,receptacle,place_in
00844-q5QZSEeHe5g\tasks-island_5.json,11,4,Move the stool to a more accessible spot.,Reposition the stool to the more accessible spot.,stool,spot,reposition
00844-q5QZSEeHe5g\tasks-island_5.json,13,1,Move the container out of the walking path.,Carry the container.,container,container,carry
00844-q5QZSEeHe5g\tasks-island_5.json,14,2,Tidy up the storage container.,Straighten container.,container,container,straighten
00844-q5QZSEeHe5g\tasks-island_5.json,19,2,Arrange the container.,Place container on surface.,container,"container, surface",place_on
00844-q5QZSEeHe5g\tasks-island_5.json,21,1,Move the storage container.,Carry the container.,container,container,carry
00844-q5QZSEeHe5g\tasks-island_5.json,25,1,Tidy the container.,Straighten container.,container,container,straighten
00844-q5QZSEeHe5g\tasks-island_5.json,31,4,Move the container.,Carry the container.,container,container,carry
00844-q5QZSEeHe5g\tasks-island_5.json,35,1,Open the container.,Open the container.,container,container,open
00844-q5QZSEeHe5g\tasks-island_5.json,38,2,Move the container.,Carry the container.,container,container,carry
00844-q5QZSEeHe5g\tasks-island_5.json,40,6,Place the items into the basket.,Place the items in the basket.,basket,items,place_in
00844-q5QZSEeHe5g\tasks-island_5.json,41,2,Move the container to a better spot.,Carry the container to the better spot.,container,"container, spot",carry
00844-q5QZSEeHe5g\tasks-island_5.json,43,6,Move the rug away from the work area.,Carry the rug from the work area.,rug,area,carry
00844-q5QZSEeHe5g\tasks-island_5.json,46,2,Clear the container from the floor.,Dump container.,container,container,dump
00844-q5QZSEeHe5g\tasks-island_5.json,46,3,Rearrange the boxes in the storage room.,Place boxes in receptacle.,boxes,receptacle,place_in
00844-q5QZSEeHe5g\tasks-island_5.json,46,4,Set aside the board to clear the path.,Place board on surface.,board,surface,place_on
00844-q5QZSEeHe5g\tasks-island_5.json,47,2,Move the bucket away from the furnace area.,Carry the bucket from the furnace area.,bucket,area,carry
00844-q5QZSEeHe5g\tasks-island_5.json,48,3,Move the container out of the hallway.,Carry the container.,container,container,carry
00847-bCPU9suPUw9\tasks-island_1.json,21,2,Arrange the shelf.,Place shelf on surface.,shelf,surface,place_on
00847-bCPU9suPUw9\tasks-island_1.json,28,3,Organize books on the shelf.,Place shelf on surface.,shelf,surface,place_on
00847-bCPU9suPUw9\tasks-island_1.json,32,4,Reposition the flowerpot.,Place flowerpot on surface.,flowerpot,surface,place_on
00847-bCPU9suPUw9\tasks-island_1.json,34,4,Set the pillow on the chair.,Place pillow on surface.,pillow,surface,place_on
00847-bCPU9suPUw9\tasks-island_1.json,48,4,Pack some snacks from the refrigerator.,Load items into the refrigerator.,refrigerator,items,load
00847-bCPU9suPUw9\tasks-island_1.json,53,4,Set the plate.,Place plate on surface.,plate,surface,place_on
00847-bCPU9suPUw9\tasks-island_1.json,65,6,Pack items into the box.,Load items into the box.,box,items,load
00847-bCPU9suPUw9\tasks-island_1.json,68,2,Fill a pitcher at the sink.,Use the sink to fill a container.,sink,container,fill
00847-bCPU9suPUw9\tasks-island_1.json,76,4,Set the pan on the stove.,Place pan on surface.,pan,surface,place_on
00847-bCPU9suPUw9\tasks-island_1.json,87,4,Set the pan on the stove.,Place pan on surface.,pan,surface,place_on
00847-bCPU9suPUw9\tasks-island_2.json,2,4,Stock the refrigerator.,Place items in the refrigerator.,refrigerator,items,place_in
00847-bCPU9suPUw9\tasks-island_2.json,6,2,Set the bed table.,Place bed table in receptacle.,bed table,receptacle,place_in
00847-bCPU9suPUw9\tasks-island_2.json,18,6,Organize the items on the bed table.,Straighten items on the bed table.,bed table,items,straighten
00848-ziup5kvtCCR\tasks-island_0.json,2,2,Set the bowl of fruit on the table.,Place bowl of fruit on surface.,bowl of fruit,surface,place_on
00848-ziup5kvtCCR\tasks-island_0.json,15,3,Set the wine_bottle on the counter.,Place wine bottle on surface.,wine_bottle,surface,place_on
00848-ziup5kvtCCR\tasks-island_0.json,21,3,Set the toothbrush.,Place toothbrush on surface.,toothbrush,surface,place_on
00848-ziup5kvtCCR\tasks-island_0.json,30,5,Arrange the towel on the rack.,Place towel on surface.,towel,surface,place_on
00848-ziup5kvtCCR\tasks-island_0.json,31,1,Turn on the chandelier in the dining area.,Turn on the chandelier in the dining area.,chandelier,area,turn_on
00848-ziup5kvtCCR\tasks-island_0.json,31,2,Set the wine bottle on the counter.,Place wine bottle on surface.,wine_bottle,surface,place_on
00848-ziup5kvtCCR\tasks-island_0.json,33,5,Use the microwave to warm a heat pack.,Load items into the microwave.,microwave,items,load
00848-ziup5kvtCCR\tasks-island_0.json,36,4,Move the plant to a new spot.,Carry the plant to the new spot.,plant,spot,carry
00848-ziup5kvtCCR\tasks-island_0.json,44,1,Set out the wine bottle on the table.,Place wine bottle on surface.,wine_bottle,surface,place_on
00848-ziup5kvtCCR\tasks-island_0.json,57,2,Wipe the mirror in the living area.,Wipe the mirror in the living area.,mirror,area,wipe
00848-ziup5kvtCCR\tasks-island_0.json,65,6,Switch on the light in the guest area.,Turn on the light in the guest area.,light,area,turn_on
00848-ziup5kvtCCR\tasks-island_0.json,72,1,Tidy the items in the cabinet.,Place cabinet in receptacle.,cabinet,receptacle,place_in
00848-ziup5kvtCCR\tasks-island_0.json,72,5,Arrange the cabinet in the lounge.,Place cabinet in receptacle.,cabinet,receptacle,place_in
00848-ziup5kvtCCR\tasks-island_0.json,86,5,Arrange the bowl of fruit.,Place bowl of fruit on surface.,bowl of fruit,surface,place_on
00848-ziup5kvtCCR\tasks-island_0.json,95,2,Set the wine bottle on the coffee table.,Place wine bottle on surface.,wine_bottle,surface,place_on
00848-ziup5kvtCCR\tasks-island_0.json,109,3,Set the bowl of fruit on the coffee table.,Place bowl of fruit on surface.,bowl of fruit,surface,place_on
00848-ziup5kvtCCR\tasks-island_0.json,123,2,Set the coffee maker.,Place coffee maker on surface.,coffee maker,surface,place_on
00849-a8BtkwhxdRV\tasks-island_0.json,0,2,Store loose items inside the chest.,Place loose items in the chest.,chest,items,place_in
00849-a8BtkwhxdRV\tasks-island_0.json,16,3,Organize the container.,Straighten container.,container,container,straighten
00849-a8BtkwhxdRV\tasks-island_0.json,21,6,Place the container on the shelf.,Place the container on the shelf.,container,container,place_on
00849-a8BtkwhxdRV\tasks-island_0.json,27,3,Place pens in the container.,Place pens in the container.,container,container,place_in
00849-a8BtkwhxdRV\tasks-island_0.json,30,3,Place items in the container.,Place items in the container.,container,"items, container",place_in
00849-a8BtkwhxdRV\tasks-island_0.json,31,2,Organize clothes in the wardrobe.,Place wardrobe in receptacle.,wardrobe,receptacle,place_in
00849-a8BtkwhxdRV\tasks-island_0.json,32,7,Arrange the coffee table.,Place coffee table on surface.,coffee table,surface,place_on
00849-a8BtkwhxdRV\tasks-island_0.json,36,3,Organize the container.,Straighten container.,container,container,straighten
00849-a8BtkwhxdRV\tasks-island_1.json,4,4,Arrange the folding chair.,Place folding chair on surface.,folding chair,surface,place_on
00849-a8BtkwhxdRV\tasks-island_1.json,33,5,Arrange the folding chair.,Place folding chair on surface.,folding chair,surface,place_on
00849-a8BtkwhxdRV\tasks-island_1.json,44,5,Arrange the paper.,Place paper on surface.,paper,surface,place_on
00849-a8BtkwhxdRV\tasks-island_1.json,45,3,Arrange the towel.,Place towel on surface.,towel,surface,place_on
00853-5cdEh9F2hJL\tasks-island_0.json,7,1,Arrange books on the shelf.,Place shelf on surface.,shelf,surface,place_on
00853-5cdEh9F2hJL\tasks-island_0.json,15,1,Arrange the firewood holder.,Place firewood holder on surface.,firewood holder,surface,place_on
00853-5cdEh9F2hJL\tasks-island_0.json,20,2,Organize items into the storage box.,Place storage box in receptacle.,storage box,receptacle,place_in
00853-5cdEh9F2hJL\tasks-island_0.json,20,4,Load the dirty dishes into the dishwasher.,Load items into the dishwasher.,dishwasher,items,load
00853-5cdEh9F2hJL\tasks-island_0.json,28,2,Arrange the clothes hanger in the closet.,Place clothes hanger in receptacle.,clothes hanger,receptacle,place_in
00853-5cdEh9F2hJL\tasks-island_0.json,30,4,Arrange books on the shelf.,Place shelf on surface.,shelf,surface,place_on
00853-5cdEh9F2hJL\tasks-island_0.json,37,2,Turn on the floor lamp in the living area.,Turn on the floor lamp in the living area.,floor lamp,area,turn_on
00853-5cdEh9F2hJL\tasks-island_0.json,40,2,Put away the clothes container in the closet.,Store the clothes container.,clothes container,container,store
00853-5cdEh9F2hJL\tasks-island_0.json,42,3,Pick up the knife from the bar area.,Pick up the knife from the bar area.,knife,area,pick_up
00853-5cdEh9F2hJL\tasks-island_0.json,50,5,Dust the display cabinet in the living area.,Dust the display cabinet in the living area.,display cabinet,area,dust
00853-5cdEh9F2hJL\tasks-island_0.json,57,3,Retrieve the knife from the bar area.,Pick up the knife from the bar area.,knife,area,pick_up
00853-5cdEh9F2hJL\tasks-island_0.json,58,4,Close the sliding door in the dressing area.,Close the sliding door in the dressing area.,sliding door,area,close
00853-5cdEh9F2hJL\tasks-island_0.json,59,4,Turn on the wall tv in the office area.,Turn on the wall tv in the office area.,wall tv,area,turn_on
00853-5cdEh9F2hJL\tasks-island_0.json,62,3,Pack essentials into the handbag.,Load items into the handbag.,handbag,items,load
00853-5cdEh9F2hJL\tasks-island_0.json,63,2,Make the bed by arranging the pillow.,Fluff items on the pillow.,pillow,items,fluff
00853-5cdEh9F2hJL\tasks-island_0.json,64,1,Gather dirty laundry from the clothes container.,Open the clothes container.,clothes container,container,open
00853-5cdEh9F2hJL\tasks-island_0.json,64,4,Hang dry items in the wardrobe.,Hang items in the wardrobe.,wardrobe,items,hang
00853-5cdEh9F2hJL\tasks-island_0.json,66,4,Set the tray on the end table.,Place tray on surface.,tray,surface,place_on
00853-5cdEh9F2hJL\tasks-island_0.json,67,3,Arrange books on the shelf.,Place book on surface.,book,surface,place_on
00853-5cdEh9F2hJL\tasks-island_0.json,72,4,Set the decorative bowl.,Place decorative bowl on surface.,decorative bowl,surface,place_on
00853-5cdEh9F2hJL\tasks-island_0.json,83,1,Move clothes from the clothes container.,Reposition the clothes container.,clothes container,container,reposition
00853-5cdEh9F2hJL\tasks-island_0.json,83,4,Hang clothes on the hanger.,Hang items on the hanger.,hanger,items,hang
00853-5cdEh9F2hJL\tasks-island_0.json,84,2,Arrange the hanging clothes.,Place hanging clothes on surface.,hanging clothes,surface,place_on
00853-5cdEh9F2hJL\tasks-island_0.json,94,2,Fill the clothes container.,Fill the clothes container.,clothes container,container,fill
00853-5cdEh9F2hJL\tasks-island_0.json,95,5,Position the end table.,Place end table on surface.,end table,surface,place_on
00853-5cdEh9F2hJL\tasks-island_0.json,103,6,Set the tray.,Place tray on surface.,tray,surface,place_on
00853-5cdEh9F2hJL\tasks-island_0.json,107,1,Set the towel on the bar.,Place towel on surface.,towel,surface,place_on
00853-5cdEh9F2hJL\tasks-island_0.json,118,1,Collect items from the clothes container.,Pick up the clothes container.,clothes container,container,pick_up
00853-5cdEh9F2hJL\tasks-island_0.json,118,5,Hang towels on the towel bar.,Hang items on the towel bar.,towel bar,items,hang
00853-5cdEh9F2hJL\tasks-island_0.json,124,2,Arrange the flowerpot.,Place flowerpot on surface.,flowerpot,surface,place_on
00853-5cdEh9F2hJL\tasks-island_0.json,124,3,Position the floor lamp.,Place floor lamp on surface.,floor lamp,surface,place_on
00853-5cdEh9F2hJL\tasks-island_0.json,132,2,Stack the clothes container.,Stack the clothes container.,clothes container,container,stack
00853-5cdEh9F2hJL\tasks-island_0.json,132,3,Arrange the hanging clothes.,Place hanging clothes on surface.,hanging clothes,surface,place_on
00853-5cdEh9F2hJL\tasks-island_0.json,140,2,Organize toiletries in the bathroom cabinet.,Place bathroom cabinet in receptacle.,bathroom cabinet,receptacle,place_in
00853-5cdEh9F2hJL\tasks-island_0.json,141,1,Arrange flowers in the flower vase.,Place flower vase in receptacle.,flower vase,receptacle,place_in
00853-5cdEh9F2hJL\tasks-island_0.json,141,6,Organize plates in the kitchen cabinet.,Place kitchen cabinet in receptacle.,kitchen cabinet,receptacle,place_in
00853-5cdEh9F2hJL\tasks-island_0.json,144,1,Organize soaps in the shower wall cubby.,Place shower wall cubby in receptacle.,shower wall cubby,receptacle,place_in
00853-5cdEh9F2hJL\tasks-island_0.json,147,1,Empty the clothes container.,Dump clothes container.,clothes container,container,dump
00853-5cdEh9F2hJL\tasks-island_0.json,147,5,Fold clothes into the chest drawer.,Place chest drawer in receptacle.,chest drawer,receptacle,place_in
00853-5cdEh9F2hJL\tasks-island_0.json,149,7,Stack items on the shelf.,Place items on the shelf.,shelf,items,place_on
00853-5cdEh9F2hJL\tasks-island_0.json,159,3,Fill a pitcher at the sink.,Use the sink to fill a container.,sink,container,fill
00853-5cdEh9F2hJL\tasks-island_0.json,168,3,Arrange hanging clothes.,Place hanging clothes on surface.,hanging clothes,surface,place_on
00853-5cdEh9F2hJL\tasks-island_0.json,169,2,Empty the clothes container.,Dump clothes container.,clothes container,container,dump
00853-5cdEh9F2hJL\tasks-island_0.json,171,1,Arrange the flower vase.,Place flower vase on surface.,flower vase,surface,place_on
00853-5cdEh9F2hJL\tasks-island_0.json,176,1,Arrange the flower vase.,Place flower vase on surface.,flower vase,surface,place_on
00853-5cdEh9F2hJL\tasks-island_0.json,177,3,Arrange the display cabinet.,Place display cabinet on surface.,display cabinet,surface,place_on
00853-5cdEh9F2hJL\tasks-island_0.json,182,6,Arrange the book.,Place book on surface.,book,surface,place_on
00853-5cdEh9F2hJL\tasks-island_0.json,184,1,Arrange the flower vase.,Place flower vase on surface.,flower vase,surface,place_on
00853-5cdEh9F2hJL\tasks-island_0.json,185,2,Empty the clothes container.,Dump clothes container.,clothes container,container,dump
00853-5cdEh9F2hJL\tasks-island_0.json,190,5,Arrange the book.,Place book on surface.,book,surface,place_on
00853-5cdEh9F2hJL\tasks-island_0.json,192,1,Empty the clothes container.,Dump clothes container.,clothes container,container,dump
00861-GLAQ4DNUx5U\tasks-island_0.json,19,1,Set the flowerpot on the stand.,Place flowerpot on surface.,flowerpot,surface,place_on
00861-GLAQ4DNUx5U\tasks-island_0.json,19,4,Arrange the plush toy on the bed.,Place plush toy on surface.,plush toy,surface,place_on
00861-GLAQ4DNUx5U\tasks-island_0.json,36,3,Fill a bowl with water from the sink.,Use the sink to fill a container.,sink,container,fill
00861-GLAQ4DNUx5U\tasks-island_0.json,38,3,Place items in the basket.,Place items in the basket.,basket,items,place_in
00861-GLAQ4DNUx5U\tasks-island_0.json,46,4,Close the wardrobe doors in the dressing area.,Close the wardrobe in the dressing area.,wardrobe,area,close
00861-GLAQ4DNUx5U\tasks-island_0.json,50,1,Organize the books on the shelf.,Place shelf on surface.,shelf,surface,place_on
00861-GLAQ4DNUx5U\tasks-island_0.json,70,1,Arrange the decorative plant.,Place decorative plant on surface.,decorative plant,surface,place_on
00861-GLAQ4DNUx5U\tasks-island_0.json,71,5,Sort the books on the book rack.,Place book rack on surface.,book rack,surface,place_on
00861-GLAQ4DNUx5U\tasks-island_0.json,73,5,Sort the items on the shelf.,Place shelf on surface.,shelf,surface,place_on
00861-GLAQ4DNUx5U\tasks-island_0.json,77,5,Organize the container.,Straighten container.,container,container,straighten
00861-GLAQ4DNUx5U\tasks-island_0.json,79,2,Arrange the hanger.,Place hanger on surface.,hanger,surface,place_on
00861-GLAQ4DNUx5U\tasks-island_0.json,82,6,Arrange the clothes rack.,Place clothes rack on surface.,clothes rack,surface,place_on
00861-GLAQ4DNUx5U\tasks-island_0.json,83,5,Arrange the book.,Place book on surface.,book,surface,place_on
00861-GLAQ4DNUx5U\tasks-island_0.json,89,4,Set the bed stand items.,Place bed stand on surface.,bed stand,surface,place_on
00861-GLAQ4DNUx5U\tasks-island_0.json,91,3,Move the cardboard box to the storage area.,Carry the cardboard box to the storage area.,cardboard box,area,carry
00861-GLAQ4DNUx5U\tasks-island_0.json,94,3,Set the shampoo in the shower area.,Place shampoo in receptacle.,shampoo,receptacle,place_in
00861-GLAQ4DNUx5U\tasks-island_0.json,95,5,Place the items on the kitchen island.,Place the items on the kitchen island.,kitchen island,items,place_on
00861-GLAQ4DNUx5U\tasks-island_0.json,101,6,Arrange the towel.,Place towel on surface.,towel,surface,place_on
00861-GLAQ4DNUx5U\tasks-island_0.json,102,3,Fill the container with water.,Fill the container with the water.,container,container,fill
00861-GLAQ4DNUx5U\tasks-island_0.json,103,6,Organize the items on the bed stand.,Straighten items on the bed stand.,bed stand,items,straighten
00861-GLAQ4DNUx5U\tasks-island_0.json,105,5,Hang the clean items on a hanger.,Hang items on the hanger.,hanger,items,hang
00861-GLAQ4DNUx5U\tasks-island_0.json,105,6,Organize the shirts in the wardrobe.,Place wardrobe in receptacle.,wardrobe,receptacle,place_in
00861-GLAQ4DNUx5U\tasks-island_0.json,107,3,Organize the books on the book rack.,Place book rack on surface.,book rack,surface,place_on
00861-GLAQ4DNUx5U\tasks-island_0.json,109,2,Get a container for the flour.,Pick up the container.,container,container,pick_up
00861-GLAQ4DNUx5U\tasks-island_0.json,110,2,Organize the items on the bed stand.,Straighten items on the bed stand.,bed stand,items,straighten
00861-GLAQ4DNUx5U\tasks-island_0.json,111,3,Arrange the clothes in the dresser.,Place dresser in receptacle.,dresser,receptacle,place_in
00861-GLAQ4DNUx5U\tasks-island_0.json,115,1,Hang the shirts on a hanger.,Hang items on the hanger.,hanger,items,hang
00861-GLAQ4DNUx5U\tasks-island_0.json,115,2,Clear the floor in the closet area.,Wipe closet area for hanging clothes.,closet area for hanging clothes,area,wipe
00861-GLAQ4DNUx5U\tasks-island_0.json,115,3,Organize the items in the wardrobe.,Place wardrobe in receptacle.,wardrobe,receptacle,place_in
00861-GLAQ4DNUx5U\tasks-island_0.json,117,7,Put away the plastic container.,Store the container.,container,container,store
00861-GLAQ4DNUx5U\tasks-island_0.json,121,3,Get a container for the supplies.,Pick up the container.,container,container,pick_up
00861-GLAQ4DNUx5U\tasks-island_0.json,123,6,Stock the refrigerator cabinet.,Place items in the refrigerator cabinet.,refrigerator cabinet,items,place_in
00861-GLAQ4DNUx5U\tasks-island_0.json,131,1,Straighten up the chair in the living area.,Straighten the chair in the living area.,chair,area,straighten
00861-GLAQ4DNUx5U\tasks-island_0.json,131,6,Organize items inside the kitchen cabinet.,Place kitchen cabinet in receptacle.,kitchen cabinet,receptacle,place_in
00861-GLAQ4DNUx5U\tasks-island_0.json,133,4,Place the shampoo in the shower area.,Place the shampoo in the shower area.,shampoo,area,place_in
00861-GLAQ4DNUx5U\tasks-island_0.json,135,4,Arrange the books on the book rack.,Place book rack on surface.,book rack,surface,place_on
00861-GLAQ4DNUx5U\tasks-island_0.json,136,3,Place the container on the counter.,Place the container on the counter.,container,container,place_on
00861-GLAQ4DNUx5U\tasks-island_0.json,140,5,Tidy the items on the shelf.,Place shelf on surface.,shelf,surface,place_on
00861-GLAQ4DNUx5U\tasks-island_0.json,142,3,Hang items on the hanger.,Hang items on the hanger.,hanger,items,hang
00861-GLAQ4DNUx5U\tasks-island_0.json,142,5,Tidy the closet area for hanging clothes.,Straighten closet area for hanging clothes.,closet area for hanging clothes,area,straighten
00861-GLAQ4DNUx5U\tasks-island_0.json,151,4,Tidy the closet area for hanging clothes.,Straighten closet area for hanging clothes.,closet area for hanging clothes,area,straighten
00861-GLAQ4DNUx5U\tasks-island_0.json,151,5,Put dirty items in the laundry basket.,Place dirty items in the laundry basket.,laundry basket,items,place_in
00861-GLAQ4DNUx5U\tasks-island_0.json,153,3,Put away clothes in the wardrobe.,Store items in the wardrobe.,wardrobe,items,store
00861-GLAQ4DNUx5U\tasks-island_0.json,158,5,Put the container away.,Store the container.,container,container,store
00862-LT9Jq6dN3Ea\tasks-island_0.json,0,2,Fill the bottle at the sink.,Use the sink to fill a container.,sink,container,fill
00862-LT9Jq6dN3Ea\tasks-island_0.json,10,2,Put things in the basket.,Place things in the basket.,basket,things,place_in
00862-LT9Jq6dN3Ea\tasks-island_0.json,10,3,Arrange the boxes.,Place box on surface.,box,surface,place_on
00862-LT9Jq6dN3Ea\tasks-island_0.json,18,1,Clear the kitchen countertop items.,Wipe kitchen countertop items.,kitchen countertop items,items,wipe
00862-LT9Jq6dN3Ea\tasks-island_0.json,26,4,Set the bowl.,Place bowl on surface.,bowl,surface,place_on
00862-LT9Jq6dN3Ea\tasks-island_0.json,30,3,Wipe the kitchen countertop items.,Wipe the kitchen countertop items.,kitchen countertop items,items,wipe
00862-LT9Jq6dN3Ea\tasks-island_0.json,34,3,Set the plate.,Place plate on surface.,plate,surface,place_on
00862-LT9Jq6dN3Ea\tasks-island_0.json,38,4,Place on the kitchen countertop items.,Place the kitchen countertop items.,kitchen countertop items,items,place_on
00862-LT9Jq6dN3Ea\tasks-island_0.json,53,2,Arrange the decoration.,Place decoration on surface.,decoration,surface,place_on
00862-LT9Jq6dN3Ea\tasks-island_0.json,69,2,Arrange the shelf.,Place shelf on surface.,shelf,surface,place_on
00862-LT9Jq6dN3Ea\tasks-island_0.json,73,2,Load the clothes into the laundry machine.,Load items into the laundry machine.,laundry machine,items,load
00862-LT9Jq6dN3Ea\tasks-island_0.json,86,3,Wipe the kitchen countertop items.,Wipe the kitchen countertop items.,kitchen countertop items,items,wipe
00862-LT9Jq6dN3Ea\tasks-island_0.json,110,2,Fill it at the sink.,Use the sink to fill a container.,sink,container,fill
00862-LT9Jq6dN3Ea\tasks-island_0.json,114,4,Set the tray.,Place tray on surface.,tray,surface,place_on
00862-LT9Jq6dN3Ea\tasks-island_0.json,124,2,Fill it at the sink.,Use the sink to fill a container.,sink,container,fill
00862-LT9Jq6dN3Ea\tasks-island_0.json,131,5,Arrange the flower vase.,Place flower vase on surface.,flower vase,surface,place_on
00862-LT9Jq6dN3Ea\tasks-island_0.json,139,4,Arrange the flower vase.,Place flower vase on surface.,flower vase,surface,place_on
00862-LT9Jq6dN3Ea\tasks-island_0.json,144,4,Arrange the flowerpot.,Place flowerpot on surface.,flowerpot,surface,place_on
00862-LT9Jq6dN3Ea\tasks-island_0.json,147,5,Arrange the flower vase.,Place flower vase on surface.,flower vase,surface,place_on
00862-LT9Jq6dN3Ea\tasks-island_0.json,148,5,Arrange the flowerpot.,Place flowerpot on surface.,flowerpot,surface,place_on
00862-LT9Jq6dN3Ea\tasks-island_0.json,150,4,Set the tray.,Place tray in receptacle.,tray,receptacle,place_in
00862-LT9Jq6dN3Ea\tasks-island_0.json,155,5,Arrange the flowerpot.,Place flowerpot on surface.,flowerpot,surface,place_on
00862-LT9Jq6dN3Ea\tasks-island_0.json,161,2,Arrange the flower vase.,Place flower vase on surface.,flower vase,surface,place_on
00862-LT9Jq6dN3Ea\tasks-island_0.json,169,4,Arrange the flower vase.,Place flower vase on surface.,flower vase,surface,place_on
00862-LT9Jq6dN3Ea\tasks-island_0.json,172,2,Set the tray on the table.,Place tray on surface.,tray,surface,place_on
00862-LT9Jq6dN3Ea\tasks-island_0.json,174,2,Organize books on the shelf.,Place shelf on surface.,shelf,surface,place_on
00862-LT9Jq6dN3Ea\tasks-island_0.json,180,3,Place the items on the rack.,Place the items on the rack.,rack,items,place_on
00862-LT9Jq6dN3Ea\tasks-island_0.json,181,5,Put the device in the cabinet.,Place the device in the cabinet.,cabinet,device,place_in
00862-LT9Jq6dN3Ea\tasks-island_0.json,185,6,Arrange the decoration.,Place decoration in receptacle.,decoration,receptacle,place_in
00862-LT9Jq6dN3Ea\tasks-island_0.json,190,5,Wipe kitchen countertop items.,Wipe the kitchen countertop items.,kitchen countertop items,items,wipe
00862-LT9Jq6dN3Ea\tasks-island_0.json,195,2,Arrange the flower vase.,Place flower vase on surface.,flower vase,surface,place_on
00862-LT9Jq6dN3Ea\tasks-island_0.json,202,2,Arrange the decoration.,Place decoration on surface.,decoration,surface,place_on
00862-LT9Jq6dN3Ea\tasks-island_0.json,205,1,Tidy up the coats on the rack.,Place rack on surface.,rack,surface,place_on
00862-LT9Jq6dN3Ea\tasks-island_0.json,205,2,Close the drawer in the bedroom area.,Close the drawer in the bedroom area.,drawer,area,close
00862-LT9Jq6dN3Ea\tasks-island_0.json,205,4,Organize items in the basket.,Place basket in receptacle.,basket,receptacle,place_in
00862-LT9Jq6dN3Ea\tasks-island_0.json,205,5,Arrange the display case.,Place case on surface.,case,surface,place_on
00862-LT9Jq6dN3Ea\tasks-island_0.json,211,5,Load the dishwasher with used items.,Load the dishwasher with the used items.,dishwasher,items,load
00862-LT9Jq6dN3Ea\tasks-island_0.json,213,5,Wipe the table in the living area.,Wipe the table in the living area.,table,area,wipe
00862-LT9Jq6dN3Ea\tasks-island_0.json,219,3,Arrange the box on the shelf.,Place box on surface.,box,surface,place_on
00862-LT9Jq6dN3Ea\tasks-island_0.json,241,5,Wipe the kitchen countertop items.,Wipe the kitchen countertop items.,kitchen countertop items,items,wipe
00862-LT9Jq6dN3Ea\tasks-island_0.json,244,3,Arrange the flower vase.,Place flower vase on surface.,flower vase,surface,place_on
00862-LT9Jq6dN3Ea\tasks-island_0.json,254,6,Clear the kitchen countertop items.,Wipe kitchen countertop items.,kitchen countertop items,items,wipe
00862-LT9Jq6dN3Ea\tasks-island_0.json,257,4,Arrange the flower vase.,Place flower vase on surface.,flower vase,surface,place_on
00862-LT9Jq6dN3Ea\tasks-island_0.json,260,2,Clear the kitchen countertop items.,Wipe kitchen countertop items.,kitchen countertop items,items,wipe
00862-LT9Jq6dN3Ea\tasks-island_0.json,269,4,Arrange the flower vase.,Place flower vase on surface.,flower vase,surface,place_on
00862-LT9Jq6dN3Ea\tasks-island_0.json,270,4,Wipe the kitchen countertop items.,Wipe the kitchen countertop items.,kitchen countertop items,items,wipe
00862-LT9Jq6dN3Ea\tasks-island_0.json,277,4,Arrange the flower vase.,Place flower vase on surface.,flower vase,surface,place_on
00862-LT9Jq6dN3Ea\tasks-island_0.json,278,2,Tidy the items on the rack.,Place rack on surface.,rack,surface,place_on
00862-LT9Jq6dN3Ea\tasks-island_0.json,279,4,Place the items on the kitchen cabinet.,Place the items on the kitchen cabinet.,kitchen cabinet,items,place_on
00862-LT9Jq6dN3Ea\tasks-island_0.json,281,5,Restock the shampoo.,Place items in the shampoo.,shampoo,items,place_in
00862-LT9Jq6dN3Ea\tasks-island_0.json,286,4,Clear the kitchen countertop items.,Wipe kitchen countertop items.,kitchen countertop items,items,wipe
00862-LT9Jq6dN3Ea\tasks-island_0.json,286,7,Set the bottle on the table.,Place bottle on surface.,bottle,surface,place_on
00862-LT9Jq6dN3Ea\tasks-island_0.json,308,5,Restock the shampoo.,Place items in the shampoo.,shampoo,items,place_in
00862-LT9Jq6dN3Ea\tasks-island_0.json,320,2,Fill it with water from the pitcher.,Use the pitcher to fill a container.,pitcher,container,fill
00862-LT9Jq6dN3Ea\tasks-island_0.json,327,4,Fluff the pillows on the bed.,Fluff items on the bed.,bed,items,fluff
00862-LT9Jq6dN3Ea\tasks-island_0.json,328,3,Wipe the kitchen countertop items.,Wipe the kitchen countertop items.,kitchen countertop items,items,wipe
00862-LT9Jq6dN3Ea\tasks-island_0.json,345,4,Arrange the rack.,Place rack on surface.,rack,surface,place_on
00862-LT9Jq6dN3Ea\tasks-island_0.json,345,5,Sort items in the basket.,Place basket in receptacle.,basket,receptacle,place_in
00862-LT9Jq6dN3Ea\tasks-island_0.json,366,4,Set the tray.,Place tray in receptacle.,tray,receptacle,place_in
00862-LT9Jq6dN3Ea\tasks-island_0.json,368,2,Wipe the kitchen countertop items.,Wipe the kitchen countertop items.,kitchen countertop items,items,wipe
00869-MHPLjHsuG27\tasks-island_1.json,0,4,Set the tray on the table.,Place tray on surface.,tray,surface,place_on
00869-MHPLjHsuG27\tasks-island_1.json,8,4,Set the tray on the table.,Place tray on surface.,tray,surface,place_on
00869-MHPLjHsuG27\tasks-island_1.json,9,4,Arrange the lounge chair.,Place lounge chair on surface.,lounge chair,surface,place_on
00869-MHPLjHsuG27\tasks-island_1.json,12,4,Set the tray on the table.,Place tray in receptacle.,tray,receptacle,place_in
00869-MHPLjHsuG27\tasks-island_1.json,17,3,Arrange the lounge chair.,Place lounge chair on surface.,lounge chair,surface,place_on
00869-MHPLjHsuG27\tasks-island_1.json,26,2,Position the lounge chair.,Place lounge chair in receptacle.,lounge chair,receptacle,place_in
00869-MHPLjHsuG27\tasks-island_1.json,29,1,Organize the items on the shelving.,Place shelving on surface.,shelving,surface,place_on
00869-MHPLjHsuG27\tasks-island_1.json,29,3,Arrange the spice rack.,Place spice rack on surface.,spice rack,surface,place_on
00869-MHPLjHsuG27\tasks-island_1.json,36,6,Arrange the lounge chair.,Place lounge chair on surface.,lounge chair,surface,place_on
00869-MHPLjHsuG27\tasks-island_1.json,41,6,Arrange the lounge chair.,Place lounge chair on surface.,lounge chair,surface,place_on
00869-MHPLjHsuG27\tasks-island_1.json,45,7,Arrange the lounge chair for comfort.,Place lounge chair in receptacle.,lounge chair,receptacle,place_in
00869-MHPLjHsuG27\tasks-island_1.json,47,2,Set the radio to a soft station.,Place radio on surface.,radio,surface,place_on
00869-MHPLjHsuG27\tasks-island_1.json,47,4,Set a tray on the table.,Place tray on surface.,tray,surface,place_on
00869-MHPLjHsuG27\tasks-island_1.json,50,3,Check the furnace in the utility area.,Inspect the furnace in the utility area.,furnace,area,inspect
00869-MHPLjHsuG27\tasks-island_1.json,52,1,Rearrange the shelving items.,Place shelving on surface.,shelving,surface,place_on
00871-VBzV5z6i1WS\tasks-island_0.json,3,3,Load paper into the printer.,Load items into the printer.,printer,items,load
00871-VBzV5z6i1WS\tasks-island_0.json,20,4,Put items in the wardrobe.,Place items in the wardrobe.,wardrobe,items,place_in
00871-VBzV5z6i1WS\tasks-island_0.json,25,4,Arrange items in the cabinet.,Place cabinet in receptacle.,cabinet,receptacle,place_in
00871-VBzV5z6i1WS\tasks-island_0.json,27,4,Arrange the flower.,Place flower on surface.,flower,surface,place_on
00871-VBzV5z6i1WS\tasks-island_0.json,35,2,Position the piano bench.,Place piano bench on surface.,piano bench,surface,place_on
00871-VBzV5z6i1WS\tasks-island_0.json,47,4,Place the items on the table.,Place the items on the table.,table,items,place_on
00871-VBzV5z6i1WS\tasks-island_0.json,57,3,Arrange the flower.,Place flower on surface.,flower,surface,place_on
00871-VBzV5z6i1WS\tasks-island_0.json,67,1,Arrange the rocking chair.,Place rocking chair in receptacle.,rocking chair,receptacle,place_in
00871-VBzV5z6i1WS\tasks-island_0.json,68,3,Dust the device.,Dust the device.,device,device,dust
00871-VBzV5z6i1WS\tasks-island_0.json,68,4,Arrange the stand.,Place stand on surface.,stand,surface,place_on
00871-VBzV5z6i1WS\tasks-island_0.json,85,2,Set the bowl on the kitchen counter.,Place bowl on surface.,bowl,surface,place_on
00871-VBzV5z6i1WS\tasks-island_0.json,88,5,Set the tray in the kitchen.,Place tray in receptacle.,tray,receptacle,place_in
00871-VBzV5z6i1WS\tasks-island_0.json,98,2,Load the kitchen sink.,Place items in the sink.,sink,items,place_in
00871-VBzV5z6i1WS\tasks-island_0.json,104,6,Set the tray on the table.,Place tray on surface.,tray,surface,place_on
00871-VBzV5z6i1WS\tasks-island_0.json,106,2,Organize the items on the dresser.,Place dresser on surface.,dresser,surface,place_on
00871-VBzV5z6i1WS\tasks-island_0.json,111,1,Tidy the clothes inside the wardrobe.,Place wardrobe in receptacle.,wardrobe,receptacle,place_in
00871-VBzV5z6i1WS\tasks-island_0.json,111,6,Arrange the items on the dresser.,Place dresser on surface.,dresser,surface,place_on
00871-VBzV5z6i1WS\tasks-island_0.json,116,4,Turn on the lamp in the living area.,Turn on the lamp in the living area.,lamp,area,turn_on
00871-VBzV5z6i1WS\tasks-island_0.json,123,4,Adjust the electronic device on the shelf.,Reposition the electronic device on the shelf.,device,device,reposition
00871-VBzV5z6i1WS\tasks-island_0.json,124,2,Adjust the items on the dresser.,Place dresser on surface.,dresser,surface,place_on
00871-VBzV5z6i1WS\tasks-island_0.json,129,1,Place the items in the washing machine.,Place the items in the washing machine.,washing machine,items,place_in
00871-VBzV5z6i1WS\tasks-island_0.json,131,4,Set the bowl.,Place bowl on surface.,bowl,surface,place_on
00871-VBzV5z6i1WS\tasks-island_0.json,132,5,Set the cabinet.,Place cabinet on surface.,cabinet,surface,place_on
00871-VBzV5z6i1WS\tasks-island_0.json,133,6,Set the dresser.,Place dresser on surface.,dresser,surface,place_on
00871-VBzV5z6i1WS\tasks-island_0.json,135,5,Set the dresser.,Place dresser in receptacle.,dresser,receptacle,place_in
00871-VBzV5z6i1WS\tasks-island_0.json,136,7,Arrange the bath towel.,Place bath towel on surface.,bath towel,surface,place_on
00871-VBzV5z6i1WS\tasks-island_0.json,137,2,Arrange the bowl of fruit.,Place bowl of fruit in receptacle.,bowl of fruit,receptacle,place_in
00871-VBzV5z6i1WS\tasks-island_0.json,138,4,Switch on the device.,Turn on the device.,device,device,turn_on
00871-VBzV5z6i1WS\tasks-island_0.json,140,2,Set the cabinet.,Place cabinet on surface.,cabinet,surface,place_on
00871-VBzV5z6i1WS\tasks-island_0.json,141,2,Position the flowerpot.,Place flowerpot on surface.,flowerpot,surface,place_on
00871-VBzV5z6i1WS\tasks-island_0.json,143,4,Set the kitchen cabinet.,Place kitchen cabinet on surface.,kitchen cabinet,surface,place_on
00871-VBzV5z6i1WS\tasks-island_0.json,148,1,Set the dresser.,Place dresser on surface.,dresser,surface,place_on
00871-VBzV5z6i1WS\tasks-island_0.json,150,4,Set the kitchen cabinet.,Place kitchen cabinet on surface.,kitchen cabinet,surface,place_on
00871-VBzV5z6i1WS\tasks-island_0.json,160,4,Position the piano bench.,Place piano bench in receptacle.,piano bench,receptacle,place_in
00871-VBzV5z6i1WS\tasks-island_0.json,161,3,Arrange the bowl.,Place bowl on surface.,bowl,surface,place_on
00871-VBzV5z6i1WS\tasks-island_0.json,165,6,Arrange the decoration.,Place decoration in receptacle.,decoration,receptacle,place_in
00871-VBzV5z6i1WS\tasks-island_0.json,169,5,Arrange the tray.,Place tray on surface.,tray,surface,place_on
00871-VBzV5z6i1WS\tasks-island_0.json,172,2,Arrange the flower.,Place flower on surface.,flower,surface,place_on
00873-bxsVRursffK\tasks-island_0.json,3,3,Pack everything into the backpack.,Load items into the backpack.,backpack,items,load
00873-bxsVRursffK\tasks-island_0.json,4,2,Arrange flowers in the flower vase.,Place flower vase in receptacle.,flower vase,receptacle,place_in
00873-bxsVRursffK\tasks-island_0.json,5,1,Put toys away into the box.,Store items in the box.,box,items,store
00873-bxsVRursffK\tasks-island_0.json,5,4,Straighten the items on the shelf.,Straighten items on the shelf.,shelf,items,straighten
00873-bxsVRursffK\tasks-island_0.json,11,3,Organize the toiletries on the bathroom shelf.,Place bathroom shelf on surface.,bathroom shelf,surface,place_on
00873-bxsVRursffK\tasks-island_0.json,13,4,Organize papers on the shelf.,Place shelf on surface.,shelf,surface,place_on
00873-bxsVRursffK\tasks-island_0.json,14,3,Straighten the coats on the coat hanger.,Straighten items on the coat hanger.,coat hanger,items,straighten
00873-bxsVRursffK\tasks-island_0.json,17,1,Move the end table to a new spot.,Carry the end table to the new spot.,end table,spot,carry
00873-bxsVRursffK\tasks-island_0.json,20,1,Sort the items in the kitchen cabinet.,Place kitchen cabinet in receptacle.,kitchen cabinet,receptacle,place_in
00873-bxsVRursffK\tasks-island_0.json,22,1,Fill a pitcher at the sink.,Use the sink to fill a container.,sink,container,fill
00873-bxsVRursffK\tasks-island_0.json,22,3,Change the water in the flower vase.,Place items in the flower vase.,flower vase,items,place_in
00873-bxsVRursffK\tasks-island_0.json,23,3,Put away clean items in the kitchen cabinet.,Store items in the kitchen cabinet.,kitchen cabinet,items,store
00873-bxsVRursffK\tasks-island_0.json,25,3,Put the items into the backpack.,Place the items in the backpack.,backpack,items,place_in
00873-bxsVRursffK\tasks-island_0.json,25,5,Hang the jacket on the coat hanger.,Hang items on the coat hanger.,coat hanger,items,hang
00873-bxsVRursffK\tasks-island_0.json,26,1,Arrange the pillows on the seating area.,Fluff the pillow on the seating area.,pillow,area,fluff
00873-bxsVRursffK\tasks-island_0.json,33,3,Organize the items on the shelf.,Place shelf on surface.,shelf,surface,place_on
00873-bxsVRursffK\tasks-island_0.json,37,3,Arrange the clothes hanger.,Place clothes hanger on surface.,clothes hanger,surface,place_on
00873-bxsVRursffK\tasks-island_0.json,38,1,Arrange the bean bag chair for sitting.,Place bean bag chair on surface.,bean bag chair,surface,place_on
00873-bxsVRursffK\tasks-island_0.json,40,2,Get the book from the bedside table area.,Pick up the book from the bedside table area.,book,area,pick_up
00873-bxsVRursffK\tasks-island_0.json,41,2,Organize the items on the shelf.,Place shelf on surface.,shelf,surface,place_on
00873-bxsVRursffK\tasks-island_0.json,42,3,Place the items in the kitchen sink.,Place the items in the kitchen sink.,sink,items,place_in
00873-bxsVRursffK\tasks-island_0.json,43,2,Organize the items inside the basket.,Place basket in receptacle.,basket,receptacle,place_in
00873-bxsVRursffK\tasks-island_0.json,43,4,Tidy the objects on the shelf.,Place shelf on surface.,shelf,surface,place_on
00873-bxsVRursffK\tasks-island_0.json,44,1,Adjust the pillow on the seating area.,Fluff the pillow on the seating area.,pillow,area,fluff
00873-bxsVRursffK\tasks-island_0.json,44,2,Put the box away in the cabinet.,Store items in the cabinet.,cabinet,items,store
00873-bxsVRursffK\tasks-island_0.json,44,4,Dust the shelf in the living area.,Dust the shelf in the living area.,shelf,area,dust
00873-bxsVRursffK\tasks-island_0.json,45,2,Retrieve the sunglasses from the bedroom area.,Pick up the sunglasses from the bedroom area.,sunglasses,area,pick_up
00873-bxsVRursffK\tasks-island_0.json,48,4,Hang the clothes on the clothes hanger rod.,Hang items on the clothes hanger rod.,clothes hanger rod,items,hang
00873-bxsVRursffK\tasks-island_0.json,49,3,Load the dirty dishes into the dishwasher.,Load items into the dishwasher.,dishwasher,items,load
00873-bxsVRursffK\tasks-island_0.json,50,5,Close the chest to keep things tidy.,Close the chest to keep things tidy.,chest,things,close
00873-bxsVRursffK\tasks-island_0.json,54,3,Arrange the fruit in the bowl of fruit.,Place bowl of fruit in receptacle.,bowl of fruit,receptacle,place_in
00873-bxsVRursffK\tasks-island_0.json,56,1,Close the sliding glass door in the living area.,Close the sliding glass door in the living area.,sliding glass door,area,close
00873-bxsVRursffK\tasks-island_0.json,57,1,Hang the coat on the coat hanger.,Hang items on the coat hanger.,coat hanger,items,hang
00873-bxsVRursffK\tasks-island_0.json,57,3,Organize items inside the closet.,Place closet in receptacle.,closet,receptacle,place_in
00873-bxsVRursffK\tasks-island_0.json,57,5,Arrange the hanging clothes neatly.,Place hanging clothes on surface.,hanging clothes,surface,place_on
00873-bxsVRursffK\tasks-island_0.json,59,4,Place loose items into the basket.,Place loose items in the basket.,basket,items,place_in
00873-bxsVRursffK\tasks-island_0.json,61,2,Wipe the sink in the kitchen area.,Wipe the sink in the kitchen area.,sink,area,wipe
00873-bxsVRursffK\tasks-island_0.json,62,4,Arrange the fruit in the bowl of fruit.,Place bowl of fruit in receptacle.,bowl of fruit,receptacle,place_in
00873-bxsVRursffK\tasks-island_0.json,63,2,Arrange the bean bag chair for comfort.,Place bean bag chair in receptacle.,bean bag chair,receptacle,place_in
00873-bxsVRursffK\tasks-island_0.json,65,5,Arrange the book on the bedside table.,Place book on surface.,book,surface,place_on
00873-bxsVRursffK\tasks-island_0.json,68,1,Hang my coat on the coat hanger.,Hang items on the coat hanger.,coat hanger,items,hang
00873-bxsVRursffK\tasks-island_0.json,69,4,Move the box in the storage area.,Carry the box in the storage area.,box,area,carry
00873-bxsVRursffK\tasks-island_0.json,70,1,Pack food from the refrigerator.,Load items into the refrigerator.,refrigerator,items,load
00873-bxsVRursffK\tasks-island_0.json,70,4,Put the items into the basket.,Place the items in the basket.,basket,items,place_in
00873-bxsVRursffK\tasks-island_0.json,75,6,Arrange the bathroom cabinet.,Place bathroom cabinet on surface.,bathroom cabinet,surface,place_on
00873-bxsVRursffK\tasks-island_0.json,76,4,Arrange clothes on the clothes hanger rod.,Place clothes hanger rod on surface.,clothes hanger rod,surface,place_on
00873-bxsVRursffK\tasks-island_0.json,80,1,Fill a container at the sink.,Use the sink to fill a container.,sink,container,fill
00873-bxsVRursffK\tasks-island_0.json,81,5,Arrange the book.,Place book on surface.,book,surface,place_on
00873-bxsVRursffK\tasks-island_0.json,88,3,Store items in the chest.,Place items in the chest.,chest,items,place_in
00873-bxsVRursffK\tasks-island_0.json,97,5,Arrange the handbag.,Place handbag on surface.,handbag,surface,place_on
00873-bxsVRursffK\tasks-island_0.json,103,1,Hang the coat on the coat hanger.,Hang items on the coat hanger.,coat hanger,items,hang
00873-bxsVRursffK\tasks-island_0.json,103,7,Plump the pillow on the bed.,Fluff items on the bed.,bed,items,fluff
00873-bxsVRursffK\tasks-island_0.json,104,2,Fill a pitcher at the sink.,Use the sink to fill a container.,sink,container,fill
00876-mv2HUxq3B53\tasks-island_0.json,2,4,Arrange the flower vase.,Place flower vase on surface.,flower vase,surface,place_on
00876-mv2HUxq3B53\tasks-island_0.json,9,3,Position the mouse.,Place mouse on surface.,mouse,surface,place_on
00876-mv2HUxq3B53\tasks-island_0.json,25,3,Arrange the wine rack.,Place wine rack on surface.,wine rack,surface,place_on
00876-mv2HUxq3B53\tasks-island_0.json,26,3,Position the mouse.,Place mouse on surface.,mouse,surface,place_on
00876-mv2HUxq3B53\tasks-island_0.json,27,3,Set the toaster.,Place toaster on surface.,toaster,surface,place_on
00876-mv2HUxq3B53\tasks-island_0.json,44,3,Put fruit into the bowl.,Place items in the bowl of fruit.,bowl of fruit,items,place_in
00876-mv2HUxq3B53\tasks-island_0.json,59,3,Arrange the sofa seat.,Place sofa seat on surface.,sofa seat,surface,place_on
00876-mv2HUxq3B53\tasks-island_0.json,77,2,Clear the closet area for hanging clothes.,Wipe closet area for hanging clothes.,closet area for hanging clothes,area,wipe
00876-mv2HUxq3B53\tasks-island_0.json,85,1,Arrange the sofa seat.,Place sofa seat in receptacle.,sofa seat,receptacle,place_in
00876-mv2HUxq3B53\tasks-island_0.json,89,3,Set the bowl.,Place bowl on surface.,bowl,surface,place_on
00876-mv2HUxq3B53\tasks-island_0.json,91,4,Plug in the device.,Plug in the device.,device,device,plug_in
00876-mv2HUxq3B53\tasks-island_0.json,92,2,Set the cup.,Place cup on surface.,cup,surface,place_on
00876-mv2HUxq3B53\tasks-island_0.json,103,1,Arrange the circular sofa.,Place circular sofa on surface.,circular sofa,surface,place_on
00876-mv2HUxq3B53\tasks-island_0.json,105,3,Set the bowl.,Place bowl on surface.,bowl,surface,place_on
00876-mv2HUxq3B53\tasks-island_0.json,109,3,Move the device.,Carry the device.,device,device,carry
00876-mv2HUxq3B53\tasks-island_0.json,111,4,Clear the closet area for hanging clothes.,Wipe closet area for hanging clothes.,closet area for hanging clothes,area,wipe
00876-mv2HUxq3B53\tasks-island_0.json,114,1,Retrieve the shampoo from the shower area.,Pick up the shampoo from the shower area.,shampoo,area,pick_up
00876-mv2HUxq3B53\tasks-island_0.json,116,4,Organize the items on the shelf.,Place shelf on surface.,shelf,surface,place_on
00876-mv2HUxq3B53\tasks-island_0.json,116,5,Close the safe in the storage area.,Close the safe in the storage area.,safe,area,close
00876-mv2HUxq3B53\tasks-island_0.json,118,1,Arrange flowers in the flower vase.,Place flower vase in receptacle.,flower vase,receptacle,place_in
00876-mv2HUxq3B53\tasks-island_0.json,119,6,Reposition the vase on the table.,Place vase on surface.,vase,surface,place_on
00876-mv2HUxq3B53\tasks-island_0.json,120,3,Tidy the hanging clothes area.,Straighten closet area for hanging clothes.,closet area for hanging clothes,area,straighten
00876-mv2HUxq3B53\tasks-island_0.json,124,1,Organize tools on the shelf.,Place shelf on surface.,shelf,surface,place_on
00876-mv2HUxq3B53\tasks-island_0.json,125,4,Use the device to blend a smoothie.,Inspect the device.,device,device,inspect
00876-mv2HUxq3B53\tasks-island_0.json,126,5,Arrange the flower vase on the pedestal.,Place flower vase on surface.,flower vase,surface,place_on
00876-mv2HUxq3B53\tasks-island_0.json,130,5,Dust the painting in the laundry area.,Dust the painting in the laundry area.,painting,area,dust
00876-mv2HUxq3B53\tasks-island_0.json,132,3,Arrange the sofa seat for comfort.,Place sofa seat on surface.,sofa seat,surface,place_on
00876-mv2HUxq3B53\tasks-island_0.json,135,5,Check the heart rate on the device.,Inspect the device.,device,device,inspect
00876-mv2HUxq3B53\tasks-island_0.json,135,6,Adjust the chair in the workout area.,Reposition the chair in the workout area.,chair,area,reposition
00876-mv2HUxq3B53\tasks-island_0.json,137,5,Change the bulb in the lamp.,Place items in the lamp.,lamp,items,place_in
00876-mv2HUxq3B53\tasks-island_0.json,138,1,Check the security device.,Inspect the device.,device,device,inspect
00876-mv2HUxq3B53\tasks-island_0.json,142,5,Set the bowl of fruit on the side table.,Place bowl of fruit on surface.,bowl of fruit,surface,place_on
00876-mv2HUxq3B53\tasks-island_0.json,146,4,Arrange the clothes.,Place clothes on surface.,clothes,surface,place_on
00876-mv2HUxq3B53\tasks-island_0.json,149,5,Arrange the sofa seat.,Place sofa seat on surface.,sofa seat,surface,place_on
00876-mv2HUxq3B53\tasks-island_0.json,161,2,Close the closet area for hanging clothes.,Close the closet area for hanging clothes.,closet area for hanging clothes,area,close
00876-mv2HUxq3B53\tasks-island_0.json,166,5,Arrange the circular sofa.,Place circular sofa on surface.,circular sofa,surface,place_on
00876-mv2HUxq3B53\tasks-island_0.json,171,2,Close the closet area for hanging clothes.,Close the closet area for hanging clothes.,closet area for hanging clothes,area,close
00876-mv2HUxq3B53\tasks-island_0.json,171,3,Arrange the clothes.,Place clothes on surface.,clothes,surface,place_on
00876-mv2HUxq3B53\tasks-island_0.json,172,4,Set the pitcher.,Place pitcher on surface.,pitcher,surface,place_on
00876-mv2HUxq3B53\tasks-island_0.json,174,6,Set the bowl of fruit.,Place bowl of fruit on surface.,bowl of fruit,surface,place_on
00876-mv2HUxq3B53\tasks-island_0.json,181,3,Set the bowl of fruit on the table.,Place bowl of fruit on surface.,bowl of fruit,surface,place_on
00876-mv2HUxq3B53\tasks-island_0.json,183,4,Arrange the circular sofa.,Place circular sofa on surface.,circular sofa,surface,place_on
00876-mv2HUxq3B53\tasks-island_0.json,193,1,Search the closet.,Inspect the closet area for hanging clothes.,closet area for hanging clothes,area,inspect
00876-mv2HUxq3B53\tasks-island_0.json,198,2,Place fruit in the bowl.,Place items in the bowl of fruit.,bowl of fruit,items,place_in
00876-mv2HUxq3B53\tasks-island_0.json,200,4,Set the bowl.,Place bowl on surface.,bowl,surface,place_on
00876-mv2HUxq3B53\tasks-island_0.json,203,1,Arrange the clothes.,Place clothes on surface.,clothes,surface,place_on
00876-mv2HUxq3B53\tasks-island_0.json,203,5,Arrange the circular sofa.,Place circular sofa on surface.,circular sofa,surface,place_on
00876-mv2HUxq3B53\tasks-island_0.json,204,6,Set the bowl of fruit.,Place bowl of fruit on surface.,bowl of fruit,surface,place_on
00876-mv2HUxq3B53\tasks-island_0.json,209,3,Arrange the sofa seat in the living area.,Place sofa seat in receptacle.,sofa seat,receptacle,place_in
00876-mv2HUxq3B53\tasks-island_0.json,212,4,Arrange the circular sofa.,Place circular sofa on surface.,circular sofa,surface,place_on
00876-mv2HUxq3B53\tasks-island_0.json,216,6,Hang items in the closet area.,Hang items in the closet area for hanging clothes.,closet area for hanging clothes,"items, area",hang
00876-mv2HUxq3B53\tasks-island_0.json,218,4,Arrange the sofa seat.,Place sofa seat on surface.,sofa seat,surface,place_on
00876-mv2HUxq3B53\tasks-island_0.json,219,7,Clean the closet area for hanging clothes.,Wipe closet area for hanging clothes.,closet area for hanging clothes,area,wipe
00876-mv2HUxq3B53\tasks-island_0.json,221,6,Dust the device.,Dust the device.,device,device,dust
00876-mv2HUxq3B53\tasks-island_0.json,223,1,Arrange the flower vase.,Place flower vase on surface.,flower vase,surface,place_on
00876-mv2HUxq3B53\tasks-island_0.json,226,4,Set the wardrobe.,Place wardrobe on surface.,wardrobe,surface,place_on
00876-mv2HUxq3B53\tasks-island_0.json,229,5,Clean the device.,Wipe device.,device,device,wipe
00876-mv2HUxq3B53\tasks-island_0.json,236,4,Inspect the device.,Inspect the device.,device,device,inspect
00876-mv2HUxq3B53\tasks-island_0.json,236,7,Inspect the closet area for hanging clothes.,Inspect the closet area for hanging clothes.,closet area for hanging clothes,area,inspect
00876-mv2HUxq3B53\tasks-island_0.json,238,3,Arrange the clothes.,Place clothes on surface.,clothes,surface,place_on
00876-mv2HUxq3B53\tasks-island_0.json,238,4,Organize the closet area for hanging clothes.,Straighten closet area for hanging clothes.,closet area for hanging clothes,area,straighten
00877-4ok3usBNeis\tasks-island_0.json,26,4,Arrange the dresser.,Place dresser on surface.,dresser,surface,place_on
00877-4ok3usBNeis\tasks-island_0.json,29,4,Arrange the table lamp.,Place table lamp on surface.,table lamp,surface,place_on
00877-4ok3usBNeis\tasks-island_0.json,62,2,Set the tray.,Place tray on surface.,tray,surface,place_on
00877-4ok3usBNeis\tasks-island_0.json,62,4,Arrange the shoe.,Place shoe on surface.,shoe,surface,place_on
00877-4ok3usBNeis\tasks-island_0.json,69,4,Arrange the rack.,Place rack on surface.,rack,surface,place_on
00877-4ok3usBNeis\tasks-island_0.json,69,5,Organize the objects.,Straighten objects.,objects,objects,straighten
00877-4ok3usBNeis\tasks-island_0.json,88,2,Set the tray.,Place tray on surface.,tray,surface,place_on
00877-4ok3usBNeis\tasks-island_0.json,91,2,Organize items in the cabinet.,Place cabinet in receptacle.,cabinet,receptacle,place_in
00877-4ok3usBNeis\tasks-island_0.json,97,3,Set the record player.,Place record player on surface.,record player,surface,place_on
00877-4ok3usBNeis\tasks-island_0.json,97,6,Arrange the entertainment set.,Place entertainment set on surface.,entertainment set,surface,place_on
00877-4ok3usBNeis\tasks-island_0.json,100,5,Put objects in the rack.,Place items on the rack.,rack,items,place_on
00877-4ok3usBNeis\tasks-island_0.json,109,1,Set the record player.,Place record player on surface.,record player,surface,place_on
00877-4ok3usBNeis\tasks-island_0.json,109,4,Arrange the tray.,Place tray on surface.,tray,surface,place_on
00877-4ok3usBNeis\tasks-island_0.json,112,1,Organize the objects.,Straighten objects.,objects,objects,straighten
00877-4ok3usBNeis\tasks-island_0.json,113,1,Close the cabinet in the living area.,Close the cabinet in the living area.,cabinet,area,close
00877-4ok3usBNeis\tasks-island_0.json,118,2,Arrange the shoe neatly.,Place shoe on surface.,shoe,surface,place_on
00877-4ok3usBNeis\tasks-island_0.json,118,7,Organize the items on the rack.,Place rack on surface.,rack,surface,place_on
00877-4ok3usBNeis\tasks-island_0.json,122,2,Organize the objects in the pantry area.,Straighten objects.,objects,objects,straighten
00877-4ok3usBNeis\tasks-island_0.json,125,7,Place items in the basket.,Place items in the basket.,basket,items,place_in
00877-4ok3usBNeis\tasks-island_0.json,130,2,Organize the objects.,Straighten objects.,objects,objects,straighten
00877-4ok3usBNeis\tasks-island_0.json,130,5,Put items in the basket.,Place items in the basket.,basket,items,place_in
00877-4ok3usBNeis\tasks-island_0.json,130,7,Arrange the shoe.,Place shoe on surface.,shoe,surface,place_on
00877-4ok3usBNeis\tasks-island_0.json,134,1,Organize the objects on the floor.,Straighten objects.,objects,objects,straighten
00878-XB4GS9ShBRE\tasks-island_0.json,2,2,Set the plate on the table.,Place plate on surface.,plate,surface,place_on
00878-XB4GS9ShBRE\tasks-island_0.json,18,1,Arrange the flowers.,Place flower on surface.,flower,surface,place_on
00878-XB4GS9ShBRE\tasks-island_0.json,28,4,Set the plate on the table.,Place plate on surface.,plate,surface,place_on
00878-XB4GS9ShBRE\tasks-island_0.json,31,3,Arrange the shampoo bottles.,Place shampoo on surface.,shampoo,surface,place_on
00878-XB4GS9ShBRE\tasks-island_0.json,33,2,Hang the clothes on the closet rod.,Hang items in the closet rod.,closet rod,items,hang
00878-XB4GS9ShBRE\tasks-island_0.json,33,5,Arrange the clothes hanger.,Place clothes hanger on surface.,clothes hanger,surface,place_on
00878-XB4GS9ShBRE\tasks-island_0.json,44,3,Set the plate.,Place plate on surface.,plate,surface,place_on
00878-XB4GS9ShBRE\tasks-island_0.json,46,3,Arrange the shampoo.,Place shampoo on surface.,shampoo,surface,place_on
00878-XB4GS9ShBRE\tasks-island_0.json,50,2,Organize the books on the shelf.,Place shelf on surface.,shelf,surface,place_on
00878-XB4GS9ShBRE\tasks-island_0.json,51,3,Set the plate on the table.,Place plate on surface.,plate,surface,place_on
00878-XB4GS9ShBRE\tasks-island_0.json,54,3,Hang items on the clothes hanger.,Hang items on the clothes hanger.,clothes hanger,items,hang
00878-XB4GS9ShBRE\tasks-island_0.json,55,2,Refill the paper in the printer.,Use the printer to load items.,printer,items,load
00878-XB4GS9ShBRE\tasks-island_0.json,70,1,Arrange the flower.,Place flower on surface.,flower,surface,place_on
00878-XB4GS9ShBRE\tasks-island_0.json,70,2,Set the plate.,Place plate on surface.,plate,surface,place_on
00878-XB4GS9ShBRE\tasks-island_0.json,81,1,Organize the items on the shelf.,Place shelf on surface.,shelf,surface,place_on
00878-XB4GS9ShBRE\tasks-island_0.json,84,3,Set the throw blanket aside.,Place throw blanket on surface.,throw blanket,surface,place_on
00878-XB4GS9ShBRE\tasks-island_0.json,85,5,Arrange the flower on the table.,Place flower on surface.,flower,surface,place_on
00878-XB4GS9ShBRE\tasks-island_0.json,88,4,Set the plate on the counter.,Place plate on surface.,plate,surface,place_on
00878-XB4GS9ShBRE\tasks-island_0.json,95,7,Hang clothes on the clothes hanger.,Hang items on the clothes hanger.,clothes hanger,items,hang
00878-XB4GS9ShBRE\tasks-island_0.json,98,4,Set the plate on the cabinet.,Place plate on surface.,plate,surface,place_on
00878-XB4GS9ShBRE\tasks-island_0.json,99,4,Arrange the flower.,Place flower on surface.,flower,surface,place_on
00878-XB4GS9ShBRE\tasks-island_0.json,105,4,Set the plate on the cabinet.,Place plate on surface.,plate,surface,place_on
00878-XB4GS9ShBRE\tasks-island_0.json,115,4,Arrange the flower.,Place flower on surface.,flower,surface,place_on
00878-XB4GS9ShBRE\tasks-island_0.json,116,4,Set the plate.,Place plate on surface.,plate,surface,place_on
00880-Nfvxx8J5NCo\tasks-island_0.json,1,4,Hang the clean clothes in the wardrobe.,Hang items in the wardrobe.,wardrobe,items,hang
00880-Nfvxx8J5NCo\tasks-island_0.json,4,1,Turn on the lamp in the living area.,Turn on the lamp in the living area.,lamp,area,turn_on
00880-Nfvxx8J5NCo\tasks-island_0.json,9,2,Turn on the lamp in the living area.,Turn on the lamp in the living area.,lamp,area,turn_on
00880-Nfvxx8J5NCo\tasks-island_0.json,18,4,Store items in the wardrobe.,Place items in the wardrobe.,wardrobe,items,place_in
00880-Nfvxx8J5NCo\tasks-island_0.json,49,2,Place items on the shelf.,Place items on the shelf.,shelf,items,place_on
00880-Nfvxx8J5NCo\tasks-island_0.json,58,6,Set the bowl.,Place bowl on surface.,bowl,surface,place_on
00880-Nfvxx8J5NCo\tasks-island_0.json,79,6,Set the plate.,Place plate on surface.,plate,surface,place_on
00890-6s7QHgap2fW\tasks-island_0.json,2,2,Add washing stuff.,Place the washing stuff.,washing stuff,stuff,place_on
00890-6s7QHgap2fW\tasks-island_0.json,10,4,Set the bedside cabinet.,Place bedside cabinet on surface.,bedside cabinet,surface,place_on
00890-6s7QHgap2fW\tasks-island_0.json,16,3,Arrange the drawer.,Place drawer on surface.,drawer,surface,place_on
00890-6s7QHgap2fW\tasks-island_0.json,19,1,Arrange the photo mount.,Place photo mount on surface.,photo mount,surface,place_on
00890-6s7QHgap2fW\tasks-island_0.json,25,2,Arrange the drawer.,Place drawer on surface.,drawer,surface,place_on
00890-6s7QHgap2fW\tasks-island_0.json,31,4,Set the chairs.,Place items on the chair.,chair,items,place_on
00890-6s7QHgap2fW\tasks-island_0.json,42,2,Use the washing stuff.,Inspect the washing stuff.,washing stuff,stuff,inspect
00890-6s7QHgap2fW\tasks-island_0.json,53,1,Put away items in the drawer.,Store items in the drawer.,drawer,items,store
00890-6s7QHgap2fW\tasks-island_0.json,56,4,Put away the washing stuff.,Store the washing stuff.,washing stuff,stuff,store
00890-6s7QHgap2fW\tasks-island_0.json,58,5,Place items on the rack.,Place items on the rack.,rack,items,place_on
00890-6s7QHgap2fW\tasks-island_0.json,62,4,Arrange the photo mount.,Place photo mount on surface.,photo mount,surface,place_on
00890-6s7QHgap2fW\tasks-island_0.json,64,4,Arrange the shoes.,Place shoes on surface.,shoes,surface,place_on
00890-6s7QHgap2fW\tasks-island_0.json,74,2,Fill the kettle at the sink.,Use the sink to fill a container.,sink,container,fill
00890-6s7QHgap2fW\tasks-island_0.json,85,3,Put scattered items in the chest of drawers.,Place scattered items in the chest of drawers.,chest of drawers,items,place_in
00890-6s7QHgap2fW\tasks-island_0.json,87,2,Bring a plate to the dining area.,Carry the plate to the dining area.,plate,area,carry
00890-6s7QHgap2fW\tasks-island_0.json,89,4,Put toys in the rack.,Place items on the rack.,rack,items,place_on
00890-6s7QHgap2fW\tasks-island_0.json,101,2,Get the washing stuff.,Pick up the washing stuff.,washing stuff,stuff,pick_up
00890-6s7QHgap2fW\tasks-island_0.json,103,5,Put things in the wash cabinet.,Place things in the wash cabinet.,wash cabinet,things,place_in
00890-6s7QHgap2fW\tasks-island_0.json,106,5,Put toys in the rack.,Place items on the rack.,rack,items,place_on
00890-6s7QHgap2fW\tasks-island_0.json,115,2,Load the clothes into the washing machine.,Load items into the washing machine.,washing machine,items,load
00890-6s7QHgap2fW\tasks-island_0.json,116,5,Turn off the tv in the living area.,Turn off the tv in the living area.,tv,area,turn_off
00890-6s7QHgap2fW\tasks-island_0.json,119,2,Set the plate on the table.,Place plate on surface.,plate,surface,place_on
00890-6s7QHgap2fW\tasks-island_0.json,123,1,Get my shoes from the storage area.,Pick up the shoes from the storage area.,shoes,area,pick_up
00890-6s7QHgap2fW\tasks-island_0.json,125,2,Sort the clothes in the wardrobe.,Place wardrobe in receptacle.,wardrobe,receptacle,place_in
00890-6s7QHgap2fW\tasks-island_0.json,125,4,Arrange the wardrobe in the bathroom area.,Place wardrobe in receptacle.,wardrobe,receptacle,place_in
00890-6s7QHgap2fW\tasks-island_0.json,126,3,Arrange the plate for serving.,Place plate on surface.,plate,surface,place_on
00890-6s7QHgap2fW\tasks-island_0.json,131,6,Store the washing stuff properly.,Store the washing stuff.,washing stuff,stuff,store
00890-6s7QHgap2fW\tasks-island_0.json,133,2,Refill the watering can at the sink.,Use the sink to fill a container.,sink,container,fill
00890-6s7QHgap2fW\tasks-island_0.json,146,5,Get washing stuff.,Pick up the washing stuff.,washing stuff,stuff,pick_up
00890-6s7QHgap2fW\tasks-island_0.json,148,5,Arrange the photo mount on the wall.,Place photo mount on surface.,photo mount,surface,place_on
00890-6s7QHgap2fW\tasks-island_0.json,150,5,Hang the clothes on the rack.,Hang items on the rack.,rack,items,hang
00890-6s7QHgap2fW\tasks-island_0.json,153,2,Organize books on the bookstand.,Place bookstand on surface.,bookstand,surface,place_on
00890-6s7QHgap2fW\tasks-island_0.json,162,1,Arrange the shoes.,Place shoes on surface.,shoes,surface,place_on
00890-6s7QHgap2fW\tasks-island_0.json,164,5,Retrieve washing stuff.,Pick up the washing stuff.,washing stuff,stuff,pick_up
00890-6s7QHgap2fW\tasks-island_0.json,165,2,Hang the jacket in the wardrobe.,Hang items in the wardrobe.,wardrobe,items,hang
00890-6s7QHgap2fW\tasks-island_0.json,176,2,Hang the sweater in the wardrobe.,Hang items in the wardrobe.,wardrobe,items,hang
00890-6s7QHgap2fW\tasks-island_0.json,185,3,Hang the backpack in the cabinet.,Hang items in the cabinet.,cabinet,items,hang
00890-6s7QHgap2fW\tasks-island_0.json,191,4,Add detergent from the washing stuff container.,Inspect the washing stuff.,washing stuff,stuff,inspect
00890-6s7QHgap2fW\tasks-island_0.json,191,6,Fold the dried items on the iron board.,Place iron board on surface.,iron board,surface,place_on
00890-6s7QHgap2fW\tasks-island_0.json,193,3,Prepare the food on the countertop.,Place items on the countertop.,countertop,items,place_on
00890-6s7QHgap2fW\tasks-island_0.json,195,5,Organize the files on the bookstand.,Place bookstand in receptacle.,bookstand,receptacle,place_in
00890-6s7QHgap2fW\tasks-island_0.json,195,6,Set the camera on the shelf.,Place camera in receptacle.,camera,receptacle,place_in
00890-6s7QHgap2fW\tasks-island_0.json,200,2,Fill it with water at the sink.,Use the sink to fill a container.,sink,container,fill
00890-6s7QHgap2fW\tasks-island_0.json,201,3,Place folded items in the chest of drawers.,Place folded items in the chest of drawers.,chest of drawers,items,place_in
00890-6s7QHgap2fW\tasks-island_0.json,202,3,Organize baby clothes in the chest of drawers.,Place chest of drawers in receptacle.,chest of drawers,receptacle,place_in
00890-6s7QHgap2fW\tasks-island_0.json,202,4,Stock the baby changing table with diapers.,Place items in the baby changing table.,baby changing table,items,place_in
00890-6s7QHgap2fW\tasks-island_0.json,202,6,Arrange the toy on the floor.,Place toy on surface.,toy,surface,place_on
00890-6s7QHgap2fW\tasks-island_0.json,203,5,Organize the items in the box.,Place box in receptacle.,box,receptacle,place_in
00890-6s7QHgap2fW\tasks-island_0.json,204,5,Stock the fridge with supplies.,Place items in the fridge.,fridge,items,place_in
00890-6s7QHgap2fW\tasks-island_0.json,206,2,Store it away in the drawer.,Store items in the drawer.,drawer,items,store
00890-6s7QHgap2fW\tasks-island_0.json,209,1,Organize the linens in the cabinet.,Place cabinet in receptacle.,cabinet,receptacle,place_in
00890-6s7QHgap2fW\tasks-island_0.json,209,5,Tidy the items in the drawer.,Place drawer in receptacle.,drawer,receptacle,place_in
00890-6s7QHgap2fW\tasks-island_0.json,210,6,Reposition the lamp on the table.,Place lamp on surface.,lamp,surface,place_on
00890-6s7QHgap2fW\tasks-island_0.json,210,7,Hang the photo mount in a new spot.,Hang the photo mount in the new spot.,photo mount,spot,hang
00890-6s7QHgap2fW\tasks-island_0.json,211,6,Tidy the stationary in the drawer.,Place drawer in receptacle.,drawer,receptacle,place_in
00890-6s7QHgap2fW\tasks-island_0.json,212,3,Stock the baby changing table with supplies.,Place items in the baby changing table.,baby changing table,items,place_in
00890-6s7QHgap2fW\tasks-island_0.json,212,4,Organize baby blankets in the wardrobe.,Place wardrobe in receptacle.,wardrobe,receptacle,place_in
00890-6s7QHgap2fW\tasks-island_0.json,212,5,Fold the table cloth near the nursery area.,Fold the table cloth near the nursery area.,table cloth,area,fold
00890-6s7QHgap2fW\tasks-island_0.json,214,1,Wipe the window glass in the living area.,Wipe the window glass in the living area.,window glass,area,wipe
00890-6s7QHgap2fW\tasks-island_0.json,216,6,Pack everything into the backpack.,Load items into the backpack.,backpack,items,load
00890-6s7QHgap2fW\tasks-island_0.json,217,6,Organize the seeds in the box.,Place box in receptacle.,box,receptacle,place_in
00891-cvZr5TUy5C5\tasks-island_0.json,2,3,Set the flower vase on the table.,Place flower vase on surface.,flower vase,surface,place_on
00891-cvZr5TUy5C5\tasks-island_0.json,5,2,Set the fruit bowl on the counter.,Place fruit bowl on surface.,fruit bowl,surface,place_on
00891-cvZr5TUy5C5\tasks-island_0.json,14,3,Hang the clothes on the clothes rack.,Hang items on the clothes rack.,clothes rack,items,hang
00891-cvZr5TUy5C5\tasks-island_0.json,46,4,Set the toaster.,Place toaster on surface.,toaster,surface,place_on
00891-cvZr5TUy5C5\tasks-island_0.json,47,2,Arrange the sofa seat.,Place sofa seat in receptacle.,sofa seat,receptacle,place_in
00891-cvZr5TUy5C5\tasks-island_0.json,49,4,Arrange the computer chair.,Place computer chair on surface.,computer chair,surface,place_on
00891-cvZr5TUy5C5\tasks-island_0.json,55,2,Put the toys away on the shelf.,Store items on the shelf.,shelf,items,store
00891-cvZr5TUy5C5\tasks-island_0.json,55,3,Arrange the guitar neatly.,Place guitar on surface.,guitar,surface,place_on
00891-cvZr5TUy5C5\tasks-island_0.json,58,4,Arrange the flower vase.,Place flower vase on surface.,flower vase,surface,place_on
00891-cvZr5TUy5C5\tasks-island_0.json,60,3,Arrange the sofa set for seating.,Place sofa set on surface.,sofa set,surface,place_on
00891-cvZr5TUy5C5\tasks-island_0.json,64,2,Put away the washing stuff.,Store the washing stuff.,washing stuff,stuff,store
00891-cvZr5TUy5C5\tasks-island_0.json,64,4,Set the fruit bowl on the counter.,Place fruit bowl on surface.,fruit bowl,surface,place_on
00891-cvZr5TUy5C5\tasks-island_0.json,66,2,Arrange the wardrobe.,Place wardrobe on surface.,wardrobe,surface,place_on
00891-cvZr5TUy5C5\tasks-island_0.json,69,3,Arrange the toys.,Place toy in receptacle.,toy,receptacle,place_in
00891-cvZr5TUy5C5\tasks-island_0.json,71,3,Sort the items in the box.,Place box in receptacle.,box,receptacle,place_in
00891-cvZr5TUy5C5\tasks-island_0.json,76,4,Arrange the sofa set.,Place sofa set on surface.,sofa set,surface,place_on
00891-cvZr5TUy5C5\tasks-island_0.json,77,2,Arrange the guitar.,Place guitar on surface.,guitar,surface,place_on
00891-cvZr5TUy5C5\tasks-island_0.json,89,2,Arrange flowers in the flower vase.,Place flower vase in receptacle.,flower vase,receptacle,place_in
00891-cvZr5TUy5C5\tasks-island_0.json,91,2,Stack the box with books.,Place items on the box with books.,box with books,items,place_on
00891-cvZr5TUy5C5\tasks-island_0.json,92,2,Position the speaker.,Place speaker on surface.,speaker,surface,place_on
00891-cvZr5TUy5C5\tasks-island_0.json,97,3,Apply the washing stuff.,Place the washing stuff.,washing stuff,stuff,place_on
00891-cvZr5TUy5C5\tasks-island_0.json,101,3,Position the computer chair.,Place computer chair on surface.,computer chair,surface,place_on
00891-cvZr5TUy5C5\tasks-island_0.json,102,1,Position the statue.,Place statue on surface.,statue,surface,place_on
00891-cvZr5TUy5C5\tasks-island_0.json,102,4,Arrange the flower vase.,Place flower vase on surface.,flower vase,surface,place_on
00891-cvZr5TUy5C5\tasks-island_0.json,105,2,Stack the boxes with books.,Place items on the boxes with books.,boxes with books,items,place_on
00891-cvZr5TUy5C5\tasks-island_0.json,106,4,Arrange the flower vase.,Place flower vase on surface.,flower vase,surface,place_on
00891-cvZr5TUy5C5\tasks-island_0.json,108,2,Arrange the computer chair.,Place computer chair on surface.,computer chair,surface,place_on
00891-cvZr5TUy5C5\tasks-island_0.json,113,4,Stack the boxes with books.,Place items on the boxes with books.,boxes with books,items,place_on
00891-cvZr5TUy5C5\tasks-island_0.json,115,5,Arrange the sofa seat.,Place sofa seat in receptacle.,sofa seat,receptacle,place_in
00891-cvZr5TUy5C5\tasks-island_0.json,117,5,Arrange the circular sofa.,Place circular sofa on surface.,circular sofa,surface,place_on
00891-cvZr5TUy5C5\tasks-island_0.json,118,3,Set the wine bottle.,Place wine bottle on surface.,wine_bottle,surface,place_on
00891-cvZr5TUy5C5\tasks-island_0.json,126,4,Arrange the clothes rack.,Place clothes rack on surface.,clothes rack,surface,place_on
00891-cvZr5TUy5C5\tasks-island_0.json,128,2,Arrange the circular sofa.,Place circular sofa in receptacle.,circular sofa,receptacle,place_in
00891-cvZr5TUy5C5\tasks-island_0.json,134,4,Hang up some clean clothes on the clothes rack.,Hang items on the clothes rack.,clothes rack,items,hang
00891-cvZr5TUy5C5\tasks-island_0.json,136,2,Position the computer chair correctly.,Place computer chair on surface.,computer chair,surface,place_on
00891-cvZr5TUy5C5\tasks-island_0.json,137,1,Close the curtain in the living area.,Close the curtain in the living area.,curtain,area,close
00891-cvZr5TUy5C5\tasks-island_0.json,143,3,Arrange the sofa seat for comfort.,Place sofa seat on surface.,sofa seat,surface,place_on
00891-cvZr5TUy5C5\tasks-island_0.json,149,3,Replace the bulb in the table lamp.,Place items in the table lamp.,table lamp,items,place_in
00891-cvZr5TUy5C5\tasks-island_0.json,153,2,Stack the boxes with books.,Place items on the boxes with books.,boxes with books,items,place_on
00891-cvZr5TUy5C5\tasks-island_0.json,156,3,Set the wine bottle on the table.,Place wine bottle on surface.,wine_bottle,surface,place_on
00891-cvZr5TUy5C5\tasks-island_0.json,158,4,Get the bowl from the living area.,Pick up the bowl from the living area.,bowl,area,pick_up
00891-cvZr5TUy5C5\tasks-island_0.json,161,5,Organize files in the file cabinet.,Place file cabinet in receptacle.,file cabinet,receptacle,place_in
00891-cvZr5TUy5C5\tasks-island_0.json,162,4,Set the wine bottle on the dining table.,Place wine bottle on surface.,wine_bottle,surface,place_on
00891-cvZr5TUy5C5\tasks-island_0.json,166,6,Set the fruit bowl on the table.,Place fruit bowl in receptacle.,fruit bowl,receptacle,place_in
00891-cvZr5TUy5C5\tasks-island_0.json,188,2,Organize the washing stuff.,Straighten washing stuff.,washing stuff,stuff,straighten
00891-cvZr5TUy5C5\tasks-island_0.json,192,2,Retrieve the washing stuff from the kitchen.,Pick up the washing stuff from the kitchen.,washing stuff,stuff,pick_up
00891-cvZr5TUy5C5\tasks-island_0.json,192,4,Load the dirty items into the washing machine.,Load items into the washing machine.,washing machine,items,load
00891-cvZr5TUy5C5\tasks-island_0.json,192,7,Put the cleaning supplies away in the cabinet.,Store items in the cabinet.,cabinet,items,store
00891-cvZr5TUy5C5\tasks-island_0.json,193,7,Set a fruit bowl on the side table.,Place fruit bowl on surface.,fruit bowl,surface,place_on
00891-cvZr5TUy5C5\tasks-island_0.json,194,1,Stack the box with books neatly.,Place items on the box with books.,box with books,items,place_on
00891-cvZr5TUy5C5\tasks-island_0.json,194,7,Load paper into the printer.,Load items into the printer.,printer,items,load
00891-cvZr5TUy5C5\tasks-island_0.json,195,1,Organize items in the sink cabinet.,Place sink cabinet in receptacle.,sink cabinet,receptacle,place_in
00891-cvZr5TUy5C5\tasks-island_0.json,199,7,Replace the bulb in the lamp.,Place items in the lamp.,lamp,items,place_in
00891-cvZr5TUy5C5\tasks-island_0.json,200,5,Pack essentials into the bag.,Load items into the bag.,bag,items,load
00891-cvZr5TUy5C5\tasks-island_0.json,202,5,Organize toiletries in the sink cabinet.,Place sink cabinet in receptacle.,sink cabinet,receptacle,place_in
00891-cvZr5TUy5C5\tasks-island_0.json,203,2,Position the mouse for use.,Place mouse on surface.,mouse,surface,place_on
00891-cvZr5TUy5C5\tasks-island_0.json,203,4,Arrange the computer chair.,Place computer chair on surface.,computer chair,surface,place_on
00891-cvZr5TUy5C5\tasks-island_0.json,205,7,Put away clothes in the wardrobe.,Store items in the wardrobe.,wardrobe,items,store
00891-cvZr5TUy5C5\tasks-island_0.json,206,7,Organize supplies in the cabinet.,Place cabinet in receptacle.,cabinet,receptacle,place_in
00891-cvZr5TUy5C5\tasks-island_0.json,208,1,Change the linens on the bed.,Place items on the bed.,bed,items,place_on
00891-cvZr5TUy5C5\tasks-island_0.json,208,4,Organize hangers in the wardrobe.,Place wardrobe in receptacle.,wardrobe,receptacle,place_in
00891-cvZr5TUy5C5\tasks-island_0.json,209,3,Load everything into the dishwasher.,Load items into the dishwasher.,dishwasher,items,load
00891-cvZr5TUy5C5\tasks-island_0.json,209,4,Scrub the large pots in the sink.,Scrub items in the sink.,sink,items,scrub
00891-cvZr5TUy5C5\tasks-island_0.json,209,5,Apply the washing stuff to the sponge.,Place items on the washing stuff.,washing stuff,"items, stuff",place_on
00891-cvZr5TUy5C5\tasks-island_0.json,209,6,Stack the clean items on the kitchen shelf.,Place the clean items on the kitchen shelf.,kitchen shelf,items,place_on
00891-cvZr5TUy5C5\tasks-island_0.json,209,7,Put away perishable items in the refrigerator.,Store items in the refrigerator.,refrigerator,items,store
00891-cvZr5TUy5C5\tasks-island_0.json,211,3,Set the flower vase in the center.,Place flower vase in receptacle.,flower vase,receptacle,place_in
00891-cvZr5TUy5C5\tasks-island_0.json,212,2,Organize supplies in the sink cabinet.,Place sink cabinet in receptacle.,sink cabinet,receptacle,place_in
00891-cvZr5TUy5C5\tasks-island_0.json,214,5,Get a clean cup from the living area.,Pick up the cup from the living area.,cup,area,pick_up
00891-cvZr5TUy5C5\tasks-island_0.json,215,4,Set the flower vase on the table.,Place flower vase on surface.,flower vase,surface,place_on
00891-cvZr5TUy5C5\tasks-island_0.json,215,7,Display the decorative mask.,Place decorative mask on surface.,decorative mask,surface,place_on
00891-cvZr5TUy5C5\tasks-island_0.json,216,1,Bring the basket to sort items.,Carry the basket to sort items.,basket,items,carry
00891-cvZr5TUy5C5\tasks-island_0.json,216,3,Arrange the hat on the shelf.,Place hat on surface.,hat,surface,place_on
00891-cvZr5TUy5C5\tasks-island_0.json,216,7,Put the seasonal items in the box.,Place the seasonal items in the box.,box,items,place_in
00891-cvZr5TUy5C5\tasks-island_0.json,217,4,Fill a glass of water from the sink.,Use the sink to fill a container.,sink,container,fill
00891-cvZr5TUy5C5\tasks-island_0.json,220,1,Organize items on the kitchen shelf.,Place kitchen shelf on surface.,kitchen shelf,surface,place_on
00891-cvZr5TUy5C5\tasks-island_0.json,221,1,Straighten the art frame in the laundry area.,Straighten the art frame in the laundry area.,art frame,area,straighten
00891-cvZr5TUy5C5\tasks-island_0.json,222,7,Stack the boxes with books.,Place items on the boxes with books.,boxes with books,items,place_on
00894-HY1NcmCgn3n\tasks-island_0.json,3,3,Arrange the flowerpot.,Place flowerpot on surface.,flowerpot,surface,place_on
00894-HY1NcmCgn3n\tasks-island_0.json,4,4,Place items on the chair.,Place items on the chair.,chair,items,place_on
00894-HY1NcmCgn3n\tasks-island_0.json,5,1,Arrange the bouquet.,Place bouquet on surface.,bouquet,surface,place_on
00894-HY1NcmCgn3n\tasks-island_0.json,10,4,Arrange the pedestal.,Place pedestal in receptacle.,pedestal,receptacle,place_in
00894-HY1NcmCgn3n\tasks-island_0.json,11,5,Arrange the backpack.,Place backpack on surface.,backpack,surface,place_on
00894-HY1NcmCgn3n\tasks-island_0.json,16,4,Arrange the backpack.,Place backpack on surface.,backpack,surface,place_on
00894-HY1NcmCgn3n\tasks-island_0.json,18,4,Arrange the bouquet.,Place bouquet on surface.,bouquet,surface,place_on
00894-HY1NcmCgn3n\tasks-island_0.json,20,4,Arrange the flowerpot.,Place flowerpot on surface.,flowerpot,surface,place_on
00894-HY1NcmCgn3n\tasks-island_0.json,21,3,Arrange the cloth.,Place cloth on surface.,cloth,surface,place_on
00894-HY1NcmCgn3n\tasks-island_0.json,23,4,Arrange the flowerpot.,Place flowerpot on surface.,flowerpot,surface,place_on
00894-HY1NcmCgn3n\tasks-island_0.json,24,3,Arrange the cloth.,Place cloth on surface.,cloth,surface,place_on
00894-HY1NcmCgn3n\tasks-island_0.json,26,5,Arrange the decorative plant.,Place decorative plant on surface.,decorative plant,surface,place_on
00894-HY1NcmCgn3n\tasks-island_0.json,29,3,Arrange the flowerpot.,Place flowerpot on surface.,flowerpot,surface,place_on
00894-HY1NcmCgn3n\tasks-island_0.json,30,1,Arrange the floor lamp.,Place floor lamp on surface.,floor lamp,surface,place_on
00894-HY1NcmCgn3n\tasks-island_0.json,31,6,Position the figure.,Place figure on surface.,figure,surface,place_on
00894-HY1NcmCgn3n\tasks-island_0.json,34,3,Arrange the bouquet.,Place bouquet on surface.,bouquet,surface,place_on
00894-HY1NcmCgn3n\tasks-island_0.json,41,6,Position the pedestal.,Place pedestal on surface.,pedestal,surface,place_on
00894-HY1NcmCgn3n\tasks-island_0.json,46,5,Arrange the candlestick.,Place candlestick on surface.,candlestick,surface,place_on
00894-HY1NcmCgn3n\tasks-island_0.json,49,5,Position the decorative plant.,Place decorative plant on surface.,decorative plant,surface,place_on
00894-HY1NcmCgn3n\tasks-island_0.json,55,3,Arrange the stand.,Place stand on surface.,stand,surface,place_on
00894-HY1NcmCgn3n\tasks-island_0.json,56,5,Arrange the decorative plant.,Place decorative plant on surface.,decorative plant,surface,place_on
00894-HY1NcmCgn3n\tasks-island_0.json,57,6,Arrange the bouquet.,Place bouquet on surface.,bouquet,surface,place_on
00894-HY1NcmCgn3n\tasks-island_0.json,61,6,Arrange the bouquet.,Place bouquet on surface.,bouquet,surface,place_on
00894-HY1NcmCgn3n\tasks-island_0.json,63,3,Arrange the bouquet.,Place bouquet on surface.,bouquet,surface,place_on
00894-HY1NcmCgn3n\tasks-island_0.json,66,4,Arrange the bouquet.,Place bouquet on surface.,bouquet,surface,place_on
00894-HY1NcmCgn3n\tasks-island_0.json,69,5,Arrange the bouquet.,Place bouquet on surface.,bouquet,surface,place_on
00894-HY1NcmCgn3n\tasks-island_0.json,73,5,Arrange the bouquet.,Place bouquet on surface.,bouquet,surface,place_on
00894-HY1NcmCgn3n\tasks-island_0.json,76,3,Arrange the stand.,Place stand in receptacle.,stand,receptacle,place_in
00894-HY1NcmCgn3n\tasks-island_0.json,77,6,Arrange the bouquet.,Place bouquet on surface.,bouquet,surface,place_on
